[2026-06-14 16:45:43] INFO [setup_logging] 日志系统初始化完成，日志文件: /Use*******************************************************************************************************
[2026-06-14 16:45:43] INFO [setup_logging] 未检测到 tkinter，将使用命令行交互模式
[2026-06-14 16:45:43] INFO [find_lookup_file] 精确匹配到主体查找表: /var**************************************************************************************
[2026-06-14 16:45:43] INFO [run_pipeline] 正在预加载主体查找表...
[2026-06-14 16:45:43] DEBUG [detect_excel_format] 文件 /var************************************************************************************** Magic Bytes 检测为 xlsx 格式 (ZIP/OOXML)
[2026-06-14 16:45:43] INFO [load_lookup_table] 查找表加载完成：共 2 条条目，2 个唯一账号，0 个扩展字段
[2026-06-14 16:45:43] INFO [run_pipeline] 主体查找表预加载完成
[2026-06-14 16:45:43] INFO [load_existing_keys] 未找到历史总表，将以全量模式运行
[2026-06-14 16:45:43] INFO [run_pipeline] 无历史数据，将以全量模式运行
[2026-06-14 16:45:43] INFO [run_pipeline] 已复制文件夹为＋检验版: /var******************************************************************************
[2026-06-14 16:45:43] DEBUG [scan_excel_files] 发现 Excel 文件: /var*******************************************************************************************
[2026-06-14 16:45:43] INFO [scan_excel_files] 共扫描到 1 个 Excel 文件
[2026-06-14 16:45:43] INFO [identify_bank] 文件「北京银行_流水.xlsx」通过前缀匹配识别为: 北京银行
[2026-06-14 16:45:43] INFO [parse] 开始处理北京银行文件: /var*******************************************************************************************
[2026-06-14 16:45:43] DEBUG [detect_excel_format] 文件 /var******************************************************************************************* Magic Bytes 检测为 xlsx 格式 (ZIP/OOXML)
[2026-06-14 16:45:43] INFO [validate_headers] 北京银行文件工作表「交易明细」表头校验通过，7 个字段均匹配
[2026-06-14 16:45:43] DEBUG [get_subject_info] 银行账号「0109年03月」匹配到主体: 北********司（优先级: 0）
[2026-06-14 16:45:43] INFO [_parse_sheet] 北京银行文件工作表「交易明细」提取 2 条记录
[2026-06-14 16:45:43] INFO [parse] 北京银行文件处理完成，共提取 2 条记录
[2026-06-14 16:45:43] INFO [run_pipeline] 成功处理文件: /var*******************************************************************************************（2 条记录）
[2026-06-14 16:45:43] DEBUG [delete_processed_files] 已删除文件: /var*******************************************************************************************
[2026-06-14 16:45:44] INFO [run_pipeline] 总表输出完成: /var***************************************************************************************（共 2 条记录）
[2026-06-14 16:45:44] INFO [apply_amount_anomaly_detection] 开始金额异常检测，单笔阈值: [金额已隐藏] 元
[2026-06-14 16:45:44] INFO [apply_amount_anomaly_detection] 金额异常检测完成：共 2 条记录，0 条异常 (0.00%)
[2026-06-14 16:45:44] INFO [save_config] 对方户名规则配置已保存: /var***************************************************************************************************
[2026-06-14 16:45:44] INFO [apply_counterparty_rules] 对方户名规则匹配完成: 总记录 2, 命中 0, 黑名单 0, 白名单 0
[2026-06-14 16:45:44] INFO [export_masked_summary] 脱敏版总表输出完成: /var*******************************************************************************************（共 2 条记录）
[2026-06-14 16:45:44] DEBUG [init_schema] 数据库表结构初始化完成
[2026-06-14 16:45:44] INFO [connect] SQLite 数据库已连接: /Use************************************************************************************
[2026-06-14 16:45:44] INFO [insert_records] 已加载 25 个历史匹配键用于去重
[2026-06-14 16:45:44] INFO [insert_records] 批量导入完成: 批次 BATC***************, 共 2 条, 新增 0 条, 重复 2 条
[2026-06-14 16:45:44] INFO [disconnect] SQLite 数据库已断开
[2026-06-14 16:45:44] INFO [run_pipeline] 数据库持久化完成: 批次 BATC***************, 插入 0 条, 去重跳过 2 条
[2026-06-14 16:45:44] INFO [identify_internal_transfers] 内部划转识别完成: 2 条记录, 识别出 0 对 (0 划出 + 0 划入), 涉及 0 个主体, 0 家银行
[2026-06-14 16:45:44] INFO [summarize_transactions] 主体维度汇总完成: 2 条记录, 1 个主体, 1 家银行, 1 个月份, 0 个未匹配账号
[2026-06-14 16:45:44] INFO [export_subject_summary] 主体维度汇总分析已导出: /var*********************************************************************************************************
[2026-06-14 16:45:44] INFO [run_pipeline] 主体维度汇总分析已自动生成: /var*********************************************************************************************************
[2026-06-14 16:45:44] INFO [check_balance_continuity] 共 1 个账号待校验
[2026-06-14 16:45:44] DEBUG [check_balance_continuity] 校验账号: 0109年03月, 记录数: 2
[2026-06-14 16:45:44] INFO [check_balance_continuity] 余额连续性校验完成 - 总账号: 1, 已校验: 1, 跳过: 0, 异常笔数: 0, 异常账号: 0
[2026-06-14 16:45:44] INFO [export_balance_check_result] 余额连续性校验结果已导出: /var**********************************************************************************************************
[2026-06-14 16:45:44] INFO [run_pipeline] 余额连续性校验报告已自动生成: /var**********************************************************************************************************
[2026-06-14 16:45:44] INFO [detect_duplicates] 重复交易检测完成 - 总记录: 2, 疑似重复组: 0, 疑似重复记录: 0, 重复率: 0.00%
[2026-06-14 16:45:44] INFO [generate_duplicate_check_from_records] 未检测到重复交易，仍导出报告
[2026-06-14 16:45:44] INFO [export_duplicate_check_result] 重复交易检测结果已导出: /var*********************************************************************************************************
[2026-06-14 16:45:44] INFO [run_pipeline] 重复交易检测报告已自动生成: /var*********************************************************************************************************
[2026-06-14 16:45:44] INFO [filter_interest_fee_transactions] 筛选出 0 条利息手续费交易
[2026-06-14 16:45:44] INFO [summarize_by_period] 按month汇总生成 0 条期间汇总记录，异常 0 条
[2026-06-14 16:45:44] INFO [check_interest_fee] 利息手续费核对完成 - 总记录: 0 (利息: 0, 手续费: 0), 期间汇总: 0, 异常: 0
[2026-06-14 16:45:44] WARNING [generate_interest_fee_check_from_records] 未筛选到任何利息手续费交易，跳过报告生成
[2026-06-14 16:45:44] INFO [mark_non_workday_transactions] 非工作日交易标记完成: 总记录 2, 工作日 2, 周末 0, 法定节假日 0, 调休工作日 0
[2026-06-14 16:45:44] INFO [generate_holiday_check_from_records] 未发现非工作日交易，仍导出报告
[2026-06-14 16:45:44] INFO [export_holiday_check_result] 非工作日交易标记结果已导出: /var***********************************************************************************************************
[2026-06-14 16:45:44] INFO [run_pipeline] 非工作日交易标记报告已自动生成: /var***********************************************************************************************************
[2026-06-14 16:45:44] INFO [load_config] 会计期间配置已加载: period_type=monthly, cutoff_day=25, fiscal_year_start_month=1, format=YYYY-MM
[2026-06-14 16:45:44] INFO [assign_accounting_period] 会计期间归属完成: 2 条记录, 1 个期间
[2026-06-14 16:45:44] INFO [export_accounting_period_summary] 会计期间总表已导出: /var*******************************************************************************************************（1 个期间）
[2026-06-14 16:45:44] INFO [run_pipeline] 会计期间总表已自动生成: /var*******************************************************************************************************
[2026-06-14 16:45:44] INFO [save_report] 性能剖析报告已保存: /var*****************************************************************************************************
[2026-06-14 16:45:44] INFO [save_report] 性能剖析数据已保存: /var*******************************************************************************************************
[2026-06-14 16:45:44] INFO [run_pipeline] 性能剖析报告已生成: /var*****************************************************************************************************
[2026-06-14 16:45:44] INFO [generate_collab_template] 财务协同编辑模板生成完成: /var***************************************************************************************************************（可编辑列: 凭证号, 凭证日期, 会计科目编码, 会计科目名称, 备注, 制单人）
[2026-06-14 16:45:44] INFO [run_pipeline] 财务协同编辑模板已自动生成: /var***************************************************************************************************************
[2026-06-14 16:45:44] INFO [setup_logging] 日志系统初始化完成，日志文件: /Use*******************************************************************************************************
[2026-06-14 16:45:44] INFO [setup_logging] 未检测到 tkinter，将使用命令行交互模式
[2026-06-14 16:45:44] INFO [find_lookup_file] 精确匹配到主体查找表: /var**************************************************************************************
[2026-06-14 16:45:44] INFO [run_pipeline] 正在预加载主体查找表...
[2026-06-14 16:45:44] DEBUG [detect_excel_format] 文件 /var************************************************************************************** Magic Bytes 检测为 xlsx 格式 (ZIP/OOXML)
[2026-06-14 16:45:44] INFO [load_lookup_table] 查找表加载完成：共 2 条条目，2 个唯一账号，0 个扩展字段
[2026-06-14 16:45:44] INFO [run_pipeline] 主体查找表预加载完成
[2026-06-14 16:45:44] INFO [load_existing_keys] 未找到历史总表，将以全量模式运行
[2026-06-14 16:45:44] INFO [run_pipeline] 无历史数据，将以全量模式运行
[2026-06-14 16:45:44] INFO [run_pipeline] 已复制文件夹为＋检验版: /var******************************************************************************
[2026-06-14 16:45:44] DEBUG [scan_excel_files] 发现 Excel 文件: /var*******************************************************************************************
[2026-06-14 16:45:44] INFO [scan_excel_files] 共扫描到 1 个 Excel 文件
[2026-06-14 16:45:44] INFO [identify_bank] 文件「东亚银行_流水.xlsx」通过前缀匹配识别为: 东亚银行
[2026-06-14 16:45:44] INFO [parse] 开始处理东亚银行文件: /var*******************************************************************************************
[2026-06-14 16:45:44] DEBUG [detect_excel_format] 文件 /var******************************************************************************************* Magic Bytes 检测为 xlsx 格式 (ZIP/OOXML)
[2026-06-14 16:45:44] INFO [validate_headers] 东亚银行文件工作表「交易明细」表头校验通过，7 个字段均匹配
[2026-06-14 16:45:44] DEBUG [get_subject_info] 银行账号「3881年23月」匹配到主体: 上********司（优先级: 0）
[2026-06-14 16:45:44] INFO [_parse_sheet] 东亚银行文件工作表「交易明细」提取 2 条记录
[2026-06-14 16:45:44] INFO [parse] 东亚银行文件处理完成，共提取 2 条记录
[2026-06-14 16:45:44] INFO [run_pipeline] 成功处理文件: /var*******************************************************************************************（2 条记录）
[2026-06-14 16:45:44] DEBUG [delete_processed_files] 已删除文件: /var*******************************************************************************************
[2026-06-14 16:45:44] INFO [run_pipeline] 总表输出完成: /var***************************************************************************************（共 2 条记录）
[2026-06-14 16:45:44] INFO [apply_amount_anomaly_detection] 开始金额异常检测，单笔阈值: [金额已隐藏] 元
[2026-06-14 16:45:44] INFO [apply_amount_anomaly_detection] 金额异常检测完成：共 2 条记录，0 条异常 (0.00%)
[2026-06-14 16:45:44] INFO [apply_counterparty_rules] 对方户名规则匹配完成: 总记录 2, 命中 0, 黑名单 0, 白名单 0
[2026-06-14 16:45:44] INFO [export_masked_summary] 脱敏版总表输出完成: /var*******************************************************************************************（共 2 条记录）
[2026-06-14 16:45:44] DEBUG [init_schema] 数据库表结构初始化完成
[2026-06-14 16:45:44] INFO [connect] SQLite 数据库已连接: /Use************************************************************************************
[2026-06-14 16:45:44] INFO [disconnect] SQLite 数据库已断开
[2026-06-14 16:45:44] ERROR [persist_transactions] 数据库持久化失败: UNIQUE constraint failed: import_batches.batch_id
Traceback (most recent call last):
  File "/Users/zhangchengcheng/work/ai-project/Trea/solo0605/label-02552/tests/../backend/database.py", line 1612, in persist_transactions
    insert_count, duplicate_count = db.insert_records(
                                    ~~~~~~~~~~~~~~~~~^
        transaction_records,
        ^^^^^^^^^^^^^^^^^^^^
        batch_id=batch_id,
        ^^^^^^^^^^^^^^^^^^
        deduplicate=deduplicate,
        ^^^^^^^^^^^^^^^^^^^^^^^^
    )
    ^
  File "/Users/zhangchengcheng/work/ai-project/Trea/solo0605/label-02552/tests/../backend/database.py", line 554, in insert_records
    cursor.execute('''
    ~~~~~~~~~~~~~~^^^^
        INSERT INTO import_batches (
        ^^^^^^^^^^^^^^^^^^^^^^^^^^^^
            batch_id, total_records, started_at, status
            ^^^^^^^^^^^^^^^^^^^^^^^^^^^^^^^^^^^^^^^^^^^
        ) VALUES (?, ?, ?, ?)
        ^^^^^^^^^^^^^^^^^^^^^
    ''', (batch_id, len(records), started_at, 'processing'))
    ^^^^^^^^^^^^^^^^^^^^^^^^^^^^^^^^^^^^^^^^^^^^^^^^^^^^^^^^
sqlite3.IntegrityError: UNIQUE constraint failed: import_batches.batch_id
[2026-06-14 16:45:44] INFO [run_pipeline] 数据库持久化完成: 批次 BATC***************, 插入 0 条, 去重跳过 0 条
[2026-06-14 16:45:44] INFO [identify_internal_transfers] 内部划转识别完成: 2 条记录, 识别出 0 对 (0 划出 + 0 划入), 涉及 0 个主体, 0 家银行
[2026-06-14 16:45:44] INFO [summarize_transactions] 主体维度汇总完成: 2 条记录, 1 个主体, 1 家银行, 1 个月份, 0 个未匹配账号
[2026-06-14 16:45:44] INFO [export_subject_summary] 主体维度汇总分析已导出: /var*********************************************************************************************************
[2026-06-14 16:45:44] INFO [run_pipeline] 主体维度汇总分析已自动生成: /var*********************************************************************************************************
[2026-06-14 16:45:44] INFO [check_balance_continuity] 共 1 个账号待校验
[2026-06-14 16:45:44] DEBUG [check_balance_continuity] 校验账号: 3881年23月, 记录数: 2
[2026-06-14 16:45:44] INFO [check_balance_continuity] 余额连续性校验完成 - 总账号: 1, 已校验: 1, 跳过: 0, 异常笔数: 0, 异常账号: 0
[2026-06-14 16:45:44] INFO [export_balance_check_result] 余额连续性校验结果已导出: /var**********************************************************************************************************
[2026-06-14 16:45:44] INFO [run_pipeline] 余额连续性校验报告已自动生成: /var**********************************************************************************************************
[2026-06-14 16:45:44] INFO [detect_duplicates] 重复交易检测完成 - 总记录: 2, 疑似重复组: 0, 疑似重复记录: 0, 重复率: 0.00%
[2026-06-14 16:45:44] INFO [generate_duplicate_check_from_records] 未检测到重复交易，仍导出报告
[2026-06-14 16:45:44] INFO [export_duplicate_check_result] 重复交易检测结果已导出: /var*********************************************************************************************************
[2026-06-14 16:45:44] INFO [run_pipeline] 重复交易检测报告已自动生成: /var*********************************************************************************************************
[2026-06-14 16:45:44] INFO [filter_interest_fee_transactions] 筛选出 1 条利息手续费交易
[2026-06-14 16:45:44] INFO [summarize_by_period] 按month汇总生成 1 条期间汇总记录，异常 1 条
[2026-06-14 16:45:44] INFO [check_interest_fee] 利息手续费核对完成 - 总记录: 1 (利息: 0, 手续费: 1), 期间汇总: 1, 异常: 1
[2026-06-14 16:45:44] INFO [export_interest_fee_check_result] 利息手续费核对结果已导出: /var**********************************************************************************************************
[2026-06-14 16:45:44] INFO [run_pipeline] Interest & Fee check report auto-generated: /var/folders/8t/8rw7_pg16cx2c2mkh_cvpz8m0000gn/T/bankcheck_test_srt0nn7n/script/利息手续费核对报告_20260614_164544.xlsx
[2026-06-14 16:45:44] INFO [mark_non_workday_transactions] 非工作日交易标记完成: 总记录 2, 工作日 2, 周末 0, 法定节假日 0, 调休工作日 0
[2026-06-14 16:45:44] INFO [generate_holiday_check_from_records] 未发现非工作日交易，仍导出报告
[2026-06-14 16:45:44] INFO [export_holiday_check_result] 非工作日交易标记结果已导出: /var***********************************************************************************************************
[2026-06-14 16:45:44] INFO [run_pipeline] 非工作日交易标记报告已自动生成: /var***********************************************************************************************************
[2026-06-14 16:45:44] INFO [assign_accounting_period] 会计期间归属完成: 2 条记录, 1 个期间
[2026-06-14 16:45:44] INFO [export_accounting_period_summary] 会计期间总表已导出: /var*******************************************************************************************************（1 个期间）
[2026-06-14 16:45:44] INFO [run_pipeline] 会计期间总表已自动生成: /var*******************************************************************************************************
[2026-06-14 16:45:44] INFO [save_report] 性能剖析报告已保存: /var*****************************************************************************************************
[2026-06-14 16:45:44] INFO [save_report] 性能剖析数据已保存: /var*******************************************************************************************************
[2026-06-14 16:45:44] INFO [run_pipeline] 性能剖析报告已生成: /var*****************************************************************************************************
[2026-06-14 16:45:44] INFO [generate_collab_template] 财务协同编辑模板生成完成: /var***************************************************************************************************************（可编辑列: 凭证号, 凭证日期, 会计科目编码, 会计科目名称, 备注, 制单人）
[2026-06-14 16:45:44] INFO [run_pipeline] 财务协同编辑模板已自动生成: /var***************************************************************************************************************
[2026-06-14 16:45:44] INFO [setup_logging] 日志系统初始化完成，日志文件: /Use*******************************************************************************************************
[2026-06-14 16:45:44] INFO [setup_logging] 未检测到 tkinter，将使用命令行交互模式
[2026-06-14 16:45:44] INFO [find_lookup_file] 精确匹配到主体查找表: /var**************************************************************************************
[2026-06-14 16:45:44] INFO [run_pipeline] 正在预加载主体查找表...
[2026-06-14 16:45:44] DEBUG [detect_excel_format] 文件 /var************************************************************************************** Magic Bytes 检测为 xlsx 格式 (ZIP/OOXML)
[2026-06-14 16:45:44] INFO [load_lookup_table] 查找表加载完成：共 2 条条目，2 个唯一账号，0 个扩展字段
[2026-06-14 16:45:44] INFO [run_pipeline] 主体查找表预加载完成
[2026-06-14 16:45:44] INFO [load_existing_keys] 未找到历史总表，将以全量模式运行
[2026-06-14 16:45:44] INFO [run_pipeline] 无历史数据，将以全量模式运行
[2026-06-14 16:45:44] INFO [run_pipeline] 已复制文件夹为＋检验版: /var******************************************************************************
[2026-06-14 16:45:44] DEBUG [scan_excel_files] 发现 Excel 文件: /var*******************************************************************************************
[2026-06-14 16:45:44] DEBUG [scan_excel_files] 发现 Excel 文件: /var*******************************************************************************************
[2026-06-14 16:45:44] INFO [scan_excel_files] 共扫描到 2 个 Excel 文件
[2026-06-14 16:45:44] INFO [identify_bank] 文件「东亚银行_流水.xlsx」通过前缀匹配识别为: 东亚银行
[2026-06-14 16:45:44] INFO [parse] 开始处理东亚银行文件: /var*******************************************************************************************
[2026-06-14 16:45:44] DEBUG [detect_excel_format] 文件 /var******************************************************************************************* Magic Bytes 检测为 xlsx 格式 (ZIP/OOXML)
[2026-06-14 16:45:44] INFO [validate_headers] 东亚银行文件工作表「交易明细」表头校验通过，7 个字段均匹配
[2026-06-14 16:45:44] DEBUG [get_subject_info] 银行账号「3881年23月」匹配到主体: 上********司（优先级: 0）
[2026-06-14 16:45:44] INFO [_parse_sheet] 东亚银行文件工作表「交易明细」提取 2 条记录
[2026-06-14 16:45:44] INFO [parse] 东亚银行文件处理完成，共提取 2 条记录
[2026-06-14 16:45:44] INFO [run_pipeline] 成功处理文件: /var*******************************************************************************************（2 条记录）
[2026-06-14 16:45:44] INFO [identify_bank] 文件「北京银行_流水.xlsx」通过前缀匹配识别为: 北京银行
[2026-06-14 16:45:44] INFO [parse] 开始处理北京银行文件: /var*******************************************************************************************
[2026-06-14 16:45:44] DEBUG [detect_excel_format] 文件 /var******************************************************************************************* Magic Bytes 检测为 xlsx 格式 (ZIP/OOXML)
[2026-06-14 16:45:44] INFO [validate_headers] 北京银行文件工作表「交易明细」表头校验通过，7 个字段均匹配
[2026-06-14 16:45:44] DEBUG [get_subject_info] 银行账号「0109年03月」匹配到主体: 北********司（优先级: 0）
[2026-06-14 16:45:44] INFO [_parse_sheet] 北京银行文件工作表「交易明细」提取 2 条记录
[2026-06-14 16:45:44] INFO [parse] 北京银行文件处理完成，共提取 2 条记录
[2026-06-14 16:45:44] INFO [run_pipeline] 成功处理文件: /var*******************************************************************************************（2 条记录）
[2026-06-14 16:45:44] DEBUG [delete_processed_files] 已删除文件: /var*******************************************************************************************
[2026-06-14 16:45:44] DEBUG [delete_processed_files] 已删除文件: /var*******************************************************************************************
[2026-06-14 16:45:44] INFO [run_pipeline] 总表输出完成: /var***************************************************************************************（共 4 条记录）
[2026-06-14 16:45:44] INFO [apply_amount_anomaly_detection] 开始金额异常检测，单笔阈值: [金额已隐藏] 元
[2026-06-14 16:45:44] INFO [apply_amount_anomaly_detection] 金额异常检测完成：共 4 条记录，0 条异常 (0.00%)
[2026-06-14 16:45:44] INFO [apply_counterparty_rules] 对方户名规则匹配完成: 总记录 4, 命中 0, 黑名单 0, 白名单 0
[2026-06-14 16:45:45] INFO [export_masked_summary] 脱敏版总表输出完成: /var*******************************************************************************************（共 4 条记录）
[2026-06-14 16:45:45] DEBUG [init_schema] 数据库表结构初始化完成
[2026-06-14 16:45:45] INFO [connect] SQLite 数据库已连接: /Use************************************************************************************
[2026-06-14 16:45:45] INFO [insert_records] 已加载 25 个历史匹配键用于去重
[2026-06-14 16:45:45] INFO [insert_records] 批量导入完成: 批次 BATC***************, 共 4 条, 新增 0 条, 重复 4 条
[2026-06-14 16:45:45] INFO [disconnect] SQLite 数据库已断开
[2026-06-14 16:45:45] INFO [run_pipeline] 数据库持久化完成: 批次 BATC***************, 插入 0 条, 去重跳过 4 条
[2026-06-14 16:45:45] INFO [identify_internal_transfers] 内部划转识别完成: 4 条记录, 识别出 0 对 (0 划出 + 0 划入), 涉及 0 个主体, 0 家银行
[2026-06-14 16:45:45] INFO [summarize_transactions] 主体维度汇总完成: 4 条记录, 2 个主体, 2 家银行, 1 个月份, 0 个未匹配账号
[2026-06-14 16:45:45] INFO [export_subject_summary] 主体维度汇总分析已导出: /var*********************************************************************************************************
[2026-06-14 16:45:45] INFO [run_pipeline] 主体维度汇总分析已自动生成: /var*********************************************************************************************************
[2026-06-14 16:45:45] INFO [check_balance_continuity] 共 2 个账号待校验
[2026-06-14 16:45:45] DEBUG [check_balance_continuity] 校验账号: 3881年23月, 记录数: 2
[2026-06-14 16:45:45] DEBUG [check_balance_continuity] 校验账号: 0109年03月, 记录数: 2
[2026-06-14 16:45:45] INFO [check_balance_continuity] 余额连续性校验完成 - 总账号: 2, 已校验: 2, 跳过: 0, 异常笔数: 0, 异常账号: 0
[2026-06-14 16:45:45] INFO [export_balance_check_result] 余额连续性校验结果已导出: /var**********************************************************************************************************
[2026-06-14 16:45:45] INFO [run_pipeline] 余额连续性校验报告已自动生成: /var**********************************************************************************************************
[2026-06-14 16:45:45] INFO [detect_duplicates] 重复交易检测完成 - 总记录: 4, 疑似重复组: 0, 疑似重复记录: 0, 重复率: 0.00%
[2026-06-14 16:45:45] INFO [generate_duplicate_check_from_records] 未检测到重复交易，仍导出报告
[2026-06-14 16:45:45] INFO [export_duplicate_check_result] 重复交易检测结果已导出: /var*********************************************************************************************************
[2026-06-14 16:45:45] INFO [run_pipeline] 重复交易检测报告已自动生成: /var*********************************************************************************************************
[2026-06-14 16:45:45] INFO [filter_interest_fee_transactions] 筛选出 1 条利息手续费交易
[2026-06-14 16:45:45] INFO [summarize_by_period] 按month汇总生成 1 条期间汇总记录，异常 1 条
[2026-06-14 16:45:45] INFO [check_interest_fee] 利息手续费核对完成 - 总记录: 1 (利息: 0, 手续费: 1), 期间汇总: 1, 异常: 1
[2026-06-14 16:45:45] INFO [export_interest_fee_check_result] 利息手续费核对结果已导出: /var**********************************************************************************************************
[2026-06-14 16:45:45] INFO [run_pipeline] Interest & Fee check report auto-generated: /var/folders/8t/8rw7_pg16cx2c2mkh_cvpz8m0000gn/T/bankcheck_test_7xc9pcuh/script/利息手续费核对报告_20260614_164545.xlsx
[2026-06-14 16:45:45] INFO [mark_non_workday_transactions] 非工作日交易标记完成: 总记录 4, 工作日 4, 周末 0, 法定节假日 0, 调休工作日 0
[2026-06-14 16:45:45] INFO [generate_holiday_check_from_records] 未发现非工作日交易，仍导出报告
[2026-06-14 16:45:45] INFO [export_holiday_check_result] 非工作日交易标记结果已导出: /var***********************************************************************************************************
[2026-06-14 16:45:45] INFO [run_pipeline] 非工作日交易标记报告已自动生成: /var***********************************************************************************************************
[2026-06-14 16:45:45] INFO [assign_accounting_period] 会计期间归属完成: 4 条记录, 1 个期间
[2026-06-14 16:45:45] INFO [export_accounting_period_summary] 会计期间总表已导出: /var*******************************************************************************************************（1 个期间）
[2026-06-14 16:45:45] INFO [run_pipeline] 会计期间总表已自动生成: /var*******************************************************************************************************
[2026-06-14 16:45:45] INFO [save_report] 性能剖析报告已保存: /var*****************************************************************************************************
[2026-06-14 16:45:45] INFO [save_report] 性能剖析数据已保存: /var*******************************************************************************************************
[2026-06-14 16:45:45] INFO [run_pipeline] 性能剖析报告已生成: /var*****************************************************************************************************
[2026-06-14 16:45:45] INFO [generate_collab_template] 财务协同编辑模板生成完成: /var***************************************************************************************************************（可编辑列: 凭证号, 凭证日期, 会计科目编码, 会计科目名称, 备注, 制单人）
[2026-06-14 16:45:45] INFO [run_pipeline] 财务协同编辑模板已自动生成: /var***************************************************************************************************************
[2026-06-14 16:45:45] INFO [setup_logging] 日志系统初始化完成，日志文件: /Use*******************************************************************************************************
[2026-06-14 16:45:45] INFO [setup_logging] 未检测到 tkinter，将使用命令行交互模式
[2026-06-14 16:45:45] INFO [find_lookup_file] 精确匹配到主体查找表: /var**************************************************************************************
[2026-06-14 16:45:45] INFO [run_pipeline] 正在预加载主体查找表...
[2026-06-14 16:45:45] DEBUG [detect_excel_format] 文件 /var************************************************************************************** Magic Bytes 检测为 xlsx 格式 (ZIP/OOXML)
[2026-06-14 16:45:45] INFO [load_lookup_table] 查找表加载完成：共 2 条条目，2 个唯一账号，0 个扩展字段
[2026-06-14 16:45:45] INFO [run_pipeline] 主体查找表预加载完成
[2026-06-14 16:45:45] INFO [load_existing_keys] 未找到历史总表，将以全量模式运行
[2026-06-14 16:45:45] INFO [run_pipeline] 无历史数据，将以全量模式运行
[2026-06-14 16:45:45] INFO [run_pipeline] 已复制文件夹为＋检验版: /var******************************************************************************
[2026-06-14 16:45:45] DEBUG [scan_excel_files] 发现 Excel 文件: /var*******************************************************************************************
[2026-06-14 16:45:45] DEBUG [scan_excel_files] 发现 Excel 文件: /var*******************************************************************************************
[2026-06-14 16:45:45] INFO [scan_excel_files] 共扫描到 2 个 Excel 文件
[2026-06-14 16:45:45] INFO [identify_bank] 文件「东亚银行_流水.xlsx」通过前缀匹配识别为: 东亚银行
[2026-06-14 16:45:45] INFO [parse] 开始处理东亚银行文件: /var*******************************************************************************************
[2026-06-14 16:45:45] DEBUG [detect_excel_format] 文件 /var******************************************************************************************* Magic Bytes 检测为 xlsx 格式 (ZIP/OOXML)
[2026-06-14 16:45:45] INFO [validate_headers] 东亚银行文件工作表「交易明细」表头校验通过，7 个字段均匹配
[2026-06-14 16:45:45] DEBUG [get_subject_info] 银行账号「3881年23月」匹配到主体: 上********司（优先级: 0）
[2026-06-14 16:45:45] INFO [_parse_sheet] 东亚银行文件工作表「交易明细」提取 2 条记录
[2026-06-14 16:45:45] INFO [parse] 东亚银行文件处理完成，共提取 2 条记录
[2026-06-14 16:45:45] INFO [run_pipeline] 成功处理文件: /var*******************************************************************************************（2 条记录）
[2026-06-14 16:45:45] INFO [identify_bank] 文件「北京银行_流水.xlsx」通过前缀匹配识别为: 北京银行
[2026-06-14 16:45:45] INFO [parse] 开始处理北京银行文件: /var*******************************************************************************************
[2026-06-14 16:45:45] DEBUG [detect_excel_format] 文件 /var******************************************************************************************* Magic Bytes 检测为 xlsx 格式 (ZIP/OOXML)
[2026-06-14 16:45:45] INFO [validate_headers] 北京银行文件工作表「交易明细」表头校验通过，7 个字段均匹配
[2026-06-14 16:45:45] DEBUG [get_subject_info] 银行账号「0109年03月」匹配到主体: 北********司（优先级: 0）
[2026-06-14 16:45:45] INFO [_parse_sheet] 北京银行文件工作表「交易明细」提取 2 条记录
[2026-06-14 16:45:45] INFO [parse] 北京银行文件处理完成，共提取 2 条记录
[2026-06-14 16:45:45] INFO [run_pipeline] 成功处理文件: /var*******************************************************************************************（2 条记录）
[2026-06-14 16:45:45] DEBUG [delete_processed_files] 已删除文件: /var*******************************************************************************************
[2026-06-14 16:45:45] DEBUG [delete_processed_files] 已删除文件: /var*******************************************************************************************
[2026-06-14 16:45:45] INFO [run_pipeline] 总表输出完成: /var***************************************************************************************（共 4 条记录）
[2026-06-14 16:45:45] INFO [apply_amount_anomaly_detection] 开始金额异常检测，单笔阈值: [金额已隐藏] 元
[2026-06-14 16:45:45] INFO [apply_amount_anomaly_detection] 金额异常检测完成：共 4 条记录，0 条异常 (0.00%)
[2026-06-14 16:45:45] INFO [apply_counterparty_rules] 对方户名规则匹配完成: 总记录 4, 命中 0, 黑名单 0, 白名单 0
[2026-06-14 16:45:45] INFO [export_masked_summary] 脱敏版总表输出完成: /var*******************************************************************************************（共 4 条记录）
[2026-06-14 16:45:45] DEBUG [init_schema] 数据库表结构初始化完成
[2026-06-14 16:45:45] INFO [connect] SQLite 数据库已连接: /Use************************************************************************************
[2026-06-14 16:45:45] INFO [disconnect] SQLite 数据库已断开
[2026-06-14 16:45:45] ERROR [persist_transactions] 数据库持久化失败: UNIQUE constraint failed: import_batches.batch_id
Traceback (most recent call last):
  File "/Users/zhangchengcheng/work/ai-project/Trea/solo0605/label-02552/tests/../backend/database.py", line 1612, in persist_transactions
    insert_count, duplicate_count = db.insert_records(
                                    ~~~~~~~~~~~~~~~~~^
        transaction_records,
        ^^^^^^^^^^^^^^^^^^^^
        batch_id=batch_id,
        ^^^^^^^^^^^^^^^^^^
        deduplicate=deduplicate,
        ^^^^^^^^^^^^^^^^^^^^^^^^
    )
    ^
  File "/Users/zhangchengcheng/work/ai-project/Trea/solo0605/label-02552/tests/../backend/database.py", line 554, in insert_records
    cursor.execute('''
    ~~~~~~~~~~~~~~^^^^
        INSERT INTO import_batches (
        ^^^^^^^^^^^^^^^^^^^^^^^^^^^^
            batch_id, total_records, started_at, status
            ^^^^^^^^^^^^^^^^^^^^^^^^^^^^^^^^^^^^^^^^^^^
        ) VALUES (?, ?, ?, ?)
        ^^^^^^^^^^^^^^^^^^^^^
    ''', (batch_id, len(records), started_at, 'processing'))
    ^^^^^^^^^^^^^^^^^^^^^^^^^^^^^^^^^^^^^^^^^^^^^^^^^^^^^^^^
sqlite3.IntegrityError: UNIQUE constraint failed: import_batches.batch_id
[2026-06-14 16:45:45] INFO [run_pipeline] 数据库持久化完成: 批次 BATC***************, 插入 0 条, 去重跳过 0 条
[2026-06-14 16:45:45] INFO [identify_internal_transfers] 内部划转识别完成: 4 条记录, 识别出 0 对 (0 划出 + 0 划入), 涉及 0 个主体, 0 家银行
[2026-06-14 16:45:45] INFO [summarize_transactions] 主体维度汇总完成: 4 条记录, 2 个主体, 2 家银行, 1 个月份, 0 个未匹配账号
[2026-06-14 16:45:45] INFO [export_subject_summary] 主体维度汇总分析已导出: /var*********************************************************************************************************
[2026-06-14 16:45:45] INFO [run_pipeline] 主体维度汇总分析已自动生成: /var*********************************************************************************************************
[2026-06-14 16:45:45] INFO [check_balance_continuity] 共 2 个账号待校验
[2026-06-14 16:45:45] DEBUG [check_balance_continuity] 校验账号: 3881年23月, 记录数: 2
[2026-06-14 16:45:45] DEBUG [check_balance_continuity] 校验账号: 0109年03月, 记录数: 2
[2026-06-14 16:45:45] INFO [check_balance_continuity] 余额连续性校验完成 - 总账号: 2, 已校验: 2, 跳过: 0, 异常笔数: 0, 异常账号: 0
[2026-06-14 16:45:45] INFO [export_balance_check_result] 余额连续性校验结果已导出: /var**********************************************************************************************************
[2026-06-14 16:45:45] INFO [run_pipeline] 余额连续性校验报告已自动生成: /var**********************************************************************************************************
[2026-06-14 16:45:45] INFO [detect_duplicates] 重复交易检测完成 - 总记录: 4, 疑似重复组: 0, 疑似重复记录: 0, 重复率: 0.00%
[2026-06-14 16:45:45] INFO [generate_duplicate_check_from_records] 未检测到重复交易，仍导出报告
[2026-06-14 16:45:45] INFO [export_duplicate_check_result] 重复交易检测结果已导出: /var*********************************************************************************************************
[2026-06-14 16:45:45] INFO [run_pipeline] 重复交易检测报告已自动生成: /var*********************************************************************************************************
[2026-06-14 16:45:45] INFO [filter_interest_fee_transactions] 筛选出 1 条利息手续费交易
[2026-06-14 16:45:45] INFO [summarize_by_period] 按month汇总生成 1 条期间汇总记录，异常 1 条
[2026-06-14 16:45:45] INFO [check_interest_fee] 利息手续费核对完成 - 总记录: 1 (利息: 0, 手续费: 1), 期间汇总: 1, 异常: 1
[2026-06-14 16:45:45] INFO [export_interest_fee_check_result] 利息手续费核对结果已导出: /var**********************************************************************************************************
[2026-06-14 16:45:45] INFO [run_pipeline] Interest & Fee check report auto-generated: /var/folders/8t/8rw7_pg16cx2c2mkh_cvpz8m0000gn/T/bankcheck_test_ktgn7q_v/script/利息手续费核对报告_20260614_164545.xlsx
[2026-06-14 16:45:45] INFO [mark_non_workday_transactions] 非工作日交易标记完成: 总记录 4, 工作日 4, 周末 0, 法定节假日 0, 调休工作日 0
[2026-06-14 16:45:45] INFO [generate_holiday_check_from_records] 未发现非工作日交易，仍导出报告
[2026-06-14 16:45:45] INFO [export_holiday_check_result] 非工作日交易标记结果已导出: /var***********************************************************************************************************
[2026-06-14 16:45:45] INFO [run_pipeline] 非工作日交易标记报告已自动生成: /var***********************************************************************************************************
[2026-06-14 16:45:45] INFO [assign_accounting_period] 会计期间归属完成: 4 条记录, 1 个期间
[2026-06-14 16:45:45] INFO [export_accounting_period_summary] 会计期间总表已导出: /var*******************************************************************************************************（1 个期间）
[2026-06-14 16:45:45] INFO [run_pipeline] 会计期间总表已自动生成: /var*******************************************************************************************************
[2026-06-14 16:45:45] INFO [save_report] 性能剖析报告已保存: /var*****************************************************************************************************
[2026-06-14 16:45:45] INFO [save_report] 性能剖析数据已保存: /var*******************************************************************************************************
[2026-06-14 16:45:45] INFO [run_pipeline] 性能剖析报告已生成: /var*****************************************************************************************************
[2026-06-14 16:45:45] INFO [generate_collab_template] 财务协同编辑模板生成完成: /var***************************************************************************************************************（可编辑列: 凭证号, 凭证日期, 会计科目编码, 会计科目名称, 备注, 制单人）
[2026-06-14 16:45:45] INFO [run_pipeline] 财务协同编辑模板已自动生成: /var***************************************************************************************************************
[2026-06-14 16:45:45] INFO [setup_logging] 日志系统初始化完成，日志文件: /Use*******************************************************************************************************
[2026-06-14 16:45:45] INFO [setup_logging] 未检测到 tkinter，将使用命令行交互模式
[2026-06-14 16:45:45] INFO [find_lookup_file] 精确匹配到主体查找表: /var**************************************************************************************
[2026-06-14 16:45:45] INFO [run_pipeline] 正在预加载主体查找表...
[2026-06-14 16:45:45] DEBUG [detect_excel_format] 文件 /var************************************************************************************** Magic Bytes 检测为 xlsx 格式 (ZIP/OOXML)
[2026-06-14 16:45:45] INFO [load_lookup_table] 查找表加载完成：共 2 条条目，2 个唯一账号，0 个扩展字段
[2026-06-14 16:45:45] INFO [run_pipeline] 主体查找表预加载完成
[2026-06-14 16:45:45] INFO [load_existing_keys] 未找到历史总表，将以全量模式运行
[2026-06-14 16:45:45] INFO [run_pipeline] 无历史数据，将以全量模式运行
[2026-06-14 16:45:45] INFO [run_pipeline] 已复制文件夹为＋检验版: /var******************************************************************************
[2026-06-14 16:45:45] DEBUG [scan_excel_files] 发现 Excel 文件: /var*******************************************************************************************
[2026-06-14 16:45:45] DEBUG [scan_excel_files] 发现 Excel 文件: /var*******************************************************************************************
[2026-06-14 16:45:45] INFO [scan_excel_files] 共扫描到 2 个 Excel 文件
[2026-06-14 16:45:45] WARNING [identify_bank] 文件「未知银行_流水.xlsx」无法识别银行类型
[2026-06-14 16:45:45] INFO [identify_bank] 文件「北京银行_流水.xlsx」通过前缀匹配识别为: 北京银行
[2026-06-14 16:45:45] INFO [parse] 开始处理北京银行文件: /var*******************************************************************************************
[2026-06-14 16:45:45] DEBUG [detect_excel_format] 文件 /var******************************************************************************************* Magic Bytes 检测为 xlsx 格式 (ZIP/OOXML)
[2026-06-14 16:45:45] INFO [validate_headers] 北京银行文件工作表「交易明细」表头校验通过，7 个字段均匹配
[2026-06-14 16:45:45] DEBUG [get_subject_info] 银行账号「0109年03月」匹配到主体: 北********司（优先级: 0）
[2026-06-14 16:45:45] INFO [_parse_sheet] 北京银行文件工作表「交易明细」提取 2 条记录
[2026-06-14 16:45:45] INFO [parse] 北京银行文件处理完成，共提取 2 条记录
[2026-06-14 16:45:45] INFO [run_pipeline] 成功处理文件: /var*******************************************************************************************（2 条记录）
[2026-06-14 16:45:45] DEBUG [delete_processed_files] 已删除文件: /var*******************************************************************************************
[2026-06-14 16:45:45] INFO [run_pipeline] 总表输出完成: /var***************************************************************************************（共 2 条记录）
[2026-06-14 16:45:45] INFO [apply_amount_anomaly_detection] 开始金额异常检测，单笔阈值: [金额已隐藏] 元
[2026-06-14 16:45:45] INFO [apply_amount_anomaly_detection] 金额异常检测完成：共 2 条记录，0 条异常 (0.00%)
[2026-06-14 16:45:45] INFO [apply_counterparty_rules] 对方户名规则匹配完成: 总记录 2, 命中 0, 黑名单 0, 白名单 0
[2026-06-14 16:45:45] INFO [export_masked_summary] 脱敏版总表输出完成: /var*******************************************************************************************（共 2 条记录）
[2026-06-14 16:45:45] DEBUG [init_schema] 数据库表结构初始化完成
[2026-06-14 16:45:45] INFO [connect] SQLite 数据库已连接: /Use************************************************************************************
[2026-06-14 16:45:45] INFO [disconnect] SQLite 数据库已断开
[2026-06-14 16:45:45] ERROR [persist_transactions] 数据库持久化失败: UNIQUE constraint failed: import_batches.batch_id
Traceback (most recent call last):
  File "/Users/zhangchengcheng/work/ai-project/Trea/solo0605/label-02552/tests/../backend/database.py", line 1612, in persist_transactions
    insert_count, duplicate_count = db.insert_records(
                                    ~~~~~~~~~~~~~~~~~^
        transaction_records,
        ^^^^^^^^^^^^^^^^^^^^
        batch_id=batch_id,
        ^^^^^^^^^^^^^^^^^^
        deduplicate=deduplicate,
        ^^^^^^^^^^^^^^^^^^^^^^^^
    )
    ^
  File "/Users/zhangchengcheng/work/ai-project/Trea/solo0605/label-02552/tests/../backend/database.py", line 554, in insert_records
    cursor.execute('''
    ~~~~~~~~~~~~~~^^^^
        INSERT INTO import_batches (
        ^^^^^^^^^^^^^^^^^^^^^^^^^^^^
            batch_id, total_records, started_at, status
            ^^^^^^^^^^^^^^^^^^^^^^^^^^^^^^^^^^^^^^^^^^^
        ) VALUES (?, ?, ?, ?)
        ^^^^^^^^^^^^^^^^^^^^^
    ''', (batch_id, len(records), started_at, 'processing'))
    ^^^^^^^^^^^^^^^^^^^^^^^^^^^^^^^^^^^^^^^^^^^^^^^^^^^^^^^^
sqlite3.IntegrityError: UNIQUE constraint failed: import_batches.batch_id
[2026-06-14 16:45:45] INFO [run_pipeline] 数据库持久化完成: 批次 BATC***************, 插入 0 条, 去重跳过 0 条
[2026-06-14 16:45:45] INFO [identify_internal_transfers] 内部划转识别完成: 2 条记录, 识别出 0 对 (0 划出 + 0 划入), 涉及 0 个主体, 0 家银行
[2026-06-14 16:45:45] INFO [summarize_transactions] 主体维度汇总完成: 2 条记录, 1 个主体, 1 家银行, 1 个月份, 0 个未匹配账号
[2026-06-14 16:45:45] INFO [export_subject_summary] 主体维度汇总分析已导出: /var*********************************************************************************************************
[2026-06-14 16:45:45] INFO [run_pipeline] 主体维度汇总分析已自动生成: /var*********************************************************************************************************
[2026-06-14 16:45:45] INFO [check_balance_continuity] 共 1 个账号待校验
[2026-06-14 16:45:45] DEBUG [check_balance_continuity] 校验账号: 0109年03月, 记录数: 2
[2026-06-14 16:45:45] INFO [check_balance_continuity] 余额连续性校验完成 - 总账号: 1, 已校验: 1, 跳过: 0, 异常笔数: 0, 异常账号: 0
[2026-06-14 16:45:46] INFO [export_balance_check_result] 余额连续性校验结果已导出: /var**********************************************************************************************************
[2026-06-14 16:45:46] INFO [run_pipeline] 余额连续性校验报告已自动生成: /var**********************************************************************************************************
[2026-06-14 16:45:46] INFO [detect_duplicates] 重复交易检测完成 - 总记录: 2, 疑似重复组: 0, 疑似重复记录: 0, 重复率: 0.00%
[2026-06-14 16:45:46] INFO [generate_duplicate_check_from_records] 未检测到重复交易，仍导出报告
[2026-06-14 16:45:46] INFO [export_duplicate_check_result] 重复交易检测结果已导出: /var*********************************************************************************************************
[2026-06-14 16:45:46] INFO [run_pipeline] 重复交易检测报告已自动生成: /var*********************************************************************************************************
[2026-06-14 16:45:46] INFO [filter_interest_fee_transactions] 筛选出 0 条利息手续费交易
[2026-06-14 16:45:46] INFO [summarize_by_period] 按month汇总生成 0 条期间汇总记录，异常 0 条
[2026-06-14 16:45:46] INFO [check_interest_fee] 利息手续费核对完成 - 总记录: 0 (利息: 0, 手续费: 0), 期间汇总: 0, 异常: 0
[2026-06-14 16:45:46] WARNING [generate_interest_fee_check_from_records] 未筛选到任何利息手续费交易，跳过报告生成
[2026-06-14 16:45:46] INFO [mark_non_workday_transactions] 非工作日交易标记完成: 总记录 2, 工作日 2, 周末 0, 法定节假日 0, 调休工作日 0
[2026-06-14 16:45:46] INFO [generate_holiday_check_from_records] 未发现非工作日交易，仍导出报告
[2026-06-14 16:45:46] INFO [export_holiday_check_result] 非工作日交易标记结果已导出: /var***********************************************************************************************************
[2026-06-14 16:45:46] INFO [run_pipeline] 非工作日交易标记报告已自动生成: /var***********************************************************************************************************
[2026-06-14 16:45:46] INFO [assign_accounting_period] 会计期间归属完成: 2 条记录, 1 个期间
[2026-06-14 16:45:46] INFO [export_accounting_period_summary] 会计期间总表已导出: /var*******************************************************************************************************（1 个期间）
[2026-06-14 16:45:46] INFO [run_pipeline] 会计期间总表已自动生成: /var*******************************************************************************************************
[2026-06-14 16:45:46] INFO [save_report] 性能剖析报告已保存: /var*****************************************************************************************************
[2026-06-14 16:45:46] INFO [save_report] 性能剖析数据已保存: /var*******************************************************************************************************
[2026-06-14 16:45:46] INFO [run_pipeline] 性能剖析报告已生成: /var*****************************************************************************************************
[2026-06-14 16:45:46] INFO [generate_collab_template] 财务协同编辑模板生成完成: /var***************************************************************************************************************（可编辑列: 凭证号, 凭证日期, 会计科目编码, 会计科目名称, 备注, 制单人）
[2026-06-14 16:45:46] INFO [run_pipeline] 财务协同编辑模板已自动生成: /var***************************************************************************************************************
[2026-06-14 16:45:46] INFO [generate_pending_list_xlsx] 待处理清单已生成: /var******************************************************************************************************（共 1 条记录）
[2026-06-14 16:45:46] INFO [setup_logging] 日志系统初始化完成，日志文件: /Use*******************************************************************************************************
[2026-06-14 16:45:46] INFO [setup_logging] 未检测到 tkinter，将使用命令行交互模式
[2026-06-14 16:45:46] INFO [find_lookup_file] 精确匹配到主体查找表: /var**************************************************************************************
[2026-06-14 16:45:46] INFO [run_pipeline] 正在预加载主体查找表...
[2026-06-14 16:45:46] DEBUG [detect_excel_format] 文件 /var************************************************************************************** Magic Bytes 检测为 xlsx 格式 (ZIP/OOXML)
[2026-06-14 16:45:46] INFO [load_lookup_table] 查找表加载完成：共 2 条条目，2 个唯一账号，0 个扩展字段
[2026-06-14 16:45:46] INFO [run_pipeline] 主体查找表预加载完成
[2026-06-14 16:45:46] INFO [load_existing_keys] 未找到历史总表，将以全量模式运行
[2026-06-14 16:45:46] INFO [run_pipeline] 无历史数据，将以全量模式运行
[2026-06-14 16:45:46] INFO [run_pipeline] 已复制文件夹为＋检验版: /var******************************************************************************
[2026-06-14 16:45:46] DEBUG [scan_excel_files] 发现 Excel 文件: /var*******************************************************************************************
[2026-06-14 16:45:46] DEBUG [scan_excel_files] 发现 Excel 文件: /var*******************************************************************************************
[2026-06-14 16:45:46] INFO [scan_excel_files] 共扫描到 2 个 Excel 文件
[2026-06-14 16:45:46] WARNING [identify_bank] 文件「未知银行_流水.xlsx」无法识别银行类型
[2026-06-14 16:45:46] INFO [identify_bank] 文件「北京银行_流水.xlsx」通过前缀匹配识别为: 北京银行
[2026-06-14 16:45:46] INFO [parse] 开始处理北京银行文件: /var*******************************************************************************************
[2026-06-14 16:45:46] DEBUG [detect_excel_format] 文件 /var******************************************************************************************* Magic Bytes 检测为 xlsx 格式 (ZIP/OOXML)
[2026-06-14 16:45:46] INFO [validate_headers] 北京银行文件工作表「交易明细」表头校验通过，7 个字段均匹配
[2026-06-14 16:45:46] DEBUG [get_subject_info] 银行账号「0109年03月」匹配到主体: 北********司（优先级: 0）
[2026-06-14 16:45:46] INFO [_parse_sheet] 北京银行文件工作表「交易明细」提取 2 条记录
[2026-06-14 16:45:46] INFO [parse] 北京银行文件处理完成，共提取 2 条记录
[2026-06-14 16:45:46] INFO [run_pipeline] 成功处理文件: /var*******************************************************************************************（2 条记录）
[2026-06-14 16:45:46] DEBUG [delete_processed_files] 已删除文件: /var*******************************************************************************************
[2026-06-14 16:45:46] INFO [run_pipeline] 总表输出完成: /var***************************************************************************************（共 2 条记录）
[2026-06-14 16:45:46] INFO [apply_amount_anomaly_detection] 开始金额异常检测，单笔阈值: [金额已隐藏] 元
[2026-06-14 16:45:46] INFO [apply_amount_anomaly_detection] 金额异常检测完成：共 2 条记录，0 条异常 (0.00%)
[2026-06-14 16:45:46] INFO [apply_counterparty_rules] 对方户名规则匹配完成: 总记录 2, 命中 0, 黑名单 0, 白名单 0
[2026-06-14 16:45:46] INFO [export_masked_summary] 脱敏版总表输出完成: /var*******************************************************************************************（共 2 条记录）
[2026-06-14 16:45:46] DEBUG [init_schema] 数据库表结构初始化完成
[2026-06-14 16:45:46] INFO [connect] SQLite 数据库已连接: /Use************************************************************************************
[2026-06-14 16:45:46] INFO [insert_records] 已加载 25 个历史匹配键用于去重
[2026-06-14 16:45:46] INFO [insert_records] 批量导入完成: 批次 BATC***************, 共 2 条, 新增 0 条, 重复 2 条
[2026-06-14 16:45:46] INFO [disconnect] SQLite 数据库已断开
[2026-06-14 16:45:46] INFO [run_pipeline] 数据库持久化完成: 批次 BATC***************, 插入 0 条, 去重跳过 2 条
[2026-06-14 16:45:46] INFO [identify_internal_transfers] 内部划转识别完成: 2 条记录, 识别出 0 对 (0 划出 + 0 划入), 涉及 0 个主体, 0 家银行
[2026-06-14 16:45:46] INFO [summarize_transactions] 主体维度汇总完成: 2 条记录, 1 个主体, 1 家银行, 1 个月份, 0 个未匹配账号
[2026-06-14 16:45:46] INFO [export_subject_summary] 主体维度汇总分析已导出: /var*********************************************************************************************************
[2026-06-14 16:45:46] INFO [run_pipeline] 主体维度汇总分析已自动生成: /var*********************************************************************************************************
[2026-06-14 16:45:46] INFO [check_balance_continuity] 共 1 个账号待校验
[2026-06-14 16:45:46] DEBUG [check_balance_continuity] 校验账号: 0109年03月, 记录数: 2
[2026-06-14 16:45:46] INFO [check_balance_continuity] 余额连续性校验完成 - 总账号: 1, 已校验: 1, 跳过: 0, 异常笔数: 0, 异常账号: 0
[2026-06-14 16:45:46] INFO [export_balance_check_result] 余额连续性校验结果已导出: /var**********************************************************************************************************
[2026-06-14 16:45:46] INFO [run_pipeline] 余额连续性校验报告已自动生成: /var**********************************************************************************************************
[2026-06-14 16:45:46] INFO [detect_duplicates] 重复交易检测完成 - 总记录: 2, 疑似重复组: 0, 疑似重复记录: 0, 重复率: 0.00%
[2026-06-14 16:45:46] INFO [generate_duplicate_check_from_records] 未检测到重复交易，仍导出报告
[2026-06-14 16:45:46] INFO [export_duplicate_check_result] 重复交易检测结果已导出: /var*********************************************************************************************************
[2026-06-14 16:45:46] INFO [run_pipeline] 重复交易检测报告已自动生成: /var*********************************************************************************************************
[2026-06-14 16:45:46] INFO [filter_interest_fee_transactions] 筛选出 0 条利息手续费交易
[2026-06-14 16:45:46] INFO [summarize_by_period] 按month汇总生成 0 条期间汇总记录，异常 0 条
[2026-06-14 16:45:46] INFO [check_interest_fee] 利息手续费核对完成 - 总记录: 0 (利息: 0, 手续费: 0), 期间汇总: 0, 异常: 0
[2026-06-14 16:45:46] WARNING [generate_interest_fee_check_from_records] 未筛选到任何利息手续费交易，跳过报告生成
[2026-06-14 16:45:46] INFO [mark_non_workday_transactions] 非工作日交易标记完成: 总记录 2, 工作日 2, 周末 0, 法定节假日 0, 调休工作日 0
[2026-06-14 16:45:46] INFO [generate_holiday_check_from_records] 未发现非工作日交易，仍导出报告
[2026-06-14 16:45:46] INFO [export_holiday_check_result] 非工作日交易标记结果已导出: /var***********************************************************************************************************
[2026-06-14 16:45:46] INFO [run_pipeline] 非工作日交易标记报告已自动生成: /var***********************************************************************************************************
[2026-06-14 16:45:46] INFO [assign_accounting_period] 会计期间归属完成: 2 条记录, 1 个期间
[2026-06-14 16:45:46] INFO [export_accounting_period_summary] 会计期间总表已导出: /var*******************************************************************************************************（1 个期间）
[2026-06-14 16:45:46] INFO [run_pipeline] 会计期间总表已自动生成: /var*******************************************************************************************************
[2026-06-14 16:45:46] INFO [save_report] 性能剖析报告已保存: /var*****************************************************************************************************
[2026-06-14 16:45:46] INFO [save_report] 性能剖析数据已保存: /var*******************************************************************************************************
[2026-06-14 16:45:46] INFO [run_pipeline] 性能剖析报告已生成: /var*****************************************************************************************************
[2026-06-14 16:45:46] INFO [generate_collab_template] 财务协同编辑模板生成完成: /var***************************************************************************************************************（可编辑列: 凭证号, 凭证日期, 会计科目编码, 会计科目名称, 备注, 制单人）
[2026-06-14 16:45:46] INFO [run_pipeline] 财务协同编辑模板已自动生成: /var***************************************************************************************************************
[2026-06-14 16:45:46] INFO [generate_pending_list_xlsx] 待处理清单已生成: /var******************************************************************************************************（共 1 条记录）
[2026-06-14 16:45:46] DEBUG [scan_excel_files] 发现 Excel 文件: /var*******************************************************************************************
[2026-06-14 16:45:46] INFO [scan_excel_files] 共扫描到 1 个 Excel 文件
[2026-06-14 16:45:46] INFO [setup_logging] 日志系统初始化完成，日志文件: /Use*******************************************************************************************************
[2026-06-14 16:45:46] INFO [setup_logging] 未检测到 tkinter，将使用命令行交互模式
[2026-06-14 16:45:46] INFO [find_lookup_file] 精确匹配到主体查找表: /var**************************************************************************************
[2026-06-14 16:45:46] INFO [run_pipeline] 正在预加载主体查找表...
[2026-06-14 16:45:46] DEBUG [detect_excel_format] 文件 /var************************************************************************************** Magic Bytes 检测为 xlsx 格式 (ZIP/OOXML)
[2026-06-14 16:45:46] INFO [load_lookup_table] 查找表加载完成：共 2 条条目，2 个唯一账号，0 个扩展字段
[2026-06-14 16:45:46] INFO [run_pipeline] 主体查找表预加载完成
[2026-06-14 16:45:46] INFO [load_existing_keys] 未找到历史总表，将以全量模式运行
[2026-06-14 16:45:46] INFO [run_pipeline] 无历史数据，将以全量模式运行
[2026-06-14 16:45:46] INFO [run_pipeline] 已复制文件夹为＋检验版: /var******************************************************************************
[2026-06-14 16:45:46] DEBUG [scan_excel_files] 发现 Excel 文件: /var*******************************************************************************************
[2026-06-14 16:45:46] INFO [scan_excel_files] 共扫描到 1 个 Excel 文件
[2026-06-14 16:45:46] INFO [identify_bank] 文件「北京银行_流水.xlsx」通过前缀匹配识别为: 北京银行
[2026-06-14 16:45:46] INFO [parse] 开始处理北京银行文件: /var*******************************************************************************************
[2026-06-14 16:45:46] DEBUG [detect_excel_format] 文件 /var******************************************************************************************* Magic Bytes 检测为 xlsx 格式 (ZIP/OOXML)
[2026-06-14 16:45:46] INFO [validate_headers] 北京银行文件工作表「交易明细」表头校验通过，7 个字段均匹配
[2026-06-14 16:45:46] DEBUG [get_subject_info] 银行账号「0109年03月」匹配到主体: 北********司（优先级: 0）
[2026-06-14 16:45:46] INFO [_parse_sheet] 北京银行文件工作表「交易明细」提取 2 条记录
[2026-06-14 16:45:46] INFO [parse] 北京银行文件处理完成，共提取 2 条记录
[2026-06-14 16:45:46] INFO [run_pipeline] 成功处理文件: /var*******************************************************************************************（2 条记录）
[2026-06-14 16:45:46] DEBUG [delete_processed_files] 已删除文件: /var*******************************************************************************************
[2026-06-14 16:45:46] INFO [run_pipeline] 总表输出完成: /var***************************************************************************************（共 2 条记录）
[2026-06-14 16:45:46] INFO [apply_amount_anomaly_detection] 开始金额异常检测，单笔阈值: [金额已隐藏] 元
[2026-06-14 16:45:46] INFO [apply_amount_anomaly_detection] 金额异常检测完成：共 2 条记录，0 条异常 (0.00%)
[2026-06-14 16:45:46] INFO [apply_counterparty_rules] 对方户名规则匹配完成: 总记录 2, 命中 0, 黑名单 0, 白名单 0
[2026-06-14 16:45:46] INFO [export_masked_summary] 脱敏版总表输出完成: /var*******************************************************************************************（共 2 条记录）
[2026-06-14 16:45:46] DEBUG [init_schema] 数据库表结构初始化完成
[2026-06-14 16:45:46] INFO [connect] SQLite 数据库已连接: /Use************************************************************************************
[2026-06-14 16:45:46] INFO [disconnect] SQLite 数据库已断开
[2026-06-14 16:45:46] ERROR [persist_transactions] 数据库持久化失败: UNIQUE constraint failed: import_batches.batch_id
Traceback (most recent call last):
  File "/Users/zhangchengcheng/work/ai-project/Trea/solo0605/label-02552/tests/../backend/database.py", line 1612, in persist_transactions
    insert_count, duplicate_count = db.insert_records(
                                    ~~~~~~~~~~~~~~~~~^
        transaction_records,
        ^^^^^^^^^^^^^^^^^^^^
        batch_id=batch_id,
        ^^^^^^^^^^^^^^^^^^
        deduplicate=deduplicate,
        ^^^^^^^^^^^^^^^^^^^^^^^^
    )
    ^
  File "/Users/zhangchengcheng/work/ai-project/Trea/solo0605/label-02552/tests/../backend/database.py", line 554, in insert_records
    cursor.execute('''
    ~~~~~~~~~~~~~~^^^^
        INSERT INTO import_batches (
        ^^^^^^^^^^^^^^^^^^^^^^^^^^^^
            batch_id, total_records, started_at, status
            ^^^^^^^^^^^^^^^^^^^^^^^^^^^^^^^^^^^^^^^^^^^
        ) VALUES (?, ?, ?, ?)
        ^^^^^^^^^^^^^^^^^^^^^
    ''', (batch_id, len(records), started_at, 'processing'))
    ^^^^^^^^^^^^^^^^^^^^^^^^^^^^^^^^^^^^^^^^^^^^^^^^^^^^^^^^
sqlite3.IntegrityError: UNIQUE constraint failed: import_batches.batch_id
[2026-06-14 16:45:46] INFO [run_pipeline] 数据库持久化完成: 批次 BATC***************, 插入 0 条, 去重跳过 0 条
[2026-06-14 16:45:46] INFO [identify_internal_transfers] 内部划转识别完成: 2 条记录, 识别出 0 对 (0 划出 + 0 划入), 涉及 0 个主体, 0 家银行
[2026-06-14 16:45:46] INFO [summarize_transactions] 主体维度汇总完成: 2 条记录, 1 个主体, 1 家银行, 1 个月份, 0 个未匹配账号
[2026-06-14 16:45:46] INFO [export_subject_summary] 主体维度汇总分析已导出: /var*********************************************************************************************************
[2026-06-14 16:45:46] INFO [run_pipeline] 主体维度汇总分析已自动生成: /var*********************************************************************************************************
[2026-06-14 16:45:46] INFO [check_balance_continuity] 共 1 个账号待校验
[2026-06-14 16:45:46] DEBUG [check_balance_continuity] 校验账号: 0109年03月, 记录数: 2
[2026-06-14 16:45:46] INFO [check_balance_continuity] 余额连续性校验完成 - 总账号: 1, 已校验: 1, 跳过: 0, 异常笔数: 0, 异常账号: 0
[2026-06-14 16:45:46] INFO [export_balance_check_result] 余额连续性校验结果已导出: /var**********************************************************************************************************
[2026-06-14 16:45:46] INFO [run_pipeline] 余额连续性校验报告已自动生成: /var**********************************************************************************************************
[2026-06-14 16:45:46] INFO [detect_duplicates] 重复交易检测完成 - 总记录: 2, 疑似重复组: 0, 疑似重复记录: 0, 重复率: 0.00%
[2026-06-14 16:45:46] INFO [generate_duplicate_check_from_records] 未检测到重复交易，仍导出报告
[2026-06-14 16:45:46] INFO [export_duplicate_check_result] 重复交易检测结果已导出: /var*********************************************************************************************************
[2026-06-14 16:45:46] INFO [run_pipeline] 重复交易检测报告已自动生成: /var*********************************************************************************************************
[2026-06-14 16:45:46] INFO [filter_interest_fee_transactions] 筛选出 0 条利息手续费交易
[2026-06-14 16:45:46] INFO [summarize_by_period] 按month汇总生成 0 条期间汇总记录，异常 0 条
[2026-06-14 16:45:46] INFO [check_interest_fee] 利息手续费核对完成 - 总记录: 0 (利息: 0, 手续费: 0), 期间汇总: 0, 异常: 0
[2026-06-14 16:45:46] WARNING [generate_interest_fee_check_from_records] 未筛选到任何利息手续费交易，跳过报告生成
[2026-06-14 16:45:46] INFO [mark_non_workday_transactions] 非工作日交易标记完成: 总记录 2, 工作日 2, 周末 0, 法定节假日 0, 调休工作日 0
[2026-06-14 16:45:46] INFO [generate_holiday_check_from_records] 未发现非工作日交易，仍导出报告
[2026-06-14 16:45:46] INFO [export_holiday_check_result] 非工作日交易标记结果已导出: /var***********************************************************************************************************
[2026-06-14 16:45:46] INFO [run_pipeline] 非工作日交易标记报告已自动生成: /var***********************************************************************************************************
[2026-06-14 16:45:46] INFO [assign_accounting_period] 会计期间归属完成: 2 条记录, 1 个期间
[2026-06-14 16:45:46] INFO [export_accounting_period_summary] 会计期间总表已导出: /var*******************************************************************************************************（1 个期间）
[2026-06-14 16:45:46] INFO [run_pipeline] 会计期间总表已自动生成: /var*******************************************************************************************************
[2026-06-14 16:45:46] INFO [save_report] 性能剖析报告已保存: /var*****************************************************************************************************
[2026-06-14 16:45:46] INFO [save_report] 性能剖析数据已保存: /var*******************************************************************************************************
[2026-06-14 16:45:46] INFO [run_pipeline] 性能剖析报告已生成: /var*****************************************************************************************************
[2026-06-14 16:45:46] INFO [generate_collab_template] 财务协同编辑模板生成完成: /var***************************************************************************************************************（可编辑列: 凭证号, 凭证日期, 会计科目编码, 会计科目名称, 备注, 制单人）
[2026-06-14 16:45:46] INFO [run_pipeline] 财务协同编辑模板已自动生成: /var***************************************************************************************************************
[2026-06-14 16:45:46] INFO [setup_logging] 日志系统初始化完成，日志文件: /Use*******************************************************************************************************
[2026-06-14 16:45:46] INFO [setup_logging] 未检测到 tkinter，将使用命令行交互模式
[2026-06-14 16:45:46] INFO [find_lookup_file] 精确匹配到主体查找表: /var**************************************************************************************
[2026-06-14 16:45:46] INFO [run_pipeline] 正在预加载主体查找表...
[2026-06-14 16:45:46] DEBUG [detect_excel_format] 文件 /var************************************************************************************** Magic Bytes 检测为 xlsx 格式 (ZIP/OOXML)
[2026-06-14 16:45:46] INFO [load_lookup_table] 查找表加载完成：共 2 条条目，2 个唯一账号，0 个扩展字段
[2026-06-14 16:45:46] INFO [run_pipeline] 主体查找表预加载完成
[2026-06-14 16:45:46] INFO [load_existing_keys] 未找到历史总表，将以全量模式运行
[2026-06-14 16:45:46] INFO [run_pipeline] 无历史数据，将以全量模式运行
[2026-06-14 16:45:46] INFO [run_pipeline] 已复制文件夹为＋检验版: /var*****************************************************************************
[2026-06-14 16:45:46] INFO [scan_excel_files] 共扫描到 0 个 Excel 文件
[2026-06-14 16:45:46] WARNING [run_pipeline] 检验版文件夹中未发现任何 Excel 或 PDF 文件
[2026-06-14 16:45:46] INFO [setup_logging] 日志系统初始化完成，日志文件: /Use*******************************************************************************************************
[2026-06-14 16:45:46] INFO [setup_logging] 未检测到 tkinter，将使用命令行交互模式
[2026-06-14 16:45:46] WARNING [find_lookup_file] 程序目录下未找到任何 Excel 文件作为主体查找表
[2026-06-14 16:45:46] WARNING [run_pipeline] 未找到主体查找表，"主体"列将为空
[2026-06-14 16:45:46] WARNING [load_lookup_table] 主体查找表不存在或未指定，返回空查找表结构
[2026-06-14 16:45:46] INFO [load_existing_keys] 未找到历史总表，将以全量模式运行
[2026-06-14 16:45:46] INFO [run_pipeline] 无历史数据，将以全量模式运行
[2026-06-14 16:45:46] INFO [run_pipeline] 已复制文件夹为＋检验版: /var******************************************************************************
[2026-06-14 16:45:46] DEBUG [scan_excel_files] 发现 Excel 文件: /var*******************************************************************************************
[2026-06-14 16:45:46] INFO [scan_excel_files] 共扫描到 1 个 Excel 文件
[2026-06-14 16:45:46] INFO [identify_bank] 文件「北京银行_流水.xlsx」通过前缀匹配识别为: 北京银行
[2026-06-14 16:45:46] INFO [parse] 开始处理北京银行文件: /var*******************************************************************************************
[2026-06-14 16:45:46] DEBUG [detect_excel_format] 文件 /var******************************************************************************************* Magic Bytes 检测为 xlsx 格式 (ZIP/OOXML)
[2026-06-14 16:45:46] INFO [validate_headers] 北京银行文件工作表「交易明细」表头校验通过，7 个字段均匹配
[2026-06-14 16:45:46] WARNING [get_subject_info] 主体查找表不存在或未指定，银行账号「0109年03月」的主体将为空
[2026-06-14 16:45:46] INFO [_parse_sheet] 北京银行文件工作表「交易明细」提取 2 条记录
[2026-06-14 16:45:46] INFO [parse] 北京银行文件处理完成，共提取 2 条记录
[2026-06-14 16:45:46] INFO [run_pipeline] 成功处理文件: /var*******************************************************************************************（2 条记录）
[2026-06-14 16:45:46] DEBUG [delete_processed_files] 已删除文件: /var*******************************************************************************************
[2026-06-14 16:45:46] INFO [run_pipeline] 总表输出完成: /var***************************************************************************************（共 2 条记录）
[2026-06-14 16:45:46] INFO [apply_amount_anomaly_detection] 开始金额异常检测，单笔阈值: [金额已隐藏] 元
[2026-06-14 16:45:46] INFO [apply_amount_anomaly_detection] 金额异常检测完成：共 2 条记录，0 条异常 (0.00%)
[2026-06-14 16:45:46] INFO [apply_counterparty_rules] 对方户名规则匹配完成: 总记录 2, 命中 0, 黑名单 0, 白名单 0
[2026-06-14 16:45:46] INFO [export_masked_summary] 脱敏版总表输出完成: /var*******************************************************************************************（共 2 条记录）
[2026-06-14 16:45:46] DEBUG [init_schema] 数据库表结构初始化完成
[2026-06-14 16:45:46] INFO [connect] SQLite 数据库已连接: /Use************************************************************************************
[2026-06-14 16:45:46] INFO [disconnect] SQLite 数据库已断开
[2026-06-14 16:45:46] ERROR [persist_transactions] 数据库持久化失败: UNIQUE constraint failed: import_batches.batch_id
Traceback (most recent call last):
  File "/Users/zhangchengcheng/work/ai-project/Trea/solo0605/label-02552/tests/../backend/database.py", line 1612, in persist_transactions
    insert_count, duplicate_count = db.insert_records(
                                    ~~~~~~~~~~~~~~~~~^
        transaction_records,
        ^^^^^^^^^^^^^^^^^^^^
        batch_id=batch_id,
        ^^^^^^^^^^^^^^^^^^
        deduplicate=deduplicate,
        ^^^^^^^^^^^^^^^^^^^^^^^^
    )
    ^
  File "/Users/zhangchengcheng/work/ai-project/Trea/solo0605/label-02552/tests/../backend/database.py", line 554, in insert_records
    cursor.execute('''
    ~~~~~~~~~~~~~~^^^^
        INSERT INTO import_batches (
        ^^^^^^^^^^^^^^^^^^^^^^^^^^^^
            batch_id, total_records, started_at, status
            ^^^^^^^^^^^^^^^^^^^^^^^^^^^^^^^^^^^^^^^^^^^
        ) VALUES (?, ?, ?, ?)
        ^^^^^^^^^^^^^^^^^^^^^
    ''', (batch_id, len(records), started_at, 'processing'))
    ^^^^^^^^^^^^^^^^^^^^^^^^^^^^^^^^^^^^^^^^^^^^^^^^^^^^^^^^
sqlite3.IntegrityError: UNIQUE constraint failed: import_batches.batch_id
[2026-06-14 16:45:46] INFO [run_pipeline] 数据库持久化完成: 批次 BATC***************, 插入 0 条, 去重跳过 0 条
[2026-06-14 16:45:46] INFO [identify_internal_transfers] 内部划转识别完成: 2 条记录, 识别出 0 对 (0 划出 + 0 划入), 涉及 0 个主体, 0 家银行
[2026-06-14 16:45:46] INFO [summarize_transactions] 主体维度汇总完成: 2 条记录, 1 个主体, 1 家银行, 1 个月份, 1 个未匹配账号
[2026-06-14 16:45:46] INFO [export_subject_summary] 主体维度汇总分析已导出: /var*********************************************************************************************************
[2026-06-14 16:45:46] INFO [run_pipeline] 主体维度汇总分析已自动生成: /var*********************************************************************************************************
[2026-06-14 16:45:46] INFO [check_balance_continuity] 共 1 个账号待校验
[2026-06-14 16:45:46] DEBUG [check_balance_continuity] 校验账号: 0109年03月, 记录数: 2
[2026-06-14 16:45:46] INFO [check_balance_continuity] 余额连续性校验完成 - 总账号: 1, 已校验: 1, 跳过: 0, 异常笔数: 0, 异常账号: 0
[2026-06-14 16:45:46] INFO [export_balance_check_result] 余额连续性校验结果已导出: /var**********************************************************************************************************
[2026-06-14 16:45:46] INFO [run_pipeline] 余额连续性校验报告已自动生成: /var**********************************************************************************************************
[2026-06-14 16:45:46] INFO [detect_duplicates] 重复交易检测完成 - 总记录: 2, 疑似重复组: 0, 疑似重复记录: 0, 重复率: 0.00%
[2026-06-14 16:45:46] INFO [generate_duplicate_check_from_records] 未检测到重复交易，仍导出报告
[2026-06-14 16:45:46] INFO [export_duplicate_check_result] 重复交易检测结果已导出: /var*********************************************************************************************************
[2026-06-14 16:45:46] INFO [run_pipeline] 重复交易检测报告已自动生成: /var*********************************************************************************************************
[2026-06-14 16:45:46] INFO [filter_interest_fee_transactions] 筛选出 0 条利息手续费交易
[2026-06-14 16:45:46] INFO [summarize_by_period] 按month汇总生成 0 条期间汇总记录，异常 0 条
[2026-06-14 16:45:46] INFO [check_interest_fee] 利息手续费核对完成 - 总记录: 0 (利息: 0, 手续费: 0), 期间汇总: 0, 异常: 0
[2026-06-14 16:45:46] WARNING [generate_interest_fee_check_from_records] 未筛选到任何利息手续费交易，跳过报告生成
[2026-06-14 16:45:46] INFO [mark_non_workday_transactions] 非工作日交易标记完成: 总记录 2, 工作日 2, 周末 0, 法定节假日 0, 调休工作日 0
[2026-06-14 16:45:46] INFO [generate_holiday_check_from_records] 未发现非工作日交易，仍导出报告
[2026-06-14 16:45:46] INFO [export_holiday_check_result] 非工作日交易标记结果已导出: /var***********************************************************************************************************
[2026-06-14 16:45:46] INFO [run_pipeline] 非工作日交易标记报告已自动生成: /var***********************************************************************************************************
[2026-06-14 16:45:46] INFO [assign_accounting_period] 会计期间归属完成: 2 条记录, 1 个期间
[2026-06-14 16:45:46] INFO [export_accounting_period_summary] 会计期间总表已导出: /var*******************************************************************************************************（1 个期间）
[2026-06-14 16:45:46] INFO [run_pipeline] 会计期间总表已自动生成: /var*******************************************************************************************************
[2026-06-14 16:45:46] INFO [save_report] 性能剖析报告已保存: /var*****************************************************************************************************
[2026-06-14 16:45:46] INFO [save_report] 性能剖析数据已保存: /var*******************************************************************************************************
[2026-06-14 16:45:46] INFO [run_pipeline] 性能剖析报告已生成: /var*****************************************************************************************************
[2026-06-14 16:45:46] INFO [generate_collab_template] 财务协同编辑模板生成完成: /var***************************************************************************************************************（可编辑列: 凭证号, 凭证日期, 会计科目编码, 会计科目名称, 备注, 制单人）
[2026-06-14 16:45:46] INFO [run_pipeline] 财务协同编辑模板已自动生成: /var***************************************************************************************************************
[2026-06-14 16:45:46] INFO [setup_logging] 日志系统初始化完成，日志文件: /Use*******************************************************************************************************
[2026-06-14 16:45:46] INFO [setup_logging] 未检测到 tkinter，将使用命令行交互模式
[2026-06-14 16:45:46] INFO [find_lookup_file] 精确匹配到主体查找表: /var**************************************************************************************
[2026-06-14 16:45:46] INFO [run_pipeline] 正在预加载主体查找表...
[2026-06-14 16:45:46] DEBUG [detect_excel_format] 文件 /var************************************************************************************** Magic Bytes 检测为 xlsx 格式 (ZIP/OOXML)
[2026-06-14 16:45:46] INFO [load_lookup_table] 查找表加载完成：共 2 条条目，2 个唯一账号，0 个扩展字段
[2026-06-14 16:45:46] INFO [run_pipeline] 主体查找表预加载完成
[2026-06-14 16:45:46] INFO [load_existing_keys] 未找到历史总表，将以全量模式运行
[2026-06-14 16:45:46] INFO [run_pipeline] 无历史数据，将以全量模式运行
[2026-06-14 16:45:46] INFO [run_pipeline] 已复制文件夹为＋检验版: /var******************************************************************************
[2026-06-14 16:45:46] DEBUG [scan_excel_files] 发现 Excel 文件: /var******************************************************************************************
[2026-06-14 16:45:46] INFO [scan_excel_files] 共扫描到 1 个 Excel 文件
[2026-06-14 16:45:46] INFO [identify_bank] 文件「北京银行_坏.xlsx」通过前缀匹配识别为: 北京银行
[2026-06-14 16:45:46] INFO [parse] 开始处理北京银行文件: /var******************************************************************************************
[2026-06-14 16:45:46] DEBUG [detect_excel_format] 文件 /var****************************************************************************************** 未识别的 Magic Bytes: 6e6f****
[2026-06-14 16:45:46] ERROR [run_pipeline] 处理文件「/var******************************************************************************************」时发生错误: File is not a zip file
Traceback (most recent call last):
  File "/Users/zhangchengcheng/work/ai-project/Trea/solo0605/label-02552/tests/../backend/bankcheck.py", line 3115, in run_pipeline
    rows = processor(filepath, lookup_data)
  File "/Users/zhangchengcheng/work/ai-project/Trea/solo0605/label-02552/tests/../backend/bankcheck.py", line 1945, in processor
    return parser.parse(filepath, lookup_source)
           ~~~~~~~~~~~~^^^^^^^^^^^^^^^^^^^^^^^^^
  File "/Users/zhangchengcheng/work/ai-project/Trea/solo0605/label-02552/tests/../backend/bankcheck.py", line 1912, in parse
    wb, tmp_path = open_workbook_compat(filepath)
                   ~~~~~~~~~~~~~~~~~~~~^^^^^^^^^^
  File "/Users/zhangchengcheng/work/ai-project/Trea/solo0605/label-02552/tests/../backend/bankcheck.py", line 984, in open_workbook_compat
    wb = openpyxl.load_workbook(filepath, data_only=True)
  File "/opt/homebrew/lib/python3.14/site-packages/openpyxl/reader/excel.py", line 346, in load_workbook
    reader = ExcelReader(filename, read_only, keep_vba,
                         data_only, keep_links, rich_text)
  File "/opt/homebrew/lib/python3.14/site-packages/openpyxl/reader/excel.py", line 123, in __init__
    self.archive = _validate_archive(fn)
                   ~~~~~~~~~~~~~~~~~^^^^
  File "/opt/homebrew/lib/python3.14/site-packages/openpyxl/reader/excel.py", line 95, in _validate_archive
    archive = ZipFile(filename, 'r')
  File "/opt/homebrew/Cellar/python@3.14/3.14.4_1/Frameworks/Python.framework/Versions/3.14/lib/python3.14/zipfile/__init__.py", line 1471, in __init__
    self._RealGetContents()
    ~~~~~~~~~~~~~~~~~~~~~^^
  File "/opt/homebrew/Cellar/python@3.14/3.14.4_1/Frameworks/Python.framework/Versions/3.14/lib/python3.14/zipfile/__init__.py", line 1538, in _RealGetContents
    raise BadZipFile("File is not a zip file")
zipfile.BadZipFile: File is not a zip file
[2026-06-14 16:45:46] WARNING [run_pipeline] 未提取到任何银行流水记录
[2026-06-14 16:45:46] INFO [save_report] 性能剖析报告已保存: /var*****************************************************************************************************
[2026-06-14 16:45:46] INFO [save_report] 性能剖析数据已保存: /var*******************************************************************************************************
[2026-06-14 16:45:46] INFO [run_pipeline] 性能剖析报告已生成: /var*****************************************************************************************************
[2026-06-14 16:45:46] INFO [generate_pending_list_xlsx] 待处理清单已生成: /var******************************************************************************************************（共 1 条记录）
[2026-06-14 16:45:46] DEBUG [scan_excel_files] 发现 Excel 文件: /var******************************************************************************************
[2026-06-14 16:45:46] INFO [scan_excel_files] 共扫描到 1 个 Excel 文件
[2026-06-14 16:45:46] INFO [setup_logging] 日志系统初始化完成，日志文件: /Use*******************************************************************************************************
[2026-06-14 16:45:46] INFO [setup_logging] 未检测到 tkinter，将使用命令行交互模式
[2026-06-14 16:45:46] INFO [find_lookup_file] 精确匹配到主体查找表: /var**************************************************************************************
[2026-06-14 16:45:46] INFO [run_pipeline] 正在预加载主体查找表...
[2026-06-14 16:45:46] DEBUG [detect_excel_format] 文件 /var************************************************************************************** Magic Bytes 检测为 xlsx 格式 (ZIP/OOXML)
[2026-06-14 16:45:46] INFO [load_lookup_table] 查找表加载完成：共 2 条条目，2 个唯一账号，0 个扩展字段
[2026-06-14 16:45:46] INFO [run_pipeline] 主体查找表预加载完成
[2026-06-14 16:45:46] INFO [load_existing_keys] 未找到历史总表，将以全量模式运行
[2026-06-14 16:45:46] INFO [run_pipeline] 无历史数据，将以全量模式运行
[2026-06-14 16:45:46] INFO [run_pipeline] 已复制文件夹为＋检验版: /var******************************************************************************
[2026-06-14 16:45:46] DEBUG [scan_excel_files] 发现 Excel 文件: /var*******************************************************************************************
[2026-06-14 16:45:46] DEBUG [scan_excel_files] 发现 Excel 文件: /var*******************************************************************************************
[2026-06-14 16:45:46] DEBUG [scan_excel_files] 发现 Excel 文件: /var******************************************************************************************
[2026-06-14 16:45:46] INFO [scan_excel_files] 共扫描到 3 个 Excel 文件
[2026-06-14 16:45:46] WARNING [identify_bank] 文件「未知银行_流水.xlsx」无法识别银行类型
[2026-06-14 16:45:46] INFO [identify_bank] 文件「北京银行_正常.xlsx」通过前缀匹配识别为: 北京银行
[2026-06-14 16:45:46] INFO [parse] 开始处理北京银行文件: /var*******************************************************************************************
[2026-06-14 16:45:46] DEBUG [detect_excel_format] 文件 /var******************************************************************************************* Magic Bytes 检测为 xlsx 格式 (ZIP/OOXML)
[2026-06-14 16:45:46] INFO [validate_headers] 北京银行文件工作表「交易明细」表头校验通过，7 个字段均匹配
[2026-06-14 16:45:46] DEBUG [get_subject_info] 银行账号「0109年03月」匹配到主体: 北********司（优先级: 0）
[2026-06-14 16:45:46] INFO [_parse_sheet] 北京银行文件工作表「交易明细」提取 2 条记录
[2026-06-14 16:45:46] INFO [parse] 北京银行文件处理完成，共提取 2 条记录
[2026-06-14 16:45:46] INFO [run_pipeline] 成功处理文件: /var*******************************************************************************************（2 条记录）
[2026-06-14 16:45:46] INFO [identify_bank] 文件「北京银行_坏.xlsx」通过前缀匹配识别为: 北京银行
[2026-06-14 16:45:46] INFO [parse] 开始处理北京银行文件: /var******************************************************************************************
[2026-06-14 16:45:46] DEBUG [detect_excel_format] 文件 /var****************************************************************************************** 未识别的 Magic Bytes: 636f****
[2026-06-14 16:45:46] ERROR [run_pipeline] 处理文件「/var******************************************************************************************」时发生错误: File is not a zip file
Traceback (most recent call last):
  File "/Users/zhangchengcheng/work/ai-project/Trea/solo0605/label-02552/tests/../backend/bankcheck.py", line 3115, in run_pipeline
    rows = processor(filepath, lookup_data)
  File "/Users/zhangchengcheng/work/ai-project/Trea/solo0605/label-02552/tests/../backend/bankcheck.py", line 1945, in processor
    return parser.parse(filepath, lookup_source)
           ~~~~~~~~~~~~^^^^^^^^^^^^^^^^^^^^^^^^^
  File "/Users/zhangchengcheng/work/ai-project/Trea/solo0605/label-02552/tests/../backend/bankcheck.py", line 1912, in parse
    wb, tmp_path = open_workbook_compat(filepath)
                   ~~~~~~~~~~~~~~~~~~~~^^^^^^^^^^
  File "/Users/zhangchengcheng/work/ai-project/Trea/solo0605/label-02552/tests/../backend/bankcheck.py", line 984, in open_workbook_compat
    wb = openpyxl.load_workbook(filepath, data_only=True)
  File "/opt/homebrew/lib/python3.14/site-packages/openpyxl/reader/excel.py", line 346, in load_workbook
    reader = ExcelReader(filename, read_only, keep_vba,
                         data_only, keep_links, rich_text)
  File "/opt/homebrew/lib/python3.14/site-packages/openpyxl/reader/excel.py", line 123, in __init__
    self.archive = _validate_archive(fn)
                   ~~~~~~~~~~~~~~~~~^^^^
  File "/opt/homebrew/lib/python3.14/site-packages/openpyxl/reader/excel.py", line 95, in _validate_archive
    archive = ZipFile(filename, 'r')
  File "/opt/homebrew/Cellar/python@3.14/3.14.4_1/Frameworks/Python.framework/Versions/3.14/lib/python3.14/zipfile/__init__.py", line 1471, in __init__
    self._RealGetContents()
    ~~~~~~~~~~~~~~~~~~~~~^^
  File "/opt/homebrew/Cellar/python@3.14/3.14.4_1/Frameworks/Python.framework/Versions/3.14/lib/python3.14/zipfile/__init__.py", line 1538, in _RealGetContents
    raise BadZipFile("File is not a zip file")
zipfile.BadZipFile: File is not a zip file
[2026-06-14 16:45:46] DEBUG [delete_processed_files] 已删除文件: /var*******************************************************************************************
[2026-06-14 16:45:46] INFO [run_pipeline] 总表输出完成: /var***************************************************************************************（共 2 条记录）
[2026-06-14 16:45:46] INFO [apply_amount_anomaly_detection] 开始金额异常检测，单笔阈值: [金额已隐藏] 元
[2026-06-14 16:45:46] INFO [apply_amount_anomaly_detection] 金额异常检测完成：共 2 条记录，0 条异常 (0.00%)
[2026-06-14 16:45:46] INFO [apply_counterparty_rules] 对方户名规则匹配完成: 总记录 2, 命中 0, 黑名单 0, 白名单 0
[2026-06-14 16:45:46] INFO [export_masked_summary] 脱敏版总表输出完成: /var*******************************************************************************************（共 2 条记录）
[2026-06-14 16:45:46] DEBUG [init_schema] 数据库表结构初始化完成
[2026-06-14 16:45:46] INFO [connect] SQLite 数据库已连接: /Use************************************************************************************
[2026-06-14 16:45:46] INFO [disconnect] SQLite 数据库已断开
[2026-06-14 16:45:46] ERROR [persist_transactions] 数据库持久化失败: UNIQUE constraint failed: import_batches.batch_id
Traceback (most recent call last):
  File "/Users/zhangchengcheng/work/ai-project/Trea/solo0605/label-02552/tests/../backend/database.py", line 1612, in persist_transactions
    insert_count, duplicate_count = db.insert_records(
                                    ~~~~~~~~~~~~~~~~~^
        transaction_records,
        ^^^^^^^^^^^^^^^^^^^^
        batch_id=batch_id,
        ^^^^^^^^^^^^^^^^^^
        deduplicate=deduplicate,
        ^^^^^^^^^^^^^^^^^^^^^^^^
    )
    ^
  File "/Users/zhangchengcheng/work/ai-project/Trea/solo0605/label-02552/tests/../backend/database.py", line 554, in insert_records
    cursor.execute('''
    ~~~~~~~~~~~~~~^^^^
        INSERT INTO import_batches (
        ^^^^^^^^^^^^^^^^^^^^^^^^^^^^
            batch_id, total_records, started_at, status
            ^^^^^^^^^^^^^^^^^^^^^^^^^^^^^^^^^^^^^^^^^^^
        ) VALUES (?, ?, ?, ?)
        ^^^^^^^^^^^^^^^^^^^^^
    ''', (batch_id, len(records), started_at, 'processing'))
    ^^^^^^^^^^^^^^^^^^^^^^^^^^^^^^^^^^^^^^^^^^^^^^^^^^^^^^^^
sqlite3.IntegrityError: UNIQUE constraint failed: import_batches.batch_id
[2026-06-14 16:45:46] INFO [run_pipeline] 数据库持久化完成: 批次 BATC***************, 插入 0 条, 去重跳过 0 条
[2026-06-14 16:45:46] INFO [identify_internal_transfers] 内部划转识别完成: 2 条记录, 识别出 0 对 (0 划出 + 0 划入), 涉及 0 个主体, 0 家银行
[2026-06-14 16:45:46] INFO [summarize_transactions] 主体维度汇总完成: 2 条记录, 1 个主体, 1 家银行, 1 个月份, 0 个未匹配账号
[2026-06-14 16:45:46] INFO [export_subject_summary] 主体维度汇总分析已导出: /var*********************************************************************************************************
[2026-06-14 16:45:46] INFO [run_pipeline] 主体维度汇总分析已自动生成: /var*********************************************************************************************************
[2026-06-14 16:45:46] INFO [check_balance_continuity] 共 1 个账号待校验
[2026-06-14 16:45:46] DEBUG [check_balance_continuity] 校验账号: 0109年03月, 记录数: 2
[2026-06-14 16:45:46] INFO [check_balance_continuity] 余额连续性校验完成 - 总账号: 1, 已校验: 1, 跳过: 0, 异常笔数: 0, 异常账号: 0
[2026-06-14 16:45:46] INFO [export_balance_check_result] 余额连续性校验结果已导出: /var**********************************************************************************************************
[2026-06-14 16:45:46] INFO [run_pipeline] 余额连续性校验报告已自动生成: /var**********************************************************************************************************
[2026-06-14 16:45:46] INFO [detect_duplicates] 重复交易检测完成 - 总记录: 2, 疑似重复组: 0, 疑似重复记录: 0, 重复率: 0.00%
[2026-06-14 16:45:46] INFO [generate_duplicate_check_from_records] 未检测到重复交易，仍导出报告
[2026-06-14 16:45:46] INFO [export_duplicate_check_result] 重复交易检测结果已导出: /var*********************************************************************************************************
[2026-06-14 16:45:46] INFO [run_pipeline] 重复交易检测报告已自动生成: /var*********************************************************************************************************
[2026-06-14 16:45:46] INFO [filter_interest_fee_transactions] 筛选出 0 条利息手续费交易
[2026-06-14 16:45:46] INFO [summarize_by_period] 按month汇总生成 0 条期间汇总记录，异常 0 条
[2026-06-14 16:45:46] INFO [check_interest_fee] 利息手续费核对完成 - 总记录: 0 (利息: 0, 手续费: 0), 期间汇总: 0, 异常: 0
[2026-06-14 16:45:46] WARNING [generate_interest_fee_check_from_records] 未筛选到任何利息手续费交易，跳过报告生成
[2026-06-14 16:45:46] INFO [mark_non_workday_transactions] 非工作日交易标记完成: 总记录 2, 工作日 2, 周末 0, 法定节假日 0, 调休工作日 0
[2026-06-14 16:45:46] INFO [generate_holiday_check_from_records] 未发现非工作日交易，仍导出报告
[2026-06-14 16:45:46] INFO [export_holiday_check_result] 非工作日交易标记结果已导出: /var***********************************************************************************************************
[2026-06-14 16:45:46] INFO [run_pipeline] 非工作日交易标记报告已自动生成: /var***********************************************************************************************************
[2026-06-14 16:45:46] INFO [assign_accounting_period] 会计期间归属完成: 2 条记录, 1 个期间
[2026-06-14 16:45:46] INFO [export_accounting_period_summary] 会计期间总表已导出: /var*******************************************************************************************************（1 个期间）
[2026-06-14 16:45:46] INFO [run_pipeline] 会计期间总表已自动生成: /var*******************************************************************************************************
[2026-06-14 16:45:46] INFO [save_report] 性能剖析报告已保存: /var*****************************************************************************************************
[2026-06-14 16:45:46] INFO [save_report] 性能剖析数据已保存: /var*******************************************************************************************************
[2026-06-14 16:45:46] INFO [run_pipeline] 性能剖析报告已生成: /var*****************************************************************************************************
[2026-06-14 16:45:47] INFO [generate_collab_template] 财务协同编辑模板生成完成: /var***************************************************************************************************************（可编辑列: 凭证号, 凭证日期, 会计科目编码, 会计科目名称, 备注, 制单人）
[2026-06-14 16:45:47] INFO [run_pipeline] 财务协同编辑模板已自动生成: /var***************************************************************************************************************
[2026-06-14 16:45:47] INFO [generate_pending_list_xlsx] 待处理清单已生成: /var******************************************************************************************************（共 2 条记录）
[2026-06-14 16:45:47] DEBUG [scan_excel_files] 发现 Excel 文件: /var*******************************************************************************************
[2026-06-14 16:45:47] DEBUG [scan_excel_files] 发现 Excel 文件: /var******************************************************************************************
[2026-06-14 16:45:47] INFO [scan_excel_files] 共扫描到 2 个 Excel 文件
[2026-06-14 16:45:47] INFO [setup_logging] 日志系统初始化完成，日志文件: /Use*******************************************************************************************************
[2026-06-14 16:45:47] INFO [setup_logging] 未检测到 tkinter，将使用命令行交互模式
[2026-06-14 16:45:47] INFO [setup_logging] 日志系统初始化完成，日志文件: /Use*******************************************************************************************************
[2026-06-14 16:45:47] INFO [setup_logging] 未检测到 tkinter，将使用命令行交互模式
[2026-06-14 16:45:47] INFO [find_lookup_file] 精确匹配到主体查找表: /Use****************************************************************************************
[2026-06-14 16:45:47] INFO [parse] 开始处理北京银行文件: /Use********************************************************************************************
[2026-06-14 16:45:47] DEBUG [detect_excel_format] 文件 /Use******************************************************************************************** Magic Bytes 检测为 xlsx 格式 (ZIP/OOXML)
[2026-06-14 16:45:47] INFO [validate_headers] 北京银行文件工作表「交易明细」表头校验通过，7 个字段均匹配
[2026-06-14 16:45:47] DEBUG [detect_excel_format] 文件 /Use**************************************************************************************** Magic Bytes 检测为 xlsx 格式 (ZIP/OOXML)
[2026-06-14 16:45:47] INFO [load_lookup_table] 查找表加载完成：共 2 条条目，2 个唯一账号，0 个扩展字段
[2026-06-14 16:45:47] DEBUG [get_subject_info] 银行账号「0109年03月」匹配到主体: 北********司（优先级: 0）
[2026-06-14 16:45:47] INFO [_parse_sheet] 北京银行文件工作表「交易明细」提取 2 条记录
[2026-06-14 16:45:47] INFO [parse] 北京银行文件处理完成，共提取 2 条记录
[2026-06-14 16:45:47] INFO [parse] 开始处理东亚银行文件: /Use********************************************************************************************
[2026-06-14 16:45:47] DEBUG [detect_excel_format] 文件 /Use******************************************************************************************** Magic Bytes 检测为 xlsx 格式 (ZIP/OOXML)
[2026-06-14 16:45:47] INFO [validate_headers] 东亚银行文件工作表「交易明细」表头校验通过，7 个字段均匹配
[2026-06-14 16:45:47] DEBUG [detect_excel_format] 文件 /Use**************************************************************************************** Magic Bytes 检测为 xlsx 格式 (ZIP/OOXML)
[2026-06-14 16:45:47] INFO [load_lookup_table] 查找表加载完成：共 2 条条目，2 个唯一账号，0 个扩展字段
[2026-06-14 16:45:47] DEBUG [get_subject_info] 银行账号「3881年23月」匹配到主体: 上********司（优先级: 0）
[2026-06-14 16:45:47] INFO [_parse_sheet] 东亚银行文件工作表「交易明细」提取 2 条记录
[2026-06-14 16:45:47] INFO [parse] 东亚银行文件处理完成，共提取 2 条记录
[2026-06-14 16:45:47] INFO [setup_logging] 日志系统初始化完成，日志文件: /Use*******************************************************************************************************
[2026-06-14 16:45:47] INFO [setup_logging] 未检测到 tkinter，将使用命令行交互模式
[2026-06-14 16:45:47] INFO [setup_logging] 日志系统初始化完成，日志文件: /Use*******************************************************************************************************
[2026-06-14 16:45:47] INFO [setup_logging] 未检测到 tkinter，将使用命令行交互模式
[2026-06-14 16:45:47] INFO [setup_logging] 日志系统初始化完成，日志文件: /Use*******************************************************************************************************
[2026-06-14 16:45:47] INFO [setup_logging] 未检测到 tkinter，将使用命令行交互模式
[2026-06-14 16:45:47] INFO [setup_logging] 日志系统初始化完成，日志文件: /Use*******************************************************************************************************
[2026-06-14 16:45:47] INFO [setup_logging] 未检测到 tkinter，将使用命令行交互模式
[2026-06-14 16:45:47] INFO [setup_logging] 日志系统初始化完成，日志文件: /Use*******************************************************************************************************
[2026-06-14 16:45:47] INFO [setup_logging] 未检测到 tkinter，将使用命令行交互模式
[2026-06-14 16:45:47] INFO [setup_logging] 日志系统初始化完成，日志文件: /Use*******************************************************************************************************
[2026-06-14 16:45:47] INFO [setup_logging] 未检测到 tkinter，将使用命令行交互模式
[2026-06-14 16:45:47] INFO [setup_logging] 日志系统初始化完成，日志文件: /Use*******************************************************************************************************
[2026-06-14 16:45:47] INFO [setup_logging] 未检测到 tkinter，将使用命令行交互模式
[2026-06-14 16:45:47] INFO [setup_logging] 日志系统初始化完成，日志文件: /Use*******************************************************************************************************
[2026-06-14 16:45:47] INFO [setup_logging] 未检测到 tkinter，将使用命令行交互模式
[2026-06-14 16:45:47] INFO [setup_logging] 日志系统初始化完成，日志文件: /Use*******************************************************************************************************
[2026-06-14 16:45:47] INFO [setup_logging] 未检测到 tkinter，将使用命令行交互模式
[2026-06-14 16:45:47] INFO [setup_logging] 日志系统初始化完成，日志文件: /Use*******************************************************************************************************
[2026-06-14 16:45:47] INFO [setup_logging] 未检测到 tkinter，将使用命令行交互模式
[2026-06-14 16:45:47] INFO [generate_pending_list_xlsx] 待处理清单已生成: /var******************************************************************************************************（共 4 条记录）
[2026-06-14 16:45:47] INFO [setup_logging] 日志系统初始化完成，日志文件: /Use*******************************************************************************************************
[2026-06-14 16:45:47] INFO [setup_logging] 未检测到 tkinter，将使用命令行交互模式
[2026-06-14 16:45:47] INFO [generate_pending_list_xlsx] 没有待处理的文件，无需生成待处理清单
[2026-06-14 16:45:47] INFO [setup_logging] 日志系统初始化完成，日志文件: /Use*******************************************************************************************************
[2026-06-14 16:45:47] INFO [setup_logging] 未检测到 tkinter，将使用命令行交互模式
[2026-06-14 16:45:47] INFO [generate_pending_list_xlsx] 待处理清单已生成: /var******************************************************************************************************（共 1 条记录）
[2026-06-14 16:45:47] INFO [setup_logging] 日志系统初始化完成，日志文件: /Use*******************************************************************************************************
[2026-06-14 16:45:47] INFO [setup_logging] 未检测到 tkinter，将使用命令行交互模式
[2026-06-14 16:45:47] INFO [generate_pending_list_xlsx] 待处理清单已生成: /var******************************************************************************************************（共 1 条记录）
[2026-06-14 16:45:47] INFO [setup_logging] 日志系统初始化完成，日志文件: /Use*******************************************************************************************************
[2026-06-14 16:45:47] INFO [setup_logging] 未检测到 tkinter，将使用命令行交互模式
[2026-06-14 16:45:47] INFO [generate_pending_list_xlsx] 待处理清单已生成: /var******************************************************************************************************（共 1 条记录）
[2026-06-14 16:45:47] INFO [setup_logging] 日志系统初始化完成，日志文件: /Use*******************************************************************************************************
[2026-06-14 16:45:47] INFO [setup_logging] 未检测到 tkinter，将使用命令行交互模式
[2026-06-14 16:45:47] INFO [find_lookup_file] 精确匹配到主体查找表: /var**************************************************************************************
[2026-06-14 16:45:47] INFO [run_pipeline] 正在预加载主体查找表...
[2026-06-14 16:45:47] DEBUG [detect_excel_format] 文件 /var************************************************************************************** Magic Bytes 检测为 xlsx 格式 (ZIP/OOXML)
[2026-06-14 16:45:47] INFO [load_lookup_table] 查找表加载完成：共 2 条条目，2 个唯一账号，0 个扩展字段
[2026-06-14 16:45:47] INFO [run_pipeline] 主体查找表预加载完成
[2026-06-14 16:45:47] INFO [load_existing_keys] 未找到历史总表，将以全量模式运行
[2026-06-14 16:45:47] INFO [run_pipeline] 无历史数据，将以全量模式运行
[2026-06-14 16:45:47] INFO [run_pipeline] 已复制文件夹为＋检验版: /var******************************************************************************
[2026-06-14 16:45:47] DEBUG [scan_excel_files] 发现 Excel 文件: /var******************************************************************************************
[2026-06-14 16:45:47] INFO [scan_excel_files] 共扫描到 1 个 Excel 文件
[2026-06-14 16:45:47] INFO [identify_bank] 文件「北京银行_坏.xlsx」通过前缀匹配识别为: 北京银行
[2026-06-14 16:45:47] INFO [parse] 开始处理北京银行文件: /var******************************************************************************************
[2026-06-14 16:45:47] DEBUG [detect_excel_format] 文件 /var****************************************************************************************** 未识别的 Magic Bytes: 6e6f****
[2026-06-14 16:45:47] ERROR [run_pipeline] 处理文件「/var******************************************************************************************」时发生错误: File is not a zip file
Traceback (most recent call last):
  File "/Users/zhangchengcheng/work/ai-project/Trea/solo0605/label-02552/tests/../backend/bankcheck.py", line 3115, in run_pipeline
    rows = processor(filepath, lookup_data)
  File "/Users/zhangchengcheng/work/ai-project/Trea/solo0605/label-02552/tests/../backend/bankcheck.py", line 1945, in processor
    return parser.parse(filepath, lookup_source)
           ~~~~~~~~~~~~^^^^^^^^^^^^^^^^^^^^^^^^^
  File "/Users/zhangchengcheng/work/ai-project/Trea/solo0605/label-02552/tests/../backend/bankcheck.py", line 1912, in parse
    wb, tmp_path = open_workbook_compat(filepath)
                   ~~~~~~~~~~~~~~~~~~~~^^^^^^^^^^
  File "/Users/zhangchengcheng/work/ai-project/Trea/solo0605/label-02552/tests/../backend/bankcheck.py", line 984, in open_workbook_compat
    wb = openpyxl.load_workbook(filepath, data_only=True)
  File "/opt/homebrew/lib/python3.14/site-packages/openpyxl/reader/excel.py", line 346, in load_workbook
    reader = ExcelReader(filename, read_only, keep_vba,
                         data_only, keep_links, rich_text)
  File "/opt/homebrew/lib/python3.14/site-packages/openpyxl/reader/excel.py", line 123, in __init__
    self.archive = _validate_archive(fn)
                   ~~~~~~~~~~~~~~~~~^^^^
  File "/opt/homebrew/lib/python3.14/site-packages/openpyxl/reader/excel.py", line 95, in _validate_archive
    archive = ZipFile(filename, 'r')
  File "/opt/homebrew/Cellar/python@3.14/3.14.4_1/Frameworks/Python.framework/Versions/3.14/lib/python3.14/zipfile/__init__.py", line 1471, in __init__
    self._RealGetContents()
    ~~~~~~~~~~~~~~~~~~~~~^^
  File "/opt/homebrew/Cellar/python@3.14/3.14.4_1/Frameworks/Python.framework/Versions/3.14/lib/python3.14/zipfile/__init__.py", line 1538, in _RealGetContents
    raise BadZipFile("File is not a zip file")
zipfile.BadZipFile: File is not a zip file
[2026-06-14 16:45:47] WARNING [run_pipeline] 未提取到任何银行流水记录
[2026-06-14 16:45:47] INFO [save_report] 性能剖析报告已保存: /var*****************************************************************************************************
[2026-06-14 16:45:47] INFO [save_report] 性能剖析数据已保存: /var*******************************************************************************************************
[2026-06-14 16:45:47] INFO [run_pipeline] 性能剖析报告已生成: /var*****************************************************************************************************
[2026-06-14 16:45:47] INFO [generate_pending_list_xlsx] 待处理清单已生成: /var******************************************************************************************************（共 1 条记录）
[2026-06-14 16:45:47] INFO [setup_logging] 日志系统初始化完成，日志文件: /Use*******************************************************************************************************
[2026-06-14 16:45:47] INFO [setup_logging] 未检测到 tkinter，将使用命令行交互模式
[2026-06-14 16:45:47] INFO [find_lookup_file] 精确匹配到主体查找表: /var**************************************************************************************
[2026-06-14 16:45:47] INFO [run_pipeline] 正在预加载主体查找表...
[2026-06-14 16:45:47] DEBUG [detect_excel_format] 文件 /var************************************************************************************** Magic Bytes 检测为 xlsx 格式 (ZIP/OOXML)
[2026-06-14 16:45:47] INFO [load_lookup_table] 查找表加载完成：共 2 条条目，2 个唯一账号，0 个扩展字段
[2026-06-14 16:45:47] INFO [run_pipeline] 主体查找表预加载完成
[2026-06-14 16:45:47] INFO [load_existing_keys] 未找到历史总表，将以全量模式运行
[2026-06-14 16:45:47] INFO [run_pipeline] 无历史数据，将以全量模式运行
[2026-06-14 16:45:47] INFO [run_pipeline] 已复制文件夹为＋检验版: /var******************************************************************************
[2026-06-14 16:45:47] DEBUG [scan_excel_files] 发现 Excel 文件: /var*******************************************************************************************
[2026-06-14 16:45:47] INFO [scan_excel_files] 共扫描到 1 个 Excel 文件
[2026-06-14 16:45:47] WARNING [identify_bank] 文件「未知银行_流水.xlsx」无法识别银行类型
[2026-06-14 16:45:47] WARNING [run_pipeline] 未提取到任何银行流水记录
[2026-06-14 16:45:47] INFO [save_report] 性能剖析报告已保存: /var*****************************************************************************************************
[2026-06-14 16:45:47] INFO [save_report] 性能剖析数据已保存: /var*******************************************************************************************************
[2026-06-14 16:45:47] INFO [run_pipeline] 性能剖析报告已生成: /var*****************************************************************************************************
[2026-06-14 16:45:47] INFO [generate_pending_list_xlsx] 待处理清单已生成: /var******************************************************************************************************（共 1 条记录）
[2026-06-14 16:45:47] INFO [setup_logging] 日志系统初始化完成，日志文件: /Use*******************************************************************************************************
[2026-06-14 16:45:47] INFO [setup_logging] 未检测到 tkinter，将使用命令行交互模式
[2026-06-14 16:45:47] INFO [find_lookup_file] 精确匹配到主体查找表: /var**************************************************************************************
[2026-06-14 16:45:47] INFO [run_pipeline] 正在预加载主体查找表...
[2026-06-14 16:45:47] DEBUG [detect_excel_format] 文件 /var************************************************************************************** Magic Bytes 检测为 xlsx 格式 (ZIP/OOXML)
[2026-06-14 16:45:47] INFO [load_lookup_table] 查找表加载完成：共 2 条条目，2 个唯一账号，0 个扩展字段
[2026-06-14 16:45:47] INFO [run_pipeline] 主体查找表预加载完成
[2026-06-14 16:45:47] INFO [load_existing_keys] 未找到历史总表，将以全量模式运行
[2026-06-14 16:45:47] INFO [run_pipeline] 无历史数据，将以全量模式运行
[2026-06-14 16:45:47] INFO [run_pipeline] 已复制文件夹为＋检验版: /var******************************************************************************
[2026-06-14 16:45:47] DEBUG [scan_excel_files] 发现 Excel 文件: /var*******************************************************************************************
[2026-06-14 16:45:47] DEBUG [scan_excel_files] 发现 Excel 文件: /var*******************************************************************************************
[2026-06-14 16:45:47] DEBUG [scan_excel_files] 发现 Excel 文件: /var******************************************************************************************
[2026-06-14 16:45:47] INFO [scan_excel_files] 共扫描到 3 个 Excel 文件
[2026-06-14 16:45:47] WARNING [identify_bank] 文件「未知银行_流水.xlsx」无法识别银行类型
[2026-06-14 16:45:47] INFO [identify_bank] 文件「北京银行_正常.xlsx」通过前缀匹配识别为: 北京银行
[2026-06-14 16:45:47] INFO [parse] 开始处理北京银行文件: /var*******************************************************************************************
[2026-06-14 16:45:47] DEBUG [detect_excel_format] 文件 /var******************************************************************************************* Magic Bytes 检测为 xlsx 格式 (ZIP/OOXML)
[2026-06-14 16:45:47] INFO [validate_headers] 北京银行文件工作表「交易明细」表头校验通过，7 个字段均匹配
[2026-06-14 16:45:47] DEBUG [get_subject_info] 银行账号「0109年03月」匹配到主体: 北********司（优先级: 0）
[2026-06-14 16:45:47] INFO [_parse_sheet] 北京银行文件工作表「交易明细」提取 2 条记录
[2026-06-14 16:45:47] INFO [parse] 北京银行文件处理完成，共提取 2 条记录
[2026-06-14 16:45:47] INFO [run_pipeline] 成功处理文件: /var*******************************************************************************************（2 条记录）
[2026-06-14 16:45:47] INFO [identify_bank] 文件「北京银行_坏.xlsx」通过前缀匹配识别为: 北京银行
[2026-06-14 16:45:47] INFO [parse] 开始处理北京银行文件: /var******************************************************************************************
[2026-06-14 16:45:47] DEBUG [detect_excel_format] 文件 /var****************************************************************************************** 未识别的 Magic Bytes: 636f****
[2026-06-14 16:45:47] ERROR [run_pipeline] 处理文件「/var******************************************************************************************」时发生错误: File is not a zip file
Traceback (most recent call last):
  File "/Users/zhangchengcheng/work/ai-project/Trea/solo0605/label-02552/tests/../backend/bankcheck.py", line 3115, in run_pipeline
    rows = processor(filepath, lookup_data)
  File "/Users/zhangchengcheng/work/ai-project/Trea/solo0605/label-02552/tests/../backend/bankcheck.py", line 1945, in processor
    return parser.parse(filepath, lookup_source)
           ~~~~~~~~~~~~^^^^^^^^^^^^^^^^^^^^^^^^^
  File "/Users/zhangchengcheng/work/ai-project/Trea/solo0605/label-02552/tests/../backend/bankcheck.py", line 1912, in parse
    wb, tmp_path = open_workbook_compat(filepath)
                   ~~~~~~~~~~~~~~~~~~~~^^^^^^^^^^
  File "/Users/zhangchengcheng/work/ai-project/Trea/solo0605/label-02552/tests/../backend/bankcheck.py", line 984, in open_workbook_compat
    wb = openpyxl.load_workbook(filepath, data_only=True)
  File "/opt/homebrew/lib/python3.14/site-packages/openpyxl/reader/excel.py", line 346, in load_workbook
    reader = ExcelReader(filename, read_only, keep_vba,
                         data_only, keep_links, rich_text)
  File "/opt/homebrew/lib/python3.14/site-packages/openpyxl/reader/excel.py", line 123, in __init__
    self.archive = _validate_archive(fn)
                   ~~~~~~~~~~~~~~~~~^^^^
  File "/opt/homebrew/lib/python3.14/site-packages/openpyxl/reader/excel.py", line 95, in _validate_archive
    archive = ZipFile(filename, 'r')
  File "/opt/homebrew/Cellar/python@3.14/3.14.4_1/Frameworks/Python.framework/Versions/3.14/lib/python3.14/zipfile/__init__.py", line 1471, in __init__
    self._RealGetContents()
    ~~~~~~~~~~~~~~~~~~~~~^^
  File "/opt/homebrew/Cellar/python@3.14/3.14.4_1/Frameworks/Python.framework/Versions/3.14/lib/python3.14/zipfile/__init__.py", line 1538, in _RealGetContents
    raise BadZipFile("File is not a zip file")
zipfile.BadZipFile: File is not a zip file
[2026-06-14 16:45:47] DEBUG [delete_processed_files] 已删除文件: /var*******************************************************************************************
[2026-06-14 16:45:47] INFO [run_pipeline] 总表输出完成: /var***************************************************************************************（共 2 条记录）
[2026-06-14 16:45:47] INFO [apply_amount_anomaly_detection] 开始金额异常检测，单笔阈值: [金额已隐藏] 元
[2026-06-14 16:45:47] INFO [apply_amount_anomaly_detection] 金额异常检测完成：共 2 条记录，0 条异常 (0.00%)
[2026-06-14 16:45:47] INFO [apply_counterparty_rules] 对方户名规则匹配完成: 总记录 2, 命中 0, 黑名单 0, 白名单 0
[2026-06-14 16:45:47] INFO [export_masked_summary] 脱敏版总表输出完成: /var*******************************************************************************************（共 2 条记录）
[2026-06-14 16:45:47] DEBUG [init_schema] 数据库表结构初始化完成
[2026-06-14 16:45:47] INFO [connect] SQLite 数据库已连接: /Use************************************************************************************
[2026-06-14 16:45:47] INFO [insert_records] 已加载 25 个历史匹配键用于去重
[2026-06-14 16:45:47] INFO [insert_records] 批量导入完成: 批次 BATC***************, 共 2 条, 新增 0 条, 重复 2 条
[2026-06-14 16:45:47] INFO [disconnect] SQLite 数据库已断开
[2026-06-14 16:45:47] INFO [run_pipeline] 数据库持久化完成: 批次 BATC***************, 插入 0 条, 去重跳过 2 条
[2026-06-14 16:45:47] INFO [identify_internal_transfers] 内部划转识别完成: 2 条记录, 识别出 0 对 (0 划出 + 0 划入), 涉及 0 个主体, 0 家银行
[2026-06-14 16:45:47] INFO [summarize_transactions] 主体维度汇总完成: 2 条记录, 1 个主体, 1 家银行, 1 个月份, 0 个未匹配账号
[2026-06-14 16:45:47] INFO [export_subject_summary] 主体维度汇总分析已导出: /var*********************************************************************************************************
[2026-06-14 16:45:47] INFO [run_pipeline] 主体维度汇总分析已自动生成: /var*********************************************************************************************************
[2026-06-14 16:45:47] INFO [check_balance_continuity] 共 1 个账号待校验
[2026-06-14 16:45:47] DEBUG [check_balance_continuity] 校验账号: 0109年03月, 记录数: 2
[2026-06-14 16:45:47] INFO [check_balance_continuity] 余额连续性校验完成 - 总账号: 1, 已校验: 1, 跳过: 0, 异常笔数: 0, 异常账号: 0
[2026-06-14 16:45:47] INFO [export_balance_check_result] 余额连续性校验结果已导出: /var**********************************************************************************************************
[2026-06-14 16:45:47] INFO [run_pipeline] 余额连续性校验报告已自动生成: /var**********************************************************************************************************
[2026-06-14 16:45:47] INFO [detect_duplicates] 重复交易检测完成 - 总记录: 2, 疑似重复组: 0, 疑似重复记录: 0, 重复率: 0.00%
[2026-06-14 16:45:47] INFO [generate_duplicate_check_from_records] 未检测到重复交易，仍导出报告
[2026-06-14 16:45:47] INFO [export_duplicate_check_result] 重复交易检测结果已导出: /var*********************************************************************************************************
[2026-06-14 16:45:47] INFO [run_pipeline] 重复交易检测报告已自动生成: /var*********************************************************************************************************
[2026-06-14 16:45:47] INFO [filter_interest_fee_transactions] 筛选出 0 条利息手续费交易
[2026-06-14 16:45:47] INFO [summarize_by_period] 按month汇总生成 0 条期间汇总记录，异常 0 条
[2026-06-14 16:45:47] INFO [check_interest_fee] 利息手续费核对完成 - 总记录: 0 (利息: 0, 手续费: 0), 期间汇总: 0, 异常: 0
[2026-06-14 16:45:47] WARNING [generate_interest_fee_check_from_records] 未筛选到任何利息手续费交易，跳过报告生成
[2026-06-14 16:45:47] INFO [mark_non_workday_transactions] 非工作日交易标记完成: 总记录 2, 工作日 2, 周末 0, 法定节假日 0, 调休工作日 0
[2026-06-14 16:45:47] INFO [generate_holiday_check_from_records] 未发现非工作日交易，仍导出报告
[2026-06-14 16:45:47] INFO [export_holiday_check_result] 非工作日交易标记结果已导出: /var***********************************************************************************************************
[2026-06-14 16:45:47] INFO [run_pipeline] 非工作日交易标记报告已自动生成: /var***********************************************************************************************************
[2026-06-14 16:45:47] INFO [assign_accounting_period] 会计期间归属完成: 2 条记录, 1 个期间
[2026-06-14 16:45:47] INFO [export_accounting_period_summary] 会计期间总表已导出: /var*******************************************************************************************************（1 个期间）
[2026-06-14 16:45:47] INFO [run_pipeline] 会计期间总表已自动生成: /var*******************************************************************************************************
[2026-06-14 16:45:47] INFO [save_report] 性能剖析报告已保存: /var*****************************************************************************************************
[2026-06-14 16:45:47] INFO [save_report] 性能剖析数据已保存: /var*******************************************************************************************************
[2026-06-14 16:45:47] INFO [run_pipeline] 性能剖析报告已生成: /var*****************************************************************************************************
[2026-06-14 16:45:47] INFO [generate_collab_template] 财务协同编辑模板生成完成: /var***************************************************************************************************************（可编辑列: 凭证号, 凭证日期, 会计科目编码, 会计科目名称, 备注, 制单人）
[2026-06-14 16:45:47] INFO [run_pipeline] 财务协同编辑模板已自动生成: /var***************************************************************************************************************
[2026-06-14 16:45:47] INFO [generate_pending_list_xlsx] 待处理清单已生成: /var******************************************************************************************************（共 2 条记录）
[2026-06-14 16:45:47] INFO [setup_logging] 日志系统初始化完成，日志文件: /Use*******************************************************************************************************
[2026-06-14 16:45:47] INFO [setup_logging] 未检测到 tkinter，将使用命令行交互模式
[2026-06-14 16:45:47] INFO [find_lookup_file] 精确匹配到主体查找表: /var**************************************************************************************
[2026-06-14 16:45:47] INFO [run_pipeline] 正在预加载主体查找表...
[2026-06-14 16:45:47] DEBUG [detect_excel_format] 文件 /var************************************************************************************** Magic Bytes 检测为 xlsx 格式 (ZIP/OOXML)
[2026-06-14 16:45:47] INFO [load_lookup_table] 查找表加载完成：共 2 条条目，2 个唯一账号，0 个扩展字段
[2026-06-14 16:45:47] INFO [run_pipeline] 主体查找表预加载完成
[2026-06-14 16:45:47] INFO [load_existing_keys] 未找到历史总表，将以全量模式运行
[2026-06-14 16:45:47] INFO [run_pipeline] 无历史数据，将以全量模式运行
[2026-06-14 16:45:47] INFO [run_pipeline] 已复制文件夹为＋检验版: /var******************************************************************************
[2026-06-14 16:45:47] DEBUG [scan_excel_files] 发现 Excel 文件: /var*******************************************************************************************
[2026-06-14 16:45:47] INFO [scan_excel_files] 共扫描到 1 个 Excel 文件
[2026-06-14 16:45:47] INFO [identify_bank] 文件「北京银行_正常.xlsx」通过前缀匹配识别为: 北京银行
[2026-06-14 16:45:47] INFO [parse] 开始处理北京银行文件: /var*******************************************************************************************
[2026-06-14 16:45:47] DEBUG [detect_excel_format] 文件 /var******************************************************************************************* Magic Bytes 检测为 xlsx 格式 (ZIP/OOXML)
[2026-06-14 16:45:47] INFO [validate_headers] 北京银行文件工作表「交易明细」表头校验通过，7 个字段均匹配
[2026-06-14 16:45:47] DEBUG [get_subject_info] 银行账号「0109年03月」匹配到主体: 北********司（优先级: 0）
[2026-06-14 16:45:47] INFO [_parse_sheet] 北京银行文件工作表「交易明细」提取 2 条记录
[2026-06-14 16:45:47] INFO [parse] 北京银行文件处理完成，共提取 2 条记录
[2026-06-14 16:45:47] INFO [run_pipeline] 成功处理文件: /var*******************************************************************************************（2 条记录）
[2026-06-14 16:45:47] DEBUG [delete_processed_files] 已删除文件: /var*******************************************************************************************
[2026-06-14 16:45:47] INFO [run_pipeline] 总表输出完成: /var***************************************************************************************（共 2 条记录）
[2026-06-14 16:45:47] INFO [apply_amount_anomaly_detection] 开始金额异常检测，单笔阈值: [金额已隐藏] 元
[2026-06-14 16:45:47] INFO [apply_amount_anomaly_detection] 金额异常检测完成：共 2 条记录，0 条异常 (0.00%)
[2026-06-14 16:45:47] INFO [apply_counterparty_rules] 对方户名规则匹配完成: 总记录 2, 命中 0, 黑名单 0, 白名单 0
[2026-06-14 16:45:47] INFO [export_masked_summary] 脱敏版总表输出完成: /var*******************************************************************************************（共 2 条记录）
[2026-06-14 16:45:47] DEBUG [init_schema] 数据库表结构初始化完成
[2026-06-14 16:45:47] INFO [connect] SQLite 数据库已连接: /Use************************************************************************************
[2026-06-14 16:45:47] INFO [disconnect] SQLite 数据库已断开
[2026-06-14 16:45:47] ERROR [persist_transactions] 数据库持久化失败: UNIQUE constraint failed: import_batches.batch_id
Traceback (most recent call last):
  File "/Users/zhangchengcheng/work/ai-project/Trea/solo0605/label-02552/tests/../backend/database.py", line 1612, in persist_transactions
    insert_count, duplicate_count = db.insert_records(
                                    ~~~~~~~~~~~~~~~~~^
        transaction_records,
        ^^^^^^^^^^^^^^^^^^^^
        batch_id=batch_id,
        ^^^^^^^^^^^^^^^^^^
        deduplicate=deduplicate,
        ^^^^^^^^^^^^^^^^^^^^^^^^
    )
    ^
  File "/Users/zhangchengcheng/work/ai-project/Trea/solo0605/label-02552/tests/../backend/database.py", line 554, in insert_records
    cursor.execute('''
    ~~~~~~~~~~~~~~^^^^
        INSERT INTO import_batches (
        ^^^^^^^^^^^^^^^^^^^^^^^^^^^^
            batch_id, total_records, started_at, status
            ^^^^^^^^^^^^^^^^^^^^^^^^^^^^^^^^^^^^^^^^^^^
        ) VALUES (?, ?, ?, ?)
        ^^^^^^^^^^^^^^^^^^^^^
    ''', (batch_id, len(records), started_at, 'processing'))
    ^^^^^^^^^^^^^^^^^^^^^^^^^^^^^^^^^^^^^^^^^^^^^^^^^^^^^^^^
sqlite3.IntegrityError: UNIQUE constraint failed: import_batches.batch_id
[2026-06-14 16:45:47] INFO [run_pipeline] 数据库持久化完成: 批次 BATC***************, 插入 0 条, 去重跳过 0 条
[2026-06-14 16:45:47] INFO [identify_internal_transfers] 内部划转识别完成: 2 条记录, 识别出 0 对 (0 划出 + 0 划入), 涉及 0 个主体, 0 家银行
[2026-06-14 16:45:47] INFO [summarize_transactions] 主体维度汇总完成: 2 条记录, 1 个主体, 1 家银行, 1 个月份, 0 个未匹配账号
[2026-06-14 16:45:47] INFO [export_subject_summary] 主体维度汇总分析已导出: /var*********************************************************************************************************
[2026-06-14 16:45:47] INFO [run_pipeline] 主体维度汇总分析已自动生成: /var*********************************************************************************************************
[2026-06-14 16:45:47] INFO [check_balance_continuity] 共 1 个账号待校验
[2026-06-14 16:45:47] DEBUG [check_balance_continuity] 校验账号: 0109年03月, 记录数: 2
[2026-06-14 16:45:47] INFO [check_balance_continuity] 余额连续性校验完成 - 总账号: 1, 已校验: 1, 跳过: 0, 异常笔数: 0, 异常账号: 0
[2026-06-14 16:45:47] INFO [export_balance_check_result] 余额连续性校验结果已导出: /var**********************************************************************************************************
[2026-06-14 16:45:47] INFO [run_pipeline] 余额连续性校验报告已自动生成: /var**********************************************************************************************************
[2026-06-14 16:45:47] INFO [detect_duplicates] 重复交易检测完成 - 总记录: 2, 疑似重复组: 0, 疑似重复记录: 0, 重复率: 0.00%
[2026-06-14 16:45:47] INFO [generate_duplicate_check_from_records] 未检测到重复交易，仍导出报告
[2026-06-14 16:45:47] INFO [export_duplicate_check_result] 重复交易检测结果已导出: /var*********************************************************************************************************
[2026-06-14 16:45:47] INFO [run_pipeline] 重复交易检测报告已自动生成: /var*********************************************************************************************************
[2026-06-14 16:45:47] INFO [filter_interest_fee_transactions] 筛选出 0 条利息手续费交易
[2026-06-14 16:45:47] INFO [summarize_by_period] 按month汇总生成 0 条期间汇总记录，异常 0 条
[2026-06-14 16:45:47] INFO [check_interest_fee] 利息手续费核对完成 - 总记录: 0 (利息: 0, 手续费: 0), 期间汇总: 0, 异常: 0
[2026-06-14 16:45:47] WARNING [generate_interest_fee_check_from_records] 未筛选到任何利息手续费交易，跳过报告生成
[2026-06-14 16:45:47] INFO [mark_non_workday_transactions] 非工作日交易标记完成: 总记录 2, 工作日 2, 周末 0, 法定节假日 0, 调休工作日 0
[2026-06-14 16:45:47] INFO [generate_holiday_check_from_records] 未发现非工作日交易，仍导出报告
[2026-06-14 16:45:47] INFO [export_holiday_check_result] 非工作日交易标记结果已导出: /var***********************************************************************************************************
[2026-06-14 16:45:47] INFO [run_pipeline] 非工作日交易标记报告已自动生成: /var***********************************************************************************************************
[2026-06-14 16:45:47] INFO [assign_accounting_period] 会计期间归属完成: 2 条记录, 1 个期间
[2026-06-14 16:45:47] INFO [export_accounting_period_summary] 会计期间总表已导出: /var*******************************************************************************************************（1 个期间）
[2026-06-14 16:45:47] INFO [run_pipeline] 会计期间总表已自动生成: /var*******************************************************************************************************
[2026-06-14 16:45:47] INFO [save_report] 性能剖析报告已保存: /var*****************************************************************************************************
[2026-06-14 16:45:47] INFO [save_report] 性能剖析数据已保存: /var*******************************************************************************************************
[2026-06-14 16:45:47] INFO [run_pipeline] 性能剖析报告已生成: /var*****************************************************************************************************
[2026-06-14 16:45:47] INFO [generate_collab_template] 财务协同编辑模板生成完成: /var***************************************************************************************************************（可编辑列: 凭证号, 凭证日期, 会计科目编码, 会计科目名称, 备注, 制单人）
[2026-06-14 16:45:47] INFO [run_pipeline] 财务协同编辑模板已自动生成: /var***************************************************************************************************************
[2026-06-14 16:45:47] INFO [setup_logging] 日志系统初始化完成，日志文件: /Use*******************************************************************************************************
[2026-06-14 16:45:47] INFO [setup_logging] 未检测到 tkinter，将使用命令行交互模式
[2026-06-14 16:45:47] DEBUG [delete_processed_files] 已删除文件: /var*********************************************************************************
[2026-06-14 16:45:47] INFO [setup_logging] 日志系统初始化完成，日志文件: /Use*******************************************************************************************************
[2026-06-14 16:45:47] INFO [setup_logging] 未检测到 tkinter，将使用命令行交互模式
[2026-06-14 16:45:47] DEBUG [delete_processed_files] 已删除文件: /var*********************************************************************************
[2026-06-14 16:45:47] INFO [setup_logging] 日志系统初始化完成，日志文件: /Use*******************************************************************************************************
[2026-06-14 16:45:47] INFO [setup_logging] 未检测到 tkinter，将使用命令行交互模式
[2026-06-14 16:45:47] DEBUG [delete_processed_files] 保留策略 keep_all：跳过所有文件操作
[2026-06-14 16:45:47] INFO [setup_logging] 日志系统初始化完成，日志文件: /Use*******************************************************************************************************
[2026-06-14 16:45:47] INFO [setup_logging] 未检测到 tkinter，将使用命令行交互模式
[2026-06-14 16:45:47] DEBUG [delete_processed_files] 已删除文件: /var*********************************************************************************
[2026-06-14 16:45:47] DEBUG [delete_processed_files] 已删除文件: /var********************************************************************************
[2026-06-14 16:45:47] DEBUG [delete_processed_files] 已删除文件: /var****************************************************************************
[2026-06-14 16:45:47] INFO [setup_logging] 日志系统初始化完成，日志文件: /Use*******************************************************************************************************
[2026-06-14 16:45:47] INFO [setup_logging] 未检测到 tkinter，将使用命令行交互模式
[2026-06-14 16:45:47] DEBUG [delete_processed_files] 已归档文件: /var********************************************************************************* -> /var***************************************************************************************
[2026-06-14 16:45:47] INFO [setup_logging] 日志系统初始化完成，日志文件: /Use*******************************************************************************************************
[2026-06-14 16:45:47] INFO [setup_logging] 未检测到 tkinter，将使用命令行交互模式
[2026-06-14 16:45:47] DEBUG [delete_processed_files] 已归档文件: /var********************************************************************************* -> /var**************************************************************************************************
[2026-06-14 16:45:47] INFO [setup_logging] 日志系统初始化完成，日志文件: /Use*******************************************************************************************************
[2026-06-14 16:45:47] INFO [setup_logging] 未检测到 tkinter，将使用命令行交互模式
[2026-06-14 16:45:47] DEBUG [delete_processed_files] 已归档文件: /var********************************************************************************* -> /var*****************************************************************************************
[2026-06-14 16:45:47] DEBUG [delete_processed_files] 已归档文件: /var************************************************************************************* -> /var*******************************************************************************************
[2026-06-14 16:45:47] INFO [setup_logging] 日志系统初始化完成，日志文件: /Use*******************************************************************************************************
[2026-06-14 16:45:47] INFO [setup_logging] 未检测到 tkinter，将使用命令行交互模式
[2026-06-14 16:45:47] INFO [setup_logging] 日志系统初始化完成，日志文件: /Use*******************************************************************************************************
[2026-06-14 16:45:47] INFO [setup_logging] 未检测到 tkinter，将使用命令行交互模式
[2026-06-14 16:45:47] WARNING [delete_processed_files] 未知的保留策略「invalid_strategy_xyz」，回退到默认 keep_unprocessed
[2026-06-14 16:45:47] DEBUG [delete_processed_files] 已删除文件: /var*********************************************************************************
[2026-06-14 16:45:47] INFO [setup_logging] 日志系统初始化完成，日志文件: /Use*******************************************************************************************************
[2026-06-14 16:45:47] INFO [setup_logging] 未检测到 tkinter，将使用命令行交互模式
[2026-06-14 16:45:47] INFO [setup_logging] 日志系统初始化完成，日志文件: /Use*******************************************************************************************************
[2026-06-14 16:45:47] INFO [setup_logging] 未检测到 tkinter，将使用命令行交互模式
[2026-06-14 16:45:47] INFO [setup_logging] 日志系统初始化完成，日志文件: /Use*******************************************************************************************************
[2026-06-14 16:45:47] INFO [setup_logging] 未检测到 tkinter，将使用命令行交互模式
[2026-06-14 16:45:47] DEBUG [delete_processed_files] 保留策略 keep_all：跳过所有文件操作
[2026-06-14 16:45:47] INFO [setup_logging] 日志系统初始化完成，日志文件: /Use*******************************************************************************************************
[2026-06-14 16:45:47] INFO [setup_logging] 未检测到 tkinter，将使用命令行交互模式
[2026-06-14 16:45:47] DEBUG [delete_processed_files] 已归档文件: /var********************************************************************************* -> /var***************************************************************************************
[2026-06-14 16:45:47] INFO [setup_logging] 日志系统初始化完成，日志文件: /Use*******************************************************************************************************
[2026-06-14 16:45:47] INFO [setup_logging] 未检测到 tkinter，将使用命令行交互模式
[2026-06-14 16:45:47] DEBUG [delete_processed_files] 已归档文件: /var******************************************************************************** -> /var**************************************************************************************
[2026-06-14 16:45:47] DEBUG [delete_processed_files] 已归档文件: /var******************************************************************************** -> /var**************************************************************************************
[2026-06-14 16:45:47] DEBUG [delete_processed_files] 已归档文件: /var******************************************************************************** -> /var**************************************************************************************
[2026-06-14 16:45:47] INFO [setup_logging] 日志系统初始化完成，日志文件: /Use*******************************************************************************************************
[2026-06-14 16:45:47] INFO [setup_logging] 未检测到 tkinter，将使用命令行交互模式
[2026-06-14 16:45:47] INFO [setup_logging] 日志系统初始化完成，日志文件: /Use*******************************************************************************************************
[2026-06-14 16:45:47] INFO [setup_logging] 未检测到 tkinter，将使用命令行交互模式
[2026-06-14 16:45:47] INFO [setup_logging] 日志系统初始化完成，日志文件: /Use*******************************************************************************************************
[2026-06-14 16:45:47] INFO [setup_logging] 未检测到 tkinter，将使用命令行交互模式
[2026-06-14 16:45:47] INFO [setup_logging] 日志系统初始化完成，日志文件: /Use*******************************************************************************************************
[2026-06-14 16:45:47] INFO [setup_logging] 未检测到 tkinter，将使用命令行交互模式
[2026-06-14 16:45:47] INFO [setup_logging] 日志系统初始化完成，日志文件: /Use*******************************************************************************************************
[2026-06-14 16:45:47] INFO [setup_logging] 未检测到 tkinter，将使用命令行交互模式
[2026-06-14 16:45:47] INFO [setup_logging] 日志系统初始化完成，日志文件: /Use*******************************************************************************************************
[2026-06-14 16:45:47] INFO [setup_logging] 未检测到 tkinter，将使用命令行交互模式
[2026-06-14 16:45:47] INFO [setup_logging] 日志系统初始化完成，日志文件: /Use*******************************************************************************************************
[2026-06-14 16:45:47] INFO [setup_logging] 未检测到 tkinter，将使用命令行交互模式
[2026-06-14 16:45:47] INFO [setup_logging] 日志系统初始化完成，日志文件: /Use*******************************************************************************************************
[2026-06-14 16:45:47] INFO [setup_logging] 未检测到 tkinter，将使用命令行交互模式
[2026-06-14 16:45:47] INFO [setup_logging] 日志系统初始化完成，日志文件: /Use*******************************************************************************************************
[2026-06-14 16:45:47] INFO [setup_logging] 未检测到 tkinter，将使用命令行交互模式
[2026-06-14 16:45:47] INFO [setup_logging] 日志系统初始化完成，日志文件: /Use*******************************************************************************************************
[2026-06-14 16:45:47] INFO [setup_logging] 未检测到 tkinter，将使用命令行交互模式
[2026-06-14 16:45:47] INFO [setup_logging] 日志系统初始化完成，日志文件: /Use*******************************************************************************************************
[2026-06-14 16:45:47] INFO [setup_logging] 未检测到 tkinter，将使用命令行交互模式
[2026-06-14 16:45:47] INFO [find_lookup_file] 精确匹配到主体查找表: /var**************************************************************************************
[2026-06-14 16:45:47] INFO [run_pipeline] 正在预加载主体查找表...
[2026-06-14 16:45:47] DEBUG [detect_excel_format] 文件 /var************************************************************************************** Magic Bytes 检测为 xlsx 格式 (ZIP/OOXML)
[2026-06-14 16:45:47] INFO [load_lookup_table] 查找表加载完成：共 2 条条目，2 个唯一账号，0 个扩展字段
[2026-06-14 16:45:47] INFO [run_pipeline] 主体查找表预加载完成
[2026-06-14 16:45:47] INFO [load_existing_keys] 未找到历史总表，将以全量模式运行
[2026-06-14 16:45:47] INFO [run_pipeline] 无历史数据，将以全量模式运行
[2026-06-14 16:45:47] INFO [run_pipeline] 已复制文件夹为＋检验版: /var******************************************************************************
[2026-06-14 16:45:47] DEBUG [scan_excel_files] 发现 Excel 文件: /var*******************************************************************************************
[2026-06-14 16:45:47] DEBUG [scan_excel_files] 发现 Excel 文件: /var*******************************************************************************************
[2026-06-14 16:45:47] INFO [scan_excel_files] 共扫描到 2 个 Excel 文件
[2026-06-14 16:45:47] WARNING [identify_bank] 文件「未知银行_流水.xlsx」无法识别银行类型
[2026-06-14 16:45:47] INFO [identify_bank] 文件「北京银行_流水.xlsx」通过前缀匹配识别为: 北京银行
[2026-06-14 16:45:47] INFO [parse] 开始处理北京银行文件: /var*******************************************************************************************
[2026-06-14 16:45:47] DEBUG [detect_excel_format] 文件 /var******************************************************************************************* Magic Bytes 检测为 xlsx 格式 (ZIP/OOXML)
[2026-06-14 16:45:47] INFO [validate_headers] 北京银行文件工作表「交易明细」表头校验通过，7 个字段均匹配
[2026-06-14 16:45:47] DEBUG [get_subject_info] 银行账号「0109年03月」匹配到主体: 北********司（优先级: 0）
[2026-06-14 16:45:47] INFO [_parse_sheet] 北京银行文件工作表「交易明细」提取 2 条记录
[2026-06-14 16:45:47] INFO [parse] 北京银行文件处理完成，共提取 2 条记录
[2026-06-14 16:45:47] INFO [run_pipeline] 成功处理文件: /var*******************************************************************************************（2 条记录）
[2026-06-14 16:45:47] DEBUG [delete_processed_files] 保留策略 keep_all：跳过所有文件操作
[2026-06-14 16:45:47] INFO [run_pipeline] 总表输出完成: /var***************************************************************************************（共 2 条记录）
[2026-06-14 16:45:47] INFO [apply_amount_anomaly_detection] 开始金额异常检测，单笔阈值: [金额已隐藏] 元
[2026-06-14 16:45:47] INFO [apply_amount_anomaly_detection] 金额异常检测完成：共 2 条记录，0 条异常 (0.00%)
[2026-06-14 16:45:47] INFO [apply_counterparty_rules] 对方户名规则匹配完成: 总记录 2, 命中 0, 黑名单 0, 白名单 0
[2026-06-14 16:45:47] INFO [export_masked_summary] 脱敏版总表输出完成: /var*******************************************************************************************（共 2 条记录）
[2026-06-14 16:45:47] DEBUG [init_schema] 数据库表结构初始化完成
[2026-06-14 16:45:47] INFO [connect] SQLite 数据库已连接: /Use************************************************************************************
[2026-06-14 16:45:47] INFO [disconnect] SQLite 数据库已断开
[2026-06-14 16:45:47] ERROR [persist_transactions] 数据库持久化失败: UNIQUE constraint failed: import_batches.batch_id
Traceback (most recent call last):
  File "/Users/zhangchengcheng/work/ai-project/Trea/solo0605/label-02552/tests/../backend/database.py", line 1612, in persist_transactions
    insert_count, duplicate_count = db.insert_records(
                                    ~~~~~~~~~~~~~~~~~^
        transaction_records,
        ^^^^^^^^^^^^^^^^^^^^
        batch_id=batch_id,
        ^^^^^^^^^^^^^^^^^^
        deduplicate=deduplicate,
        ^^^^^^^^^^^^^^^^^^^^^^^^
    )
    ^
  File "/Users/zhangchengcheng/work/ai-project/Trea/solo0605/label-02552/tests/../backend/database.py", line 554, in insert_records
    cursor.execute('''
    ~~~~~~~~~~~~~~^^^^
        INSERT INTO import_batches (
        ^^^^^^^^^^^^^^^^^^^^^^^^^^^^
            batch_id, total_records, started_at, status
            ^^^^^^^^^^^^^^^^^^^^^^^^^^^^^^^^^^^^^^^^^^^
        ) VALUES (?, ?, ?, ?)
        ^^^^^^^^^^^^^^^^^^^^^
    ''', (batch_id, len(records), started_at, 'processing'))
    ^^^^^^^^^^^^^^^^^^^^^^^^^^^^^^^^^^^^^^^^^^^^^^^^^^^^^^^^
sqlite3.IntegrityError: UNIQUE constraint failed: import_batches.batch_id
[2026-06-14 16:45:47] INFO [run_pipeline] 数据库持久化完成: 批次 BATC***************, 插入 0 条, 去重跳过 0 条
[2026-06-14 16:45:47] INFO [identify_internal_transfers] 内部划转识别完成: 2 条记录, 识别出 0 对 (0 划出 + 0 划入), 涉及 0 个主体, 0 家银行
[2026-06-14 16:45:47] INFO [summarize_transactions] 主体维度汇总完成: 2 条记录, 1 个主体, 1 家银行, 1 个月份, 0 个未匹配账号
[2026-06-14 16:45:47] INFO [export_subject_summary] 主体维度汇总分析已导出: /var*********************************************************************************************************
[2026-06-14 16:45:47] INFO [run_pipeline] 主体维度汇总分析已自动生成: /var*********************************************************************************************************
[2026-06-14 16:45:47] INFO [check_balance_continuity] 共 1 个账号待校验
[2026-06-14 16:45:47] DEBUG [check_balance_continuity] 校验账号: 0109年03月, 记录数: 2
[2026-06-14 16:45:47] INFO [check_balance_continuity] 余额连续性校验完成 - 总账号: 1, 已校验: 1, 跳过: 0, 异常笔数: 0, 异常账号: 0
[2026-06-14 16:45:47] INFO [export_balance_check_result] 余额连续性校验结果已导出: /var**********************************************************************************************************
[2026-06-14 16:45:47] INFO [run_pipeline] 余额连续性校验报告已自动生成: /var**********************************************************************************************************
[2026-06-14 16:45:47] INFO [detect_duplicates] 重复交易检测完成 - 总记录: 2, 疑似重复组: 0, 疑似重复记录: 0, 重复率: 0.00%
[2026-06-14 16:45:47] INFO [generate_duplicate_check_from_records] 未检测到重复交易，仍导出报告
[2026-06-14 16:45:47] INFO [export_duplicate_check_result] 重复交易检测结果已导出: /var*********************************************************************************************************
[2026-06-14 16:45:47] INFO [run_pipeline] 重复交易检测报告已自动生成: /var*********************************************************************************************************
[2026-06-14 16:45:48] INFO [filter_interest_fee_transactions] 筛选出 0 条利息手续费交易
[2026-06-14 16:45:48] INFO [summarize_by_period] 按month汇总生成 0 条期间汇总记录，异常 0 条
[2026-06-14 16:45:48] INFO [check_interest_fee] 利息手续费核对完成 - 总记录: 0 (利息: 0, 手续费: 0), 期间汇总: 0, 异常: 0
[2026-06-14 16:45:48] WARNING [generate_interest_fee_check_from_records] 未筛选到任何利息手续费交易，跳过报告生成
[2026-06-14 16:45:48] INFO [mark_non_workday_transactions] 非工作日交易标记完成: 总记录 2, 工作日 2, 周末 0, 法定节假日 0, 调休工作日 0
[2026-06-14 16:45:48] INFO [generate_holiday_check_from_records] 未发现非工作日交易，仍导出报告
[2026-06-14 16:45:48] INFO [export_holiday_check_result] 非工作日交易标记结果已导出: /var***********************************************************************************************************
[2026-06-14 16:45:48] INFO [run_pipeline] 非工作日交易标记报告已自动生成: /var***********************************************************************************************************
[2026-06-14 16:45:48] INFO [assign_accounting_period] 会计期间归属完成: 2 条记录, 1 个期间
[2026-06-14 16:45:48] INFO [export_accounting_period_summary] 会计期间总表已导出: /var*******************************************************************************************************（1 个期间）
[2026-06-14 16:45:48] INFO [run_pipeline] 会计期间总表已自动生成: /var*******************************************************************************************************
[2026-06-14 16:45:48] INFO [save_report] 性能剖析报告已保存: /var*****************************************************************************************************
[2026-06-14 16:45:48] INFO [save_report] 性能剖析数据已保存: /var*******************************************************************************************************
[2026-06-14 16:45:48] INFO [run_pipeline] 性能剖析报告已生成: /var*****************************************************************************************************
[2026-06-14 16:45:48] INFO [generate_collab_template] 财务协同编辑模板生成完成: /var***************************************************************************************************************（可编辑列: 凭证号, 凭证日期, 会计科目编码, 会计科目名称, 备注, 制单人）
[2026-06-14 16:45:48] INFO [run_pipeline] 财务协同编辑模板已自动生成: /var***************************************************************************************************************
[2026-06-14 16:45:48] INFO [generate_pending_list_xlsx] 待处理清单已生成: /var******************************************************************************************************（共 1 条记录）
[2026-06-14 16:45:48] DEBUG [scan_excel_files] 发现 Excel 文件: /var*******************************************************************************************
[2026-06-14 16:45:48] DEBUG [scan_excel_files] 发现 Excel 文件: /var*******************************************************************************************
[2026-06-14 16:45:48] INFO [scan_excel_files] 共扫描到 2 个 Excel 文件
[2026-06-14 16:45:48] INFO [setup_logging] 日志系统初始化完成，日志文件: /Use*******************************************************************************************************
[2026-06-14 16:45:48] INFO [setup_logging] 未检测到 tkinter，将使用命令行交互模式
[2026-06-14 16:45:48] INFO [find_lookup_file] 精确匹配到主体查找表: /var**************************************************************************************
[2026-06-14 16:45:48] INFO [run_pipeline] 正在预加载主体查找表...
[2026-06-14 16:45:48] DEBUG [detect_excel_format] 文件 /var************************************************************************************** Magic Bytes 检测为 xlsx 格式 (ZIP/OOXML)
[2026-06-14 16:45:48] INFO [load_lookup_table] 查找表加载完成：共 2 条条目，2 个唯一账号，0 个扩展字段
[2026-06-14 16:45:48] INFO [run_pipeline] 主体查找表预加载完成
[2026-06-14 16:45:48] INFO [load_existing_keys] 未找到历史总表，将以全量模式运行
[2026-06-14 16:45:48] INFO [run_pipeline] 无历史数据，将以全量模式运行
[2026-06-14 16:45:48] INFO [run_pipeline] 已复制文件夹为＋检验版: /var******************************************************************************
[2026-06-14 16:45:48] DEBUG [scan_excel_files] 发现 Excel 文件: /var*******************************************************************************************
[2026-06-14 16:45:48] DEBUG [scan_excel_files] 发现 Excel 文件: /var*******************************************************************************************
[2026-06-14 16:45:48] INFO [scan_excel_files] 共扫描到 2 个 Excel 文件
[2026-06-14 16:45:48] WARNING [identify_bank] 文件「未知银行_流水.xlsx」无法识别银行类型
[2026-06-14 16:45:48] INFO [identify_bank] 文件「北京银行_流水.xlsx」通过前缀匹配识别为: 北京银行
[2026-06-14 16:45:48] INFO [parse] 开始处理北京银行文件: /var*******************************************************************************************
[2026-06-14 16:45:48] DEBUG [detect_excel_format] 文件 /var******************************************************************************************* Magic Bytes 检测为 xlsx 格式 (ZIP/OOXML)
[2026-06-14 16:45:48] INFO [validate_headers] 北京银行文件工作表「交易明细」表头校验通过，7 个字段均匹配
[2026-06-14 16:45:48] DEBUG [get_subject_info] 银行账号「0109年03月」匹配到主体: 北********司（优先级: 0）
[2026-06-14 16:45:48] INFO [_parse_sheet] 北京银行文件工作表「交易明细」提取 2 条记录
[2026-06-14 16:45:48] INFO [parse] 北京银行文件处理完成，共提取 2 条记录
[2026-06-14 16:45:48] INFO [run_pipeline] 成功处理文件: /var*******************************************************************************************（2 条记录）
[2026-06-14 16:45:48] DEBUG [delete_processed_files] 已归档文件: /var******************************************************************************************* -> /var*************************************************************************************************
[2026-06-14 16:45:48] INFO [run_pipeline] 总表输出完成: /var***************************************************************************************（共 2 条记录）
[2026-06-14 16:45:48] INFO [apply_amount_anomaly_detection] 开始金额异常检测，单笔阈值: [金额已隐藏] 元
[2026-06-14 16:45:48] INFO [apply_amount_anomaly_detection] 金额异常检测完成：共 2 条记录，0 条异常 (0.00%)
[2026-06-14 16:45:48] INFO [apply_counterparty_rules] 对方户名规则匹配完成: 总记录 2, 命中 0, 黑名单 0, 白名单 0
[2026-06-14 16:45:48] INFO [export_masked_summary] 脱敏版总表输出完成: /var*******************************************************************************************（共 2 条记录）
[2026-06-14 16:45:48] DEBUG [init_schema] 数据库表结构初始化完成
[2026-06-14 16:45:48] INFO [connect] SQLite 数据库已连接: /Use************************************************************************************
[2026-06-14 16:45:48] INFO [insert_records] 已加载 25 个历史匹配键用于去重
[2026-06-14 16:45:48] INFO [insert_records] 批量导入完成: 批次 BATC***************, 共 2 条, 新增 0 条, 重复 2 条
[2026-06-14 16:45:48] INFO [disconnect] SQLite 数据库已断开
[2026-06-14 16:45:48] INFO [run_pipeline] 数据库持久化完成: 批次 BATC***************, 插入 0 条, 去重跳过 2 条
[2026-06-14 16:45:48] INFO [identify_internal_transfers] 内部划转识别完成: 2 条记录, 识别出 0 对 (0 划出 + 0 划入), 涉及 0 个主体, 0 家银行
[2026-06-14 16:45:48] INFO [summarize_transactions] 主体维度汇总完成: 2 条记录, 1 个主体, 1 家银行, 1 个月份, 0 个未匹配账号
[2026-06-14 16:45:48] INFO [export_subject_summary] 主体维度汇总分析已导出: /var*********************************************************************************************************
[2026-06-14 16:45:48] INFO [run_pipeline] 主体维度汇总分析已自动生成: /var*********************************************************************************************************
[2026-06-14 16:45:48] INFO [check_balance_continuity] 共 1 个账号待校验
[2026-06-14 16:45:48] DEBUG [check_balance_continuity] 校验账号: 0109年03月, 记录数: 2
[2026-06-14 16:45:48] INFO [check_balance_continuity] 余额连续性校验完成 - 总账号: 1, 已校验: 1, 跳过: 0, 异常笔数: 0, 异常账号: 0
[2026-06-14 16:45:48] INFO [export_balance_check_result] 余额连续性校验结果已导出: /var**********************************************************************************************************
[2026-06-14 16:45:48] INFO [run_pipeline] 余额连续性校验报告已自动生成: /var**********************************************************************************************************
[2026-06-14 16:45:48] INFO [detect_duplicates] 重复交易检测完成 - 总记录: 2, 疑似重复组: 0, 疑似重复记录: 0, 重复率: 0.00%
[2026-06-14 16:45:48] INFO [generate_duplicate_check_from_records] 未检测到重复交易，仍导出报告
[2026-06-14 16:45:48] INFO [export_duplicate_check_result] 重复交易检测结果已导出: /var*********************************************************************************************************
[2026-06-14 16:45:48] INFO [run_pipeline] 重复交易检测报告已自动生成: /var*********************************************************************************************************
[2026-06-14 16:45:48] INFO [filter_interest_fee_transactions] 筛选出 0 条利息手续费交易
[2026-06-14 16:45:48] INFO [summarize_by_period] 按month汇总生成 0 条期间汇总记录，异常 0 条
[2026-06-14 16:45:48] INFO [check_interest_fee] 利息手续费核对完成 - 总记录: 0 (利息: 0, 手续费: 0), 期间汇总: 0, 异常: 0
[2026-06-14 16:45:48] WARNING [generate_interest_fee_check_from_records] 未筛选到任何利息手续费交易，跳过报告生成
[2026-06-14 16:45:48] INFO [mark_non_workday_transactions] 非工作日交易标记完成: 总记录 2, 工作日 2, 周末 0, 法定节假日 0, 调休工作日 0
[2026-06-14 16:45:48] INFO [generate_holiday_check_from_records] 未发现非工作日交易，仍导出报告
[2026-06-14 16:45:48] INFO [export_holiday_check_result] 非工作日交易标记结果已导出: /var***********************************************************************************************************
[2026-06-14 16:45:48] INFO [run_pipeline] 非工作日交易标记报告已自动生成: /var***********************************************************************************************************
[2026-06-14 16:45:48] INFO [assign_accounting_period] 会计期间归属完成: 2 条记录, 1 个期间
[2026-06-14 16:45:48] INFO [export_accounting_period_summary] 会计期间总表已导出: /var*******************************************************************************************************（1 个期间）
[2026-06-14 16:45:48] INFO [run_pipeline] 会计期间总表已自动生成: /var*******************************************************************************************************
[2026-06-14 16:45:48] INFO [save_report] 性能剖析报告已保存: /var*****************************************************************************************************
[2026-06-14 16:45:48] INFO [save_report] 性能剖析数据已保存: /var*******************************************************************************************************
[2026-06-14 16:45:48] INFO [run_pipeline] 性能剖析报告已生成: /var*****************************************************************************************************
[2026-06-14 16:45:48] INFO [generate_collab_template] 财务协同编辑模板生成完成: /var***************************************************************************************************************（可编辑列: 凭证号, 凭证日期, 会计科目编码, 会计科目名称, 备注, 制单人）
[2026-06-14 16:45:48] INFO [run_pipeline] 财务协同编辑模板已自动生成: /var***************************************************************************************************************
[2026-06-14 16:45:48] INFO [generate_pending_list_xlsx] 待处理清单已生成: /var******************************************************************************************************（共 1 条记录）
[2026-06-14 16:45:48] INFO [setup_logging] 日志系统初始化完成，日志文件: /Use*******************************************************************************************************
[2026-06-14 16:45:48] INFO [setup_logging] 未检测到 tkinter，将使用命令行交互模式
[2026-06-14 16:45:48] INFO [find_lookup_file] 精确匹配到主体查找表: /var**************************************************************************************
[2026-06-14 16:45:48] INFO [run_pipeline] 正在预加载主体查找表...
[2026-06-14 16:45:48] DEBUG [detect_excel_format] 文件 /var************************************************************************************** Magic Bytes 检测为 xlsx 格式 (ZIP/OOXML)
[2026-06-14 16:45:48] INFO [load_lookup_table] 查找表加载完成：共 2 条条目，2 个唯一账号，0 个扩展字段
[2026-06-14 16:45:48] INFO [run_pipeline] 主体查找表预加载完成
[2026-06-14 16:45:48] INFO [load_existing_keys] 未找到历史总表，将以全量模式运行
[2026-06-14 16:45:48] INFO [run_pipeline] 无历史数据，将以全量模式运行
[2026-06-14 16:45:48] INFO [run_pipeline] 已复制文件夹为＋检验版: /var******************************************************************************
[2026-06-14 16:45:48] DEBUG [scan_excel_files] 发现 Excel 文件: /var*******************************************************************************************
[2026-06-14 16:45:48] DEBUG [scan_excel_files] 发现 Excel 文件: /var*******************************************************************************************
[2026-06-14 16:45:48] INFO [scan_excel_files] 共扫描到 2 个 Excel 文件
[2026-06-14 16:45:48] WARNING [identify_bank] 文件「未知银行_流水.xlsx」无法识别银行类型
[2026-06-14 16:45:48] INFO [identify_bank] 文件「北京银行_流水.xlsx」通过前缀匹配识别为: 北京银行
[2026-06-14 16:45:48] INFO [parse] 开始处理北京银行文件: /var*******************************************************************************************
[2026-06-14 16:45:48] DEBUG [detect_excel_format] 文件 /var******************************************************************************************* Magic Bytes 检测为 xlsx 格式 (ZIP/OOXML)
[2026-06-14 16:45:48] INFO [validate_headers] 北京银行文件工作表「交易明细」表头校验通过，7 个字段均匹配
[2026-06-14 16:45:48] DEBUG [get_subject_info] 银行账号「0109年03月」匹配到主体: 北********司（优先级: 0）
[2026-06-14 16:45:48] INFO [_parse_sheet] 北京银行文件工作表「交易明细」提取 2 条记录
[2026-06-14 16:45:48] INFO [parse] 北京银行文件处理完成，共提取 2 条记录
[2026-06-14 16:45:48] INFO [run_pipeline] 成功处理文件: /var*******************************************************************************************（2 条记录）
[2026-06-14 16:45:48] DEBUG [delete_processed_files] 已删除文件: /var*******************************************************************************************
[2026-06-14 16:45:48] DEBUG [delete_processed_files] 已删除文件: /var*******************************************************************************************
[2026-06-14 16:45:48] INFO [run_pipeline] 总表输出完成: /var***************************************************************************************（共 2 条记录）
[2026-06-14 16:45:48] INFO [apply_amount_anomaly_detection] 开始金额异常检测，单笔阈值: [金额已隐藏] 元
[2026-06-14 16:45:48] INFO [apply_amount_anomaly_detection] 金额异常检测完成：共 2 条记录，0 条异常 (0.00%)
[2026-06-14 16:45:48] INFO [apply_counterparty_rules] 对方户名规则匹配完成: 总记录 2, 命中 0, 黑名单 0, 白名单 0
[2026-06-14 16:45:48] INFO [export_masked_summary] 脱敏版总表输出完成: /var*******************************************************************************************（共 2 条记录）
[2026-06-14 16:45:48] DEBUG [init_schema] 数据库表结构初始化完成
[2026-06-14 16:45:48] INFO [connect] SQLite 数据库已连接: /Use************************************************************************************
[2026-06-14 16:45:48] INFO [disconnect] SQLite 数据库已断开
[2026-06-14 16:45:48] ERROR [persist_transactions] 数据库持久化失败: UNIQUE constraint failed: import_batches.batch_id
Traceback (most recent call last):
  File "/Users/zhangchengcheng/work/ai-project/Trea/solo0605/label-02552/tests/../backend/database.py", line 1612, in persist_transactions
    insert_count, duplicate_count = db.insert_records(
                                    ~~~~~~~~~~~~~~~~~^
        transaction_records,
        ^^^^^^^^^^^^^^^^^^^^
        batch_id=batch_id,
        ^^^^^^^^^^^^^^^^^^
        deduplicate=deduplicate,
        ^^^^^^^^^^^^^^^^^^^^^^^^
    )
    ^
  File "/Users/zhangchengcheng/work/ai-project/Trea/solo0605/label-02552/tests/../backend/database.py", line 554, in insert_records
    cursor.execute('''
    ~~~~~~~~~~~~~~^^^^
        INSERT INTO import_batches (
        ^^^^^^^^^^^^^^^^^^^^^^^^^^^^
            batch_id, total_records, started_at, status
            ^^^^^^^^^^^^^^^^^^^^^^^^^^^^^^^^^^^^^^^^^^^
        ) VALUES (?, ?, ?, ?)
        ^^^^^^^^^^^^^^^^^^^^^
    ''', (batch_id, len(records), started_at, 'processing'))
    ^^^^^^^^^^^^^^^^^^^^^^^^^^^^^^^^^^^^^^^^^^^^^^^^^^^^^^^^
sqlite3.IntegrityError: UNIQUE constraint failed: import_batches.batch_id
[2026-06-14 16:45:48] INFO [run_pipeline] 数据库持久化完成: 批次 BATC***************, 插入 0 条, 去重跳过 0 条
[2026-06-14 16:45:48] INFO [identify_internal_transfers] 内部划转识别完成: 2 条记录, 识别出 0 对 (0 划出 + 0 划入), 涉及 0 个主体, 0 家银行
[2026-06-14 16:45:48] INFO [summarize_transactions] 主体维度汇总完成: 2 条记录, 1 个主体, 1 家银行, 1 个月份, 0 个未匹配账号
[2026-06-14 16:45:48] INFO [export_subject_summary] 主体维度汇总分析已导出: /var*********************************************************************************************************
[2026-06-14 16:45:48] INFO [run_pipeline] 主体维度汇总分析已自动生成: /var*********************************************************************************************************
[2026-06-14 16:45:48] INFO [check_balance_continuity] 共 1 个账号待校验
[2026-06-14 16:45:48] DEBUG [check_balance_continuity] 校验账号: 0109年03月, 记录数: 2
[2026-06-14 16:45:48] INFO [check_balance_continuity] 余额连续性校验完成 - 总账号: 1, 已校验: 1, 跳过: 0, 异常笔数: 0, 异常账号: 0
[2026-06-14 16:45:48] INFO [export_balance_check_result] 余额连续性校验结果已导出: /var**********************************************************************************************************
[2026-06-14 16:45:48] INFO [run_pipeline] 余额连续性校验报告已自动生成: /var**********************************************************************************************************
[2026-06-14 16:45:48] INFO [detect_duplicates] 重复交易检测完成 - 总记录: 2, 疑似重复组: 0, 疑似重复记录: 0, 重复率: 0.00%
[2026-06-14 16:45:48] INFO [generate_duplicate_check_from_records] 未检测到重复交易，仍导出报告
[2026-06-14 16:45:48] INFO [export_duplicate_check_result] 重复交易检测结果已导出: /var*********************************************************************************************************
[2026-06-14 16:45:48] INFO [run_pipeline] 重复交易检测报告已自动生成: /var*********************************************************************************************************
[2026-06-14 16:45:48] INFO [filter_interest_fee_transactions] 筛选出 0 条利息手续费交易
[2026-06-14 16:45:48] INFO [summarize_by_period] 按month汇总生成 0 条期间汇总记录，异常 0 条
[2026-06-14 16:45:48] INFO [check_interest_fee] 利息手续费核对完成 - 总记录: 0 (利息: 0, 手续费: 0), 期间汇总: 0, 异常: 0
[2026-06-14 16:45:48] WARNING [generate_interest_fee_check_from_records] 未筛选到任何利息手续费交易，跳过报告生成
[2026-06-14 16:45:48] INFO [mark_non_workday_transactions] 非工作日交易标记完成: 总记录 2, 工作日 2, 周末 0, 法定节假日 0, 调休工作日 0
[2026-06-14 16:45:48] INFO [generate_holiday_check_from_records] 未发现非工作日交易，仍导出报告
[2026-06-14 16:45:48] INFO [export_holiday_check_result] 非工作日交易标记结果已导出: /var***********************************************************************************************************
[2026-06-14 16:45:48] INFO [run_pipeline] 非工作日交易标记报告已自动生成: /var***********************************************************************************************************
[2026-06-14 16:45:48] INFO [assign_accounting_period] 会计期间归属完成: 2 条记录, 1 个期间
[2026-06-14 16:45:48] INFO [export_accounting_period_summary] 会计期间总表已导出: /var*******************************************************************************************************（1 个期间）
[2026-06-14 16:45:48] INFO [run_pipeline] 会计期间总表已自动生成: /var*******************************************************************************************************
[2026-06-14 16:45:48] INFO [save_report] 性能剖析报告已保存: /var*****************************************************************************************************
[2026-06-14 16:45:48] INFO [save_report] 性能剖析数据已保存: /var*******************************************************************************************************
[2026-06-14 16:45:48] INFO [run_pipeline] 性能剖析报告已生成: /var*****************************************************************************************************
[2026-06-14 16:45:48] INFO [generate_collab_template] 财务协同编辑模板生成完成: /var***************************************************************************************************************（可编辑列: 凭证号, 凭证日期, 会计科目编码, 会计科目名称, 备注, 制单人）
[2026-06-14 16:45:48] INFO [run_pipeline] 财务协同编辑模板已自动生成: /var***************************************************************************************************************
[2026-06-14 16:45:48] INFO [generate_pending_list_xlsx] 待处理清单已生成: /var******************************************************************************************************（共 1 条记录）
[2026-06-14 16:45:48] INFO [scan_excel_files] 共扫描到 0 个 Excel 文件
[2026-06-14 16:45:48] INFO [setup_logging] 日志系统初始化完成，日志文件: /Use*******************************************************************************************************
[2026-06-14 16:45:48] INFO [setup_logging] 未检测到 tkinter，将使用命令行交互模式
[2026-06-14 16:45:48] INFO [find_lookup_file] 精确匹配到主体查找表: /var**************************************************************************************
[2026-06-14 16:45:48] INFO [run_pipeline] 正在预加载主体查找表...
[2026-06-14 16:45:48] DEBUG [detect_excel_format] 文件 /var************************************************************************************** Magic Bytes 检测为 xlsx 格式 (ZIP/OOXML)
[2026-06-14 16:45:48] INFO [load_lookup_table] 查找表加载完成：共 2 条条目，2 个唯一账号，0 个扩展字段
[2026-06-14 16:45:48] INFO [run_pipeline] 主体查找表预加载完成
[2026-06-14 16:45:48] INFO [load_existing_keys] 未找到历史总表，将以全量模式运行
[2026-06-14 16:45:48] INFO [run_pipeline] 无历史数据，将以全量模式运行
[2026-06-14 16:45:48] INFO [run_pipeline] 已复制文件夹为＋检验版: /var******************************************************************************
[2026-06-14 16:45:48] DEBUG [scan_excel_files] 发现 Excel 文件: /var*******************************************************************************************
[2026-06-14 16:45:48] DEBUG [scan_excel_files] 发现 Excel 文件: /var*******************************************************************************************
[2026-06-14 16:45:48] INFO [scan_excel_files] 共扫描到 2 个 Excel 文件
[2026-06-14 16:45:48] WARNING [identify_bank] 文件「未知银行_流水.xlsx」无法识别银行类型
[2026-06-14 16:45:48] INFO [identify_bank] 文件「北京银行_流水.xlsx」通过前缀匹配识别为: 北京银行
[2026-06-14 16:45:48] INFO [parse] 开始处理北京银行文件: /var*******************************************************************************************
[2026-06-14 16:45:48] DEBUG [detect_excel_format] 文件 /var******************************************************************************************* Magic Bytes 检测为 xlsx 格式 (ZIP/OOXML)
[2026-06-14 16:45:48] INFO [validate_headers] 北京银行文件工作表「交易明细」表头校验通过，7 个字段均匹配
[2026-06-14 16:45:48] DEBUG [get_subject_info] 银行账号「0109年03月」匹配到主体: 北********司（优先级: 0）
[2026-06-14 16:45:48] INFO [_parse_sheet] 北京银行文件工作表「交易明细」提取 2 条记录
[2026-06-14 16:45:48] INFO [parse] 北京银行文件处理完成，共提取 2 条记录
[2026-06-14 16:45:48] INFO [run_pipeline] 成功处理文件: /var*******************************************************************************************（2 条记录）
[2026-06-14 16:45:48] DEBUG [delete_processed_files] 已删除文件: /var*******************************************************************************************
[2026-06-14 16:45:48] INFO [run_pipeline] 总表输出完成: /var***************************************************************************************（共 2 条记录）
[2026-06-14 16:45:48] INFO [apply_amount_anomaly_detection] 开始金额异常检测，单笔阈值: [金额已隐藏] 元
[2026-06-14 16:45:48] INFO [apply_amount_anomaly_detection] 金额异常检测完成：共 2 条记录，0 条异常 (0.00%)
[2026-06-14 16:45:48] INFO [apply_counterparty_rules] 对方户名规则匹配完成: 总记录 2, 命中 0, 黑名单 0, 白名单 0
[2026-06-14 16:45:48] INFO [export_masked_summary] 脱敏版总表输出完成: /var*******************************************************************************************（共 2 条记录）
[2026-06-14 16:45:48] DEBUG [init_schema] 数据库表结构初始化完成
[2026-06-14 16:45:48] INFO [connect] SQLite 数据库已连接: /Use************************************************************************************
[2026-06-14 16:45:48] INFO [disconnect] SQLite 数据库已断开
[2026-06-14 16:45:48] ERROR [persist_transactions] 数据库持久化失败: UNIQUE constraint failed: import_batches.batch_id
Traceback (most recent call last):
  File "/Users/zhangchengcheng/work/ai-project/Trea/solo0605/label-02552/tests/../backend/database.py", line 1612, in persist_transactions
    insert_count, duplicate_count = db.insert_records(
                                    ~~~~~~~~~~~~~~~~~^
        transaction_records,
        ^^^^^^^^^^^^^^^^^^^^
        batch_id=batch_id,
        ^^^^^^^^^^^^^^^^^^
        deduplicate=deduplicate,
        ^^^^^^^^^^^^^^^^^^^^^^^^
    )
    ^
  File "/Users/zhangchengcheng/work/ai-project/Trea/solo0605/label-02552/tests/../backend/database.py", line 554, in insert_records
    cursor.execute('''
    ~~~~~~~~~~~~~~^^^^
        INSERT INTO import_batches (
        ^^^^^^^^^^^^^^^^^^^^^^^^^^^^
            batch_id, total_records, started_at, status
            ^^^^^^^^^^^^^^^^^^^^^^^^^^^^^^^^^^^^^^^^^^^
        ) VALUES (?, ?, ?, ?)
        ^^^^^^^^^^^^^^^^^^^^^
    ''', (batch_id, len(records), started_at, 'processing'))
    ^^^^^^^^^^^^^^^^^^^^^^^^^^^^^^^^^^^^^^^^^^^^^^^^^^^^^^^^
sqlite3.IntegrityError: UNIQUE constraint failed: import_batches.batch_id
[2026-06-14 16:45:48] INFO [run_pipeline] 数据库持久化完成: 批次 BATC***************, 插入 0 条, 去重跳过 0 条
[2026-06-14 16:45:48] INFO [identify_internal_transfers] 内部划转识别完成: 2 条记录, 识别出 0 对 (0 划出 + 0 划入), 涉及 0 个主体, 0 家银行
[2026-06-14 16:45:48] INFO [summarize_transactions] 主体维度汇总完成: 2 条记录, 1 个主体, 1 家银行, 1 个月份, 0 个未匹配账号
[2026-06-14 16:45:48] INFO [export_subject_summary] 主体维度汇总分析已导出: /var*********************************************************************************************************
[2026-06-14 16:45:48] INFO [run_pipeline] 主体维度汇总分析已自动生成: /var*********************************************************************************************************
[2026-06-14 16:45:48] INFO [check_balance_continuity] 共 1 个账号待校验
[2026-06-14 16:45:48] DEBUG [check_balance_continuity] 校验账号: 0109年03月, 记录数: 2
[2026-06-14 16:45:48] INFO [check_balance_continuity] 余额连续性校验完成 - 总账号: 1, 已校验: 1, 跳过: 0, 异常笔数: 0, 异常账号: 0
[2026-06-14 16:45:48] INFO [export_balance_check_result] 余额连续性校验结果已导出: /var**********************************************************************************************************
[2026-06-14 16:45:48] INFO [run_pipeline] 余额连续性校验报告已自动生成: /var**********************************************************************************************************
[2026-06-14 16:45:48] INFO [detect_duplicates] 重复交易检测完成 - 总记录: 2, 疑似重复组: 0, 疑似重复记录: 0, 重复率: 0.00%
[2026-06-14 16:45:48] INFO [generate_duplicate_check_from_records] 未检测到重复交易，仍导出报告
[2026-06-14 16:45:48] INFO [export_duplicate_check_result] 重复交易检测结果已导出: /var*********************************************************************************************************
[2026-06-14 16:45:48] INFO [run_pipeline] 重复交易检测报告已自动生成: /var*********************************************************************************************************
[2026-06-14 16:45:48] INFO [filter_interest_fee_transactions] 筛选出 0 条利息手续费交易
[2026-06-14 16:45:48] INFO [summarize_by_period] 按month汇总生成 0 条期间汇总记录，异常 0 条
[2026-06-14 16:45:48] INFO [check_interest_fee] 利息手续费核对完成 - 总记录: 0 (利息: 0, 手续费: 0), 期间汇总: 0, 异常: 0
[2026-06-14 16:45:48] WARNING [generate_interest_fee_check_from_records] 未筛选到任何利息手续费交易，跳过报告生成
[2026-06-14 16:45:48] INFO [mark_non_workday_transactions] 非工作日交易标记完成: 总记录 2, 工作日 2, 周末 0, 法定节假日 0, 调休工作日 0
[2026-06-14 16:45:48] INFO [generate_holiday_check_from_records] 未发现非工作日交易，仍导出报告
[2026-06-14 16:45:48] INFO [export_holiday_check_result] 非工作日交易标记结果已导出: /var***********************************************************************************************************
[2026-06-14 16:45:48] INFO [run_pipeline] 非工作日交易标记报告已自动生成: /var***********************************************************************************************************
[2026-06-14 16:45:48] INFO [assign_accounting_period] 会计期间归属完成: 2 条记录, 1 个期间
[2026-06-14 16:45:48] INFO [export_accounting_period_summary] 会计期间总表已导出: /var*******************************************************************************************************（1 个期间）
[2026-06-14 16:45:48] INFO [run_pipeline] 会计期间总表已自动生成: /var*******************************************************************************************************
[2026-06-14 16:45:48] INFO [save_report] 性能剖析报告已保存: /var*****************************************************************************************************
[2026-06-14 16:45:48] INFO [save_report] 性能剖析数据已保存: /var*******************************************************************************************************
[2026-06-14 16:45:48] INFO [run_pipeline] 性能剖析报告已生成: /var*****************************************************************************************************
[2026-06-14 16:45:48] INFO [generate_collab_template] 财务协同编辑模板生成完成: /var***************************************************************************************************************（可编辑列: 凭证号, 凭证日期, 会计科目编码, 会计科目名称, 备注, 制单人）
[2026-06-14 16:45:48] INFO [run_pipeline] 财务协同编辑模板已自动生成: /var***************************************************************************************************************
[2026-06-14 16:45:48] INFO [generate_pending_list_xlsx] 待处理清单已生成: /var******************************************************************************************************（共 1 条记录）
[2026-06-14 16:45:48] DEBUG [scan_excel_files] 发现 Excel 文件: /var*******************************************************************************************
[2026-06-14 16:45:48] INFO [scan_excel_files] 共扫描到 1 个 Excel 文件
[2026-06-14 16:45:48] INFO [setup_logging] 日志系统初始化完成，日志文件: /Use*******************************************************************************************************
[2026-06-14 16:45:48] INFO [setup_logging] 未检测到 tkinter，将使用命令行交互模式
[2026-06-14 16:45:48] INFO [find_lookup_file] 精确匹配到主体查找表: /var**************************************************************************************
[2026-06-14 16:45:48] INFO [run_pipeline] 正在预加载主体查找表...
[2026-06-14 16:45:48] DEBUG [detect_excel_format] 文件 /var************************************************************************************** Magic Bytes 检测为 xlsx 格式 (ZIP/OOXML)
[2026-06-14 16:45:48] INFO [load_lookup_table] 查找表加载完成：共 2 条条目，2 个唯一账号，0 个扩展字段
[2026-06-14 16:45:48] INFO [run_pipeline] 主体查找表预加载完成
[2026-06-14 16:45:48] INFO [load_existing_keys] 未找到历史总表，将以全量模式运行
[2026-06-14 16:45:48] INFO [run_pipeline] 无历史数据，将以全量模式运行
[2026-06-14 16:45:48] INFO [run_pipeline] 已复制文件夹为＋检验版: /var******************************************************************************
[2026-06-14 16:45:48] DEBUG [scan_excel_files] 发现 Excel 文件: /var*******************************************************************************************
[2026-06-14 16:45:48] INFO [scan_excel_files] 共扫描到 1 个 Excel 文件
[2026-06-14 16:45:48] INFO [identify_bank] 文件「北京银行_流水.xlsx」通过前缀匹配识别为: 北京银行
[2026-06-14 16:45:48] INFO [parse] 开始处理北京银行文件: /var*******************************************************************************************
[2026-06-14 16:45:48] DEBUG [detect_excel_format] 文件 /var******************************************************************************************* Magic Bytes 检测为 xlsx 格式 (ZIP/OOXML)
[2026-06-14 16:45:48] INFO [validate_headers] 北京银行文件工作表「交易明细」表头校验通过，7 个字段均匹配
[2026-06-14 16:45:48] DEBUG [get_subject_info] 银行账号「0109年03月」匹配到主体: 北********司（优先级: 0）
[2026-06-14 16:45:48] INFO [_parse_sheet] 北京银行文件工作表「交易明细」提取 8 条记录
[2026-06-14 16:45:48] INFO [parse] 北京银行文件处理完成，共提取 8 条记录
[2026-06-14 16:45:48] INFO [run_pipeline] 成功处理文件: /var*******************************************************************************************（8 条记录）
[2026-06-14 16:45:48] DEBUG [delete_processed_files] 已删除文件: /var*******************************************************************************************
[2026-06-14 16:45:48] INFO [run_pipeline] 总表输出完成: /var***************************************************************************************（共 8 条记录）
[2026-06-14 16:45:48] INFO [apply_amount_anomaly_detection] 开始金额异常检测，单笔阈值: [金额已隐藏] 元
[2026-06-14 16:45:48] INFO [apply_amount_anomaly_detection] 金额异常检测完成：共 8 条记录，0 条异常 (0.00%)
[2026-06-14 16:45:48] INFO [apply_counterparty_rules] 对方户名规则匹配完成: 总记录 8, 命中 0, 黑名单 0, 白名单 0
[2026-06-14 16:45:48] INFO [apply_holiday_tags] 非工作日交易打标: 总记录 8, 非工作日 2 (周末 1, 节假日 1)
[2026-06-14 16:45:48] INFO [run_pipeline] 非工作日交易打标: 总记录 8, 非工作日 2 (周末 1, 节假日 1)
[2026-06-14 16:45:48] INFO [run_pipeline] 已将非工作日打标结果回写到总表: /var***************************************************************************************
[2026-06-14 16:45:48] INFO [export_masked_summary] 脱敏版总表输出完成: /var*******************************************************************************************（共 8 条记录）
[2026-06-14 16:45:48] DEBUG [init_schema] 数据库表结构初始化完成
[2026-06-14 16:45:48] INFO [connect] SQLite 数据库已连接: /Use************************************************************************************
[2026-06-14 16:45:48] INFO [disconnect] SQLite 数据库已断开
[2026-06-14 16:45:48] ERROR [persist_transactions] 数据库持久化失败: UNIQUE constraint failed: import_batches.batch_id
Traceback (most recent call last):
  File "/Users/zhangchengcheng/work/ai-project/Trea/solo0605/label-02552/tests/../backend/database.py", line 1612, in persist_transactions
    insert_count, duplicate_count = db.insert_records(
                                    ~~~~~~~~~~~~~~~~~^
        transaction_records,
        ^^^^^^^^^^^^^^^^^^^^
        batch_id=batch_id,
        ^^^^^^^^^^^^^^^^^^
        deduplicate=deduplicate,
        ^^^^^^^^^^^^^^^^^^^^^^^^
    )
    ^
  File "/Users/zhangchengcheng/work/ai-project/Trea/solo0605/label-02552/tests/../backend/database.py", line 554, in insert_records
    cursor.execute('''
    ~~~~~~~~~~~~~~^^^^
        INSERT INTO import_batches (
        ^^^^^^^^^^^^^^^^^^^^^^^^^^^^
            batch_id, total_records, started_at, status
            ^^^^^^^^^^^^^^^^^^^^^^^^^^^^^^^^^^^^^^^^^^^
        ) VALUES (?, ?, ?, ?)
        ^^^^^^^^^^^^^^^^^^^^^
    ''', (batch_id, len(records), started_at, 'processing'))
    ^^^^^^^^^^^^^^^^^^^^^^^^^^^^^^^^^^^^^^^^^^^^^^^^^^^^^^^^
sqlite3.IntegrityError: UNIQUE constraint failed: import_batches.batch_id
[2026-06-14 16:45:48] INFO [run_pipeline] 数据库持久化完成: 批次 BATC***************, 插入 0 条, 去重跳过 0 条
[2026-06-14 16:45:48] INFO [identify_internal_transfers] 内部划转识别完成: 8 条记录, 识别出 0 对 (0 划出 + 0 划入), 涉及 0 个主体, 0 家银行
[2026-06-14 16:45:48] INFO [summarize_transactions] 主体维度汇总完成: 8 条记录, 1 个主体, 1 家银行, 3 个月份, 0 个未匹配账号
[2026-06-14 16:45:48] INFO [export_subject_summary] 主体维度汇总分析已导出: /var*********************************************************************************************************
[2026-06-14 16:45:48] INFO [run_pipeline] 主体维度汇总分析已自动生成: /var*********************************************************************************************************
[2026-06-14 16:45:48] INFO [check_balance_continuity] 共 1 个账号待校验
[2026-06-14 16:45:48] DEBUG [check_balance_continuity] 校验账号: 0109年03月, 记录数: 8
[2026-06-14 16:45:48] INFO [check_balance_continuity] 余额连续性校验完成 - 总账号: 1, 已校验: 1, 跳过: 0, 异常笔数: 0, 异常账号: 0
[2026-06-14 16:45:48] INFO [export_balance_check_result] 余额连续性校验结果已导出: /var**********************************************************************************************************
[2026-06-14 16:45:48] INFO [run_pipeline] 余额连续性校验报告已自动生成: /var**********************************************************************************************************
[2026-06-14 16:45:48] INFO [detect_duplicates] 重复交易检测完成 - 总记录: 8, 疑似重复组: 0, 疑似重复记录: 0, 重复率: 0.00%
[2026-06-14 16:45:48] INFO [generate_duplicate_check_from_records] 未检测到重复交易，仍导出报告
[2026-06-14 16:45:48] INFO [export_duplicate_check_result] 重复交易检测结果已导出: /var*********************************************************************************************************
[2026-06-14 16:45:48] INFO [run_pipeline] 重复交易检测报告已自动生成: /var*********************************************************************************************************
[2026-06-14 16:45:48] INFO [filter_interest_fee_transactions] 筛选出 6 条利息手续费交易
[2026-06-14 16:45:48] INFO [summarize_by_period] 按month汇总生成 6 条期间汇总记录，异常 2 条
[2026-06-14 16:45:48] INFO [check_interest_fee] 利息手续费核对完成 - 总记录: 6 (利息: 2, 手续费: 4), 期间汇总: 6, 异常: 2
[2026-06-14 16:45:48] INFO [export_interest_fee_check_result] 利息手续费核对结果已导出: /var**********************************************************************************************************
[2026-06-14 16:45:48] INFO [run_pipeline] Interest & Fee check report auto-generated: /var/folders/8t/8rw7_pg16cx2c2mkh_cvpz8m0000gn/T/bankcheck_test_zgey1_5f/script/利息手续费核对报告_20260614_164548.xlsx
[2026-06-14 16:45:48] INFO [mark_non_workday_transactions] 非工作日交易标记完成: 总记录 8, 工作日 6, 周末 1, 法定节假日 1, 调休工作日 0
[2026-06-14 16:45:48] INFO [export_holiday_check_result] 非工作日交易标记结果已导出: /var***********************************************************************************************************
[2026-06-14 16:45:48] INFO [run_pipeline] 非工作日交易标记报告已自动生成: /var***********************************************************************************************************
[2026-06-14 16:45:48] INFO [assign_accounting_period] 会计期间归属完成: 8 条记录, 3 个期间
[2026-06-14 16:45:48] INFO [export_accounting_period_summary] 会计期间总表已导出: /var*******************************************************************************************************（3 个期间）
[2026-06-14 16:45:48] INFO [run_pipeline] 会计期间总表已自动生成: /var*******************************************************************************************************
[2026-06-14 16:45:48] INFO [save_report] 性能剖析报告已保存: /var*****************************************************************************************************
[2026-06-14 16:45:48] INFO [save_report] 性能剖析数据已保存: /var*******************************************************************************************************
[2026-06-14 16:45:48] INFO [run_pipeline] 性能剖析报告已生成: /var*****************************************************************************************************
[2026-06-14 16:45:48] INFO [generate_collab_template] 财务协同编辑模板生成完成: /var***************************************************************************************************************（可编辑列: 凭证号, 凭证日期, 会计科目编码, 会计科目名称, 备注, 制单人）
[2026-06-14 16:45:48] INFO [run_pipeline] 财务协同编辑模板已自动生成: /var***************************************************************************************************************
[2026-06-14 16:45:48] INFO [setup_logging] 日志系统初始化完成，日志文件: /Use*******************************************************************************************************
[2026-06-14 16:45:48] INFO [setup_logging] 未检测到 tkinter，将使用命令行交互模式
[2026-06-14 16:45:48] INFO [find_lookup_file] 精确匹配到主体查找表: /var**************************************************************************************
[2026-06-14 16:45:48] INFO [run_pipeline] 正在预加载主体查找表...
[2026-06-14 16:45:48] DEBUG [detect_excel_format] 文件 /var************************************************************************************** Magic Bytes 检测为 xlsx 格式 (ZIP/OOXML)
[2026-06-14 16:45:48] INFO [load_lookup_table] 查找表加载完成：共 2 条条目，2 个唯一账号，0 个扩展字段
[2026-06-14 16:45:48] INFO [run_pipeline] 主体查找表预加载完成
[2026-06-14 16:45:48] INFO [load_existing_keys] 未找到历史总表，将以全量模式运行
[2026-06-14 16:45:48] INFO [run_pipeline] 无历史数据，将以全量模式运行
[2026-06-14 16:45:48] INFO [run_pipeline] 已复制文件夹为＋检验版: /var******************************************************************************
[2026-06-14 16:45:48] DEBUG [scan_excel_files] 发现 Excel 文件: /var*******************************************************************************************
[2026-06-14 16:45:48] INFO [scan_excel_files] 共扫描到 1 个 Excel 文件
[2026-06-14 16:45:48] INFO [identify_bank] 文件「北京银行_流水.xlsx」通过前缀匹配识别为: 北京银行
[2026-06-14 16:45:48] INFO [parse] 开始处理北京银行文件: /var*******************************************************************************************
[2026-06-14 16:45:48] DEBUG [detect_excel_format] 文件 /var******************************************************************************************* Magic Bytes 检测为 xlsx 格式 (ZIP/OOXML)
[2026-06-14 16:45:49] INFO [validate_headers] 北京银行文件工作表「交易明细」表头校验通过，7 个字段均匹配
[2026-06-14 16:45:49] DEBUG [get_subject_info] 银行账号「0109年03月」匹配到主体: 北********司（优先级: 0）
[2026-06-14 16:45:49] INFO [_parse_sheet] 北京银行文件工作表「交易明细」提取 8 条记录
[2026-06-14 16:45:49] INFO [parse] 北京银行文件处理完成，共提取 8 条记录
[2026-06-14 16:45:49] INFO [run_pipeline] 成功处理文件: /var*******************************************************************************************（8 条记录）
[2026-06-14 16:45:49] DEBUG [delete_processed_files] 已删除文件: /var*******************************************************************************************
[2026-06-14 16:45:49] INFO [run_pipeline] 总表输出完成: /var***************************************************************************************（共 8 条记录）
[2026-06-14 16:45:49] INFO [apply_amount_anomaly_detection] 开始金额异常检测，单笔阈值: [金额已隐藏] 元
[2026-06-14 16:45:49] INFO [apply_amount_anomaly_detection] 金额异常检测完成：共 8 条记录，0 条异常 (0.00%)
[2026-06-14 16:45:49] INFO [apply_counterparty_rules] 对方户名规则匹配完成: 总记录 8, 命中 0, 黑名单 0, 白名单 0
[2026-06-14 16:45:49] INFO [apply_holiday_tags] 非工作日交易打标: 总记录 8, 非工作日 2 (周末 1, 节假日 1)
[2026-06-14 16:45:49] INFO [run_pipeline] 非工作日交易打标: 总记录 8, 非工作日 2 (周末 1, 节假日 1)
[2026-06-14 16:45:49] INFO [run_pipeline] 已将非工作日打标结果回写到总表: /var***************************************************************************************
[2026-06-14 16:45:49] INFO [export_masked_summary] 脱敏版总表输出完成: /var*******************************************************************************************（共 8 条记录）
[2026-06-14 16:45:49] DEBUG [init_schema] 数据库表结构初始化完成
[2026-06-14 16:45:49] INFO [connect] SQLite 数据库已连接: /Use************************************************************************************
[2026-06-14 16:45:49] INFO [insert_records] 已加载 25 个历史匹配键用于去重
[2026-06-14 16:45:49] INFO [insert_records] 批量导入完成: 批次 BATC***************, 共 8 条, 新增 0 条, 重复 8 条
[2026-06-14 16:45:49] INFO [disconnect] SQLite 数据库已断开
[2026-06-14 16:45:49] INFO [run_pipeline] 数据库持久化完成: 批次 BATC***************, 插入 0 条, 去重跳过 8 条
[2026-06-14 16:45:49] INFO [identify_internal_transfers] 内部划转识别完成: 8 条记录, 识别出 0 对 (0 划出 + 0 划入), 涉及 0 个主体, 0 家银行
[2026-06-14 16:45:49] INFO [summarize_transactions] 主体维度汇总完成: 8 条记录, 1 个主体, 1 家银行, 3 个月份, 0 个未匹配账号
[2026-06-14 16:45:49] INFO [export_subject_summary] 主体维度汇总分析已导出: /var*********************************************************************************************************
[2026-06-14 16:45:49] INFO [run_pipeline] 主体维度汇总分析已自动生成: /var*********************************************************************************************************
[2026-06-14 16:45:49] INFO [check_balance_continuity] 共 1 个账号待校验
[2026-06-14 16:45:49] DEBUG [check_balance_continuity] 校验账号: 0109年03月, 记录数: 8
[2026-06-14 16:45:49] INFO [check_balance_continuity] 余额连续性校验完成 - 总账号: 1, 已校验: 1, 跳过: 0, 异常笔数: 0, 异常账号: 0
[2026-06-14 16:45:49] INFO [export_balance_check_result] 余额连续性校验结果已导出: /var**********************************************************************************************************
[2026-06-14 16:45:49] INFO [run_pipeline] 余额连续性校验报告已自动生成: /var**********************************************************************************************************
[2026-06-14 16:45:49] INFO [detect_duplicates] 重复交易检测完成 - 总记录: 8, 疑似重复组: 0, 疑似重复记录: 0, 重复率: 0.00%
[2026-06-14 16:45:49] INFO [generate_duplicate_check_from_records] 未检测到重复交易，仍导出报告
[2026-06-14 16:45:49] INFO [export_duplicate_check_result] 重复交易检测结果已导出: /var*********************************************************************************************************
[2026-06-14 16:45:49] INFO [run_pipeline] 重复交易检测报告已自动生成: /var*********************************************************************************************************
[2026-06-14 16:45:49] INFO [filter_interest_fee_transactions] 筛选出 6 条利息手续费交易
[2026-06-14 16:45:49] INFO [summarize_by_period] 按month汇总生成 6 条期间汇总记录，异常 2 条
[2026-06-14 16:45:49] INFO [check_interest_fee] 利息手续费核对完成 - 总记录: 6 (利息: 2, 手续费: 4), 期间汇总: 6, 异常: 2
[2026-06-14 16:45:49] INFO [export_interest_fee_check_result] 利息手续费核对结果已导出: /var**********************************************************************************************************
[2026-06-14 16:45:49] INFO [run_pipeline] Interest & Fee check report auto-generated: /var/folders/8t/8rw7_pg16cx2c2mkh_cvpz8m0000gn/T/bankcheck_test_kt3axpui/script/利息手续费核对报告_20260614_164549.xlsx
[2026-06-14 16:45:49] INFO [mark_non_workday_transactions] 非工作日交易标记完成: 总记录 8, 工作日 6, 周末 1, 法定节假日 1, 调休工作日 0
[2026-06-14 16:45:49] INFO [export_holiday_check_result] 非工作日交易标记结果已导出: /var***********************************************************************************************************
[2026-06-14 16:45:49] INFO [run_pipeline] 非工作日交易标记报告已自动生成: /var***********************************************************************************************************
[2026-06-14 16:45:49] INFO [assign_accounting_period] 会计期间归属完成: 8 条记录, 3 个期间
[2026-06-14 16:45:49] INFO [export_accounting_period_summary] 会计期间总表已导出: /var*******************************************************************************************************（3 个期间）
[2026-06-14 16:45:49] INFO [run_pipeline] 会计期间总表已自动生成: /var*******************************************************************************************************
[2026-06-14 16:45:49] INFO [save_report] 性能剖析报告已保存: /var*****************************************************************************************************
[2026-06-14 16:45:49] INFO [save_report] 性能剖析数据已保存: /var*******************************************************************************************************
[2026-06-14 16:45:49] INFO [run_pipeline] 性能剖析报告已生成: /var*****************************************************************************************************
[2026-06-14 16:45:49] INFO [generate_collab_template] 财务协同编辑模板生成完成: /var***************************************************************************************************************（可编辑列: 凭证号, 凭证日期, 会计科目编码, 会计科目名称, 备注, 制单人）
[2026-06-14 16:45:49] INFO [run_pipeline] 财务协同编辑模板已自动生成: /var***************************************************************************************************************
[2026-06-14 16:45:49] INFO [load_total_table] 加载总表成功，共 8 条记录
[2026-06-14 16:45:49] INFO [filter_interest_fee_transactions] 筛选出 6 条利息手续费交易
[2026-06-14 16:45:49] INFO [summarize_by_period] 按month汇总生成 6 条期间汇总记录，异常 2 条
[2026-06-14 16:45:49] INFO [check_interest_fee] 利息手续费核对完成 - 总记录: 6 (利息: 2, 手续费: 4), 期间汇总: 6, 异常: 2
[2026-06-14 16:45:49] INFO [export_interest_fee_check_result] 利息手续费核对结果已导出: /var***************************************************************************************************
[2026-06-14 16:45:49] INFO [setup_logging] 日志系统初始化完成，日志文件: /Use*******************************************************************************************************
[2026-06-14 16:45:49] INFO [setup_logging] 未检测到 tkinter，将使用命令行交互模式
[2026-06-14 16:45:49] INFO [find_lookup_file] 精确匹配到主体查找表: /var**************************************************************************************
[2026-06-14 16:45:49] INFO [run_pipeline] 正在预加载主体查找表...
[2026-06-14 16:45:49] DEBUG [detect_excel_format] 文件 /var************************************************************************************** Magic Bytes 检测为 xlsx 格式 (ZIP/OOXML)
[2026-06-14 16:45:49] INFO [load_lookup_table] 查找表加载完成：共 2 条条目，2 个唯一账号，0 个扩展字段
[2026-06-14 16:45:49] INFO [run_pipeline] 主体查找表预加载完成
[2026-06-14 16:45:49] INFO [load_existing_keys] 未找到历史总表，将以全量模式运行
[2026-06-14 16:45:49] INFO [run_pipeline] 无历史数据，将以全量模式运行
[2026-06-14 16:45:49] INFO [run_pipeline] 已复制文件夹为＋检验版: /var******************************************************************************
[2026-06-14 16:45:49] DEBUG [scan_excel_files] 发现 Excel 文件: /var*******************************************************************************************
[2026-06-14 16:45:49] INFO [scan_excel_files] 共扫描到 1 个 Excel 文件
[2026-06-14 16:45:49] INFO [identify_bank] 文件「北京银行_流水.xlsx」通过前缀匹配识别为: 北京银行
[2026-06-14 16:45:49] INFO [parse] 开始处理北京银行文件: /var*******************************************************************************************
[2026-06-14 16:45:49] DEBUG [detect_excel_format] 文件 /var******************************************************************************************* Magic Bytes 检测为 xlsx 格式 (ZIP/OOXML)
[2026-06-14 16:45:49] INFO [validate_headers] 北京银行文件工作表「交易明细」表头校验通过，7 个字段均匹配
[2026-06-14 16:45:49] DEBUG [get_subject_info] 银行账号「0109年03月」匹配到主体: 北********司（优先级: 0）
[2026-06-14 16:45:49] INFO [_parse_sheet] 北京银行文件工作表「交易明细」提取 8 条记录
[2026-06-14 16:45:49] INFO [parse] 北京银行文件处理完成，共提取 8 条记录
[2026-06-14 16:45:49] INFO [run_pipeline] 成功处理文件: /var*******************************************************************************************（8 条记录）
[2026-06-14 16:45:49] DEBUG [delete_processed_files] 已删除文件: /var*******************************************************************************************
[2026-06-14 16:45:49] INFO [run_pipeline] 总表输出完成: /var***************************************************************************************（共 8 条记录）
[2026-06-14 16:45:49] INFO [apply_amount_anomaly_detection] 开始金额异常检测，单笔阈值: [金额已隐藏] 元
[2026-06-14 16:45:49] INFO [apply_amount_anomaly_detection] 金额异常检测完成：共 8 条记录，0 条异常 (0.00%)
[2026-06-14 16:45:49] INFO [apply_counterparty_rules] 对方户名规则匹配完成: 总记录 8, 命中 0, 黑名单 0, 白名单 0
[2026-06-14 16:45:49] INFO [apply_holiday_tags] 非工作日交易打标: 总记录 8, 非工作日 2 (周末 1, 节假日 1)
[2026-06-14 16:45:49] INFO [run_pipeline] 非工作日交易打标: 总记录 8, 非工作日 2 (周末 1, 节假日 1)
[2026-06-14 16:45:49] INFO [run_pipeline] 已将非工作日打标结果回写到总表: /var***************************************************************************************
[2026-06-14 16:45:49] INFO [export_masked_summary] 脱敏版总表输出完成: /var*******************************************************************************************（共 8 条记录）
[2026-06-14 16:45:49] DEBUG [init_schema] 数据库表结构初始化完成
[2026-06-14 16:45:49] INFO [connect] SQLite 数据库已连接: /Use************************************************************************************
[2026-06-14 16:45:49] INFO [disconnect] SQLite 数据库已断开
[2026-06-14 16:45:49] ERROR [persist_transactions] 数据库持久化失败: UNIQUE constraint failed: import_batches.batch_id
Traceback (most recent call last):
  File "/Users/zhangchengcheng/work/ai-project/Trea/solo0605/label-02552/tests/../backend/database.py", line 1612, in persist_transactions
    insert_count, duplicate_count = db.insert_records(
                                    ~~~~~~~~~~~~~~~~~^
        transaction_records,
        ^^^^^^^^^^^^^^^^^^^^
        batch_id=batch_id,
        ^^^^^^^^^^^^^^^^^^
        deduplicate=deduplicate,
        ^^^^^^^^^^^^^^^^^^^^^^^^
    )
    ^
  File "/Users/zhangchengcheng/work/ai-project/Trea/solo0605/label-02552/tests/../backend/database.py", line 554, in insert_records
    cursor.execute('''
    ~~~~~~~~~~~~~~^^^^
        INSERT INTO import_batches (
        ^^^^^^^^^^^^^^^^^^^^^^^^^^^^
            batch_id, total_records, started_at, status
            ^^^^^^^^^^^^^^^^^^^^^^^^^^^^^^^^^^^^^^^^^^^
        ) VALUES (?, ?, ?, ?)
        ^^^^^^^^^^^^^^^^^^^^^
    ''', (batch_id, len(records), started_at, 'processing'))
    ^^^^^^^^^^^^^^^^^^^^^^^^^^^^^^^^^^^^^^^^^^^^^^^^^^^^^^^^
sqlite3.IntegrityError: UNIQUE constraint failed: import_batches.batch_id
[2026-06-14 16:45:49] INFO [run_pipeline] 数据库持久化完成: 批次 BATC***************, 插入 0 条, 去重跳过 0 条
[2026-06-14 16:45:49] INFO [identify_internal_transfers] 内部划转识别完成: 8 条记录, 识别出 0 对 (0 划出 + 0 划入), 涉及 0 个主体, 0 家银行
[2026-06-14 16:45:49] INFO [summarize_transactions] 主体维度汇总完成: 8 条记录, 1 个主体, 1 家银行, 3 个月份, 0 个未匹配账号
[2026-06-14 16:45:49] INFO [export_subject_summary] 主体维度汇总分析已导出: /var*********************************************************************************************************
[2026-06-14 16:45:49] INFO [run_pipeline] 主体维度汇总分析已自动生成: /var*********************************************************************************************************
[2026-06-14 16:45:49] INFO [check_balance_continuity] 共 1 个账号待校验
[2026-06-14 16:45:49] DEBUG [check_balance_continuity] 校验账号: 0109年03月, 记录数: 8
[2026-06-14 16:45:49] INFO [check_balance_continuity] 余额连续性校验完成 - 总账号: 1, 已校验: 1, 跳过: 0, 异常笔数: 0, 异常账号: 0
[2026-06-14 16:45:49] INFO [export_balance_check_result] 余额连续性校验结果已导出: /var**********************************************************************************************************
[2026-06-14 16:45:49] INFO [run_pipeline] 余额连续性校验报告已自动生成: /var**********************************************************************************************************
[2026-06-14 16:45:49] INFO [detect_duplicates] 重复交易检测完成 - 总记录: 8, 疑似重复组: 0, 疑似重复记录: 0, 重复率: 0.00%
[2026-06-14 16:45:49] INFO [generate_duplicate_check_from_records] 未检测到重复交易，仍导出报告
[2026-06-14 16:45:49] INFO [export_duplicate_check_result] 重复交易检测结果已导出: /var*********************************************************************************************************
[2026-06-14 16:45:49] INFO [run_pipeline] 重复交易检测报告已自动生成: /var*********************************************************************************************************
[2026-06-14 16:45:49] INFO [filter_interest_fee_transactions] 筛选出 6 条利息手续费交易
[2026-06-14 16:45:49] INFO [summarize_by_period] 按month汇总生成 6 条期间汇总记录，异常 2 条
[2026-06-14 16:45:49] INFO [check_interest_fee] 利息手续费核对完成 - 总记录: 6 (利息: 2, 手续费: 4), 期间汇总: 6, 异常: 2
[2026-06-14 16:45:49] INFO [export_interest_fee_check_result] 利息手续费核对结果已导出: /var**********************************************************************************************************
[2026-06-14 16:45:49] INFO [run_pipeline] Interest & Fee check report auto-generated: /var/folders/8t/8rw7_pg16cx2c2mkh_cvpz8m0000gn/T/bankcheck_test_r28gz1xs/script/利息手续费核对报告_20260614_164549.xlsx
[2026-06-14 16:45:49] INFO [mark_non_workday_transactions] 非工作日交易标记完成: 总记录 8, 工作日 6, 周末 1, 法定节假日 1, 调休工作日 0
[2026-06-14 16:45:49] INFO [export_holiday_check_result] 非工作日交易标记结果已导出: /var***********************************************************************************************************
[2026-06-14 16:45:49] INFO [run_pipeline] 非工作日交易标记报告已自动生成: /var***********************************************************************************************************
[2026-06-14 16:45:49] INFO [assign_accounting_period] 会计期间归属完成: 8 条记录, 3 个期间
[2026-06-14 16:45:49] INFO [export_accounting_period_summary] 会计期间总表已导出: /var*******************************************************************************************************（3 个期间）
[2026-06-14 16:45:49] INFO [run_pipeline] 会计期间总表已自动生成: /var*******************************************************************************************************
[2026-06-14 16:45:49] INFO [save_report] 性能剖析报告已保存: /var*****************************************************************************************************
[2026-06-14 16:45:49] INFO [save_report] 性能剖析数据已保存: /var*******************************************************************************************************
[2026-06-14 16:45:49] INFO [run_pipeline] 性能剖析报告已生成: /var*****************************************************************************************************
[2026-06-14 16:45:49] INFO [generate_collab_template] 财务协同编辑模板生成完成: /var***************************************************************************************************************（可编辑列: 凭证号, 凭证日期, 会计科目编码, 会计科目名称, 备注, 制单人）
[2026-06-14 16:45:49] INFO [run_pipeline] 财务协同编辑模板已自动生成: /var***************************************************************************************************************
[2026-06-14 16:45:49] INFO [load_total_table] 加载总表成功，共 8 条记录
[2026-06-14 16:45:49] INFO [filter_interest_fee_transactions] 筛选出 6 条利息手续费交易
[2026-06-14 16:45:49] INFO [summarize_by_period] 按quarter汇总生成 4 条期间汇总记录，异常 1 条
[2026-06-14 16:45:49] INFO [check_interest_fee] 利息手续费核对完成 - 总记录: 6 (利息: 2, 手续费: 4), 期间汇总: 4, 异常: 1
[2026-06-14 16:45:49] INFO [export_interest_fee_check_result] 利息手续费核对结果已导出: /var***************************************************************************************************
[2026-06-14 16:45:49] INFO [setup_logging] 日志系统初始化完成，日志文件: /Use*******************************************************************************************************
[2026-06-14 16:45:49] INFO [setup_logging] 未检测到 tkinter，将使用命令行交互模式
[2026-06-14 16:45:49] INFO [find_lookup_file] 精确匹配到主体查找表: /var**************************************************************************************
[2026-06-14 16:45:49] INFO [run_pipeline] 正在预加载主体查找表...
[2026-06-14 16:45:49] DEBUG [detect_excel_format] 文件 /var************************************************************************************** Magic Bytes 检测为 xlsx 格式 (ZIP/OOXML)
[2026-06-14 16:45:49] INFO [load_lookup_table] 查找表加载完成：共 2 条条目，2 个唯一账号，0 个扩展字段
[2026-06-14 16:45:49] INFO [run_pipeline] 主体查找表预加载完成
[2026-06-14 16:45:49] INFO [load_existing_keys] 未找到历史总表，将以全量模式运行
[2026-06-14 16:45:49] INFO [run_pipeline] 无历史数据，将以全量模式运行
[2026-06-14 16:45:49] INFO [run_pipeline] 已复制文件夹为＋检验版: /var******************************************************************************
[2026-06-14 16:45:49] DEBUG [scan_excel_files] 发现 Excel 文件: /var*******************************************************************************************
[2026-06-14 16:45:49] INFO [scan_excel_files] 共扫描到 1 个 Excel 文件
[2026-06-14 16:45:49] INFO [identify_bank] 文件「北京银行_流水.xlsx」通过前缀匹配识别为: 北京银行
[2026-06-14 16:45:49] INFO [parse] 开始处理北京银行文件: /var*******************************************************************************************
[2026-06-14 16:45:49] DEBUG [detect_excel_format] 文件 /var******************************************************************************************* Magic Bytes 检测为 xlsx 格式 (ZIP/OOXML)
[2026-06-14 16:45:49] INFO [validate_headers] 北京银行文件工作表「交易明细」表头校验通过，7 个字段均匹配
[2026-06-14 16:45:49] DEBUG [get_subject_info] 银行账号「0109年03月」匹配到主体: 北********司（优先级: 0）
[2026-06-14 16:45:49] INFO [_parse_sheet] 北京银行文件工作表「交易明细」提取 2 条记录
[2026-06-14 16:45:49] INFO [parse] 北京银行文件处理完成，共提取 2 条记录
[2026-06-14 16:45:49] INFO [run_pipeline] 成功处理文件: /var*******************************************************************************************（2 条记录）
[2026-06-14 16:45:49] DEBUG [delete_processed_files] 已删除文件: /var*******************************************************************************************
[2026-06-14 16:45:49] INFO [run_pipeline] 总表输出完成: /var***************************************************************************************（共 2 条记录）
[2026-06-14 16:45:49] INFO [apply_amount_anomaly_detection] 开始金额异常检测，单笔阈值: [金额已隐藏] 元
[2026-06-14 16:45:49] INFO [apply_amount_anomaly_detection] 金额异常检测完成：共 2 条记录，0 条异常 (0.00%)
[2026-06-14 16:45:49] INFO [apply_counterparty_rules] 对方户名规则匹配完成: 总记录 2, 命中 0, 黑名单 0, 白名单 0
[2026-06-14 16:45:50] INFO [export_masked_summary] 脱敏版总表输出完成: /var*******************************************************************************************（共 2 条记录）
[2026-06-14 16:45:50] DEBUG [init_schema] 数据库表结构初始化完成
[2026-06-14 16:45:50] INFO [connect] SQLite 数据库已连接: /Use************************************************************************************
[2026-06-14 16:45:50] INFO [insert_records] 已加载 25 个历史匹配键用于去重
[2026-06-14 16:45:50] INFO [insert_records] 批量导入完成: 批次 BATC***************, 共 2 条, 新增 0 条, 重复 2 条
[2026-06-14 16:45:50] INFO [disconnect] SQLite 数据库已断开
[2026-06-14 16:45:50] INFO [run_pipeline] 数据库持久化完成: 批次 BATC***************, 插入 0 条, 去重跳过 2 条
[2026-06-14 16:45:50] INFO [identify_internal_transfers] 内部划转识别完成: 2 条记录, 识别出 0 对 (0 划出 + 0 划入), 涉及 0 个主体, 0 家银行
[2026-06-14 16:45:50] INFO [summarize_transactions] 主体维度汇总完成: 2 条记录, 1 个主体, 1 家银行, 1 个月份, 0 个未匹配账号
[2026-06-14 16:45:50] INFO [export_subject_summary] 主体维度汇总分析已导出: /var*********************************************************************************************************
[2026-06-14 16:45:50] INFO [run_pipeline] 主体维度汇总分析已自动生成: /var*********************************************************************************************************
[2026-06-14 16:45:50] INFO [check_balance_continuity] 共 1 个账号待校验
[2026-06-14 16:45:50] DEBUG [check_balance_continuity] 校验账号: 0109年03月, 记录数: 2
[2026-06-14 16:45:50] INFO [check_balance_continuity] 余额连续性校验完成 - 总账号: 1, 已校验: 1, 跳过: 0, 异常笔数: 0, 异常账号: 0
[2026-06-14 16:45:50] INFO [export_balance_check_result] 余额连续性校验结果已导出: /var**********************************************************************************************************
[2026-06-14 16:45:50] INFO [run_pipeline] 余额连续性校验报告已自动生成: /var**********************************************************************************************************
[2026-06-14 16:45:50] INFO [detect_duplicates] 重复交易检测完成 - 总记录: 2, 疑似重复组: 0, 疑似重复记录: 0, 重复率: 0.00%
[2026-06-14 16:45:50] INFO [generate_duplicate_check_from_records] 未检测到重复交易，仍导出报告
[2026-06-14 16:45:50] INFO [export_duplicate_check_result] 重复交易检测结果已导出: /var*********************************************************************************************************
[2026-06-14 16:45:50] INFO [run_pipeline] 重复交易检测报告已自动生成: /var*********************************************************************************************************
[2026-06-14 16:45:50] INFO [filter_interest_fee_transactions] 筛选出 0 条利息手续费交易
[2026-06-14 16:45:50] INFO [summarize_by_period] 按month汇总生成 0 条期间汇总记录，异常 0 条
[2026-06-14 16:45:50] INFO [check_interest_fee] 利息手续费核对完成 - 总记录: 0 (利息: 0, 手续费: 0), 期间汇总: 0, 异常: 0
[2026-06-14 16:45:50] WARNING [generate_interest_fee_check_from_records] 未筛选到任何利息手续费交易，跳过报告生成
[2026-06-14 16:45:50] INFO [mark_non_workday_transactions] 非工作日交易标记完成: 总记录 2, 工作日 2, 周末 0, 法定节假日 0, 调休工作日 0
[2026-06-14 16:45:50] INFO [generate_holiday_check_from_records] 未发现非工作日交易，仍导出报告
[2026-06-14 16:45:50] INFO [export_holiday_check_result] 非工作日交易标记结果已导出: /var***********************************************************************************************************
[2026-06-14 16:45:50] INFO [run_pipeline] 非工作日交易标记报告已自动生成: /var***********************************************************************************************************
[2026-06-14 16:45:50] INFO [assign_accounting_period] 会计期间归属完成: 2 条记录, 1 个期间
[2026-06-14 16:45:50] INFO [export_accounting_period_summary] 会计期间总表已导出: /var*******************************************************************************************************（1 个期间）
[2026-06-14 16:45:50] INFO [run_pipeline] 会计期间总表已自动生成: /var*******************************************************************************************************
[2026-06-14 16:45:50] INFO [save_report] 性能剖析报告已保存: /var*****************************************************************************************************
[2026-06-14 16:45:50] INFO [save_report] 性能剖析数据已保存: /var*******************************************************************************************************
[2026-06-14 16:45:50] INFO [run_pipeline] 性能剖析报告已生成: /var*****************************************************************************************************
[2026-06-14 16:45:50] INFO [generate_collab_template] 财务协同编辑模板生成完成: /var***************************************************************************************************************（可编辑列: 凭证号, 凭证日期, 会计科目编码, 会计科目名称, 备注, 制单人）
[2026-06-14 16:45:50] INFO [run_pipeline] 财务协同编辑模板已自动生成: /var***************************************************************************************************************
[2026-06-14 16:45:50] INFO [load_total_table] 加载总表成功，共 2 条记录
[2026-06-14 16:45:50] INFO [filter_interest_fee_transactions] 筛选出 0 条利息手续费交易
[2026-06-14 16:45:50] INFO [summarize_by_period] 按month汇总生成 0 条期间汇总记录，异常 0 条
[2026-06-14 16:45:50] INFO [check_interest_fee] 利息手续费核对完成 - 总记录: 0 (利息: 0, 手续费: 0), 期间汇总: 0, 异常: 0
[2026-06-14 16:45:50] WARNING [generate_interest_fee_check_from_records] 未筛选到任何利息手续费交易，跳过报告生成
[2026-06-14 16:45:50] INFO [setup_logging] 日志系统初始化完成，日志文件: /Use*******************************************************************************************************
[2026-06-14 16:45:50] INFO [setup_logging] 未检测到 tkinter，将使用命令行交互模式
[2026-06-14 16:45:50] INFO [find_lookup_file] 精确匹配到主体查找表: /var**************************************************************************************
[2026-06-14 16:45:50] INFO [run_pipeline] 正在预加载主体查找表...
[2026-06-14 16:45:50] DEBUG [detect_excel_format] 文件 /var************************************************************************************** Magic Bytes 检测为 xlsx 格式 (ZIP/OOXML)
[2026-06-14 16:45:50] INFO [load_lookup_table] 查找表加载完成：共 2 条条目，2 个唯一账号，0 个扩展字段
[2026-06-14 16:45:50] INFO [run_pipeline] 主体查找表预加载完成
[2026-06-14 16:45:50] INFO [load_existing_keys] 未找到历史总表，将以全量模式运行
[2026-06-14 16:45:50] INFO [run_pipeline] 无历史数据，将以全量模式运行
[2026-06-14 16:45:50] INFO [run_pipeline] 已复制文件夹为＋检验版: /var******************************************************************************
[2026-06-14 16:45:50] DEBUG [scan_excel_files] 发现 Excel 文件: /var*******************************************************************************************
[2026-06-14 16:45:50] DEBUG [scan_excel_files] 发现 Excel 文件: /var*******************************************************************************************
[2026-06-14 16:45:50] INFO [scan_excel_files] 共扫描到 2 个 Excel 文件
[2026-06-14 16:45:50] INFO [identify_bank] 文件「东亚银行_流水.xlsx」通过前缀匹配识别为: 东亚银行
[2026-06-14 16:45:50] INFO [parse] 开始处理东亚银行文件: /var*******************************************************************************************
[2026-06-14 16:45:50] DEBUG [detect_excel_format] 文件 /var******************************************************************************************* Magic Bytes 检测为 xlsx 格式 (ZIP/OOXML)
[2026-06-14 16:45:50] INFO [validate_headers] 东亚银行文件工作表「交易明细」表头校验通过，7 个字段均匹配
[2026-06-14 16:45:50] DEBUG [get_subject_info] 银行账号「3881年23月」匹配到主体: 上********司（优先级: 0）
[2026-06-14 16:45:50] INFO [_parse_sheet] 东亚银行文件工作表「交易明细」提取 2 条记录
[2026-06-14 16:45:50] INFO [parse] 东亚银行文件处理完成，共提取 2 条记录
[2026-06-14 16:45:50] INFO [run_pipeline] 成功处理文件: /var*******************************************************************************************（2 条记录）
[2026-06-14 16:45:50] INFO [identify_bank] 文件「北京银行_流水.xlsx」通过前缀匹配识别为: 北京银行
[2026-06-14 16:45:50] INFO [parse] 开始处理北京银行文件: /var*******************************************************************************************
[2026-06-14 16:45:50] DEBUG [detect_excel_format] 文件 /var******************************************************************************************* Magic Bytes 检测为 xlsx 格式 (ZIP/OOXML)
[2026-06-14 16:45:50] INFO [validate_headers] 北京银行文件工作表「交易明细」表头校验通过，7 个字段均匹配
[2026-06-14 16:45:50] DEBUG [get_subject_info] 银行账号「0109年03月」匹配到主体: 北********司（优先级: 0）
[2026-06-14 16:45:50] INFO [_parse_sheet] 北京银行文件工作表「交易明细」提取 2 条记录
[2026-06-14 16:45:50] INFO [parse] 北京银行文件处理完成，共提取 2 条记录
[2026-06-14 16:45:50] INFO [run_pipeline] 成功处理文件: /var*******************************************************************************************（2 条记录）
[2026-06-14 16:45:50] DEBUG [delete_processed_files] 已删除文件: /var*******************************************************************************************
[2026-06-14 16:45:50] DEBUG [delete_processed_files] 已删除文件: /var*******************************************************************************************
[2026-06-14 16:45:50] INFO [run_pipeline] 总表输出完成: /var***************************************************************************************（共 4 条记录）
[2026-06-14 16:45:50] INFO [apply_amount_anomaly_detection] 开始金额异常检测，单笔阈值: [金额已隐藏] 元
[2026-06-14 16:45:50] INFO [apply_amount_anomaly_detection] 金额异常检测完成：共 4 条记录，0 条异常 (0.00%)
[2026-06-14 16:45:50] INFO [apply_counterparty_rules] 对方户名规则匹配完成: 总记录 4, 命中 0, 黑名单 0, 白名单 0
[2026-06-14 16:45:50] INFO [apply_holiday_tags] 非工作日交易打标: 总记录 4, 非工作日 1 (周末 1, 节假日 0)
[2026-06-14 16:45:50] INFO [run_pipeline] 非工作日交易打标: 总记录 4, 非工作日 1 (周末 1, 节假日 0)
[2026-06-14 16:45:50] INFO [run_pipeline] 已将非工作日打标结果回写到总表: /var***************************************************************************************
[2026-06-14 16:45:50] INFO [export_masked_summary] 脱敏版总表输出完成: /var*******************************************************************************************（共 4 条记录）
[2026-06-14 16:45:50] DEBUG [init_schema] 数据库表结构初始化完成
[2026-06-14 16:45:50] INFO [connect] SQLite 数据库已连接: /Use************************************************************************************
[2026-06-14 16:45:50] INFO [disconnect] SQLite 数据库已断开
[2026-06-14 16:45:50] ERROR [persist_transactions] 数据库持久化失败: UNIQUE constraint failed: import_batches.batch_id
Traceback (most recent call last):
  File "/Users/zhangchengcheng/work/ai-project/Trea/solo0605/label-02552/tests/../backend/database.py", line 1612, in persist_transactions
    insert_count, duplicate_count = db.insert_records(
                                    ~~~~~~~~~~~~~~~~~^
        transaction_records,
        ^^^^^^^^^^^^^^^^^^^^
        batch_id=batch_id,
        ^^^^^^^^^^^^^^^^^^
        deduplicate=deduplicate,
        ^^^^^^^^^^^^^^^^^^^^^^^^
    )
    ^
  File "/Users/zhangchengcheng/work/ai-project/Trea/solo0605/label-02552/tests/../backend/database.py", line 554, in insert_records
    cursor.execute('''
    ~~~~~~~~~~~~~~^^^^
        INSERT INTO import_batches (
        ^^^^^^^^^^^^^^^^^^^^^^^^^^^^
            batch_id, total_records, started_at, status
            ^^^^^^^^^^^^^^^^^^^^^^^^^^^^^^^^^^^^^^^^^^^
        ) VALUES (?, ?, ?, ?)
        ^^^^^^^^^^^^^^^^^^^^^
    ''', (batch_id, len(records), started_at, 'processing'))
    ^^^^^^^^^^^^^^^^^^^^^^^^^^^^^^^^^^^^^^^^^^^^^^^^^^^^^^^^
sqlite3.IntegrityError: UNIQUE constraint failed: import_batches.batch_id
[2026-06-14 16:45:50] INFO [run_pipeline] 数据库持久化完成: 批次 BATC***************, 插入 0 条, 去重跳过 0 条
[2026-06-14 16:45:50] INFO [identify_internal_transfers] 内部划转识别完成: 4 条记录, 识别出 0 对 (0 划出 + 0 划入), 涉及 0 个主体, 0 家银行
[2026-06-14 16:45:50] INFO [summarize_transactions] 主体维度汇总完成: 4 条记录, 2 个主体, 2 家银行, 1 个月份, 0 个未匹配账号
[2026-06-14 16:45:50] INFO [export_subject_summary] 主体维度汇总分析已导出: /var*********************************************************************************************************
[2026-06-14 16:45:50] INFO [run_pipeline] 主体维度汇总分析已自动生成: /var*********************************************************************************************************
[2026-06-14 16:45:50] INFO [check_balance_continuity] 共 2 个账号待校验
[2026-06-14 16:45:50] DEBUG [check_balance_continuity] 校验账号: 3881年23月, 记录数: 2
[2026-06-14 16:45:50] ERROR [run_pipeline] 自动生成余额连续性校验报告失败: must be real number, not str
Traceback (most recent call last):
  File "/Users/zhangchengcheng/work/ai-project/Trea/solo0605/label-02552/tests/../backend/bankcheck.py", line 3375, in run_pipeline
    balance_check_path = generate_balance_check_from_records(
        final_rows, output_dir, source_info
    )
  File "/Users/zhangchengcheng/work/ai-project/Trea/solo0605/label-02552/tests/../backend/bankcheck.py", line 14578, in generate_balance_check_from_records
    check_result = check_balance_continuity(records, tolerance=tolerance)
  File "/Users/zhangchengcheng/work/ai-project/Trea/solo0605/label-02552/tests/../backend/bankcheck.py", line 14367, in check_balance_continuity
    logger.debug(
    ~~~~~~~~~~~~^
        '余额断裂 - 账号: %s, 日期: %s, 预期: %.2f, 实际: %.2f, 差异: %.2f',
        ^^^^^^^^^^^^^^^^^^^^^^^^^^^^^^^^^^^^^^^^^^^^^^^^^^^^^^^^^^^^^^^^^^^^
        account, curr['_date'], expected_balance, actual_balance, actual_balance - expected_balance
        ^^^^^^^^^^^^^^^^^^^^^^^^^^^^^^^^^^^^^^^^^^^^^^^^^^^^^^^^^^^^^^^^^^^^^^^^^^^^^^^^^^^^^^^^^^^
    )
    ^
  File "/opt/homebrew/Cellar/python@3.14/3.14.4_1/Frameworks/Python.framework/Versions/3.14/lib/python3.14/logging/__init__.py", line 1508, in debug
    self._log(DEBUG, msg, args, **kwargs)
    ~~~~~~~~~^^^^^^^^^^^^^^^^^^^^^^^^^^^^
  File "/opt/homebrew/Cellar/python@3.14/3.14.4_1/Frameworks/Python.framework/Versions/3.14/lib/python3.14/logging/__init__.py", line 1665, in _log
    self.handle(record)
    ~~~~~~~~~~~^^^^^^^^
  File "/opt/homebrew/Cellar/python@3.14/3.14.4_1/Frameworks/Python.framework/Versions/3.14/lib/python3.14/logging/__init__.py", line 1681, in handle
    self.callHandlers(record)
    ~~~~~~~~~~~~~~~~~^^^^^^^^
  File "/opt/homebrew/Cellar/python@3.14/3.14.4_1/Frameworks/Python.framework/Versions/3.14/lib/python3.14/logging/__init__.py", line 1737, in callHandlers
    hdlr.handle(record)
    ~~~~~~~~~~~^^^^^^^^
  File "/opt/homebrew/Cellar/python@3.14/3.14.4_1/Frameworks/Python.framework/Versions/3.14/lib/python3.14/logging/__init__.py", line 1027, in handle
    self.emit(record)
    ~~~~~~~~~^^^^^^^^
  File "/opt/homebrew/lib/python3.14/site-packages/_pytest/logging.py", line 384, in emit
    super().emit(record)
    ~~~~~~~~~~~~^^^^^^^^
  File "/opt/homebrew/Cellar/python@3.14/3.14.4_1/Frameworks/Python.framework/Versions/3.14/lib/python3.14/logging/__init__.py", line 1159, in emit
    self.handleError(record)
    ~~~~~~~~~~~~~~~~^^^^^^^^
  File "/opt/homebrew/Cellar/python@3.14/3.14.4_1/Frameworks/Python.framework/Versions/3.14/lib/python3.14/logging/__init__.py", line 1151, in emit
    msg = self.format(record)
  File "/opt/homebrew/Cellar/python@3.14/3.14.4_1/Frameworks/Python.framework/Versions/3.14/lib/python3.14/logging/__init__.py", line 999, in format
    return fmt.format(record)
           ~~~~~~~~~~^^^^^^^^
  File "/opt/homebrew/lib/python3.14/site-packages/_pytest/logging.py", line 137, in format
    return super().format(record)
           ~~~~~~~~~~~~~~^^^^^^^^
  File "/opt/homebrew/Cellar/python@3.14/3.14.4_1/Frameworks/Python.framework/Versions/3.14/lib/python3.14/logging/__init__.py", line 712, in format
    record.message = record.getMessage()
                     ~~~~~~~~~~~~~~~~~^^
  File "/opt/homebrew/Cellar/python@3.14/3.14.4_1/Frameworks/Python.framework/Versions/3.14/lib/python3.14/logging/__init__.py", line 400, in getMessage
    msg = msg % self.args
          ~~~~^~~~~~~~~~~
TypeError: must be real number, not str
[2026-06-14 16:45:50] INFO [detect_duplicates] 重复交易检测完成 - 总记录: 4, 疑似重复组: 0, 疑似重复记录: 0, 重复率: 0.00%
[2026-06-14 16:45:50] INFO [generate_duplicate_check_from_records] 未检测到重复交易，仍导出报告
[2026-06-14 16:45:50] INFO [export_duplicate_check_result] 重复交易检测结果已导出: /var*********************************************************************************************************
[2026-06-14 16:45:50] INFO [run_pipeline] 重复交易检测报告已自动生成: /var*********************************************************************************************************
[2026-06-14 16:45:50] INFO [filter_interest_fee_transactions] 筛选出 4 条利息手续费交易
[2026-06-14 16:45:50] INFO [summarize_by_period] 按month汇总生成 4 条期间汇总记录，异常 1 条
[2026-06-14 16:45:50] INFO [check_interest_fee] 利息手续费核对完成 - 总记录: 4 (利息: 2, 手续费: 2), 期间汇总: 4, 异常: 1
[2026-06-14 16:45:50] INFO [export_interest_fee_check_result] 利息手续费核对结果已导出: /var**********************************************************************************************************
[2026-06-14 16:45:50] INFO [run_pipeline] Interest & Fee check report auto-generated: /var/folders/8t/8rw7_pg16cx2c2mkh_cvpz8m0000gn/T/bankcheck_test_2ikvsc_3/script/利息手续费核对报告_20260614_164550.xlsx
[2026-06-14 16:45:50] INFO [mark_non_workday_transactions] 非工作日交易标记完成: 总记录 4, 工作日 3, 周末 1, 法定节假日 0, 调休工作日 0
[2026-06-14 16:45:50] INFO [export_holiday_check_result] 非工作日交易标记结果已导出: /var***********************************************************************************************************
[2026-06-14 16:45:50] INFO [run_pipeline] 非工作日交易标记报告已自动生成: /var***********************************************************************************************************
[2026-06-14 16:45:50] INFO [assign_accounting_period] 会计期间归属完成: 4 条记录, 1 个期间
[2026-06-14 16:45:50] INFO [export_accounting_period_summary] 会计期间总表已导出: /var*******************************************************************************************************（1 个期间）
[2026-06-14 16:45:50] INFO [run_pipeline] 会计期间总表已自动生成: /var*******************************************************************************************************
[2026-06-14 16:45:50] INFO [save_report] 性能剖析报告已保存: /var*****************************************************************************************************
[2026-06-14 16:45:50] INFO [save_report] 性能剖析数据已保存: /var*******************************************************************************************************
[2026-06-14 16:45:50] INFO [run_pipeline] 性能剖析报告已生成: /var*****************************************************************************************************
[2026-06-14 16:45:50] INFO [generate_collab_template] 财务协同编辑模板生成完成: /var***************************************************************************************************************（可编辑列: 凭证号, 凭证日期, 会计科目编码, 会计科目名称, 备注, 制单人）
[2026-06-14 16:45:50] INFO [run_pipeline] 财务协同编辑模板已自动生成: /var***************************************************************************************************************
[2026-06-14 16:45:50] INFO [load_total_table] 加载总表成功，共 4 条记录
[2026-06-14 16:45:50] INFO [filter_interest_fee_transactions] 筛选出 4 条利息手续费交易
[2026-06-14 16:45:50] INFO [summarize_by_period] 按month汇总生成 4 条期间汇总记录，异常 1 条
[2026-06-14 16:45:50] INFO [check_interest_fee] 利息手续费核对完成 - 总记录: 4 (利息: 2, 手续费: 2), 期间汇总: 4, 异常: 1
[2026-06-14 16:45:50] INFO [export_interest_fee_check_result] 利息手续费核对结果已导出: /var***************************************************************************************************
[2026-06-14 16:45:50] INFO [setup_logging] 日志系统初始化完成，日志文件: /Use*******************************************************************************************************
[2026-06-14 16:45:50] INFO [setup_logging] 未检测到 tkinter，将使用命令行交互模式
[2026-06-14 16:45:50] INFO [find_lookup_file] 精确匹配到主体查找表: /var**************************************************************************************
[2026-06-14 16:45:50] INFO [run_pipeline] 正在预加载主体查找表...
[2026-06-14 16:45:50] DEBUG [detect_excel_format] 文件 /var************************************************************************************** Magic Bytes 检测为 xlsx 格式 (ZIP/OOXML)
[2026-06-14 16:45:50] INFO [load_lookup_table] 查找表加载完成：共 2 条条目，2 个唯一账号，0 个扩展字段
[2026-06-14 16:45:50] INFO [run_pipeline] 主体查找表预加载完成
[2026-06-14 16:45:50] INFO [load_existing_keys] 未找到历史总表，将以全量模式运行
[2026-06-14 16:45:50] INFO [run_pipeline] 无历史数据，将以全量模式运行
[2026-06-14 16:45:50] INFO [run_pipeline] 已复制文件夹为＋检验版: /var******************************************************************************
[2026-06-14 16:45:50] DEBUG [scan_excel_files] 发现 Excel 文件: /var*******************************************************************************************
[2026-06-14 16:45:50] INFO [scan_excel_files] 共扫描到 1 个 Excel 文件
[2026-06-14 16:45:50] INFO [identify_bank] 文件「北京银行_流水.xlsx」通过前缀匹配识别为: 北京银行
[2026-06-14 16:45:50] INFO [parse] 开始处理北京银行文件: /var*******************************************************************************************
[2026-06-14 16:45:50] DEBUG [detect_excel_format] 文件 /var******************************************************************************************* Magic Bytes 检测为 xlsx 格式 (ZIP/OOXML)
[2026-06-14 16:45:50] INFO [validate_headers] 北京银行文件工作表「交易明细」表头校验通过，7 个字段均匹配
[2026-06-14 16:45:50] DEBUG [get_subject_info] 银行账号「0109年03月」匹配到主体: 北********司（优先级: 0）
[2026-06-14 16:45:50] INFO [_parse_sheet] 北京银行文件工作表「交易明细」提取 5 条记录
[2026-06-14 16:45:50] INFO [parse] 北京银行文件处理完成，共提取 5 条记录
[2026-06-14 16:45:50] INFO [run_pipeline] 成功处理文件: /var*******************************************************************************************（5 条记录）
[2026-06-14 16:45:50] DEBUG [delete_processed_files] 已删除文件: /var*******************************************************************************************
[2026-06-14 16:45:50] INFO [run_pipeline] 总表输出完成: /var***************************************************************************************（共 5 条记录）
[2026-06-14 16:45:50] INFO [apply_amount_anomaly_detection] 开始金额异常检测，单笔阈值: [金额已隐藏] 元
[2026-06-14 16:45:50] INFO [apply_amount_anomaly_detection] 金额异常检测完成：共 5 条记录，0 条异常 (0.00%)
[2026-06-14 16:45:50] INFO [apply_counterparty_rules] 对方户名规则匹配完成: 总记录 5, 命中 0, 黑名单 0, 白名单 0
[2026-06-14 16:45:50] INFO [apply_holiday_tags] 非工作日交易打标: 总记录 5, 非工作日 4 (周末 1, 节假日 2)
[2026-06-14 16:45:50] INFO [run_pipeline] 非工作日交易打标: 总记录 5, 非工作日 4 (周末 1, 节假日 2)
[2026-06-14 16:45:50] INFO [run_pipeline] 已将非工作日打标结果回写到总表: /var***************************************************************************************
[2026-06-14 16:45:50] INFO [export_masked_summary] 脱敏版总表输出完成: /var*******************************************************************************************（共 5 条记录）
[2026-06-14 16:45:50] DEBUG [init_schema] 数据库表结构初始化完成
[2026-06-14 16:45:50] INFO [connect] SQLite 数据库已连接: /Use************************************************************************************
[2026-06-14 16:45:50] INFO [disconnect] SQLite 数据库已断开
[2026-06-14 16:45:50] ERROR [persist_transactions] 数据库持久化失败: UNIQUE constraint failed: import_batches.batch_id
Traceback (most recent call last):
  File "/Users/zhangchengcheng/work/ai-project/Trea/solo0605/label-02552/tests/../backend/database.py", line 1612, in persist_transactions
    insert_count, duplicate_count = db.insert_records(
                                    ~~~~~~~~~~~~~~~~~^
        transaction_records,
        ^^^^^^^^^^^^^^^^^^^^
        batch_id=batch_id,
        ^^^^^^^^^^^^^^^^^^
        deduplicate=deduplicate,
        ^^^^^^^^^^^^^^^^^^^^^^^^
    )
    ^
  File "/Users/zhangchengcheng/work/ai-project/Trea/solo0605/label-02552/tests/../backend/database.py", line 554, in insert_records
    cursor.execute('''
    ~~~~~~~~~~~~~~^^^^
        INSERT INTO import_batches (
        ^^^^^^^^^^^^^^^^^^^^^^^^^^^^
            batch_id, total_records, started_at, status
            ^^^^^^^^^^^^^^^^^^^^^^^^^^^^^^^^^^^^^^^^^^^
        ) VALUES (?, ?, ?, ?)
        ^^^^^^^^^^^^^^^^^^^^^
    ''', (batch_id, len(records), started_at, 'processing'))
    ^^^^^^^^^^^^^^^^^^^^^^^^^^^^^^^^^^^^^^^^^^^^^^^^^^^^^^^^
sqlite3.IntegrityError: UNIQUE constraint failed: import_batches.batch_id
[2026-06-14 16:45:50] INFO [run_pipeline] 数据库持久化完成: 批次 BATC***************, 插入 0 条, 去重跳过 0 条
[2026-06-14 16:45:50] INFO [identify_internal_transfers] 内部划转识别完成: 5 条记录, 识别出 0 对 (0 划出 + 0 划入), 涉及 0 个主体, 0 家银行
[2026-06-14 16:45:50] INFO [summarize_transactions] 主体维度汇总完成: 5 条记录, 1 个主体, 1 家银行, 2 个月份, 0 个未匹配账号
[2026-06-14 16:45:50] INFO [export_subject_summary] 主体维度汇总分析已导出: /var*********************************************************************************************************
[2026-06-14 16:45:50] INFO [run_pipeline] 主体维度汇总分析已自动生成: /var*********************************************************************************************************
[2026-06-14 16:45:50] INFO [check_balance_continuity] 共 1 个账号待校验
[2026-06-14 16:45:50] DEBUG [check_balance_continuity] 校验账号: 0109年03月, 记录数: 5
[2026-06-14 16:45:50] ERROR [run_pipeline] 自动生成余额连续性校验报告失败: must be real number, not str
Traceback (most recent call last):
  File "/Users/zhangchengcheng/work/ai-project/Trea/solo0605/label-02552/tests/../backend/bankcheck.py", line 3375, in run_pipeline
    balance_check_path = generate_balance_check_from_records(
        final_rows, output_dir, source_info
    )
  File "/Users/zhangchengcheng/work/ai-project/Trea/solo0605/label-02552/tests/../backend/bankcheck.py", line 14578, in generate_balance_check_from_records
    check_result = check_balance_continuity(records, tolerance=tolerance)
  File "/Users/zhangchengcheng/work/ai-project/Trea/solo0605/label-02552/tests/../backend/bankcheck.py", line 14367, in check_balance_continuity
    logger.debug(
    ~~~~~~~~~~~~^
        '余额断裂 - 账号: %s, 日期: %s, 预期: %.2f, 实际: %.2f, 差异: %.2f',
        ^^^^^^^^^^^^^^^^^^^^^^^^^^^^^^^^^^^^^^^^^^^^^^^^^^^^^^^^^^^^^^^^^^^^
        account, curr['_date'], expected_balance, actual_balance, actual_balance - expected_balance
        ^^^^^^^^^^^^^^^^^^^^^^^^^^^^^^^^^^^^^^^^^^^^^^^^^^^^^^^^^^^^^^^^^^^^^^^^^^^^^^^^^^^^^^^^^^^
    )
    ^
  File "/opt/homebrew/Cellar/python@3.14/3.14.4_1/Frameworks/Python.framework/Versions/3.14/lib/python3.14/logging/__init__.py", line 1508, in debug
    self._log(DEBUG, msg, args, **kwargs)
    ~~~~~~~~~^^^^^^^^^^^^^^^^^^^^^^^^^^^^
  File "/opt/homebrew/Cellar/python@3.14/3.14.4_1/Frameworks/Python.framework/Versions/3.14/lib/python3.14/logging/__init__.py", line 1665, in _log
    self.handle(record)
    ~~~~~~~~~~~^^^^^^^^
  File "/opt/homebrew/Cellar/python@3.14/3.14.4_1/Frameworks/Python.framework/Versions/3.14/lib/python3.14/logging/__init__.py", line 1681, in handle
    self.callHandlers(record)
    ~~~~~~~~~~~~~~~~~^^^^^^^^
  File "/opt/homebrew/Cellar/python@3.14/3.14.4_1/Frameworks/Python.framework/Versions/3.14/lib/python3.14/logging/__init__.py", line 1737, in callHandlers
    hdlr.handle(record)
    ~~~~~~~~~~~^^^^^^^^
  File "/opt/homebrew/Cellar/python@3.14/3.14.4_1/Frameworks/Python.framework/Versions/3.14/lib/python3.14/logging/__init__.py", line 1027, in handle
    self.emit(record)
    ~~~~~~~~~^^^^^^^^
  File "/opt/homebrew/lib/python3.14/site-packages/_pytest/logging.py", line 384, in emit
    super().emit(record)
    ~~~~~~~~~~~~^^^^^^^^
  File "/opt/homebrew/Cellar/python@3.14/3.14.4_1/Frameworks/Python.framework/Versions/3.14/lib/python3.14/logging/__init__.py", line 1159, in emit
    self.handleError(record)
    ~~~~~~~~~~~~~~~~^^^^^^^^
  File "/opt/homebrew/Cellar/python@3.14/3.14.4_1/Frameworks/Python.framework/Versions/3.14/lib/python3.14/logging/__init__.py", line 1151, in emit
    msg = self.format(record)
  File "/opt/homebrew/Cellar/python@3.14/3.14.4_1/Frameworks/Python.framework/Versions/3.14/lib/python3.14/logging/__init__.py", line 999, in format
    return fmt.format(record)
           ~~~~~~~~~~^^^^^^^^
  File "/opt/homebrew/lib/python3.14/site-packages/_pytest/logging.py", line 137, in format
    return super().format(record)
           ~~~~~~~~~~~~~~^^^^^^^^
  File "/opt/homebrew/Cellar/python@3.14/3.14.4_1/Frameworks/Python.framework/Versions/3.14/lib/python3.14/logging/__init__.py", line 712, in format
    record.message = record.getMessage()
                     ~~~~~~~~~~~~~~~~~^^
  File "/opt/homebrew/Cellar/python@3.14/3.14.4_1/Frameworks/Python.framework/Versions/3.14/lib/python3.14/logging/__init__.py", line 400, in getMessage
    msg = msg % self.args
          ~~~~^~~~~~~~~~~
TypeError: must be real number, not str
[2026-06-14 16:45:50] INFO [detect_duplicates] 重复交易检测完成 - 总记录: 5, 疑似重复组: 0, 疑似重复记录: 0, 重复率: 0.00%
[2026-06-14 16:45:50] INFO [generate_duplicate_check_from_records] 未检测到重复交易，仍导出报告
[2026-06-14 16:45:50] INFO [export_duplicate_check_result] 重复交易检测结果已导出: /var*********************************************************************************************************
[2026-06-14 16:45:50] INFO [run_pipeline] 重复交易检测报告已自动生成: /var*********************************************************************************************************
[2026-06-14 16:45:50] INFO [filter_interest_fee_transactions] 筛选出 0 条利息手续费交易
[2026-06-14 16:45:50] INFO [summarize_by_period] 按month汇总生成 0 条期间汇总记录，异常 0 条
[2026-06-14 16:45:50] INFO [check_interest_fee] 利息手续费核对完成 - 总记录: 0 (利息: 0, 手续费: 0), 期间汇总: 0, 异常: 0
[2026-06-14 16:45:50] WARNING [generate_interest_fee_check_from_records] 未筛选到任何利息手续费交易，跳过报告生成
[2026-06-14 16:45:50] INFO [mark_non_workday_transactions] 非工作日交易标记完成: 总记录 5, 工作日 1, 周末 1, 法定节假日 2, 调休工作日 1
[2026-06-14 16:45:50] INFO [export_holiday_check_result] 非工作日交易标记结果已导出: /var***********************************************************************************************************
[2026-06-14 16:45:50] INFO [run_pipeline] 非工作日交易标记报告已自动生成: /var***********************************************************************************************************
[2026-06-14 16:45:50] INFO [assign_accounting_period] 会计期间归属完成: 5 条记录, 2 个期间
[2026-06-14 16:45:50] INFO [export_accounting_period_summary] 会计期间总表已导出: /var*******************************************************************************************************（2 个期间）
[2026-06-14 16:45:50] INFO [run_pipeline] 会计期间总表已自动生成: /var*******************************************************************************************************
[2026-06-14 16:45:50] INFO [save_report] 性能剖析报告已保存: /var*****************************************************************************************************
[2026-06-14 16:45:50] INFO [save_report] 性能剖析数据已保存: /var*******************************************************************************************************
[2026-06-14 16:45:50] INFO [run_pipeline] 性能剖析报告已生成: /var*****************************************************************************************************
[2026-06-14 16:45:50] INFO [generate_collab_template] 财务协同编辑模板生成完成: /var***************************************************************************************************************（可编辑列: 凭证号, 凭证日期, 会计科目编码, 会计科目名称, 备注, 制单人）
[2026-06-14 16:45:50] INFO [run_pipeline] 财务协同编辑模板已自动生成: /var***************************************************************************************************************
[2026-06-14 16:45:50] INFO [setup_logging] 日志系统初始化完成，日志文件: /Use*******************************************************************************************************
[2026-06-14 16:45:50] INFO [setup_logging] 未检测到 tkinter，将使用命令行交互模式
[2026-06-14 16:45:50] INFO [find_lookup_file] 精确匹配到主体查找表: /var**************************************************************************************
[2026-06-14 16:45:50] INFO [run_pipeline] 正在预加载主体查找表...
[2026-06-14 16:45:50] DEBUG [detect_excel_format] 文件 /var************************************************************************************** Magic Bytes 检测为 xlsx 格式 (ZIP/OOXML)
[2026-06-14 16:45:50] INFO [load_lookup_table] 查找表加载完成：共 2 条条目，2 个唯一账号，0 个扩展字段
[2026-06-14 16:45:50] INFO [run_pipeline] 主体查找表预加载完成
[2026-06-14 16:45:50] INFO [load_existing_keys] 未找到历史总表，将以全量模式运行
[2026-06-14 16:45:50] INFO [run_pipeline] 无历史数据，将以全量模式运行
[2026-06-14 16:45:50] INFO [run_pipeline] 已复制文件夹为＋检验版: /var******************************************************************************
[2026-06-14 16:45:50] DEBUG [scan_excel_files] 发现 Excel 文件: /var*******************************************************************************************
[2026-06-14 16:45:50] INFO [scan_excel_files] 共扫描到 1 个 Excel 文件
[2026-06-14 16:45:50] INFO [identify_bank] 文件「北京银行_流水.xlsx」通过前缀匹配识别为: 北京银行
[2026-06-14 16:45:50] INFO [parse] 开始处理北京银行文件: /var*******************************************************************************************
[2026-06-14 16:45:50] DEBUG [detect_excel_format] 文件 /var******************************************************************************************* Magic Bytes 检测为 xlsx 格式 (ZIP/OOXML)
[2026-06-14 16:45:50] INFO [validate_headers] 北京银行文件工作表「交易明细」表头校验通过，7 个字段均匹配
[2026-06-14 16:45:50] DEBUG [get_subject_info] 银行账号「0109年03月」匹配到主体: 北********司（优先级: 0）
[2026-06-14 16:45:50] INFO [_parse_sheet] 北京银行文件工作表「交易明细」提取 2 条记录
[2026-06-14 16:45:50] INFO [parse] 北京银行文件处理完成，共提取 2 条记录
[2026-06-14 16:45:50] INFO [run_pipeline] 成功处理文件: /var*******************************************************************************************（2 条记录）
[2026-06-14 16:45:50] DEBUG [delete_processed_files] 已删除文件: /var*******************************************************************************************
[2026-06-14 16:45:50] INFO [run_pipeline] 总表输出完成: /var***************************************************************************************（共 2 条记录）
[2026-06-14 16:45:50] INFO [apply_amount_anomaly_detection] 开始金额异常检测，单笔阈值: [金额已隐藏] 元
[2026-06-14 16:45:50] INFO [apply_amount_anomaly_detection] 金额异常检测完成：共 2 条记录，0 条异常 (0.00%)
[2026-06-14 16:45:50] INFO [apply_counterparty_rules] 对方户名规则匹配完成: 总记录 2, 命中 0, 黑名单 0, 白名单 0
[2026-06-14 16:45:50] INFO [export_masked_summary] 脱敏版总表输出完成: /var*******************************************************************************************（共 2 条记录）
[2026-06-14 16:45:50] DEBUG [init_schema] 数据库表结构初始化完成
[2026-06-14 16:45:50] INFO [connect] SQLite 数据库已连接: /Use************************************************************************************
[2026-06-14 16:45:50] INFO [disconnect] SQLite 数据库已断开
[2026-06-14 16:45:50] ERROR [persist_transactions] 数据库持久化失败: UNIQUE constraint failed: import_batches.batch_id
Traceback (most recent call last):
  File "/Users/zhangchengcheng/work/ai-project/Trea/solo0605/label-02552/tests/../backend/database.py", line 1612, in persist_transactions
    insert_count, duplicate_count = db.insert_records(
                                    ~~~~~~~~~~~~~~~~~^
        transaction_records,
        ^^^^^^^^^^^^^^^^^^^^
        batch_id=batch_id,
        ^^^^^^^^^^^^^^^^^^
        deduplicate=deduplicate,
        ^^^^^^^^^^^^^^^^^^^^^^^^
    )
    ^
  File "/Users/zhangchengcheng/work/ai-project/Trea/solo0605/label-02552/tests/../backend/database.py", line 554, in insert_records
    cursor.execute('''
    ~~~~~~~~~~~~~~^^^^
        INSERT INTO import_batches (
        ^^^^^^^^^^^^^^^^^^^^^^^^^^^^
            batch_id, total_records, started_at, status
            ^^^^^^^^^^^^^^^^^^^^^^^^^^^^^^^^^^^^^^^^^^^
        ) VALUES (?, ?, ?, ?)
        ^^^^^^^^^^^^^^^^^^^^^
    ''', (batch_id, len(records), started_at, 'processing'))
    ^^^^^^^^^^^^^^^^^^^^^^^^^^^^^^^^^^^^^^^^^^^^^^^^^^^^^^^^
sqlite3.IntegrityError: UNIQUE constraint failed: import_batches.batch_id
[2026-06-14 16:45:50] INFO [run_pipeline] 数据库持久化完成: 批次 BATC***************, 插入 0 条, 去重跳过 0 条
[2026-06-14 16:45:50] INFO [identify_internal_transfers] 内部划转识别完成: 2 条记录, 识别出 0 对 (0 划出 + 0 划入), 涉及 0 个主体, 0 家银行
[2026-06-14 16:45:50] INFO [summarize_transactions] 主体维度汇总完成: 2 条记录, 1 个主体, 1 家银行, 1 个月份, 0 个未匹配账号
[2026-06-14 16:45:50] INFO [export_subject_summary] 主体维度汇总分析已导出: /var*********************************************************************************************************
[2026-06-14 16:45:50] INFO [run_pipeline] 主体维度汇总分析已自动生成: /var*********************************************************************************************************
[2026-06-14 16:45:50] INFO [check_balance_continuity] 共 1 个账号待校验
[2026-06-14 16:45:50] DEBUG [check_balance_continuity] 校验账号: 0109年03月, 记录数: 2
[2026-06-14 16:45:50] INFO [check_balance_continuity] 余额连续性校验完成 - 总账号: 1, 已校验: 1, 跳过: 0, 异常笔数: 0, 异常账号: 0
[2026-06-14 16:45:51] INFO [export_balance_check_result] 余额连续性校验结果已导出: /var**********************************************************************************************************
[2026-06-14 16:45:51] INFO [run_pipeline] 余额连续性校验报告已自动生成: /var**********************************************************************************************************
[2026-06-14 16:45:51] INFO [detect_duplicates] 重复交易检测完成 - 总记录: 2, 疑似重复组: 0, 疑似重复记录: 0, 重复率: 0.00%
[2026-06-14 16:45:51] INFO [generate_duplicate_check_from_records] 未检测到重复交易，仍导出报告
[2026-06-14 16:45:51] INFO [export_duplicate_check_result] 重复交易检测结果已导出: /var*********************************************************************************************************
[2026-06-14 16:45:51] INFO [run_pipeline] 重复交易检测报告已自动生成: /var*********************************************************************************************************
[2026-06-14 16:45:51] INFO [filter_interest_fee_transactions] 筛选出 0 条利息手续费交易
[2026-06-14 16:45:51] INFO [summarize_by_period] 按month汇总生成 0 条期间汇总记录，异常 0 条
[2026-06-14 16:45:51] INFO [check_interest_fee] 利息手续费核对完成 - 总记录: 0 (利息: 0, 手续费: 0), 期间汇总: 0, 异常: 0
[2026-06-14 16:45:51] WARNING [generate_interest_fee_check_from_records] 未筛选到任何利息手续费交易，跳过报告生成
[2026-06-14 16:45:51] INFO [mark_non_workday_transactions] 非工作日交易标记完成: 总记录 2, 工作日 2, 周末 0, 法定节假日 0, 调休工作日 0
[2026-06-14 16:45:51] INFO [generate_holiday_check_from_records] 未发现非工作日交易，仍导出报告
[2026-06-14 16:45:51] INFO [export_holiday_check_result] 非工作日交易标记结果已导出: /var***********************************************************************************************************
[2026-06-14 16:45:51] INFO [run_pipeline] 非工作日交易标记报告已自动生成: /var***********************************************************************************************************
[2026-06-14 16:45:51] INFO [assign_accounting_period] 会计期间归属完成: 2 条记录, 1 个期间
[2026-06-14 16:45:51] INFO [export_accounting_period_summary] 会计期间总表已导出: /var*******************************************************************************************************（1 个期间）
[2026-06-14 16:45:51] INFO [run_pipeline] 会计期间总表已自动生成: /var*******************************************************************************************************
[2026-06-14 16:45:51] INFO [save_report] 性能剖析报告已保存: /var*****************************************************************************************************
[2026-06-14 16:45:51] INFO [save_report] 性能剖析数据已保存: /var*******************************************************************************************************
[2026-06-14 16:45:51] INFO [run_pipeline] 性能剖析报告已生成: /var*****************************************************************************************************
[2026-06-14 16:45:51] INFO [generate_collab_template] 财务协同编辑模板生成完成: /var***************************************************************************************************************（可编辑列: 凭证号, 凭证日期, 会计科目编码, 会计科目名称, 备注, 制单人）
[2026-06-14 16:45:51] INFO [run_pipeline] 财务协同编辑模板已自动生成: /var***************************************************************************************************************
[2026-06-14 16:45:51] INFO [load_total_table] 加载总表成功，共 2 条记录
[2026-06-14 16:45:51] INFO [mark_non_workday_transactions] 非工作日交易标记完成: 总记录 2, 工作日 2, 周末 0, 法定节假日 0, 调休工作日 0
[2026-06-14 16:45:51] INFO [generate_holiday_check_from_records] 未发现非工作日交易，仍导出报告
[2026-06-14 16:45:51] INFO [export_holiday_check_result] 非工作日交易标记结果已导出: /var****************************************************************************************************
[2026-06-14 16:45:51] INFO [setup_logging] 日志系统初始化完成，日志文件: /Use*******************************************************************************************************
[2026-06-14 16:45:51] INFO [setup_logging] 未检测到 tkinter，将使用命令行交互模式
[2026-06-14 16:45:51] INFO [find_lookup_file] 精确匹配到主体查找表: /var**************************************************************************************
[2026-06-14 16:45:51] INFO [run_pipeline] 正在预加载主体查找表...
[2026-06-14 16:45:51] DEBUG [detect_excel_format] 文件 /var************************************************************************************** Magic Bytes 检测为 xlsx 格式 (ZIP/OOXML)
[2026-06-14 16:45:51] INFO [load_lookup_table] 查找表加载完成：共 2 条条目，2 个唯一账号，0 个扩展字段
[2026-06-14 16:45:51] INFO [run_pipeline] 主体查找表预加载完成
[2026-06-14 16:45:51] INFO [load_existing_keys] 未找到历史总表，将以全量模式运行
[2026-06-14 16:45:51] INFO [run_pipeline] 无历史数据，将以全量模式运行
[2026-06-14 16:45:51] INFO [run_pipeline] 已复制文件夹为＋检验版: /var******************************************************************************
[2026-06-14 16:45:51] DEBUG [scan_excel_files] 发现 Excel 文件: /var*******************************************************************************************
[2026-06-14 16:45:51] INFO [scan_excel_files] 共扫描到 1 个 Excel 文件
[2026-06-14 16:45:51] INFO [identify_bank] 文件「北京银行_流水.xlsx」通过前缀匹配识别为: 北京银行
[2026-06-14 16:45:51] INFO [parse] 开始处理北京银行文件: /var*******************************************************************************************
[2026-06-14 16:45:51] DEBUG [detect_excel_format] 文件 /var******************************************************************************************* Magic Bytes 检测为 xlsx 格式 (ZIP/OOXML)
[2026-06-14 16:45:51] INFO [validate_headers] 北京银行文件工作表「交易明细」表头校验通过，7 个字段均匹配
[2026-06-14 16:45:51] DEBUG [get_subject_info] 银行账号「0109年03月」匹配到主体: 北********司（优先级: 0）
[2026-06-14 16:45:51] INFO [_parse_sheet] 北京银行文件工作表「交易明细」提取 5 条记录
[2026-06-14 16:45:51] INFO [parse] 北京银行文件处理完成，共提取 5 条记录
[2026-06-14 16:45:51] INFO [run_pipeline] 成功处理文件: /var*******************************************************************************************（5 条记录）
[2026-06-14 16:45:51] DEBUG [delete_processed_files] 已删除文件: /var*******************************************************************************************
[2026-06-14 16:45:51] INFO [run_pipeline] 总表输出完成: /var***************************************************************************************（共 5 条记录）
[2026-06-14 16:45:51] INFO [apply_amount_anomaly_detection] 开始金额异常检测，单笔阈值: [金额已隐藏] 元
[2026-06-14 16:45:51] INFO [apply_amount_anomaly_detection] 金额异常检测完成：共 5 条记录，0 条异常 (0.00%)
[2026-06-14 16:45:51] INFO [apply_counterparty_rules] 对方户名规则匹配完成: 总记录 5, 命中 0, 黑名单 0, 白名单 0
[2026-06-14 16:45:51] INFO [apply_holiday_tags] 非工作日交易打标: 总记录 5, 非工作日 4 (周末 1, 节假日 2)
[2026-06-14 16:45:51] INFO [run_pipeline] 非工作日交易打标: 总记录 5, 非工作日 4 (周末 1, 节假日 2)
[2026-06-14 16:45:51] INFO [run_pipeline] 已将非工作日打标结果回写到总表: /var***************************************************************************************
[2026-06-14 16:45:51] INFO [export_masked_summary] 脱敏版总表输出完成: /var*******************************************************************************************（共 5 条记录）
[2026-06-14 16:45:51] DEBUG [init_schema] 数据库表结构初始化完成
[2026-06-14 16:45:51] INFO [connect] SQLite 数据库已连接: /Use************************************************************************************
[2026-06-14 16:45:51] INFO [insert_records] 已加载 25 个历史匹配键用于去重
[2026-06-14 16:45:51] INFO [insert_records] 批量导入完成: 批次 BATC***************, 共 5 条, 新增 0 条, 重复 5 条
[2026-06-14 16:45:51] INFO [disconnect] SQLite 数据库已断开
[2026-06-14 16:45:51] INFO [run_pipeline] 数据库持久化完成: 批次 BATC***************, 插入 0 条, 去重跳过 5 条
[2026-06-14 16:45:51] INFO [identify_internal_transfers] 内部划转识别完成: 5 条记录, 识别出 0 对 (0 划出 + 0 划入), 涉及 0 个主体, 0 家银行
[2026-06-14 16:45:51] INFO [summarize_transactions] 主体维度汇总完成: 5 条记录, 1 个主体, 1 家银行, 2 个月份, 0 个未匹配账号
[2026-06-14 16:45:51] INFO [export_subject_summary] 主体维度汇总分析已导出: /var*********************************************************************************************************
[2026-06-14 16:45:51] INFO [run_pipeline] 主体维度汇总分析已自动生成: /var*********************************************************************************************************
[2026-06-14 16:45:51] INFO [check_balance_continuity] 共 1 个账号待校验
[2026-06-14 16:45:51] DEBUG [check_balance_continuity] 校验账号: 0109年03月, 记录数: 5
[2026-06-14 16:45:51] ERROR [run_pipeline] 自动生成余额连续性校验报告失败: must be real number, not str
Traceback (most recent call last):
  File "/Users/zhangchengcheng/work/ai-project/Trea/solo0605/label-02552/tests/../backend/bankcheck.py", line 3375, in run_pipeline
    balance_check_path = generate_balance_check_from_records(
        final_rows, output_dir, source_info
    )
  File "/Users/zhangchengcheng/work/ai-project/Trea/solo0605/label-02552/tests/../backend/bankcheck.py", line 14578, in generate_balance_check_from_records
    check_result = check_balance_continuity(records, tolerance=tolerance)
  File "/Users/zhangchengcheng/work/ai-project/Trea/solo0605/label-02552/tests/../backend/bankcheck.py", line 14367, in check_balance_continuity
    logger.debug(
    ~~~~~~~~~~~~^
        '余额断裂 - 账号: %s, 日期: %s, 预期: %.2f, 实际: %.2f, 差异: %.2f',
        ^^^^^^^^^^^^^^^^^^^^^^^^^^^^^^^^^^^^^^^^^^^^^^^^^^^^^^^^^^^^^^^^^^^^
        account, curr['_date'], expected_balance, actual_balance, actual_balance - expected_balance
        ^^^^^^^^^^^^^^^^^^^^^^^^^^^^^^^^^^^^^^^^^^^^^^^^^^^^^^^^^^^^^^^^^^^^^^^^^^^^^^^^^^^^^^^^^^^
    )
    ^
  File "/opt/homebrew/Cellar/python@3.14/3.14.4_1/Frameworks/Python.framework/Versions/3.14/lib/python3.14/logging/__init__.py", line 1508, in debug
    self._log(DEBUG, msg, args, **kwargs)
    ~~~~~~~~~^^^^^^^^^^^^^^^^^^^^^^^^^^^^
  File "/opt/homebrew/Cellar/python@3.14/3.14.4_1/Frameworks/Python.framework/Versions/3.14/lib/python3.14/logging/__init__.py", line 1665, in _log
    self.handle(record)
    ~~~~~~~~~~~^^^^^^^^
  File "/opt/homebrew/Cellar/python@3.14/3.14.4_1/Frameworks/Python.framework/Versions/3.14/lib/python3.14/logging/__init__.py", line 1681, in handle
    self.callHandlers(record)
    ~~~~~~~~~~~~~~~~~^^^^^^^^
  File "/opt/homebrew/Cellar/python@3.14/3.14.4_1/Frameworks/Python.framework/Versions/3.14/lib/python3.14/logging/__init__.py", line 1737, in callHandlers
    hdlr.handle(record)
    ~~~~~~~~~~~^^^^^^^^
  File "/opt/homebrew/Cellar/python@3.14/3.14.4_1/Frameworks/Python.framework/Versions/3.14/lib/python3.14/logging/__init__.py", line 1027, in handle
    self.emit(record)
    ~~~~~~~~~^^^^^^^^
  File "/opt/homebrew/lib/python3.14/site-packages/_pytest/logging.py", line 384, in emit
    super().emit(record)
    ~~~~~~~~~~~~^^^^^^^^
  File "/opt/homebrew/Cellar/python@3.14/3.14.4_1/Frameworks/Python.framework/Versions/3.14/lib/python3.14/logging/__init__.py", line 1159, in emit
    self.handleError(record)
    ~~~~~~~~~~~~~~~~^^^^^^^^
  File "/opt/homebrew/Cellar/python@3.14/3.14.4_1/Frameworks/Python.framework/Versions/3.14/lib/python3.14/logging/__init__.py", line 1151, in emit
    msg = self.format(record)
  File "/opt/homebrew/Cellar/python@3.14/3.14.4_1/Frameworks/Python.framework/Versions/3.14/lib/python3.14/logging/__init__.py", line 999, in format
    return fmt.format(record)
           ~~~~~~~~~~^^^^^^^^
  File "/opt/homebrew/lib/python3.14/site-packages/_pytest/logging.py", line 137, in format
    return super().format(record)
           ~~~~~~~~~~~~~~^^^^^^^^
  File "/opt/homebrew/Cellar/python@3.14/3.14.4_1/Frameworks/Python.framework/Versions/3.14/lib/python3.14/logging/__init__.py", line 712, in format
    record.message = record.getMessage()
                     ~~~~~~~~~~~~~~~~~^^
  File "/opt/homebrew/Cellar/python@3.14/3.14.4_1/Frameworks/Python.framework/Versions/3.14/lib/python3.14/logging/__init__.py", line 400, in getMessage
    msg = msg % self.args
          ~~~~^~~~~~~~~~~
TypeError: must be real number, not str
[2026-06-14 16:45:51] INFO [detect_duplicates] 重复交易检测完成 - 总记录: 5, 疑似重复组: 0, 疑似重复记录: 0, 重复率: 0.00%
[2026-06-14 16:45:51] INFO [generate_duplicate_check_from_records] 未检测到重复交易，仍导出报告
[2026-06-14 16:45:51] INFO [export_duplicate_check_result] 重复交易检测结果已导出: /var*********************************************************************************************************
[2026-06-14 16:45:51] INFO [run_pipeline] 重复交易检测报告已自动生成: /var*********************************************************************************************************
[2026-06-14 16:45:51] INFO [filter_interest_fee_transactions] 筛选出 0 条利息手续费交易
[2026-06-14 16:45:51] INFO [summarize_by_period] 按month汇总生成 0 条期间汇总记录，异常 0 条
[2026-06-14 16:45:51] INFO [check_interest_fee] 利息手续费核对完成 - 总记录: 0 (利息: 0, 手续费: 0), 期间汇总: 0, 异常: 0
[2026-06-14 16:45:51] WARNING [generate_interest_fee_check_from_records] 未筛选到任何利息手续费交易，跳过报告生成
[2026-06-14 16:45:51] INFO [mark_non_workday_transactions] 非工作日交易标记完成: 总记录 5, 工作日 1, 周末 1, 法定节假日 2, 调休工作日 1
[2026-06-14 16:45:51] INFO [export_holiday_check_result] 非工作日交易标记结果已导出: /var***********************************************************************************************************
[2026-06-14 16:45:51] INFO [run_pipeline] 非工作日交易标记报告已自动生成: /var***********************************************************************************************************
[2026-06-14 16:45:51] INFO [assign_accounting_period] 会计期间归属完成: 5 条记录, 2 个期间
[2026-06-14 16:45:51] INFO [export_accounting_period_summary] 会计期间总表已导出: /var*******************************************************************************************************（2 个期间）
[2026-06-14 16:45:51] INFO [run_pipeline] 会计期间总表已自动生成: /var*******************************************************************************************************
[2026-06-14 16:45:51] INFO [save_report] 性能剖析报告已保存: /var*****************************************************************************************************
[2026-06-14 16:45:51] INFO [save_report] 性能剖析数据已保存: /var*******************************************************************************************************
[2026-06-14 16:45:51] INFO [run_pipeline] 性能剖析报告已生成: /var*****************************************************************************************************
[2026-06-14 16:45:51] INFO [generate_collab_template] 财务协同编辑模板生成完成: /var***************************************************************************************************************（可编辑列: 凭证号, 凭证日期, 会计科目编码, 会计科目名称, 备注, 制单人）
[2026-06-14 16:45:51] INFO [run_pipeline] 财务协同编辑模板已自动生成: /var***************************************************************************************************************
[2026-06-14 16:45:51] INFO [setup_logging] 日志系统初始化完成，日志文件: /Use*******************************************************************************************************
[2026-06-14 16:45:51] INFO [setup_logging] 未检测到 tkinter，将使用命令行交互模式
[2026-06-14 16:45:51] INFO [setup_logging] 日志系统初始化完成，日志文件: /Use*******************************************************************************************************
[2026-06-14 16:45:51] INFO [setup_logging] 未检测到 tkinter，将使用命令行交互模式
[2026-06-14 16:45:51] INFO [setup_logging] 日志系统初始化完成，日志文件: /Use*******************************************************************************************************
[2026-06-14 16:45:51] INFO [setup_logging] 未检测到 tkinter，将使用命令行交互模式
[2026-06-14 16:45:51] INFO [setup_logging] 日志系统初始化完成，日志文件: /Use*******************************************************************************************************
[2026-06-14 16:45:51] INFO [setup_logging] 未检测到 tkinter，将使用命令行交互模式
[2026-06-14 16:45:51] INFO [setup_logging] 日志系统初始化完成，日志文件: /Use*******************************************************************************************************
[2026-06-14 16:45:51] INFO [setup_logging] 未检测到 tkinter，将使用命令行交互模式
[2026-06-14 16:45:51] INFO [setup_logging] 日志系统初始化完成，日志文件: /Use*******************************************************************************************************
[2026-06-14 16:45:51] INFO [setup_logging] 未检测到 tkinter，将使用命令行交互模式
[2026-06-14 16:45:51] INFO [setup_logging] 日志系统初始化完成，日志文件: /Use*******************************************************************************************************
[2026-06-14 16:45:51] INFO [setup_logging] 未检测到 tkinter，将使用命令行交互模式
[2026-06-14 16:45:51] INFO [setup_logging] 日志系统初始化完成，日志文件: /Use*******************************************************************************************************
[2026-06-14 16:45:51] INFO [setup_logging] 未检测到 tkinter，将使用命令行交互模式
[2026-06-14 16:45:51] INFO [setup_logging] 日志系统初始化完成，日志文件: /Use*******************************************************************************************************
[2026-06-14 16:45:51] INFO [setup_logging] 未检测到 tkinter，将使用命令行交互模式
[2026-06-14 16:45:51] INFO [setup_logging] 日志系统初始化完成，日志文件: /Use*******************************************************************************************************
[2026-06-14 16:45:51] INFO [setup_logging] 未检测到 tkinter，将使用命令行交互模式
[2026-06-14 16:45:51] INFO [setup_logging] 日志系统初始化完成，日志文件: /Use*******************************************************************************************************
[2026-06-14 16:45:51] INFO [setup_logging] 未检测到 tkinter，将使用命令行交互模式
[2026-06-14 16:45:51] INFO [setup_logging] 日志系统初始化完成，日志文件: /Use*******************************************************************************************************
[2026-06-14 16:45:51] INFO [setup_logging] 未检测到 tkinter，将使用命令行交互模式
[2026-06-14 16:45:51] INFO [setup_logging] 日志系统初始化完成，日志文件: /Use*******************************************************************************************************
[2026-06-14 16:45:51] INFO [setup_logging] 未检测到 tkinter，将使用命令行交互模式
[2026-06-14 16:45:51] INFO [setup_logging] 日志系统初始化完成，日志文件: /Use*******************************************************************************************************
[2026-06-14 16:45:51] INFO [setup_logging] 未检测到 tkinter，将使用命令行交互模式
[2026-06-14 16:45:51] INFO [setup_logging] 日志系统初始化完成，日志文件: /Use*******************************************************************************************************
[2026-06-14 16:45:51] INFO [setup_logging] 未检测到 tkinter，将使用命令行交互模式
[2026-06-14 16:45:51] INFO [setup_logging] 日志系统初始化完成，日志文件: /Use*******************************************************************************************************
[2026-06-14 16:45:51] INFO [setup_logging] 未检测到 tkinter，将使用命令行交互模式
[2026-06-14 16:45:51] INFO [setup_logging] 日志系统初始化完成，日志文件: /Use*******************************************************************************************************
[2026-06-14 16:45:51] INFO [setup_logging] 未检测到 tkinter，将使用命令行交互模式
[2026-06-14 16:45:51] INFO [setup_logging] 日志系统初始化完成，日志文件: /Use*******************************************************************************************************
[2026-06-14 16:45:51] INFO [setup_logging] 未检测到 tkinter，将使用命令行交互模式
[2026-06-14 16:45:51] INFO [setup_logging] 日志系统初始化完成，日志文件: /Use*******************************************************************************************************
[2026-06-14 16:45:51] INFO [setup_logging] 未检测到 tkinter，将使用命令行交互模式
[2026-06-14 16:45:51] INFO [_cmd_process] CLI process: 目录=/var**************************************************************************, 增量=True, 保留策略=keep_unprocessed, dry_run=False
[2026-06-14 16:45:51] INFO [find_lookup_file] 精确匹配到主体查找表: /var**************************************************************************************
[2026-06-14 16:45:51] INFO [run_pipeline_with_options] 正在预加载主体查找表...
[2026-06-14 16:45:51] DEBUG [detect_excel_format] 文件 /var************************************************************************************** Magic Bytes 检测为 xlsx 格式 (ZIP/OOXML)
[2026-06-14 16:45:51] INFO [load_lookup_table] 查找表加载完成：共 2 条条目，2 个唯一账号，0 个扩展字段
[2026-06-14 16:45:51] INFO [run_pipeline_with_options] 主体查找表预加载完成
[2026-06-14 16:45:51] INFO [load_existing_keys] 未找到历史总表，将以全量模式运行
[2026-06-14 16:45:51] INFO [run_pipeline_with_options] 无历史数据，将以全量模式运行
[2026-06-14 16:45:51] INFO [run_pipeline_with_options] 已复制文件夹为＋检验版: /var******************************************************************************
[2026-06-14 16:45:51] DEBUG [scan_excel_files] 发现 Excel 文件: /var*******************************************************************************************
[2026-06-14 16:45:51] INFO [scan_excel_files] 共扫描到 1 个 Excel 文件
[2026-06-14 16:45:51] INFO [identify_bank] 文件「北京银行_流水.xlsx」通过前缀匹配识别为: 北京银行
[2026-06-14 16:45:51] INFO [parse] 开始处理北京银行文件: /var*******************************************************************************************
[2026-06-14 16:45:51] DEBUG [detect_excel_format] 文件 /var******************************************************************************************* Magic Bytes 检测为 xlsx 格式 (ZIP/OOXML)
[2026-06-14 16:45:51] INFO [validate_headers] 北京银行文件工作表「交易明细」表头校验通过，7 个字段均匹配
[2026-06-14 16:45:51] DEBUG [get_subject_info] 银行账号「0109年03月」匹配到主体: 北********司（优先级: 0）
[2026-06-14 16:45:51] INFO [_parse_sheet] 北京银行文件工作表「交易明细」提取 2 条记录
[2026-06-14 16:45:51] INFO [parse] 北京银行文件处理完成，共提取 2 条记录
[2026-06-14 16:45:51] INFO [run_pipeline_with_options] 成功处理文件: /var*******************************************************************************************（2 条记录）
[2026-06-14 16:45:51] INFO [run_pipeline_with_options] 保留策略：仅保留未处理文件
[2026-06-14 16:45:51] DEBUG [delete_processed_files] 已删除文件: /var*******************************************************************************************
[2026-06-14 16:45:51] INFO [run_pipeline_with_options] 总表输出完成: /var***************************************************************************************（共 2 条记录）
[2026-06-14 16:45:51] INFO [apply_amount_anomaly_detection] 开始金额异常检测，单笔阈值: [金额已隐藏] 元
[2026-06-14 16:45:51] INFO [apply_amount_anomaly_detection] 金额异常检测完成：共 2 条记录，0 条异常 (0.00%)
[2026-06-14 16:45:51] INFO [apply_counterparty_rules] 对方户名规则匹配完成: 总记录 2, 命中 0, 黑名单 0, 白名单 0
[2026-06-14 16:45:51] INFO [export_masked_summary] 脱敏版总表输出完成: /var*******************************************************************************************（共 2 条记录）
[2026-06-14 16:45:51] DEBUG [init_schema] 数据库表结构初始化完成
[2026-06-14 16:45:51] INFO [connect] SQLite 数据库已连接: /Use************************************************************************************
[2026-06-14 16:45:51] INFO [disconnect] SQLite 数据库已断开
[2026-06-14 16:45:51] ERROR [persist_transactions] 数据库持久化失败: UNIQUE constraint failed: import_batches.batch_id
Traceback (most recent call last):
  File "/Users/zhangchengcheng/work/ai-project/Trea/solo0605/label-02552/tests/../backend/database.py", line 1612, in persist_transactions
    insert_count, duplicate_count = db.insert_records(
                                    ~~~~~~~~~~~~~~~~~^
        transaction_records,
        ^^^^^^^^^^^^^^^^^^^^
        batch_id=batch_id,
        ^^^^^^^^^^^^^^^^^^
        deduplicate=deduplicate,
        ^^^^^^^^^^^^^^^^^^^^^^^^
    )
    ^
  File "/Users/zhangchengcheng/work/ai-project/Trea/solo0605/label-02552/tests/../backend/database.py", line 554, in insert_records
    cursor.execute('''
    ~~~~~~~~~~~~~~^^^^
        INSERT INTO import_batches (
        ^^^^^^^^^^^^^^^^^^^^^^^^^^^^
            batch_id, total_records, started_at, status
            ^^^^^^^^^^^^^^^^^^^^^^^^^^^^^^^^^^^^^^^^^^^
        ) VALUES (?, ?, ?, ?)
        ^^^^^^^^^^^^^^^^^^^^^
    ''', (batch_id, len(records), started_at, 'processing'))
    ^^^^^^^^^^^^^^^^^^^^^^^^^^^^^^^^^^^^^^^^^^^^^^^^^^^^^^^^
sqlite3.IntegrityError: UNIQUE constraint failed: import_batches.batch_id
[2026-06-14 16:45:51] INFO [run_pipeline_with_options] 数据库持久化完成: 批次 BATC***************, 插入 0 条, 去重跳过 0 条
[2026-06-14 16:45:51] INFO [identify_internal_transfers] 内部划转识别完成: 2 条记录, 识别出 0 对 (0 划出 + 0 划入), 涉及 0 个主体, 0 家银行
[2026-06-14 16:45:51] INFO [summarize_transactions] 主体维度汇总完成: 2 条记录, 1 个主体, 1 家银行, 1 个月份, 0 个未匹配账号
[2026-06-14 16:45:51] INFO [export_subject_summary] 主体维度汇总分析已导出: /var*********************************************************************************************************
[2026-06-14 16:45:51] INFO [run_pipeline_with_options] 主体维度汇总分析已自动生成: /var*********************************************************************************************************
[2026-06-14 16:45:51] INFO [check_balance_continuity] 共 1 个账号待校验
[2026-06-14 16:45:51] DEBUG [check_balance_continuity] 校验账号: 0109年03月, 记录数: 2
[2026-06-14 16:45:51] INFO [check_balance_continuity] 余额连续性校验完成 - 总账号: 1, 已校验: 1, 跳过: 0, 异常笔数: 0, 异常账号: 0
[2026-06-14 16:45:51] INFO [export_balance_check_result] 余额连续性校验结果已导出: /var**********************************************************************************************************
[2026-06-14 16:45:51] INFO [run_pipeline_with_options] 余额连续性校验报告已自动生成: /var**********************************************************************************************************
[2026-06-14 16:45:51] INFO [detect_duplicates] 重复交易检测完成 - 总记录: 2, 疑似重复组: 0, 疑似重复记录: 0, 重复率: 0.00%
[2026-06-14 16:45:51] INFO [generate_duplicate_check_from_records] 未检测到重复交易，仍导出报告
[2026-06-14 16:45:51] INFO [export_duplicate_check_result] 重复交易检测结果已导出: /var*********************************************************************************************************
[2026-06-14 16:45:51] INFO [run_pipeline_with_options] 重复交易检测报告已自动生成: /var*********************************************************************************************************
[2026-06-14 16:45:51] INFO [filter_interest_fee_transactions] 筛选出 0 条利息手续费交易
[2026-06-14 16:45:51] INFO [summarize_by_period] 按month汇总生成 0 条期间汇总记录，异常 0 条
[2026-06-14 16:45:51] INFO [check_interest_fee] 利息手续费核对完成 - 总记录: 0 (利息: 0, 手续费: 0), 期间汇总: 0, 异常: 0
[2026-06-14 16:45:51] WARNING [generate_interest_fee_check_from_records] 未筛选到任何利息手续费交易，跳过报告生成
[2026-06-14 16:45:51] INFO [mark_non_workday_transactions] 非工作日交易标记完成: 总记录 2, 工作日 2, 周末 0, 法定节假日 0, 调休工作日 0
[2026-06-14 16:45:51] INFO [generate_holiday_check_from_records] 未发现非工作日交易，仍导出报告
[2026-06-14 16:45:51] INFO [export_holiday_check_result] 非工作日交易标记结果已导出: /var***********************************************************************************************************
[2026-06-14 16:45:51] INFO [run_pipeline_with_options] 非工作日交易标记报告已自动生成: /var***********************************************************************************************************
[2026-06-14 16:45:51] INFO [setup_logging] 日志系统初始化完成，日志文件: /Use*******************************************************************************************************
[2026-06-14 16:45:51] INFO [setup_logging] 未检测到 tkinter，将使用命令行交互模式
[2026-06-14 16:45:51] ERROR [_cmd_process] 目录不存在: /var***************************************************************************************
[2026-06-14 16:45:51] INFO [setup_logging] 日志系统初始化完成，日志文件: /Use*******************************************************************************************************
[2026-06-14 16:45:51] INFO [setup_logging] 未检测到 tkinter，将使用命令行交互模式
[2026-06-14 16:45:51] INFO [_cmd_process] CLI process: 目录=/var**************************************************************************, 增量=False, 保留策略=keep_unprocessed, dry_run=False
[2026-06-14 16:45:51] INFO [find_lookup_file] 精确匹配到主体查找表: /var**************************************************************************************
[2026-06-14 16:45:51] INFO [run_pipeline_with_options] 正在预加载主体查找表...
[2026-06-14 16:45:51] DEBUG [detect_excel_format] 文件 /var************************************************************************************** Magic Bytes 检测为 xlsx 格式 (ZIP/OOXML)
[2026-06-14 16:45:51] INFO [load_lookup_table] 查找表加载完成：共 2 条条目，2 个唯一账号，0 个扩展字段
[2026-06-14 16:45:51] INFO [run_pipeline_with_options] 主体查找表预加载完成
[2026-06-14 16:45:51] INFO [run_pipeline_with_options] 已复制文件夹为＋检验版: /var******************************************************************************
[2026-06-14 16:45:51] DEBUG [scan_excel_files] 发现 Excel 文件: /var*******************************************************************************************
[2026-06-14 16:45:51] INFO [scan_excel_files] 共扫描到 1 个 Excel 文件
[2026-06-14 16:45:51] INFO [identify_bank] 文件「北京银行_流水.xlsx」通过前缀匹配识别为: 北京银行
[2026-06-14 16:45:51] INFO [parse] 开始处理北京银行文件: /var*******************************************************************************************
[2026-06-14 16:45:51] DEBUG [detect_excel_format] 文件 /var******************************************************************************************* Magic Bytes 检测为 xlsx 格式 (ZIP/OOXML)
[2026-06-14 16:45:51] INFO [validate_headers] 北京银行文件工作表「交易明细」表头校验通过，7 个字段均匹配
[2026-06-14 16:45:51] DEBUG [get_subject_info] 银行账号「0109年03月」匹配到主体: 北********司（优先级: 0）
[2026-06-14 16:45:51] INFO [_parse_sheet] 北京银行文件工作表「交易明细」提取 2 条记录
[2026-06-14 16:45:51] INFO [parse] 北京银行文件处理完成，共提取 2 条记录
[2026-06-14 16:45:51] INFO [run_pipeline_with_options] 成功处理文件: /var*******************************************************************************************（2 条记录）
[2026-06-14 16:45:51] INFO [run_pipeline_with_options] 保留策略：仅保留未处理文件
[2026-06-14 16:45:51] DEBUG [delete_processed_files] 已删除文件: /var*******************************************************************************************
[2026-06-14 16:45:51] INFO [run_pipeline_with_options] 总表输出完成: /var***************************************************************************************（共 2 条记录）
[2026-06-14 16:45:51] INFO [apply_amount_anomaly_detection] 开始金额异常检测，单笔阈值: [金额已隐藏] 元
[2026-06-14 16:45:51] INFO [apply_amount_anomaly_detection] 金额异常检测完成：共 2 条记录，0 条异常 (0.00%)
[2026-06-14 16:45:51] INFO [apply_counterparty_rules] 对方户名规则匹配完成: 总记录 2, 命中 0, 黑名单 0, 白名单 0
[2026-06-14 16:45:51] INFO [export_masked_summary] 脱敏版总表输出完成: /var*******************************************************************************************（共 2 条记录）
[2026-06-14 16:45:51] DEBUG [init_schema] 数据库表结构初始化完成
[2026-06-14 16:45:51] INFO [connect] SQLite 数据库已连接: /Use************************************************************************************
[2026-06-14 16:45:51] INFO [disconnect] SQLite 数据库已断开
[2026-06-14 16:45:51] ERROR [persist_transactions] 数据库持久化失败: UNIQUE constraint failed: import_batches.batch_id
Traceback (most recent call last):
  File "/Users/zhangchengcheng/work/ai-project/Trea/solo0605/label-02552/tests/../backend/database.py", line 1612, in persist_transactions
    insert_count, duplicate_count = db.insert_records(
                                    ~~~~~~~~~~~~~~~~~^
        transaction_records,
        ^^^^^^^^^^^^^^^^^^^^
        batch_id=batch_id,
        ^^^^^^^^^^^^^^^^^^
        deduplicate=deduplicate,
        ^^^^^^^^^^^^^^^^^^^^^^^^
    )
    ^
  File "/Users/zhangchengcheng/work/ai-project/Trea/solo0605/label-02552/tests/../backend/database.py", line 554, in insert_records
    cursor.execute('''
    ~~~~~~~~~~~~~~^^^^
        INSERT INTO import_batches (
        ^^^^^^^^^^^^^^^^^^^^^^^^^^^^
            batch_id, total_records, started_at, status
            ^^^^^^^^^^^^^^^^^^^^^^^^^^^^^^^^^^^^^^^^^^^
        ) VALUES (?, ?, ?, ?)
        ^^^^^^^^^^^^^^^^^^^^^
    ''', (batch_id, len(records), started_at, 'processing'))
    ^^^^^^^^^^^^^^^^^^^^^^^^^^^^^^^^^^^^^^^^^^^^^^^^^^^^^^^^
sqlite3.IntegrityError: UNIQUE constraint failed: import_batches.batch_id
[2026-06-14 16:45:51] INFO [run_pipeline_with_options] 数据库持久化完成: 批次 BATC***************, 插入 0 条, 去重跳过 0 条
[2026-06-14 16:45:51] INFO [identify_internal_transfers] 内部划转识别完成: 2 条记录, 识别出 0 对 (0 划出 + 0 划入), 涉及 0 个主体, 0 家银行
[2026-06-14 16:45:51] INFO [summarize_transactions] 主体维度汇总完成: 2 条记录, 1 个主体, 1 家银行, 1 个月份, 0 个未匹配账号
[2026-06-14 16:45:51] INFO [export_subject_summary] 主体维度汇总分析已导出: /var*********************************************************************************************************
[2026-06-14 16:45:51] INFO [run_pipeline_with_options] 主体维度汇总分析已自动生成: /var*********************************************************************************************************
[2026-06-14 16:45:51] INFO [check_balance_continuity] 共 1 个账号待校验
[2026-06-14 16:45:51] DEBUG [check_balance_continuity] 校验账号: 0109年03月, 记录数: 2
[2026-06-14 16:45:51] INFO [check_balance_continuity] 余额连续性校验完成 - 总账号: 1, 已校验: 1, 跳过: 0, 异常笔数: 0, 异常账号: 0
[2026-06-14 16:45:51] INFO [export_balance_check_result] 余额连续性校验结果已导出: /var**********************************************************************************************************
[2026-06-14 16:45:51] INFO [run_pipeline_with_options] 余额连续性校验报告已自动生成: /var**********************************************************************************************************
[2026-06-14 16:45:51] INFO [detect_duplicates] 重复交易检测完成 - 总记录: 2, 疑似重复组: 0, 疑似重复记录: 0, 重复率: 0.00%
[2026-06-14 16:45:51] INFO [generate_duplicate_check_from_records] 未检测到重复交易，仍导出报告
[2026-06-14 16:45:51] INFO [export_duplicate_check_result] 重复交易检测结果已导出: /var*********************************************************************************************************
[2026-06-14 16:45:51] INFO [run_pipeline_with_options] 重复交易检测报告已自动生成: /var*********************************************************************************************************
[2026-06-14 16:45:51] INFO [filter_interest_fee_transactions] 筛选出 0 条利息手续费交易
[2026-06-14 16:45:51] INFO [summarize_by_period] 按month汇总生成 0 条期间汇总记录，异常 0 条
[2026-06-14 16:45:51] INFO [check_interest_fee] 利息手续费核对完成 - 总记录: 0 (利息: 0, 手续费: 0), 期间汇总: 0, 异常: 0
[2026-06-14 16:45:51] WARNING [generate_interest_fee_check_from_records] 未筛选到任何利息手续费交易，跳过报告生成
[2026-06-14 16:45:51] INFO [mark_non_workday_transactions] 非工作日交易标记完成: 总记录 2, 工作日 2, 周末 0, 法定节假日 0, 调休工作日 0
[2026-06-14 16:45:51] INFO [generate_holiday_check_from_records] 未发现非工作日交易，仍导出报告
[2026-06-14 16:45:51] INFO [export_holiday_check_result] 非工作日交易标记结果已导出: /var***********************************************************************************************************
[2026-06-14 16:45:51] INFO [run_pipeline_with_options] 非工作日交易标记报告已自动生成: /var***********************************************************************************************************
[2026-06-14 16:45:51] INFO [setup_logging] 日志系统初始化完成，日志文件: /Use*******************************************************************************************************
[2026-06-14 16:45:51] INFO [setup_logging] 未检测到 tkinter，将使用命令行交互模式
[2026-06-14 16:45:51] INFO [_cmd_process] CLI process: 目录=/var**************************************************************************, 增量=True, 保留策略=keep_all, dry_run=False
[2026-06-14 16:45:51] INFO [find_lookup_file] 精确匹配到主体查找表: /var**************************************************************************************
[2026-06-14 16:45:51] INFO [run_pipeline_with_options] 正在预加载主体查找表...
[2026-06-14 16:45:51] DEBUG [detect_excel_format] 文件 /var************************************************************************************** Magic Bytes 检测为 xlsx 格式 (ZIP/OOXML)
[2026-06-14 16:45:51] INFO [load_lookup_table] 查找表加载完成：共 2 条条目，2 个唯一账号，0 个扩展字段
[2026-06-14 16:45:51] INFO [run_pipeline_with_options] 主体查找表预加载完成
[2026-06-14 16:45:51] INFO [load_existing_keys] 未找到历史总表，将以全量模式运行
[2026-06-14 16:45:51] INFO [run_pipeline_with_options] 无历史数据，将以全量模式运行
[2026-06-14 16:45:51] INFO [run_pipeline_with_options] 已复制文件夹为＋检验版: /var******************************************************************************
[2026-06-14 16:45:51] DEBUG [scan_excel_files] 发现 Excel 文件: /var*******************************************************************************************
[2026-06-14 16:45:51] INFO [scan_excel_files] 共扫描到 1 个 Excel 文件
[2026-06-14 16:45:51] INFO [identify_bank] 文件「北京银行_流水.xlsx」通过前缀匹配识别为: 北京银行
[2026-06-14 16:45:51] INFO [parse] 开始处理北京银行文件: /var*******************************************************************************************
[2026-06-14 16:45:51] DEBUG [detect_excel_format] 文件 /var******************************************************************************************* Magic Bytes 检测为 xlsx 格式 (ZIP/OOXML)
[2026-06-14 16:45:51] INFO [validate_headers] 北京银行文件工作表「交易明细」表头校验通过，7 个字段均匹配
[2026-06-14 16:45:51] DEBUG [get_subject_info] 银行账号「0109年03月」匹配到主体: 北********司（优先级: 0）
[2026-06-14 16:45:51] INFO [_parse_sheet] 北京银行文件工作表「交易明细」提取 2 条记录
[2026-06-14 16:45:51] INFO [parse] 北京银行文件处理完成，共提取 2 条记录
[2026-06-14 16:45:51] INFO [run_pipeline_with_options] 成功处理文件: /var*******************************************************************************************（2 条记录）
[2026-06-14 16:45:51] INFO [run_pipeline_with_options] 保留策略：保留所有文件
[2026-06-14 16:45:51] DEBUG [delete_processed_files] 保留策略 keep_all：跳过所有文件操作
[2026-06-14 16:45:52] INFO [run_pipeline_with_options] 总表输出完成: /var***************************************************************************************（共 2 条记录）
[2026-06-14 16:45:52] INFO [apply_amount_anomaly_detection] 开始金额异常检测，单笔阈值: [金额已隐藏] 元
[2026-06-14 16:45:52] INFO [apply_amount_anomaly_detection] 金额异常检测完成：共 2 条记录，0 条异常 (0.00%)
[2026-06-14 16:45:52] INFO [apply_counterparty_rules] 对方户名规则匹配完成: 总记录 2, 命中 0, 黑名单 0, 白名单 0
[2026-06-14 16:45:52] INFO [export_masked_summary] 脱敏版总表输出完成: /var*******************************************************************************************（共 2 条记录）
[2026-06-14 16:45:52] DEBUG [init_schema] 数据库表结构初始化完成
[2026-06-14 16:45:52] INFO [connect] SQLite 数据库已连接: /Use************************************************************************************
[2026-06-14 16:45:52] INFO [insert_records] 已加载 25 个历史匹配键用于去重
[2026-06-14 16:45:52] INFO [insert_records] 批量导入完成: 批次 BATC***************, 共 2 条, 新增 0 条, 重复 2 条
[2026-06-14 16:45:52] INFO [disconnect] SQLite 数据库已断开
[2026-06-14 16:45:52] INFO [run_pipeline_with_options] 数据库持久化完成: 批次 BATC***************, 插入 0 条, 去重跳过 2 条
[2026-06-14 16:45:52] INFO [identify_internal_transfers] 内部划转识别完成: 2 条记录, 识别出 0 对 (0 划出 + 0 划入), 涉及 0 个主体, 0 家银行
[2026-06-14 16:45:52] INFO [summarize_transactions] 主体维度汇总完成: 2 条记录, 1 个主体, 1 家银行, 1 个月份, 0 个未匹配账号
[2026-06-14 16:45:52] INFO [export_subject_summary] 主体维度汇总分析已导出: /var*********************************************************************************************************
[2026-06-14 16:45:52] INFO [run_pipeline_with_options] 主体维度汇总分析已自动生成: /var*********************************************************************************************************
[2026-06-14 16:45:52] INFO [check_balance_continuity] 共 1 个账号待校验
[2026-06-14 16:45:52] DEBUG [check_balance_continuity] 校验账号: 0109年03月, 记录数: 2
[2026-06-14 16:45:52] INFO [check_balance_continuity] 余额连续性校验完成 - 总账号: 1, 已校验: 1, 跳过: 0, 异常笔数: 0, 异常账号: 0
[2026-06-14 16:45:52] INFO [export_balance_check_result] 余额连续性校验结果已导出: /var**********************************************************************************************************
[2026-06-14 16:45:52] INFO [run_pipeline_with_options] 余额连续性校验报告已自动生成: /var**********************************************************************************************************
[2026-06-14 16:45:52] INFO [detect_duplicates] 重复交易检测完成 - 总记录: 2, 疑似重复组: 0, 疑似重复记录: 0, 重复率: 0.00%
[2026-06-14 16:45:52] INFO [generate_duplicate_check_from_records] 未检测到重复交易，仍导出报告
[2026-06-14 16:45:52] INFO [export_duplicate_check_result] 重复交易检测结果已导出: /var*********************************************************************************************************
[2026-06-14 16:45:52] INFO [run_pipeline_with_options] 重复交易检测报告已自动生成: /var*********************************************************************************************************
[2026-06-14 16:45:52] INFO [filter_interest_fee_transactions] 筛选出 0 条利息手续费交易
[2026-06-14 16:45:52] INFO [summarize_by_period] 按month汇总生成 0 条期间汇总记录，异常 0 条
[2026-06-14 16:45:52] INFO [check_interest_fee] 利息手续费核对完成 - 总记录: 0 (利息: 0, 手续费: 0), 期间汇总: 0, 异常: 0
[2026-06-14 16:45:52] WARNING [generate_interest_fee_check_from_records] 未筛选到任何利息手续费交易，跳过报告生成
[2026-06-14 16:45:52] INFO [mark_non_workday_transactions] 非工作日交易标记完成: 总记录 2, 工作日 2, 周末 0, 法定节假日 0, 调休工作日 0
[2026-06-14 16:45:52] INFO [generate_holiday_check_from_records] 未发现非工作日交易，仍导出报告
[2026-06-14 16:45:52] INFO [export_holiday_check_result] 非工作日交易标记结果已导出: /var***********************************************************************************************************
[2026-06-14 16:45:52] INFO [run_pipeline_with_options] 非工作日交易标记报告已自动生成: /var***********************************************************************************************************
[2026-06-14 16:45:52] INFO [setup_logging] 日志系统初始化完成，日志文件: /Use*******************************************************************************************************
[2026-06-14 16:45:52] INFO [setup_logging] 未检测到 tkinter，将使用命令行交互模式
[2026-06-14 16:45:52] DEBUG [detect_excel_format] 文件 /var************************************************************************************** Magic Bytes 检测为 xlsx 格式 (ZIP/OOXML)
[2026-06-14 16:45:52] INFO [load_lookup_table] 查找表加载完成：共 2 条条目，2 个唯一账号，0 个扩展字段
[2026-06-14 16:45:52] INFO [read_lookup_entries] 从查找表读取到 2 条记录，扩展字段: 无
[2026-06-14 16:45:52] INFO [setup_logging] 日志系统初始化完成，日志文件: /Use*******************************************************************************************************
[2026-06-14 16:45:52] INFO [setup_logging] 未检测到 tkinter，将使用命令行交互模式
[2026-06-14 16:45:52] WARNING [find_lookup_file] 程序目录下未找到任何 Excel 文件作为主体查找表
[2026-06-14 16:45:52] INFO [setup_logging] 日志系统初始化完成，日志文件: /Use*******************************************************************************************************
[2026-06-14 16:45:52] INFO [setup_logging] 未检测到 tkinter，将使用命令行交互模式
[2026-06-14 16:45:52] WARNING [find_lookup_file] 程序目录下未找到任何 Excel 文件作为主体查找表
[2026-06-14 16:45:52] INFO [setup_logging] 日志系统初始化完成，日志文件: /Use*******************************************************************************************************
[2026-06-14 16:45:52] INFO [setup_logging] 未检测到 tkinter，将使用命令行交互模式
[2026-06-14 16:45:52] DEBUG [detect_excel_format] 文件 /var************************************************************************************** Magic Bytes 检测为 xlsx 格式 (ZIP/OOXML)
[2026-06-14 16:45:52] INFO [load_lookup_table] 查找表加载完成：共 2 条条目，2 个唯一账号，0 个扩展字段
[2026-06-14 16:45:52] INFO [read_lookup_entries] 从查找表读取到 2 条记录，扩展字段: 无
[2026-06-14 16:45:52] INFO [setup_logging] 日志系统初始化完成，日志文件: /Use*******************************************************************************************************
[2026-06-14 16:45:52] INFO [setup_logging] 未检测到 tkinter，将使用命令行交互模式
[2026-06-14 16:45:52] DEBUG [detect_excel_format] 文件 /var************************************************************************************** Magic Bytes 检测为 xlsx 格式 (ZIP/OOXML)
[2026-06-14 16:45:52] INFO [load_lookup_table] 查找表加载完成：共 0 条条目，0 个唯一账号，0 个扩展字段
[2026-06-14 16:45:52] INFO [read_lookup_entries] 从查找表读取到 0 条记录，扩展字段: 无
[2026-06-14 16:45:52] INFO [setup_logging] 日志系统初始化完成，日志文件: /Use*******************************************************************************************************
[2026-06-14 16:45:52] INFO [setup_logging] 未检测到 tkinter，将使用命令行交互模式
[2026-06-14 16:45:52] DEBUG [detect_excel_format] 文件 /var************************************************************************************** Magic Bytes 检测为 xlsx 格式 (ZIP/OOXML)
[2026-06-14 16:45:52] INFO [load_lookup_table] 查找表加载完成：共 2 条条目，1 个唯一账号，0 个扩展字段
[2026-06-14 16:45:52] INFO [read_lookup_entries] 从查找表读取到 2 条记录，扩展字段: 无
[2026-06-14 16:45:52] INFO [setup_logging] 日志系统初始化完成，日志文件: /Use*******************************************************************************************************
[2026-06-14 16:45:52] INFO [setup_logging] 未检测到 tkinter，将使用命令行交互模式
[2026-06-14 16:45:52] WARNING [find_lookup_file] 程序目录下未找到任何 Excel 文件作为主体查找表
[2026-06-14 16:45:52] INFO [setup_logging] 日志系统初始化完成，日志文件: /Use*******************************************************************************************************
[2026-06-14 16:45:52] INFO [setup_logging] 未检测到 tkinter，将使用命令行交互模式
[2026-06-14 16:45:52] INFO [setup_logging] 日志系统初始化完成，日志文件: /Use*******************************************************************************************************
[2026-06-14 16:45:52] INFO [setup_logging] 未检测到 tkinter，将使用命令行交互模式
[2026-06-14 16:45:52] INFO [setup_logging] 日志系统初始化完成，日志文件: /Use*******************************************************************************************************
[2026-06-14 16:45:52] INFO [setup_logging] 未检测到 tkinter，将使用命令行交互模式
[2026-06-14 16:45:52] INFO [setup_logging] 日志系统初始化完成，日志文件: /Use*******************************************************************************************************
[2026-06-14 16:45:52] INFO [setup_logging] 未检测到 tkinter，将使用命令行交互模式
[2026-06-14 16:45:52] INFO [run_pipeline] ===== 试运行模式已启用（不执行删除与写盘操作）=====
[2026-06-14 16:45:52] INFO [find_lookup_file] 精确匹配到主体查找表: /var**************************************************************************************
[2026-06-14 16:45:52] INFO [run_pipeline] 正在预加载主体查找表...
[2026-06-14 16:45:52] DEBUG [detect_excel_format] 文件 /var************************************************************************************** Magic Bytes 检测为 xlsx 格式 (ZIP/OOXML)
[2026-06-14 16:45:52] INFO [load_lookup_table] 查找表加载完成：共 2 条条目，2 个唯一账号，0 个扩展字段
[2026-06-14 16:45:52] INFO [run_pipeline] 主体查找表预加载完成
[2026-06-14 16:45:52] INFO [load_existing_keys] 未找到历史总表，将以全量模式运行
[2026-06-14 16:45:52] INFO [run_pipeline] 无历史数据，将以全量模式运行
[2026-06-14 16:45:52] INFO [run_pipeline] 已复制文件夹为＋检验版: /var******************************************************************************
[2026-06-14 16:45:52] DEBUG [scan_excel_files] 发现 Excel 文件: /var*******************************************************************************************
[2026-06-14 16:45:52] INFO [scan_excel_files] 共扫描到 1 个 Excel 文件
[2026-06-14 16:45:52] INFO [identify_bank] 文件「北京银行_流水.xlsx」通过前缀匹配识别为: 北京银行
[2026-06-14 16:45:52] INFO [parse] 开始处理北京银行文件: /var*******************************************************************************************
[2026-06-14 16:45:52] DEBUG [detect_excel_format] 文件 /var******************************************************************************************* Magic Bytes 检测为 xlsx 格式 (ZIP/OOXML)
[2026-06-14 16:45:52] INFO [validate_headers] 北京银行文件工作表「交易明细」表头校验通过，7 个字段均匹配
[2026-06-14 16:45:52] DEBUG [get_subject_info] 银行账号「0109年03月」匹配到主体: 北********司（优先级: 0）
[2026-06-14 16:45:52] INFO [_parse_sheet] 北京银行文件工作表「交易明细」提取 2 条记录
[2026-06-14 16:45:52] INFO [parse] 北京银行文件处理完成，共提取 2 条记录
[2026-06-14 16:45:52] INFO [run_pipeline] 成功处理文件: /var*******************************************************************************************（2 条记录）
[2026-06-14 16:45:52] INFO [run_pipeline] [试运行] 跳过删除文件操作，待删除文件 1 个
[2026-06-14 16:45:52] INFO [run_pipeline] [试运行] 跳过总表写盘，模式=全量覆盖，共 2 条记录
[2026-06-14 16:45:52] INFO [apply_amount_anomaly_detection] 开始金额异常检测，单笔阈值: [金额已隐藏] 元
[2026-06-14 16:45:52] INFO [apply_amount_anomaly_detection] 金额异常检测完成：共 2 条记录，0 条异常 (0.00%)
[2026-06-14 16:45:52] INFO [apply_counterparty_rules] 对方户名规则匹配完成: 总记录 2, 命中 0, 黑名单 0, 白名单 0
[2026-06-14 16:45:52] INFO [run_pipeline] [试运行] 跳过生成脱敏版总表
[2026-06-14 16:45:52] INFO [run_pipeline] [试运行] 跳过数据库持久化操作
[2026-06-14 16:45:52] INFO [identify_internal_transfers] 内部划转识别完成: 2 条记录, 识别出 0 对 (0 划出 + 0 划入), 涉及 0 个主体, 0 家银行
[2026-06-14 16:45:52] INFO [summarize_transactions] 主体维度汇总完成: 2 条记录, 1 个主体, 1 家银行, 1 个月份, 0 个未匹配账号
[2026-06-14 16:45:52] INFO [export_subject_summary] 主体维度汇总分析已导出: /var*********************************************************************************************************
[2026-06-14 16:45:52] INFO [run_pipeline] 主体维度汇总分析已自动生成: /var*********************************************************************************************************
[2026-06-14 16:45:52] INFO [check_balance_continuity] 共 1 个账号待校验
[2026-06-14 16:45:52] DEBUG [check_balance_continuity] 校验账号: 0109年03月, 记录数: 2
[2026-06-14 16:45:52] INFO [check_balance_continuity] 余额连续性校验完成 - 总账号: 1, 已校验: 1, 跳过: 0, 异常笔数: 0, 异常账号: 0
[2026-06-14 16:45:52] INFO [export_balance_check_result] 余额连续性校验结果已导出: /var**********************************************************************************************************
[2026-06-14 16:45:52] INFO [run_pipeline] 余额连续性校验报告已自动生成: /var**********************************************************************************************************
[2026-06-14 16:45:52] INFO [detect_duplicates] 重复交易检测完成 - 总记录: 2, 疑似重复组: 0, 疑似重复记录: 0, 重复率: 0.00%
[2026-06-14 16:45:52] INFO [generate_duplicate_check_from_records] 未检测到重复交易，仍导出报告
[2026-06-14 16:45:52] INFO [export_duplicate_check_result] 重复交易检测结果已导出: /var*********************************************************************************************************
[2026-06-14 16:45:52] INFO [run_pipeline] 重复交易检测报告已自动生成: /var*********************************************************************************************************
[2026-06-14 16:45:52] INFO [filter_interest_fee_transactions] 筛选出 0 条利息手续费交易
[2026-06-14 16:45:52] INFO [summarize_by_period] 按month汇总生成 0 条期间汇总记录，异常 0 条
[2026-06-14 16:45:52] INFO [check_interest_fee] 利息手续费核对完成 - 总记录: 0 (利息: 0, 手续费: 0), 期间汇总: 0, 异常: 0
[2026-06-14 16:45:52] WARNING [generate_interest_fee_check_from_records] 未筛选到任何利息手续费交易，跳过报告生成
[2026-06-14 16:45:52] INFO [mark_non_workday_transactions] 非工作日交易标记完成: 总记录 2, 工作日 2, 周末 0, 法定节假日 0, 调休工作日 0
[2026-06-14 16:45:52] INFO [generate_holiday_check_from_records] 未发现非工作日交易，仍导出报告
[2026-06-14 16:45:52] INFO [export_holiday_check_result] 非工作日交易标记结果已导出: /var***********************************************************************************************************
[2026-06-14 16:45:52] INFO [run_pipeline] 非工作日交易标记报告已自动生成: /var***********************************************************************************************************
[2026-06-14 16:45:52] INFO [assign_accounting_period] 会计期间归属完成: 2 条记录, 1 个期间
[2026-06-14 16:45:52] INFO [export_accounting_period_summary] 会计期间总表已导出: /var*******************************************************************************************************（1 个期间）
[2026-06-14 16:45:52] INFO [run_pipeline] 会计期间总表已自动生成: /var*******************************************************************************************************
[2026-06-14 16:45:52] INFO [save_report] 性能剖析报告已保存: /var*****************************************************************************************************
[2026-06-14 16:45:52] INFO [save_report] 性能剖析数据已保存: /var*******************************************************************************************************
[2026-06-14 16:45:52] INFO [run_pipeline] 性能剖析报告已生成: /var*****************************************************************************************************
[2026-06-14 16:45:52] INFO [run_pipeline] [试运行] 跳过生成财务协同编辑模板
[2026-06-14 16:45:52] INFO [setup_logging] 日志系统初始化完成，日志文件: /Use*******************************************************************************************************
[2026-06-14 16:45:52] INFO [setup_logging] 未检测到 tkinter，将使用命令行交互模式
[2026-06-14 16:45:52] INFO [run_pipeline] ===== 试运行模式已启用（不执行删除与写盘操作）=====
[2026-06-14 16:45:52] INFO [find_lookup_file] 精确匹配到主体查找表: /var**************************************************************************************
[2026-06-14 16:45:52] INFO [run_pipeline] 正在预加载主体查找表...
[2026-06-14 16:45:52] DEBUG [detect_excel_format] 文件 /var************************************************************************************** Magic Bytes 检测为 xlsx 格式 (ZIP/OOXML)
[2026-06-14 16:45:52] INFO [load_lookup_table] 查找表加载完成：共 2 条条目，2 个唯一账号，0 个扩展字段
[2026-06-14 16:45:52] INFO [run_pipeline] 主体查找表预加载完成
[2026-06-14 16:45:52] INFO [load_existing_keys] 未找到历史总表，将以全量模式运行
[2026-06-14 16:45:52] INFO [run_pipeline] 无历史数据，将以全量模式运行
[2026-06-14 16:45:52] INFO [run_pipeline] 已复制文件夹为＋检验版: /var******************************************************************************
[2026-06-14 16:45:52] DEBUG [scan_excel_files] 发现 Excel 文件: /var*******************************************************************************************
[2026-06-14 16:45:52] INFO [scan_excel_files] 共扫描到 1 个 Excel 文件
[2026-06-14 16:45:52] INFO [identify_bank] 文件「北京银行_流水.xlsx」通过前缀匹配识别为: 北京银行
[2026-06-14 16:45:52] INFO [parse] 开始处理北京银行文件: /var*******************************************************************************************
[2026-06-14 16:45:52] DEBUG [detect_excel_format] 文件 /var******************************************************************************************* Magic Bytes 检测为 xlsx 格式 (ZIP/OOXML)
[2026-06-14 16:45:52] INFO [validate_headers] 北京银行文件工作表「交易明细」表头校验通过，7 个字段均匹配
[2026-06-14 16:45:52] DEBUG [get_subject_info] 银行账号「0109年03月」匹配到主体: 北********司（优先级: 0）
[2026-06-14 16:45:52] INFO [_parse_sheet] 北京银行文件工作表「交易明细」提取 2 条记录
[2026-06-14 16:45:52] INFO [parse] 北京银行文件处理完成，共提取 2 条记录
[2026-06-14 16:45:52] INFO [run_pipeline] 成功处理文件: /var*******************************************************************************************（2 条记录）
[2026-06-14 16:45:52] INFO [run_pipeline] [试运行] 跳过删除文件操作，待删除文件 1 个
[2026-06-14 16:45:52] INFO [run_pipeline] [试运行] 跳过总表写盘，模式=全量覆盖，共 2 条记录
[2026-06-14 16:45:52] INFO [apply_amount_anomaly_detection] 开始金额异常检测，单笔阈值: [金额已隐藏] 元
[2026-06-14 16:45:52] INFO [apply_amount_anomaly_detection] 金额异常检测完成：共 2 条记录，0 条异常 (0.00%)
[2026-06-14 16:45:52] INFO [apply_counterparty_rules] 对方户名规则匹配完成: 总记录 2, 命中 0, 黑名单 0, 白名单 0
[2026-06-14 16:45:52] INFO [run_pipeline] [试运行] 跳过生成脱敏版总表
[2026-06-14 16:45:52] INFO [run_pipeline] [试运行] 跳过数据库持久化操作
[2026-06-14 16:45:52] INFO [identify_internal_transfers] 内部划转识别完成: 2 条记录, 识别出 0 对 (0 划出 + 0 划入), 涉及 0 个主体, 0 家银行
[2026-06-14 16:45:52] INFO [summarize_transactions] 主体维度汇总完成: 2 条记录, 1 个主体, 1 家银行, 1 个月份, 0 个未匹配账号
[2026-06-14 16:45:52] INFO [export_subject_summary] 主体维度汇总分析已导出: /var*********************************************************************************************************
[2026-06-14 16:45:52] INFO [run_pipeline] 主体维度汇总分析已自动生成: /var*********************************************************************************************************
[2026-06-14 16:45:52] INFO [check_balance_continuity] 共 1 个账号待校验
[2026-06-14 16:45:52] DEBUG [check_balance_continuity] 校验账号: 0109年03月, 记录数: 2
[2026-06-14 16:45:52] INFO [check_balance_continuity] 余额连续性校验完成 - 总账号: 1, 已校验: 1, 跳过: 0, 异常笔数: 0, 异常账号: 0
[2026-06-14 16:45:52] INFO [export_balance_check_result] 余额连续性校验结果已导出: /var**********************************************************************************************************
[2026-06-14 16:45:52] INFO [run_pipeline] 余额连续性校验报告已自动生成: /var**********************************************************************************************************
[2026-06-14 16:45:52] INFO [detect_duplicates] 重复交易检测完成 - 总记录: 2, 疑似重复组: 0, 疑似重复记录: 0, 重复率: 0.00%
[2026-06-14 16:45:52] INFO [generate_duplicate_check_from_records] 未检测到重复交易，仍导出报告
[2026-06-14 16:45:52] INFO [export_duplicate_check_result] 重复交易检测结果已导出: /var*********************************************************************************************************
[2026-06-14 16:45:52] INFO [run_pipeline] 重复交易检测报告已自动生成: /var*********************************************************************************************************
[2026-06-14 16:45:52] INFO [filter_interest_fee_transactions] 筛选出 0 条利息手续费交易
[2026-06-14 16:45:52] INFO [summarize_by_period] 按month汇总生成 0 条期间汇总记录，异常 0 条
[2026-06-14 16:45:52] INFO [check_interest_fee] 利息手续费核对完成 - 总记录: 0 (利息: 0, 手续费: 0), 期间汇总: 0, 异常: 0
[2026-06-14 16:45:52] WARNING [generate_interest_fee_check_from_records] 未筛选到任何利息手续费交易，跳过报告生成
[2026-06-14 16:45:52] INFO [mark_non_workday_transactions] 非工作日交易标记完成: 总记录 2, 工作日 2, 周末 0, 法定节假日 0, 调休工作日 0
[2026-06-14 16:45:52] INFO [generate_holiday_check_from_records] 未发现非工作日交易，仍导出报告
[2026-06-14 16:45:52] INFO [export_holiday_check_result] 非工作日交易标记结果已导出: /var***********************************************************************************************************
[2026-06-14 16:45:52] INFO [run_pipeline] 非工作日交易标记报告已自动生成: /var***********************************************************************************************************
[2026-06-14 16:45:52] INFO [assign_accounting_period] 会计期间归属完成: 2 条记录, 1 个期间
[2026-06-14 16:45:52] INFO [export_accounting_period_summary] 会计期间总表已导出: /var*******************************************************************************************************（1 个期间）
[2026-06-14 16:45:52] INFO [run_pipeline] 会计期间总表已自动生成: /var*******************************************************************************************************
[2026-06-14 16:45:52] INFO [save_report] 性能剖析报告已保存: /var*****************************************************************************************************
[2026-06-14 16:45:52] INFO [save_report] 性能剖析数据已保存: /var*******************************************************************************************************
[2026-06-14 16:45:52] INFO [run_pipeline] 性能剖析报告已生成: /var*****************************************************************************************************
[2026-06-14 16:45:52] INFO [run_pipeline] [试运行] 跳过生成财务协同编辑模板
[2026-06-14 16:45:52] INFO [setup_logging] 日志系统初始化完成，日志文件: /Use*******************************************************************************************************
[2026-06-14 16:45:52] INFO [setup_logging] 未检测到 tkinter，将使用命令行交互模式
[2026-06-14 16:45:52] INFO [run_pipeline] ===== 试运行模式已启用（不执行删除与写盘操作）=====
[2026-06-14 16:45:52] INFO [find_lookup_file] 精确匹配到主体查找表: /var**************************************************************************************
[2026-06-14 16:45:52] INFO [run_pipeline] 正在预加载主体查找表...
[2026-06-14 16:45:52] DEBUG [detect_excel_format] 文件 /var************************************************************************************** Magic Bytes 检测为 xlsx 格式 (ZIP/OOXML)
[2026-06-14 16:45:52] INFO [load_lookup_table] 查找表加载完成：共 2 条条目，2 个唯一账号，0 个扩展字段
[2026-06-14 16:45:53] INFO [run_pipeline] 主体查找表预加载完成
[2026-06-14 16:45:53] INFO [load_existing_keys] 未找到历史总表，将以全量模式运行
[2026-06-14 16:45:53] INFO [run_pipeline] 无历史数据，将以全量模式运行
[2026-06-14 16:45:53] INFO [run_pipeline] 已复制文件夹为＋检验版: /var******************************************************************************
[2026-06-14 16:45:53] DEBUG [scan_excel_files] 发现 Excel 文件: /var*******************************************************************************************
[2026-06-14 16:45:53] INFO [scan_excel_files] 共扫描到 1 个 Excel 文件
[2026-06-14 16:45:53] INFO [identify_bank] 文件「北京银行_流水.xlsx」通过前缀匹配识别为: 北京银行
[2026-06-14 16:45:53] INFO [parse] 开始处理北京银行文件: /var*******************************************************************************************
[2026-06-14 16:45:53] DEBUG [detect_excel_format] 文件 /var******************************************************************************************* Magic Bytes 检测为 xlsx 格式 (ZIP/OOXML)
[2026-06-14 16:45:53] INFO [validate_headers] 北京银行文件工作表「交易明细」表头校验通过，7 个字段均匹配
[2026-06-14 16:45:53] DEBUG [get_subject_info] 银行账号「0109年03月」匹配到主体: 北********司（优先级: 0）
[2026-06-14 16:45:53] INFO [_parse_sheet] 北京银行文件工作表「交易明细」提取 2 条记录
[2026-06-14 16:45:53] INFO [parse] 北京银行文件处理完成，共提取 2 条记录
[2026-06-14 16:45:53] INFO [run_pipeline] 成功处理文件: /var*******************************************************************************************（2 条记录）
[2026-06-14 16:45:53] INFO [run_pipeline] [试运行] 跳过删除文件操作，待删除文件 1 个
[2026-06-14 16:45:53] INFO [run_pipeline] [试运行] 跳过总表写盘，模式=全量覆盖，共 2 条记录
[2026-06-14 16:45:53] INFO [apply_amount_anomaly_detection] 开始金额异常检测，单笔阈值: [金额已隐藏] 元
[2026-06-14 16:45:53] INFO [apply_amount_anomaly_detection] 金额异常检测完成：共 2 条记录，0 条异常 (0.00%)
[2026-06-14 16:45:53] INFO [apply_counterparty_rules] 对方户名规则匹配完成: 总记录 2, 命中 0, 黑名单 0, 白名单 0
[2026-06-14 16:45:53] INFO [run_pipeline] [试运行] 跳过生成脱敏版总表
[2026-06-14 16:45:53] INFO [run_pipeline] [试运行] 跳过数据库持久化操作
[2026-06-14 16:45:53] INFO [identify_internal_transfers] 内部划转识别完成: 2 条记录, 识别出 0 对 (0 划出 + 0 划入), 涉及 0 个主体, 0 家银行
[2026-06-14 16:45:53] INFO [summarize_transactions] 主体维度汇总完成: 2 条记录, 1 个主体, 1 家银行, 1 个月份, 0 个未匹配账号
[2026-06-14 16:45:53] INFO [export_subject_summary] 主体维度汇总分析已导出: /var*********************************************************************************************************
[2026-06-14 16:45:53] INFO [run_pipeline] 主体维度汇总分析已自动生成: /var*********************************************************************************************************
[2026-06-14 16:45:53] INFO [check_balance_continuity] 共 1 个账号待校验
[2026-06-14 16:45:53] DEBUG [check_balance_continuity] 校验账号: 0109年03月, 记录数: 2
[2026-06-14 16:45:53] INFO [check_balance_continuity] 余额连续性校验完成 - 总账号: 1, 已校验: 1, 跳过: 0, 异常笔数: 0, 异常账号: 0
[2026-06-14 16:45:53] INFO [export_balance_check_result] 余额连续性校验结果已导出: /var**********************************************************************************************************
[2026-06-14 16:45:53] INFO [run_pipeline] 余额连续性校验报告已自动生成: /var**********************************************************************************************************
[2026-06-14 16:45:53] INFO [detect_duplicates] 重复交易检测完成 - 总记录: 2, 疑似重复组: 0, 疑似重复记录: 0, 重复率: 0.00%
[2026-06-14 16:45:53] INFO [generate_duplicate_check_from_records] 未检测到重复交易，仍导出报告
[2026-06-14 16:45:53] INFO [export_duplicate_check_result] 重复交易检测结果已导出: /var*********************************************************************************************************
[2026-06-14 16:45:53] INFO [run_pipeline] 重复交易检测报告已自动生成: /var*********************************************************************************************************
[2026-06-14 16:45:53] INFO [filter_interest_fee_transactions] 筛选出 0 条利息手续费交易
[2026-06-14 16:45:53] INFO [summarize_by_period] 按month汇总生成 0 条期间汇总记录，异常 0 条
[2026-06-14 16:45:53] INFO [check_interest_fee] 利息手续费核对完成 - 总记录: 0 (利息: 0, 手续费: 0), 期间汇总: 0, 异常: 0
[2026-06-14 16:45:53] WARNING [generate_interest_fee_check_from_records] 未筛选到任何利息手续费交易，跳过报告生成
[2026-06-14 16:45:53] INFO [mark_non_workday_transactions] 非工作日交易标记完成: 总记录 2, 工作日 2, 周末 0, 法定节假日 0, 调休工作日 0
[2026-06-14 16:45:53] INFO [generate_holiday_check_from_records] 未发现非工作日交易，仍导出报告
[2026-06-14 16:45:53] INFO [export_holiday_check_result] 非工作日交易标记结果已导出: /var***********************************************************************************************************
[2026-06-14 16:45:53] INFO [run_pipeline] 非工作日交易标记报告已自动生成: /var***********************************************************************************************************
[2026-06-14 16:45:53] INFO [assign_accounting_period] 会计期间归属完成: 2 条记录, 1 个期间
[2026-06-14 16:45:53] INFO [export_accounting_period_summary] 会计期间总表已导出: /var*******************************************************************************************************（1 个期间）
[2026-06-14 16:45:53] INFO [run_pipeline] 会计期间总表已自动生成: /var*******************************************************************************************************
[2026-06-14 16:45:53] INFO [save_report] 性能剖析报告已保存: /var*****************************************************************************************************
[2026-06-14 16:45:53] INFO [save_report] 性能剖析数据已保存: /var*******************************************************************************************************
[2026-06-14 16:45:53] INFO [run_pipeline] 性能剖析报告已生成: /var*****************************************************************************************************
[2026-06-14 16:45:53] INFO [run_pipeline] [试运行] 跳过生成财务协同编辑模板
[2026-06-14 16:45:53] INFO [setup_logging] 日志系统初始化完成，日志文件: /Use*******************************************************************************************************
[2026-06-14 16:45:53] INFO [setup_logging] 未检测到 tkinter，将使用命令行交互模式
[2026-06-14 16:45:53] INFO [run_pipeline] ===== 试运行模式已启用（不执行删除与写盘操作）=====
[2026-06-14 16:45:53] INFO [find_lookup_file] 精确匹配到主体查找表: /var**************************************************************************************
[2026-06-14 16:45:53] INFO [run_pipeline] 正在预加载主体查找表...
[2026-06-14 16:45:53] DEBUG [detect_excel_format] 文件 /var************************************************************************************** Magic Bytes 检测为 xlsx 格式 (ZIP/OOXML)
[2026-06-14 16:45:53] INFO [load_lookup_table] 查找表加载完成：共 2 条条目，2 个唯一账号，0 个扩展字段
[2026-06-14 16:45:53] INFO [run_pipeline] 主体查找表预加载完成
[2026-06-14 16:45:53] INFO [load_existing_keys] 未找到历史总表，将以全量模式运行
[2026-06-14 16:45:53] INFO [run_pipeline] 无历史数据，将以全量模式运行
[2026-06-14 16:45:53] INFO [run_pipeline] 已复制文件夹为＋检验版: /var******************************************************************************
[2026-06-14 16:45:53] DEBUG [scan_excel_files] 发现 Excel 文件: /var*******************************************************************************************
[2026-06-14 16:45:53] DEBUG [scan_excel_files] 发现 Excel 文件: /var*******************************************************************************************
[2026-06-14 16:45:53] INFO [scan_excel_files] 共扫描到 2 个 Excel 文件
[2026-06-14 16:45:53] WARNING [identify_bank] 文件「未知银行_流水.xlsx」无法识别银行类型
[2026-06-14 16:45:53] INFO [identify_bank] 文件「北京银行_流水.xlsx」通过前缀匹配识别为: 北京银行
[2026-06-14 16:45:53] INFO [parse] 开始处理北京银行文件: /var*******************************************************************************************
[2026-06-14 16:45:53] DEBUG [detect_excel_format] 文件 /var******************************************************************************************* Magic Bytes 检测为 xlsx 格式 (ZIP/OOXML)
[2026-06-14 16:45:53] INFO [validate_headers] 北京银行文件工作表「交易明细」表头校验通过，7 个字段均匹配
[2026-06-14 16:45:53] DEBUG [get_subject_info] 银行账号「0109年03月」匹配到主体: 北********司（优先级: 0）
[2026-06-14 16:45:53] INFO [_parse_sheet] 北京银行文件工作表「交易明细」提取 2 条记录
[2026-06-14 16:45:53] INFO [parse] 北京银行文件处理完成，共提取 2 条记录
[2026-06-14 16:45:53] INFO [run_pipeline] 成功处理文件: /var*******************************************************************************************（2 条记录）
[2026-06-14 16:45:53] INFO [run_pipeline] [试运行] 跳过删除文件操作，待删除文件 1 个
[2026-06-14 16:45:53] INFO [run_pipeline] [试运行] 跳过总表写盘，模式=全量覆盖，共 2 条记录
[2026-06-14 16:45:53] INFO [apply_amount_anomaly_detection] 开始金额异常检测，单笔阈值: [金额已隐藏] 元
[2026-06-14 16:45:53] INFO [apply_amount_anomaly_detection] 金额异常检测完成：共 2 条记录，0 条异常 (0.00%)
[2026-06-14 16:45:53] INFO [apply_counterparty_rules] 对方户名规则匹配完成: 总记录 2, 命中 0, 黑名单 0, 白名单 0
[2026-06-14 16:45:53] INFO [run_pipeline] [试运行] 跳过生成脱敏版总表
[2026-06-14 16:45:53] INFO [run_pipeline] [试运行] 跳过数据库持久化操作
[2026-06-14 16:45:53] INFO [identify_internal_transfers] 内部划转识别完成: 2 条记录, 识别出 0 对 (0 划出 + 0 划入), 涉及 0 个主体, 0 家银行
[2026-06-14 16:45:53] INFO [summarize_transactions] 主体维度汇总完成: 2 条记录, 1 个主体, 1 家银行, 1 个月份, 0 个未匹配账号
[2026-06-14 16:45:53] INFO [export_subject_summary] 主体维度汇总分析已导出: /var*********************************************************************************************************
[2026-06-14 16:45:53] INFO [run_pipeline] 主体维度汇总分析已自动生成: /var*********************************************************************************************************
[2026-06-14 16:45:53] INFO [check_balance_continuity] 共 1 个账号待校验
[2026-06-14 16:45:53] DEBUG [check_balance_continuity] 校验账号: 0109年03月, 记录数: 2
[2026-06-14 16:45:53] INFO [check_balance_continuity] 余额连续性校验完成 - 总账号: 1, 已校验: 1, 跳过: 0, 异常笔数: 0, 异常账号: 0
[2026-06-14 16:45:53] INFO [export_balance_check_result] 余额连续性校验结果已导出: /var**********************************************************************************************************
[2026-06-14 16:45:53] INFO [run_pipeline] 余额连续性校验报告已自动生成: /var**********************************************************************************************************
[2026-06-14 16:45:53] INFO [detect_duplicates] 重复交易检测完成 - 总记录: 2, 疑似重复组: 0, 疑似重复记录: 0, 重复率: 0.00%
[2026-06-14 16:45:53] INFO [generate_duplicate_check_from_records] 未检测到重复交易，仍导出报告
[2026-06-14 16:45:53] INFO [export_duplicate_check_result] 重复交易检测结果已导出: /var*********************************************************************************************************
[2026-06-14 16:45:53] INFO [run_pipeline] 重复交易检测报告已自动生成: /var*********************************************************************************************************
[2026-06-14 16:45:53] INFO [filter_interest_fee_transactions] 筛选出 0 条利息手续费交易
[2026-06-14 16:45:53] INFO [summarize_by_period] 按month汇总生成 0 条期间汇总记录，异常 0 条
[2026-06-14 16:45:53] INFO [check_interest_fee] 利息手续费核对完成 - 总记录: 0 (利息: 0, 手续费: 0), 期间汇总: 0, 异常: 0
[2026-06-14 16:45:53] WARNING [generate_interest_fee_check_from_records] 未筛选到任何利息手续费交易，跳过报告生成
[2026-06-14 16:45:53] INFO [mark_non_workday_transactions] 非工作日交易标记完成: 总记录 2, 工作日 2, 周末 0, 法定节假日 0, 调休工作日 0
[2026-06-14 16:45:53] INFO [generate_holiday_check_from_records] 未发现非工作日交易，仍导出报告
[2026-06-14 16:45:53] INFO [export_holiday_check_result] 非工作日交易标记结果已导出: /var***********************************************************************************************************
[2026-06-14 16:45:53] INFO [run_pipeline] 非工作日交易标记报告已自动生成: /var***********************************************************************************************************
[2026-06-14 16:45:53] INFO [assign_accounting_period] 会计期间归属完成: 2 条记录, 1 个期间
[2026-06-14 16:45:53] INFO [export_accounting_period_summary] 会计期间总表已导出: /var*******************************************************************************************************（1 个期间）
[2026-06-14 16:45:53] INFO [run_pipeline] 会计期间总表已自动生成: /var*******************************************************************************************************
[2026-06-14 16:45:53] INFO [save_report] 性能剖析报告已保存: /var*****************************************************************************************************
[2026-06-14 16:45:53] INFO [save_report] 性能剖析数据已保存: /var*******************************************************************************************************
[2026-06-14 16:45:53] INFO [run_pipeline] 性能剖析报告已生成: /var*****************************************************************************************************
[2026-06-14 16:45:53] INFO [run_pipeline] [试运行] 跳过生成财务协同编辑模板
[2026-06-14 16:45:53] INFO [run_pipeline] [试运行] 跳过待处理清单生成
[2026-06-14 16:45:53] DEBUG [scan_excel_files] 发现 Excel 文件: /var*******************************************************************************************
[2026-06-14 16:45:53] DEBUG [scan_excel_files] 发现 Excel 文件: /var*******************************************************************************************
[2026-06-14 16:45:53] INFO [scan_excel_files] 共扫描到 2 个 Excel 文件
[2026-06-14 16:45:53] INFO [setup_logging] 日志系统初始化完成，日志文件: /Use*******************************************************************************************************
[2026-06-14 16:45:53] INFO [setup_logging] 未检测到 tkinter，将使用命令行交互模式
[2026-06-14 16:45:53] INFO [run_pipeline] ===== 试运行模式已启用（不执行删除与写盘操作）=====
[2026-06-14 16:45:53] INFO [find_lookup_file] 精确匹配到主体查找表: /var**************************************************************************************
[2026-06-14 16:45:53] INFO [run_pipeline] 正在预加载主体查找表...
[2026-06-14 16:45:53] DEBUG [detect_excel_format] 文件 /var************************************************************************************** Magic Bytes 检测为 xlsx 格式 (ZIP/OOXML)
[2026-06-14 16:45:53] INFO [load_lookup_table] 查找表加载完成：共 2 条条目，2 个唯一账号，0 个扩展字段
[2026-06-14 16:45:53] INFO [run_pipeline] 主体查找表预加载完成
[2026-06-14 16:45:53] INFO [load_existing_keys] 未找到历史总表，将以全量模式运行
[2026-06-14 16:45:53] INFO [run_pipeline] 无历史数据，将以全量模式运行
[2026-06-14 16:45:53] INFO [run_pipeline] 已复制文件夹为＋检验版: /var******************************************************************************
[2026-06-14 16:45:53] DEBUG [scan_excel_files] 发现 Excel 文件: /var*******************************************************************************************
[2026-06-14 16:45:53] DEBUG [scan_excel_files] 发现 Excel 文件: /var*******************************************************************************************
[2026-06-14 16:45:53] INFO [scan_excel_files] 共扫描到 2 个 Excel 文件
[2026-06-14 16:45:53] INFO [identify_bank] 文件「东亚银行_流水.xlsx」通过前缀匹配识别为: 东亚银行
[2026-06-14 16:45:53] INFO [parse] 开始处理东亚银行文件: /var*******************************************************************************************
[2026-06-14 16:45:53] DEBUG [detect_excel_format] 文件 /var******************************************************************************************* Magic Bytes 检测为 xlsx 格式 (ZIP/OOXML)
[2026-06-14 16:45:53] INFO [validate_headers] 东亚银行文件工作表「交易明细」表头校验通过，7 个字段均匹配
[2026-06-14 16:45:53] DEBUG [get_subject_info] 银行账号「3881年23月」匹配到主体: 上********司（优先级: 0）
[2026-06-14 16:45:53] INFO [_parse_sheet] 东亚银行文件工作表「交易明细」提取 2 条记录
[2026-06-14 16:45:53] INFO [parse] 东亚银行文件处理完成，共提取 2 条记录
[2026-06-14 16:45:53] INFO [run_pipeline] 成功处理文件: /var*******************************************************************************************（2 条记录）
[2026-06-14 16:45:53] INFO [identify_bank] 文件「北京银行_流水.xlsx」通过前缀匹配识别为: 北京银行
[2026-06-14 16:45:53] INFO [parse] 开始处理北京银行文件: /var*******************************************************************************************
[2026-06-14 16:45:53] DEBUG [detect_excel_format] 文件 /var******************************************************************************************* Magic Bytes 检测为 xlsx 格式 (ZIP/OOXML)
[2026-06-14 16:45:53] INFO [validate_headers] 北京银行文件工作表「交易明细」表头校验通过，7 个字段均匹配
[2026-06-14 16:45:53] DEBUG [get_subject_info] 银行账号「0109年03月」匹配到主体: 北********司（优先级: 0）
[2026-06-14 16:45:53] INFO [_parse_sheet] 北京银行文件工作表「交易明细」提取 2 条记录
[2026-06-14 16:45:53] INFO [parse] 北京银行文件处理完成，共提取 2 条记录
[2026-06-14 16:45:53] INFO [run_pipeline] 成功处理文件: /var*******************************************************************************************（2 条记录）
[2026-06-14 16:45:53] INFO [run_pipeline] [试运行] 跳过删除文件操作，待删除文件 2 个
[2026-06-14 16:45:53] INFO [run_pipeline] [试运行] 跳过总表写盘，模式=全量覆盖，共 4 条记录
[2026-06-14 16:45:53] INFO [apply_amount_anomaly_detection] 开始金额异常检测，单笔阈值: [金额已隐藏] 元
[2026-06-14 16:45:53] INFO [apply_amount_anomaly_detection] 金额异常检测完成：共 4 条记录，0 条异常 (0.00%)
[2026-06-14 16:45:53] INFO [apply_counterparty_rules] 对方户名规则匹配完成: 总记录 4, 命中 0, 黑名单 0, 白名单 0
[2026-06-14 16:45:53] INFO [run_pipeline] [试运行] 跳过生成脱敏版总表
[2026-06-14 16:45:53] INFO [run_pipeline] [试运行] 跳过数据库持久化操作
[2026-06-14 16:45:53] INFO [identify_internal_transfers] 内部划转识别完成: 4 条记录, 识别出 0 对 (0 划出 + 0 划入), 涉及 0 个主体, 0 家银行
[2026-06-14 16:45:53] INFO [summarize_transactions] 主体维度汇总完成: 4 条记录, 2 个主体, 2 家银行, 1 个月份, 0 个未匹配账号
[2026-06-14 16:45:53] INFO [export_subject_summary] 主体维度汇总分析已导出: /var*********************************************************************************************************
[2026-06-14 16:45:53] INFO [run_pipeline] 主体维度汇总分析已自动生成: /var*********************************************************************************************************
[2026-06-14 16:45:53] INFO [check_balance_continuity] 共 2 个账号待校验
[2026-06-14 16:45:53] DEBUG [check_balance_continuity] 校验账号: 3881年23月, 记录数: 2
[2026-06-14 16:45:53] DEBUG [check_balance_continuity] 校验账号: 0109年03月, 记录数: 2
[2026-06-14 16:45:53] INFO [check_balance_continuity] 余额连续性校验完成 - 总账号: 2, 已校验: 2, 跳过: 0, 异常笔数: 0, 异常账号: 0
[2026-06-14 16:45:53] INFO [export_balance_check_result] 余额连续性校验结果已导出: /var**********************************************************************************************************
[2026-06-14 16:45:53] INFO [run_pipeline] 余额连续性校验报告已自动生成: /var**********************************************************************************************************
[2026-06-14 16:45:53] INFO [detect_duplicates] 重复交易检测完成 - 总记录: 4, 疑似重复组: 0, 疑似重复记录: 0, 重复率: 0.00%
[2026-06-14 16:45:53] INFO [generate_duplicate_check_from_records] 未检测到重复交易，仍导出报告
[2026-06-14 16:45:53] INFO [export_duplicate_check_result] 重复交易检测结果已导出: /var*********************************************************************************************************
[2026-06-14 16:45:53] INFO [run_pipeline] 重复交易检测报告已自动生成: /var*********************************************************************************************************
[2026-06-14 16:45:53] INFO [filter_interest_fee_transactions] 筛选出 1 条利息手续费交易
[2026-06-14 16:45:53] INFO [summarize_by_period] 按month汇总生成 1 条期间汇总记录，异常 1 条
[2026-06-14 16:45:53] INFO [check_interest_fee] 利息手续费核对完成 - 总记录: 1 (利息: 0, 手续费: 1), 期间汇总: 1, 异常: 1
[2026-06-14 16:45:53] INFO [export_interest_fee_check_result] 利息手续费核对结果已导出: /var**********************************************************************************************************
[2026-06-14 16:45:53] INFO [run_pipeline] Interest & Fee check report auto-generated: /var/folders/8t/8rw7_pg16cx2c2mkh_cvpz8m0000gn/T/bankcheck_test_pgn3v4kh/script/利息手续费核对报告_20260614_164553.xlsx
[2026-06-14 16:45:53] INFO [mark_non_workday_transactions] 非工作日交易标记完成: 总记录 4, 工作日 4, 周末 0, 法定节假日 0, 调休工作日 0
[2026-06-14 16:45:53] INFO [generate_holiday_check_from_records] 未发现非工作日交易，仍导出报告
[2026-06-14 16:45:53] INFO [export_holiday_check_result] 非工作日交易标记结果已导出: /var***********************************************************************************************************
[2026-06-14 16:45:53] INFO [run_pipeline] 非工作日交易标记报告已自动生成: /var***********************************************************************************************************
[2026-06-14 16:45:53] INFO [assign_accounting_period] 会计期间归属完成: 4 条记录, 1 个期间
[2026-06-14 16:45:53] INFO [export_accounting_period_summary] 会计期间总表已导出: /var*******************************************************************************************************（1 个期间）
[2026-06-14 16:45:53] INFO [run_pipeline] 会计期间总表已自动生成: /var*******************************************************************************************************
[2026-06-14 16:45:53] INFO [save_report] 性能剖析报告已保存: /var*****************************************************************************************************
[2026-06-14 16:45:53] INFO [save_report] 性能剖析数据已保存: /var*******************************************************************************************************
[2026-06-14 16:45:53] INFO [run_pipeline] 性能剖析报告已生成: /var*****************************************************************************************************
[2026-06-14 16:45:53] INFO [run_pipeline] [试运行] 跳过生成财务协同编辑模板
[2026-06-14 16:45:53] INFO [setup_logging] 日志系统初始化完成，日志文件: /Use*******************************************************************************************************
[2026-06-14 16:45:53] INFO [setup_logging] 未检测到 tkinter，将使用命令行交互模式
[2026-06-14 16:45:53] INFO [run_pipeline] ===== 试运行模式已启用（不执行删除与写盘操作）=====
[2026-06-14 16:45:53] INFO [find_lookup_file] 精确匹配到主体查找表: /var**************************************************************************************
[2026-06-14 16:45:53] INFO [run_pipeline] 正在预加载主体查找表...
[2026-06-14 16:45:53] DEBUG [detect_excel_format] 文件 /var************************************************************************************** Magic Bytes 检测为 xlsx 格式 (ZIP/OOXML)
[2026-06-14 16:45:53] INFO [load_lookup_table] 查找表加载完成：共 2 条条目，2 个唯一账号，0 个扩展字段
[2026-06-14 16:45:53] INFO [run_pipeline] 主体查找表预加载完成
[2026-06-14 16:45:53] INFO [load_existing_keys] 未找到历史总表，将以全量模式运行
[2026-06-14 16:45:53] INFO [run_pipeline] 无历史数据，将以全量模式运行
[2026-06-14 16:45:53] INFO [run_pipeline] 已复制文件夹为＋检验版: /var******************************************************************************
[2026-06-14 16:45:53] DEBUG [scan_excel_files] 发现 Excel 文件: /var*******************************************************************************************
[2026-06-14 16:45:53] INFO [scan_excel_files] 共扫描到 1 个 Excel 文件
[2026-06-14 16:45:53] INFO [identify_bank] 文件「北京银行_流水.xlsx」通过前缀匹配识别为: 北京银行
[2026-06-14 16:45:53] INFO [parse] 开始处理北京银行文件: /var*******************************************************************************************
[2026-06-14 16:45:53] DEBUG [detect_excel_format] 文件 /var******************************************************************************************* Magic Bytes 检测为 xlsx 格式 (ZIP/OOXML)
[2026-06-14 16:45:53] INFO [validate_headers] 北京银行文件工作表「交易明细」表头校验通过，7 个字段均匹配
[2026-06-14 16:45:53] DEBUG [get_subject_info] 银行账号「0109年03月」匹配到主体: 北********司（优先级: 0）
[2026-06-14 16:45:53] INFO [_parse_sheet] 北京银行文件工作表「交易明细」提取 2 条记录
[2026-06-14 16:45:53] INFO [parse] 北京银行文件处理完成，共提取 2 条记录
[2026-06-14 16:45:53] INFO [run_pipeline] 成功处理文件: /var*******************************************************************************************（2 条记录）
[2026-06-14 16:45:53] INFO [run_pipeline] [试运行] 跳过删除文件操作，待删除文件 1 个
[2026-06-14 16:45:53] INFO [run_pipeline] [试运行] 跳过总表写盘，模式=全量覆盖，共 2 条记录
[2026-06-14 16:45:53] INFO [apply_amount_anomaly_detection] 开始金额异常检测，单笔阈值: [金额已隐藏] 元
[2026-06-14 16:45:53] INFO [apply_amount_anomaly_detection] 金额异常检测完成：共 2 条记录，0 条异常 (0.00%)
[2026-06-14 16:45:53] INFO [apply_counterparty_rules] 对方户名规则匹配完成: 总记录 2, 命中 0, 黑名单 0, 白名单 0
[2026-06-14 16:45:53] INFO [run_pipeline] [试运行] 跳过生成脱敏版总表
[2026-06-14 16:45:53] INFO [run_pipeline] [试运行] 跳过数据库持久化操作
[2026-06-14 16:45:53] INFO [identify_internal_transfers] 内部划转识别完成: 2 条记录, 识别出 0 对 (0 划出 + 0 划入), 涉及 0 个主体, 0 家银行
[2026-06-14 16:45:53] INFO [summarize_transactions] 主体维度汇总完成: 2 条记录, 1 个主体, 1 家银行, 1 个月份, 0 个未匹配账号
[2026-06-14 16:45:53] INFO [export_subject_summary] 主体维度汇总分析已导出: /var*********************************************************************************************************
[2026-06-14 16:45:53] INFO [run_pipeline] 主体维度汇总分析已自动生成: /var*********************************************************************************************************
[2026-06-14 16:45:53] INFO [check_balance_continuity] 共 1 个账号待校验
[2026-06-14 16:45:53] DEBUG [check_balance_continuity] 校验账号: 0109年03月, 记录数: 2
[2026-06-14 16:45:53] INFO [check_balance_continuity] 余额连续性校验完成 - 总账号: 1, 已校验: 1, 跳过: 0, 异常笔数: 0, 异常账号: 0
[2026-06-14 16:45:54] INFO [export_balance_check_result] 余额连续性校验结果已导出: /var**********************************************************************************************************
[2026-06-14 16:45:54] INFO [run_pipeline] 余额连续性校验报告已自动生成: /var**********************************************************************************************************
[2026-06-14 16:45:54] INFO [detect_duplicates] 重复交易检测完成 - 总记录: 2, 疑似重复组: 0, 疑似重复记录: 0, 重复率: 0.00%
[2026-06-14 16:45:54] INFO [generate_duplicate_check_from_records] 未检测到重复交易，仍导出报告
[2026-06-14 16:45:54] INFO [export_duplicate_check_result] 重复交易检测结果已导出: /var*********************************************************************************************************
[2026-06-14 16:45:54] INFO [run_pipeline] 重复交易检测报告已自动生成: /var*********************************************************************************************************
[2026-06-14 16:45:54] INFO [filter_interest_fee_transactions] 筛选出 0 条利息手续费交易
[2026-06-14 16:45:54] INFO [summarize_by_period] 按month汇总生成 0 条期间汇总记录，异常 0 条
[2026-06-14 16:45:54] INFO [check_interest_fee] 利息手续费核对完成 - 总记录: 0 (利息: 0, 手续费: 0), 期间汇总: 0, 异常: 0
[2026-06-14 16:45:54] WARNING [generate_interest_fee_check_from_records] 未筛选到任何利息手续费交易，跳过报告生成
[2026-06-14 16:45:54] INFO [mark_non_workday_transactions] 非工作日交易标记完成: 总记录 2, 工作日 2, 周末 0, 法定节假日 0, 调休工作日 0
[2026-06-14 16:45:54] INFO [generate_holiday_check_from_records] 未发现非工作日交易，仍导出报告
[2026-06-14 16:45:54] INFO [export_holiday_check_result] 非工作日交易标记结果已导出: /var***********************************************************************************************************
[2026-06-14 16:45:54] INFO [run_pipeline] 非工作日交易标记报告已自动生成: /var***********************************************************************************************************
[2026-06-14 16:45:54] INFO [assign_accounting_period] 会计期间归属完成: 2 条记录, 1 个期间
[2026-06-14 16:45:54] INFO [export_accounting_period_summary] 会计期间总表已导出: /var*******************************************************************************************************（1 个期间）
[2026-06-14 16:45:54] INFO [run_pipeline] 会计期间总表已自动生成: /var*******************************************************************************************************
[2026-06-14 16:45:54] INFO [save_report] 性能剖析报告已保存: /var*****************************************************************************************************
[2026-06-14 16:45:54] INFO [save_report] 性能剖析数据已保存: /var*******************************************************************************************************
[2026-06-14 16:45:54] INFO [run_pipeline] 性能剖析报告已生成: /var*****************************************************************************************************
[2026-06-14 16:45:54] INFO [run_pipeline] [试运行] 跳过生成财务协同编辑模板
[2026-06-14 16:45:54] INFO [setup_logging] 日志系统初始化完成，日志文件: /Use*******************************************************************************************************
[2026-06-14 16:45:54] INFO [setup_logging] 未检测到 tkinter，将使用命令行交互模式
[2026-06-14 16:45:54] INFO [run_pipeline] ===== 试运行模式已启用（不执行删除与写盘操作）=====
[2026-06-14 16:45:54] INFO [find_lookup_file] 精确匹配到主体查找表: /var**************************************************************************************
[2026-06-14 16:45:54] INFO [run_pipeline] 正在预加载主体查找表...
[2026-06-14 16:45:54] DEBUG [detect_excel_format] 文件 /var************************************************************************************** Magic Bytes 检测为 xlsx 格式 (ZIP/OOXML)
[2026-06-14 16:45:54] INFO [load_lookup_table] 查找表加载完成：共 2 条条目，2 个唯一账号，0 个扩展字段
[2026-06-14 16:45:54] INFO [run_pipeline] 主体查找表预加载完成
[2026-06-14 16:45:54] INFO [load_existing_keys] 未找到历史总表，将以全量模式运行
[2026-06-14 16:45:54] INFO [run_pipeline] 无历史数据，将以全量模式运行
[2026-06-14 16:45:54] INFO [run_pipeline] 已复制文件夹为＋检验版: /var******************************************************************************
[2026-06-14 16:45:54] DEBUG [scan_excel_files] 发现 Excel 文件: /var*******************************************************************************************
[2026-06-14 16:45:54] INFO [scan_excel_files] 共扫描到 1 个 Excel 文件
[2026-06-14 16:45:54] INFO [identify_bank] 文件「北京银行_流水.xlsx」通过前缀匹配识别为: 北京银行
[2026-06-14 16:45:54] INFO [parse] 开始处理北京银行文件: /var*******************************************************************************************
[2026-06-14 16:45:54] DEBUG [detect_excel_format] 文件 /var******************************************************************************************* Magic Bytes 检测为 xlsx 格式 (ZIP/OOXML)
[2026-06-14 16:45:54] INFO [validate_headers] 北京银行文件工作表「交易明细」表头校验通过，7 个字段均匹配
[2026-06-14 16:45:54] DEBUG [get_subject_info] 银行账号「0109年03月」匹配到主体: 北********司（优先级: 0）
[2026-06-14 16:45:54] INFO [_parse_sheet] 北京银行文件工作表「交易明细」提取 2 条记录
[2026-06-14 16:45:54] INFO [parse] 北京银行文件处理完成，共提取 2 条记录
[2026-06-14 16:45:54] INFO [run_pipeline] 成功处理文件: /var*******************************************************************************************（2 条记录）
[2026-06-14 16:45:54] INFO [run_pipeline] [试运行] 跳过删除文件操作，待删除文件 1 个
[2026-06-14 16:45:54] INFO [run_pipeline] [试运行] 跳过总表写盘，模式=全量覆盖，共 2 条记录
[2026-06-14 16:45:54] INFO [apply_amount_anomaly_detection] 开始金额异常检测，单笔阈值: [金额已隐藏] 元
[2026-06-14 16:45:54] INFO [apply_amount_anomaly_detection] 金额异常检测完成：共 2 条记录，0 条异常 (0.00%)
[2026-06-14 16:45:54] INFO [apply_counterparty_rules] 对方户名规则匹配完成: 总记录 2, 命中 0, 黑名单 0, 白名单 0
[2026-06-14 16:45:54] INFO [run_pipeline] [试运行] 跳过生成脱敏版总表
[2026-06-14 16:45:54] INFO [run_pipeline] [试运行] 跳过数据库持久化操作
[2026-06-14 16:45:54] INFO [identify_internal_transfers] 内部划转识别完成: 2 条记录, 识别出 0 对 (0 划出 + 0 划入), 涉及 0 个主体, 0 家银行
[2026-06-14 16:45:54] INFO [summarize_transactions] 主体维度汇总完成: 2 条记录, 1 个主体, 1 家银行, 1 个月份, 0 个未匹配账号
[2026-06-14 16:45:54] INFO [export_subject_summary] 主体维度汇总分析已导出: /var*********************************************************************************************************
[2026-06-14 16:45:54] INFO [run_pipeline] 主体维度汇总分析已自动生成: /var*********************************************************************************************************
[2026-06-14 16:45:54] INFO [check_balance_continuity] 共 1 个账号待校验
[2026-06-14 16:45:54] DEBUG [check_balance_continuity] 校验账号: 0109年03月, 记录数: 2
[2026-06-14 16:45:54] INFO [check_balance_continuity] 余额连续性校验完成 - 总账号: 1, 已校验: 1, 跳过: 0, 异常笔数: 0, 异常账号: 0
[2026-06-14 16:45:54] INFO [export_balance_check_result] 余额连续性校验结果已导出: /var**********************************************************************************************************
[2026-06-14 16:45:54] INFO [run_pipeline] 余额连续性校验报告已自动生成: /var**********************************************************************************************************
[2026-06-14 16:45:54] INFO [detect_duplicates] 重复交易检测完成 - 总记录: 2, 疑似重复组: 0, 疑似重复记录: 0, 重复率: 0.00%
[2026-06-14 16:45:54] INFO [generate_duplicate_check_from_records] 未检测到重复交易，仍导出报告
[2026-06-14 16:45:54] INFO [export_duplicate_check_result] 重复交易检测结果已导出: /var*********************************************************************************************************
[2026-06-14 16:45:54] INFO [run_pipeline] 重复交易检测报告已自动生成: /var*********************************************************************************************************
[2026-06-14 16:45:54] INFO [filter_interest_fee_transactions] 筛选出 0 条利息手续费交易
[2026-06-14 16:45:54] INFO [summarize_by_period] 按month汇总生成 0 条期间汇总记录，异常 0 条
[2026-06-14 16:45:54] INFO [check_interest_fee] 利息手续费核对完成 - 总记录: 0 (利息: 0, 手续费: 0), 期间汇总: 0, 异常: 0
[2026-06-14 16:45:54] WARNING [generate_interest_fee_check_from_records] 未筛选到任何利息手续费交易，跳过报告生成
[2026-06-14 16:45:54] INFO [mark_non_workday_transactions] 非工作日交易标记完成: 总记录 2, 工作日 2, 周末 0, 法定节假日 0, 调休工作日 0
[2026-06-14 16:45:54] INFO [generate_holiday_check_from_records] 未发现非工作日交易，仍导出报告
[2026-06-14 16:45:54] INFO [export_holiday_check_result] 非工作日交易标记结果已导出: /var***********************************************************************************************************
[2026-06-14 16:45:54] INFO [run_pipeline] 非工作日交易标记报告已自动生成: /var***********************************************************************************************************
[2026-06-14 16:45:54] INFO [assign_accounting_period] 会计期间归属完成: 2 条记录, 1 个期间
[2026-06-14 16:45:54] INFO [export_accounting_period_summary] 会计期间总表已导出: /var*******************************************************************************************************（1 个期间）
[2026-06-14 16:45:54] INFO [run_pipeline] 会计期间总表已自动生成: /var*******************************************************************************************************
[2026-06-14 16:45:54] INFO [save_report] 性能剖析报告已保存: /var*****************************************************************************************************
[2026-06-14 16:45:54] INFO [save_report] 性能剖析数据已保存: /var*******************************************************************************************************
[2026-06-14 16:45:54] INFO [run_pipeline] 性能剖析报告已生成: /var*****************************************************************************************************
[2026-06-14 16:45:54] INFO [run_pipeline] [试运行] 跳过生成财务协同编辑模板
[2026-06-14 16:45:54] INFO [commit_pipeline_changes] ===== 开始提交试运行变更（正式写盘）=====
[2026-06-14 16:45:54] INFO [commit_pipeline_changes] [提交] 执行文件删除操作，待删除 1 个文件
[2026-06-14 16:45:54] DEBUG [delete_processed_files] 已删除文件: /var*******************************************************************************************
[2026-06-14 16:45:54] INFO [commit_pipeline_changes] [提交] 执行全量覆盖写总表：共 2 条记录
[2026-06-14 16:45:54] INFO [commit_pipeline_changes] [提交] 总表输出完成: /var***************************************************************************************
[2026-06-14 16:45:54] INFO [commit_pipeline_changes] [提交] 生成脱敏版总表
[2026-06-14 16:45:54] INFO [export_masked_summary] 脱敏版总表输出完成: /var*******************************************************************************************（共 2 条记录）
[2026-06-14 16:45:54] INFO [commit_pipeline_changes] [提交] 执行数据库持久化
[2026-06-14 16:45:54] DEBUG [init_schema] 数据库表结构初始化完成
[2026-06-14 16:45:54] INFO [connect] SQLite 数据库已连接: /Use************************************************************************************
[2026-06-14 16:45:54] INFO [insert_records] 已加载 25 个历史匹配键用于去重
[2026-06-14 16:45:54] INFO [insert_records] 批量导入完成: 批次 BATC***************, 共 2 条, 新增 0 条, 重复 2 条
[2026-06-14 16:45:54] INFO [disconnect] SQLite 数据库已断开
[2026-06-14 16:45:54] INFO [commit_pipeline_changes] [提交] 数据库持久化完成: 插入 0 条, 去重跳过 2 条
[2026-06-14 16:45:54] INFO [commit_pipeline_changes] [提交] 生成财务协同编辑模板
[2026-06-14 16:45:54] INFO [generate_collab_template] 财务协同编辑模板生成完成: /var***************************************************************************************************************（可编辑列: 凭证号, 凭证日期, 会计科目编码, 会计科目名称, 备注, 制单人）
[2026-06-14 16:45:54] INFO [commit_pipeline_changes] ===== 试运行变更提交完成 =====
[2026-06-14 16:45:54] INFO [setup_logging] 日志系统初始化完成，日志文件: /Use*******************************************************************************************************
[2026-06-14 16:45:54] INFO [setup_logging] 未检测到 tkinter，将使用命令行交互模式
[2026-06-14 16:45:54] INFO [run_pipeline] ===== 试运行模式已启用（不执行删除与写盘操作）=====
[2026-06-14 16:45:54] INFO [find_lookup_file] 精确匹配到主体查找表: /var**************************************************************************************
[2026-06-14 16:45:54] INFO [run_pipeline] 正在预加载主体查找表...
[2026-06-14 16:45:54] DEBUG [detect_excel_format] 文件 /var************************************************************************************** Magic Bytes 检测为 xlsx 格式 (ZIP/OOXML)
[2026-06-14 16:45:54] INFO [load_lookup_table] 查找表加载完成：共 2 条条目，2 个唯一账号，0 个扩展字段
[2026-06-14 16:45:54] INFO [run_pipeline] 主体查找表预加载完成
[2026-06-14 16:45:54] INFO [load_existing_keys] 未找到历史总表，将以全量模式运行
[2026-06-14 16:45:54] INFO [run_pipeline] 无历史数据，将以全量模式运行
[2026-06-14 16:45:54] INFO [run_pipeline] 已复制文件夹为＋检验版: /var******************************************************************************
[2026-06-14 16:45:54] DEBUG [scan_excel_files] 发现 Excel 文件: /var*******************************************************************************************
[2026-06-14 16:45:54] DEBUG [scan_excel_files] 发现 Excel 文件: /var*******************************************************************************************
[2026-06-14 16:45:54] INFO [scan_excel_files] 共扫描到 2 个 Excel 文件
[2026-06-14 16:45:54] WARNING [identify_bank] 文件「未知银行_流水.xlsx」无法识别银行类型
[2026-06-14 16:45:54] INFO [identify_bank] 文件「北京银行_流水.xlsx」通过前缀匹配识别为: 北京银行
[2026-06-14 16:45:54] INFO [parse] 开始处理北京银行文件: /var*******************************************************************************************
[2026-06-14 16:45:54] DEBUG [detect_excel_format] 文件 /var******************************************************************************************* Magic Bytes 检测为 xlsx 格式 (ZIP/OOXML)
[2026-06-14 16:45:54] INFO [validate_headers] 北京银行文件工作表「交易明细」表头校验通过，7 个字段均匹配
[2026-06-14 16:45:54] DEBUG [get_subject_info] 银行账号「0109年03月」匹配到主体: 北********司（优先级: 0）
[2026-06-14 16:45:54] INFO [_parse_sheet] 北京银行文件工作表「交易明细」提取 2 条记录
[2026-06-14 16:45:54] INFO [parse] 北京银行文件处理完成，共提取 2 条记录
[2026-06-14 16:45:54] INFO [run_pipeline] 成功处理文件: /var*******************************************************************************************（2 条记录）
[2026-06-14 16:45:54] INFO [run_pipeline] [试运行] 跳过删除文件操作，待删除文件 1 个
[2026-06-14 16:45:54] INFO [run_pipeline] [试运行] 跳过总表写盘，模式=全量覆盖，共 2 条记录
[2026-06-14 16:45:54] INFO [apply_amount_anomaly_detection] 开始金额异常检测，单笔阈值: [金额已隐藏] 元
[2026-06-14 16:45:54] INFO [apply_amount_anomaly_detection] 金额异常检测完成：共 2 条记录，0 条异常 (0.00%)
[2026-06-14 16:45:54] INFO [apply_counterparty_rules] 对方户名规则匹配完成: 总记录 2, 命中 0, 黑名单 0, 白名单 0
[2026-06-14 16:45:54] INFO [run_pipeline] [试运行] 跳过生成脱敏版总表
[2026-06-14 16:45:54] INFO [run_pipeline] [试运行] 跳过数据库持久化操作
[2026-06-14 16:45:54] INFO [identify_internal_transfers] 内部划转识别完成: 2 条记录, 识别出 0 对 (0 划出 + 0 划入), 涉及 0 个主体, 0 家银行
[2026-06-14 16:45:54] INFO [summarize_transactions] 主体维度汇总完成: 2 条记录, 1 个主体, 1 家银行, 1 个月份, 0 个未匹配账号
[2026-06-14 16:45:54] INFO [export_subject_summary] 主体维度汇总分析已导出: /var*********************************************************************************************************
[2026-06-14 16:45:54] INFO [run_pipeline] 主体维度汇总分析已自动生成: /var*********************************************************************************************************
[2026-06-14 16:45:54] INFO [check_balance_continuity] 共 1 个账号待校验
[2026-06-14 16:45:54] DEBUG [check_balance_continuity] 校验账号: 0109年03月, 记录数: 2
[2026-06-14 16:45:54] INFO [check_balance_continuity] 余额连续性校验完成 - 总账号: 1, 已校验: 1, 跳过: 0, 异常笔数: 0, 异常账号: 0
[2026-06-14 16:45:54] INFO [export_balance_check_result] 余额连续性校验结果已导出: /var**********************************************************************************************************
[2026-06-14 16:45:54] INFO [run_pipeline] 余额连续性校验报告已自动生成: /var**********************************************************************************************************
[2026-06-14 16:45:54] INFO [detect_duplicates] 重复交易检测完成 - 总记录: 2, 疑似重复组: 0, 疑似重复记录: 0, 重复率: 0.00%
[2026-06-14 16:45:54] INFO [generate_duplicate_check_from_records] 未检测到重复交易，仍导出报告
[2026-06-14 16:45:54] INFO [export_duplicate_check_result] 重复交易检测结果已导出: /var*********************************************************************************************************
[2026-06-14 16:45:54] INFO [run_pipeline] 重复交易检测报告已自动生成: /var*********************************************************************************************************
[2026-06-14 16:45:54] INFO [filter_interest_fee_transactions] 筛选出 0 条利息手续费交易
[2026-06-14 16:45:54] INFO [summarize_by_period] 按month汇总生成 0 条期间汇总记录，异常 0 条
[2026-06-14 16:45:54] INFO [check_interest_fee] 利息手续费核对完成 - 总记录: 0 (利息: 0, 手续费: 0), 期间汇总: 0, 异常: 0
[2026-06-14 16:45:54] WARNING [generate_interest_fee_check_from_records] 未筛选到任何利息手续费交易，跳过报告生成
[2026-06-14 16:45:54] INFO [mark_non_workday_transactions] 非工作日交易标记完成: 总记录 2, 工作日 2, 周末 0, 法定节假日 0, 调休工作日 0
[2026-06-14 16:45:54] INFO [generate_holiday_check_from_records] 未发现非工作日交易，仍导出报告
[2026-06-14 16:45:54] INFO [export_holiday_check_result] 非工作日交易标记结果已导出: /var***********************************************************************************************************
[2026-06-14 16:45:54] INFO [run_pipeline] 非工作日交易标记报告已自动生成: /var***********************************************************************************************************
[2026-06-14 16:45:54] INFO [assign_accounting_period] 会计期间归属完成: 2 条记录, 1 个期间
[2026-06-14 16:45:54] INFO [export_accounting_period_summary] 会计期间总表已导出: /var*******************************************************************************************************（1 个期间）
[2026-06-14 16:45:54] INFO [run_pipeline] 会计期间总表已自动生成: /var*******************************************************************************************************
[2026-06-14 16:45:54] INFO [save_report] 性能剖析报告已保存: /var*****************************************************************************************************
[2026-06-14 16:45:54] INFO [save_report] 性能剖析数据已保存: /var*******************************************************************************************************
[2026-06-14 16:45:54] INFO [run_pipeline] 性能剖析报告已生成: /var*****************************************************************************************************
[2026-06-14 16:45:54] INFO [run_pipeline] [试运行] 跳过生成财务协同编辑模板
[2026-06-14 16:45:54] INFO [run_pipeline] [试运行] 跳过待处理清单生成
[2026-06-14 16:45:54] INFO [commit_pipeline_changes] ===== 开始提交试运行变更（正式写盘）=====
[2026-06-14 16:45:54] INFO [commit_pipeline_changes] [提交] 执行文件删除操作，待删除 1 个文件
[2026-06-14 16:45:54] DEBUG [delete_processed_files] 已删除文件: /var*******************************************************************************************
[2026-06-14 16:45:54] INFO [commit_pipeline_changes] [提交] 执行全量覆盖写总表：共 2 条记录
[2026-06-14 16:45:54] INFO [commit_pipeline_changes] [提交] 总表输出完成: /var***************************************************************************************
[2026-06-14 16:45:54] INFO [commit_pipeline_changes] [提交] 生成脱敏版总表
[2026-06-14 16:45:54] INFO [export_masked_summary] 脱敏版总表输出完成: /var*******************************************************************************************（共 2 条记录）
[2026-06-14 16:45:54] INFO [commit_pipeline_changes] [提交] 执行数据库持久化
[2026-06-14 16:45:54] DEBUG [init_schema] 数据库表结构初始化完成
[2026-06-14 16:45:54] INFO [connect] SQLite 数据库已连接: /Use************************************************************************************
[2026-06-14 16:45:54] INFO [disconnect] SQLite 数据库已断开
[2026-06-14 16:45:54] ERROR [persist_transactions] 数据库持久化失败: UNIQUE constraint failed: import_batches.batch_id
Traceback (most recent call last):
  File "/Users/zhangchengcheng/work/ai-project/Trea/solo0605/label-02552/tests/../backend/database.py", line 1612, in persist_transactions
    insert_count, duplicate_count = db.insert_records(
                                    ~~~~~~~~~~~~~~~~~^
        transaction_records,
        ^^^^^^^^^^^^^^^^^^^^
        batch_id=batch_id,
        ^^^^^^^^^^^^^^^^^^
        deduplicate=deduplicate,
        ^^^^^^^^^^^^^^^^^^^^^^^^
    )
    ^
  File "/Users/zhangchengcheng/work/ai-project/Trea/solo0605/label-02552/tests/../backend/database.py", line 554, in insert_records
    cursor.execute('''
    ~~~~~~~~~~~~~~^^^^
        INSERT INTO import_batches (
        ^^^^^^^^^^^^^^^^^^^^^^^^^^^^
            batch_id, total_records, started_at, status
            ^^^^^^^^^^^^^^^^^^^^^^^^^^^^^^^^^^^^^^^^^^^
        ) VALUES (?, ?, ?, ?)
        ^^^^^^^^^^^^^^^^^^^^^
    ''', (batch_id, len(records), started_at, 'processing'))
    ^^^^^^^^^^^^^^^^^^^^^^^^^^^^^^^^^^^^^^^^^^^^^^^^^^^^^^^^
sqlite3.IntegrityError: UNIQUE constraint failed: import_batches.batch_id
[2026-06-14 16:45:54] INFO [commit_pipeline_changes] [提交] 数据库持久化完成: 插入 0 条, 去重跳过 0 条
[2026-06-14 16:45:54] INFO [commit_pipeline_changes] [提交] 生成财务协同编辑模板
[2026-06-14 16:45:54] INFO [generate_collab_template] 财务协同编辑模板生成完成: /var***************************************************************************************************************（可编辑列: 凭证号, 凭证日期, 会计科目编码, 会计科目名称, 备注, 制单人）
[2026-06-14 16:45:54] INFO [generate_pending_list_xlsx] 待处理清单已生成: /var******************************************************************************************************（共 1 条记录）
[2026-06-14 16:45:54] INFO [commit_pipeline_changes] ===== 试运行变更提交完成 =====
[2026-06-14 16:45:54] DEBUG [scan_excel_files] 发现 Excel 文件: /var*******************************************************************************************
[2026-06-14 16:45:54] INFO [scan_excel_files] 共扫描到 1 个 Excel 文件
[2026-06-14 16:45:54] INFO [setup_logging] 日志系统初始化完成，日志文件: /Use*******************************************************************************************************
[2026-06-14 16:45:54] INFO [setup_logging] 未检测到 tkinter，将使用命令行交互模式
[2026-06-14 16:45:54] INFO [run_pipeline] ===== 试运行模式已启用（不执行删除与写盘操作）=====
[2026-06-14 16:45:54] INFO [find_lookup_file] 精确匹配到主体查找表: /var**************************************************************************************
[2026-06-14 16:45:54] INFO [run_pipeline] 正在预加载主体查找表...
[2026-06-14 16:45:54] DEBUG [detect_excel_format] 文件 /var************************************************************************************** Magic Bytes 检测为 xlsx 格式 (ZIP/OOXML)
[2026-06-14 16:45:54] INFO [load_lookup_table] 查找表加载完成：共 2 条条目，2 个唯一账号，0 个扩展字段
[2026-06-14 16:45:54] INFO [run_pipeline] 主体查找表预加载完成
[2026-06-14 16:45:54] INFO [load_existing_keys] 未找到历史总表，将以全量模式运行
[2026-06-14 16:45:54] INFO [run_pipeline] 无历史数据，将以全量模式运行
[2026-06-14 16:45:54] INFO [run_pipeline] 已复制文件夹为＋检验版: /var******************************************************************************
[2026-06-14 16:45:54] DEBUG [scan_excel_files] 发现 Excel 文件: /var*******************************************************************************************
[2026-06-14 16:45:54] INFO [scan_excel_files] 共扫描到 1 个 Excel 文件
[2026-06-14 16:45:54] INFO [identify_bank] 文件「北京银行_流水.xlsx」通过前缀匹配识别为: 北京银行
[2026-06-14 16:45:54] INFO [parse] 开始处理北京银行文件: /var*******************************************************************************************
[2026-06-14 16:45:54] DEBUG [detect_excel_format] 文件 /var******************************************************************************************* Magic Bytes 检测为 xlsx 格式 (ZIP/OOXML)
[2026-06-14 16:45:54] INFO [validate_headers] 北京银行文件工作表「交易明细」表头校验通过，7 个字段均匹配
[2026-06-14 16:45:54] DEBUG [get_subject_info] 银行账号「0109年03月」匹配到主体: 北********司（优先级: 0）
[2026-06-14 16:45:54] INFO [_parse_sheet] 北京银行文件工作表「交易明细」提取 2 条记录
[2026-06-14 16:45:54] INFO [parse] 北京银行文件处理完成，共提取 2 条记录
[2026-06-14 16:45:54] INFO [run_pipeline] 成功处理文件: /var*******************************************************************************************（2 条记录）
[2026-06-14 16:45:54] INFO [run_pipeline] [试运行] 跳过删除文件操作，待删除文件 1 个
[2026-06-14 16:45:54] INFO [run_pipeline] [试运行] 跳过总表写盘，模式=全量覆盖，共 2 条记录
[2026-06-14 16:45:54] INFO [apply_amount_anomaly_detection] 开始金额异常检测，单笔阈值: [金额已隐藏] 元
[2026-06-14 16:45:54] INFO [apply_amount_anomaly_detection] 金额异常检测完成：共 2 条记录，0 条异常 (0.00%)
[2026-06-14 16:45:54] INFO [apply_counterparty_rules] 对方户名规则匹配完成: 总记录 2, 命中 0, 黑名单 0, 白名单 0
[2026-06-14 16:45:54] INFO [run_pipeline] [试运行] 跳过生成脱敏版总表
[2026-06-14 16:45:54] INFO [run_pipeline] [试运行] 跳过数据库持久化操作
[2026-06-14 16:45:54] INFO [identify_internal_transfers] 内部划转识别完成: 2 条记录, 识别出 0 对 (0 划出 + 0 划入), 涉及 0 个主体, 0 家银行
[2026-06-14 16:45:54] INFO [summarize_transactions] 主体维度汇总完成: 2 条记录, 1 个主体, 1 家银行, 1 个月份, 0 个未匹配账号
[2026-06-14 16:45:54] INFO [export_subject_summary] 主体维度汇总分析已导出: /var*********************************************************************************************************
[2026-06-14 16:45:54] INFO [run_pipeline] 主体维度汇总分析已自动生成: /var*********************************************************************************************************
[2026-06-14 16:45:54] INFO [check_balance_continuity] 共 1 个账号待校验
[2026-06-14 16:45:54] DEBUG [check_balance_continuity] 校验账号: 0109年03月, 记录数: 2
[2026-06-14 16:45:54] INFO [check_balance_continuity] 余额连续性校验完成 - 总账号: 1, 已校验: 1, 跳过: 0, 异常笔数: 0, 异常账号: 0
[2026-06-14 16:45:54] INFO [export_balance_check_result] 余额连续性校验结果已导出: /var**********************************************************************************************************
[2026-06-14 16:45:54] INFO [run_pipeline] 余额连续性校验报告已自动生成: /var**********************************************************************************************************
[2026-06-14 16:45:54] INFO [detect_duplicates] 重复交易检测完成 - 总记录: 2, 疑似重复组: 0, 疑似重复记录: 0, 重复率: 0.00%
[2026-06-14 16:45:54] INFO [generate_duplicate_check_from_records] 未检测到重复交易，仍导出报告
[2026-06-14 16:45:54] INFO [export_duplicate_check_result] 重复交易检测结果已导出: /var*********************************************************************************************************
[2026-06-14 16:45:54] INFO [run_pipeline] 重复交易检测报告已自动生成: /var*********************************************************************************************************
[2026-06-14 16:45:54] INFO [filter_interest_fee_transactions] 筛选出 0 条利息手续费交易
[2026-06-14 16:45:54] INFO [summarize_by_period] 按month汇总生成 0 条期间汇总记录，异常 0 条
[2026-06-14 16:45:54] INFO [check_interest_fee] 利息手续费核对完成 - 总记录: 0 (利息: 0, 手续费: 0), 期间汇总: 0, 异常: 0
[2026-06-14 16:45:54] WARNING [generate_interest_fee_check_from_records] 未筛选到任何利息手续费交易，跳过报告生成
[2026-06-14 16:45:54] INFO [mark_non_workday_transactions] 非工作日交易标记完成: 总记录 2, 工作日 2, 周末 0, 法定节假日 0, 调休工作日 0
[2026-06-14 16:45:54] INFO [generate_holiday_check_from_records] 未发现非工作日交易，仍导出报告
[2026-06-14 16:45:54] INFO [export_holiday_check_result] 非工作日交易标记结果已导出: /var***********************************************************************************************************
[2026-06-14 16:45:54] INFO [run_pipeline] 非工作日交易标记报告已自动生成: /var***********************************************************************************************************
[2026-06-14 16:45:54] INFO [assign_accounting_period] 会计期间归属完成: 2 条记录, 1 个期间
[2026-06-14 16:45:54] INFO [export_accounting_period_summary] 会计期间总表已导出: /var*******************************************************************************************************（1 个期间）
[2026-06-14 16:45:54] INFO [run_pipeline] 会计期间总表已自动生成: /var*******************************************************************************************************
[2026-06-14 16:45:54] INFO [save_report] 性能剖析报告已保存: /var*****************************************************************************************************
[2026-06-14 16:45:54] INFO [save_report] 性能剖析数据已保存: /var*******************************************************************************************************
[2026-06-14 16:45:54] INFO [run_pipeline] 性能剖析报告已生成: /var*****************************************************************************************************
[2026-06-14 16:45:54] INFO [run_pipeline] [试运行] 跳过生成财务协同编辑模板
[2026-06-14 16:45:54] INFO [commit_pipeline_changes] ===== 开始提交试运行变更（正式写盘）=====
[2026-06-14 16:45:54] INFO [commit_pipeline_changes] [提交] 执行文件删除操作，待删除 1 个文件
[2026-06-14 16:45:54] DEBUG [delete_processed_files] 已删除文件: /var*******************************************************************************************
[2026-06-14 16:45:54] INFO [commit_pipeline_changes] [提交] 执行全量覆盖写总表：共 2 条记录
[2026-06-14 16:45:54] INFO [commit_pipeline_changes] [提交] 总表输出完成: /var***************************************************************************************
[2026-06-14 16:45:54] INFO [commit_pipeline_changes] [提交] 生成脱敏版总表
[2026-06-14 16:45:54] INFO [export_masked_summary] 脱敏版总表输出完成: /var*******************************************************************************************（共 2 条记录）
[2026-06-14 16:45:54] INFO [commit_pipeline_changes] [提交] 执行数据库持久化
[2026-06-14 16:45:54] DEBUG [init_schema] 数据库表结构初始化完成
[2026-06-14 16:45:54] INFO [connect] SQLite 数据库已连接: /Use************************************************************************************
[2026-06-14 16:45:54] INFO [disconnect] SQLite 数据库已断开
[2026-06-14 16:45:54] ERROR [persist_transactions] 数据库持久化失败: UNIQUE constraint failed: import_batches.batch_id
Traceback (most recent call last):
  File "/Users/zhangchengcheng/work/ai-project/Trea/solo0605/label-02552/tests/../backend/database.py", line 1612, in persist_transactions
    insert_count, duplicate_count = db.insert_records(
                                    ~~~~~~~~~~~~~~~~~^
        transaction_records,
        ^^^^^^^^^^^^^^^^^^^^
        batch_id=batch_id,
        ^^^^^^^^^^^^^^^^^^
        deduplicate=deduplicate,
        ^^^^^^^^^^^^^^^^^^^^^^^^
    )
    ^
  File "/Users/zhangchengcheng/work/ai-project/Trea/solo0605/label-02552/tests/../backend/database.py", line 554, in insert_records
    cursor.execute('''
    ~~~~~~~~~~~~~~^^^^
        INSERT INTO import_batches (
        ^^^^^^^^^^^^^^^^^^^^^^^^^^^^
            batch_id, total_records, started_at, status
            ^^^^^^^^^^^^^^^^^^^^^^^^^^^^^^^^^^^^^^^^^^^
        ) VALUES (?, ?, ?, ?)
        ^^^^^^^^^^^^^^^^^^^^^
    ''', (batch_id, len(records), started_at, 'processing'))
    ^^^^^^^^^^^^^^^^^^^^^^^^^^^^^^^^^^^^^^^^^^^^^^^^^^^^^^^^
sqlite3.IntegrityError: UNIQUE constraint failed: import_batches.batch_id
[2026-06-14 16:45:54] INFO [commit_pipeline_changes] [提交] 数据库持久化完成: 插入 0 条, 去重跳过 0 条
[2026-06-14 16:45:54] INFO [commit_pipeline_changes] [提交] 生成财务协同编辑模板
[2026-06-14 16:45:55] INFO [generate_collab_template] 财务协同编辑模板生成完成: /var***************************************************************************************************************（可编辑列: 凭证号, 凭证日期, 会计科目编码, 会计科目名称, 备注, 制单人）
[2026-06-14 16:45:55] INFO [commit_pipeline_changes] ===== 试运行变更提交完成 =====
[2026-06-14 16:45:55] INFO [setup_logging] 日志系统初始化完成，日志文件: /Use*******************************************************************************************************
[2026-06-14 16:45:55] INFO [setup_logging] 未检测到 tkinter，将使用命令行交互模式
[2026-06-14 16:45:55] INFO [run_pipeline] ===== 试运行模式已启用（不执行删除与写盘操作）=====
[2026-06-14 16:45:55] INFO [find_lookup_file] 精确匹配到主体查找表: /var**************************************************************************************
[2026-06-14 16:45:55] INFO [run_pipeline] 正在预加载主体查找表...
[2026-06-14 16:45:55] DEBUG [detect_excel_format] 文件 /var************************************************************************************** Magic Bytes 检测为 xlsx 格式 (ZIP/OOXML)
[2026-06-14 16:45:55] INFO [load_lookup_table] 查找表加载完成：共 2 条条目，2 个唯一账号，0 个扩展字段
[2026-06-14 16:45:55] INFO [run_pipeline] 主体查找表预加载完成
[2026-06-14 16:45:55] INFO [load_existing_keys] 未找到历史总表，将以全量模式运行
[2026-06-14 16:45:55] INFO [run_pipeline] 无历史数据，将以全量模式运行
[2026-06-14 16:45:55] INFO [run_pipeline] 已复制文件夹为＋检验版: /var******************************************************************************
[2026-06-14 16:45:55] DEBUG [scan_excel_files] 发现 Excel 文件: /var*******************************************************************************************
[2026-06-14 16:45:55] INFO [scan_excel_files] 共扫描到 1 个 Excel 文件
[2026-06-14 16:45:55] INFO [identify_bank] 文件「北京银行_流水.xlsx」通过前缀匹配识别为: 北京银行
[2026-06-14 16:45:55] INFO [parse] 开始处理北京银行文件: /var*******************************************************************************************
[2026-06-14 16:45:55] DEBUG [detect_excel_format] 文件 /var******************************************************************************************* Magic Bytes 检测为 xlsx 格式 (ZIP/OOXML)
[2026-06-14 16:45:55] INFO [validate_headers] 北京银行文件工作表「交易明细」表头校验通过，7 个字段均匹配
[2026-06-14 16:45:55] DEBUG [get_subject_info] 银行账号「0109年03月」匹配到主体: 北********司（优先级: 0）
[2026-06-14 16:45:55] INFO [_parse_sheet] 北京银行文件工作表「交易明细」提取 2 条记录
[2026-06-14 16:45:55] INFO [parse] 北京银行文件处理完成，共提取 2 条记录
[2026-06-14 16:45:55] INFO [run_pipeline] 成功处理文件: /var*******************************************************************************************（2 条记录）
[2026-06-14 16:45:55] INFO [run_pipeline] [试运行] 跳过删除文件操作，待删除文件 1 个
[2026-06-14 16:45:55] INFO [run_pipeline] [试运行] 跳过总表写盘，模式=全量覆盖，共 2 条记录
[2026-06-14 16:45:55] INFO [apply_amount_anomaly_detection] 开始金额异常检测，单笔阈值: [金额已隐藏] 元
[2026-06-14 16:45:55] INFO [apply_amount_anomaly_detection] 金额异常检测完成：共 2 条记录，0 条异常 (0.00%)
[2026-06-14 16:45:55] INFO [apply_counterparty_rules] 对方户名规则匹配完成: 总记录 2, 命中 0, 黑名单 0, 白名单 0
[2026-06-14 16:45:55] INFO [run_pipeline] [试运行] 跳过生成脱敏版总表
[2026-06-14 16:45:55] INFO [run_pipeline] [试运行] 跳过数据库持久化操作
[2026-06-14 16:45:55] INFO [identify_internal_transfers] 内部划转识别完成: 2 条记录, 识别出 0 对 (0 划出 + 0 划入), 涉及 0 个主体, 0 家银行
[2026-06-14 16:45:55] INFO [summarize_transactions] 主体维度汇总完成: 2 条记录, 1 个主体, 1 家银行, 1 个月份, 0 个未匹配账号
[2026-06-14 16:45:55] INFO [export_subject_summary] 主体维度汇总分析已导出: /var*********************************************************************************************************
[2026-06-14 16:45:55] INFO [run_pipeline] 主体维度汇总分析已自动生成: /var*********************************************************************************************************
[2026-06-14 16:45:55] INFO [check_balance_continuity] 共 1 个账号待校验
[2026-06-14 16:45:55] DEBUG [check_balance_continuity] 校验账号: 0109年03月, 记录数: 2
[2026-06-14 16:45:55] INFO [check_balance_continuity] 余额连续性校验完成 - 总账号: 1, 已校验: 1, 跳过: 0, 异常笔数: 0, 异常账号: 0
[2026-06-14 16:45:55] INFO [export_balance_check_result] 余额连续性校验结果已导出: /var**********************************************************************************************************
[2026-06-14 16:45:55] INFO [run_pipeline] 余额连续性校验报告已自动生成: /var**********************************************************************************************************
[2026-06-14 16:45:55] INFO [detect_duplicates] 重复交易检测完成 - 总记录: 2, 疑似重复组: 0, 疑似重复记录: 0, 重复率: 0.00%
[2026-06-14 16:45:55] INFO [generate_duplicate_check_from_records] 未检测到重复交易，仍导出报告
[2026-06-14 16:45:55] INFO [export_duplicate_check_result] 重复交易检测结果已导出: /var*********************************************************************************************************
[2026-06-14 16:45:55] INFO [run_pipeline] 重复交易检测报告已自动生成: /var*********************************************************************************************************
[2026-06-14 16:45:55] INFO [filter_interest_fee_transactions] 筛选出 0 条利息手续费交易
[2026-06-14 16:45:55] INFO [summarize_by_period] 按month汇总生成 0 条期间汇总记录，异常 0 条
[2026-06-14 16:45:55] INFO [check_interest_fee] 利息手续费核对完成 - 总记录: 0 (利息: 0, 手续费: 0), 期间汇总: 0, 异常: 0
[2026-06-14 16:45:55] WARNING [generate_interest_fee_check_from_records] 未筛选到任何利息手续费交易，跳过报告生成
[2026-06-14 16:45:55] INFO [mark_non_workday_transactions] 非工作日交易标记完成: 总记录 2, 工作日 2, 周末 0, 法定节假日 0, 调休工作日 0
[2026-06-14 16:45:55] INFO [generate_holiday_check_from_records] 未发现非工作日交易，仍导出报告
[2026-06-14 16:45:55] INFO [export_holiday_check_result] 非工作日交易标记结果已导出: /var***********************************************************************************************************
[2026-06-14 16:45:55] INFO [run_pipeline] 非工作日交易标记报告已自动生成: /var***********************************************************************************************************
[2026-06-14 16:45:55] INFO [assign_accounting_period] 会计期间归属完成: 2 条记录, 1 个期间
[2026-06-14 16:45:55] INFO [export_accounting_period_summary] 会计期间总表已导出: /var*******************************************************************************************************（1 个期间）
[2026-06-14 16:45:55] INFO [run_pipeline] 会计期间总表已自动生成: /var*******************************************************************************************************
[2026-06-14 16:45:55] INFO [save_report] 性能剖析报告已保存: /var*****************************************************************************************************
[2026-06-14 16:45:55] INFO [save_report] 性能剖析数据已保存: /var*******************************************************************************************************
[2026-06-14 16:45:55] INFO [run_pipeline] 性能剖析报告已生成: /var*****************************************************************************************************
[2026-06-14 16:45:55] INFO [run_pipeline] [试运行] 跳过生成财务协同编辑模板
[2026-06-14 16:45:55] INFO [commit_pipeline_changes] ===== 开始提交试运行变更（正式写盘）=====
[2026-06-14 16:45:55] INFO [commit_pipeline_changes] [提交] 执行文件删除操作，待删除 1 个文件
[2026-06-14 16:45:55] DEBUG [delete_processed_files] 已删除文件: /var*******************************************************************************************
[2026-06-14 16:45:55] INFO [commit_pipeline_changes] [提交] 执行全量覆盖写总表：共 2 条记录
[2026-06-14 16:45:55] INFO [commit_pipeline_changes] [提交] 总表输出完成: /var***************************************************************************************
[2026-06-14 16:45:55] INFO [commit_pipeline_changes] [提交] 生成脱敏版总表
[2026-06-14 16:45:55] INFO [export_masked_summary] 脱敏版总表输出完成: /var*******************************************************************************************（共 2 条记录）
[2026-06-14 16:45:55] INFO [commit_pipeline_changes] [提交] 执行数据库持久化
[2026-06-14 16:45:55] DEBUG [init_schema] 数据库表结构初始化完成
[2026-06-14 16:45:55] INFO [connect] SQLite 数据库已连接: /Use************************************************************************************
[2026-06-14 16:45:55] INFO [insert_records] 已加载 25 个历史匹配键用于去重
[2026-06-14 16:45:55] INFO [insert_records] 批量导入完成: 批次 BATC***************, 共 2 条, 新增 0 条, 重复 2 条
[2026-06-14 16:45:55] INFO [disconnect] SQLite 数据库已断开
[2026-06-14 16:45:55] INFO [commit_pipeline_changes] [提交] 数据库持久化完成: 插入 0 条, 去重跳过 2 条
[2026-06-14 16:45:55] INFO [commit_pipeline_changes] [提交] 生成财务协同编辑模板
[2026-06-14 16:45:55] INFO [generate_collab_template] 财务协同编辑模板生成完成: /var***************************************************************************************************************（可编辑列: 凭证号, 凭证日期, 会计科目编码, 会计科目名称, 备注, 制单人）
[2026-06-14 16:45:55] INFO [commit_pipeline_changes] ===== 试运行变更提交完成 =====
[2026-06-14 16:45:55] INFO [setup_logging] 日志系统初始化完成，日志文件: /Use*******************************************************************************************************
[2026-06-14 16:45:55] INFO [setup_logging] 未检测到 tkinter，将使用命令行交互模式
[2026-06-14 16:45:55] INFO [run_pipeline] ===== 试运行模式已启用（不执行删除与写盘操作）=====
[2026-06-14 16:45:55] INFO [find_lookup_file] 精确匹配到主体查找表: /var**************************************************************************************
[2026-06-14 16:45:55] INFO [run_pipeline] 正在预加载主体查找表...
[2026-06-14 16:45:55] DEBUG [detect_excel_format] 文件 /var************************************************************************************** Magic Bytes 检测为 xlsx 格式 (ZIP/OOXML)
[2026-06-14 16:45:55] INFO [load_lookup_table] 查找表加载完成：共 2 条条目，2 个唯一账号，0 个扩展字段
[2026-06-14 16:45:55] INFO [run_pipeline] 主体查找表预加载完成
[2026-06-14 16:45:55] INFO [load_existing_keys] 未找到历史总表，将以全量模式运行
[2026-06-14 16:45:55] INFO [run_pipeline] 无历史数据，将以全量模式运行
[2026-06-14 16:45:55] INFO [run_pipeline] 已复制文件夹为＋检验版: /var******************************************************************************
[2026-06-14 16:45:55] DEBUG [scan_excel_files] 发现 Excel 文件: /var*******************************************************************************************
[2026-06-14 16:45:55] INFO [scan_excel_files] 共扫描到 1 个 Excel 文件
[2026-06-14 16:45:55] INFO [identify_bank] 文件「北京银行_流水.xlsx」通过前缀匹配识别为: 北京银行
[2026-06-14 16:45:55] INFO [parse] 开始处理北京银行文件: /var*******************************************************************************************
[2026-06-14 16:45:55] DEBUG [detect_excel_format] 文件 /var******************************************************************************************* Magic Bytes 检测为 xlsx 格式 (ZIP/OOXML)
[2026-06-14 16:45:55] INFO [validate_headers] 北京银行文件工作表「交易明细」表头校验通过，7 个字段均匹配
[2026-06-14 16:45:55] DEBUG [get_subject_info] 银行账号「0109年03月」匹配到主体: 北********司（优先级: 0）
[2026-06-14 16:45:55] INFO [_parse_sheet] 北京银行文件工作表「交易明细」提取 2 条记录
[2026-06-14 16:45:55] INFO [parse] 北京银行文件处理完成，共提取 2 条记录
[2026-06-14 16:45:55] INFO [run_pipeline] 成功处理文件: /var*******************************************************************************************（2 条记录）
[2026-06-14 16:45:55] INFO [run_pipeline] [试运行] 跳过删除文件操作，待删除文件 1 个
[2026-06-14 16:45:55] INFO [run_pipeline] [试运行] 跳过总表写盘，模式=全量覆盖，共 2 条记录
[2026-06-14 16:45:55] INFO [apply_amount_anomaly_detection] 开始金额异常检测，单笔阈值: [金额已隐藏] 元
[2026-06-14 16:45:55] INFO [apply_amount_anomaly_detection] 金额异常检测完成：共 2 条记录，0 条异常 (0.00%)
[2026-06-14 16:45:55] INFO [apply_counterparty_rules] 对方户名规则匹配完成: 总记录 2, 命中 0, 黑名单 0, 白名单 0
[2026-06-14 16:45:55] INFO [run_pipeline] [试运行] 跳过生成脱敏版总表
[2026-06-14 16:45:55] INFO [run_pipeline] [试运行] 跳过数据库持久化操作
[2026-06-14 16:45:55] INFO [identify_internal_transfers] 内部划转识别完成: 2 条记录, 识别出 0 对 (0 划出 + 0 划入), 涉及 0 个主体, 0 家银行
[2026-06-14 16:45:55] INFO [summarize_transactions] 主体维度汇总完成: 2 条记录, 1 个主体, 1 家银行, 1 个月份, 0 个未匹配账号
[2026-06-14 16:45:55] INFO [export_subject_summary] 主体维度汇总分析已导出: /var*********************************************************************************************************
[2026-06-14 16:45:55] INFO [run_pipeline] 主体维度汇总分析已自动生成: /var*********************************************************************************************************
[2026-06-14 16:45:55] INFO [check_balance_continuity] 共 1 个账号待校验
[2026-06-14 16:45:55] DEBUG [check_balance_continuity] 校验账号: 0109年03月, 记录数: 2
[2026-06-14 16:45:55] INFO [check_balance_continuity] 余额连续性校验完成 - 总账号: 1, 已校验: 1, 跳过: 0, 异常笔数: 0, 异常账号: 0
[2026-06-14 16:45:55] INFO [export_balance_check_result] 余额连续性校验结果已导出: /var**********************************************************************************************************
[2026-06-14 16:45:55] INFO [run_pipeline] 余额连续性校验报告已自动生成: /var**********************************************************************************************************
[2026-06-14 16:45:55] INFO [detect_duplicates] 重复交易检测完成 - 总记录: 2, 疑似重复组: 0, 疑似重复记录: 0, 重复率: 0.00%
[2026-06-14 16:45:55] INFO [generate_duplicate_check_from_records] 未检测到重复交易，仍导出报告
[2026-06-14 16:45:55] INFO [export_duplicate_check_result] 重复交易检测结果已导出: /var*********************************************************************************************************
[2026-06-14 16:45:55] INFO [run_pipeline] 重复交易检测报告已自动生成: /var*********************************************************************************************************
[2026-06-14 16:45:55] INFO [filter_interest_fee_transactions] 筛选出 0 条利息手续费交易
[2026-06-14 16:45:55] INFO [summarize_by_period] 按month汇总生成 0 条期间汇总记录，异常 0 条
[2026-06-14 16:45:55] INFO [check_interest_fee] 利息手续费核对完成 - 总记录: 0 (利息: 0, 手续费: 0), 期间汇总: 0, 异常: 0
[2026-06-14 16:45:55] WARNING [generate_interest_fee_check_from_records] 未筛选到任何利息手续费交易，跳过报告生成
[2026-06-14 16:45:55] INFO [mark_non_workday_transactions] 非工作日交易标记完成: 总记录 2, 工作日 2, 周末 0, 法定节假日 0, 调休工作日 0
[2026-06-14 16:45:55] INFO [generate_holiday_check_from_records] 未发现非工作日交易，仍导出报告
[2026-06-14 16:45:55] INFO [export_holiday_check_result] 非工作日交易标记结果已导出: /var***********************************************************************************************************
[2026-06-14 16:45:55] INFO [run_pipeline] 非工作日交易标记报告已自动生成: /var***********************************************************************************************************
[2026-06-14 16:45:55] INFO [assign_accounting_period] 会计期间归属完成: 2 条记录, 1 个期间
[2026-06-14 16:45:55] INFO [export_accounting_period_summary] 会计期间总表已导出: /var*******************************************************************************************************（1 个期间）
[2026-06-14 16:45:55] INFO [run_pipeline] 会计期间总表已自动生成: /var*******************************************************************************************************
[2026-06-14 16:45:55] INFO [save_report] 性能剖析报告已保存: /var*****************************************************************************************************
[2026-06-14 16:45:55] INFO [save_report] 性能剖析数据已保存: /var*******************************************************************************************************
[2026-06-14 16:45:55] INFO [run_pipeline] 性能剖析报告已生成: /var*****************************************************************************************************
[2026-06-14 16:45:55] INFO [run_pipeline] [试运行] 跳过生成财务协同编辑模板
[2026-06-14 16:45:55] INFO [commit_pipeline_changes] ===== 开始提交试运行变更（正式写盘）=====
[2026-06-14 16:45:55] INFO [commit_pipeline_changes] [提交] 执行文件删除操作，待删除 1 个文件
[2026-06-14 16:45:55] DEBUG [delete_processed_files] 已删除文件: /var*******************************************************************************************
[2026-06-14 16:45:55] INFO [commit_pipeline_changes] [提交] 执行全量覆盖写总表：共 2 条记录
[2026-06-14 16:45:55] INFO [commit_pipeline_changes] [提交] 总表输出完成: /var***************************************************************************************
[2026-06-14 16:45:55] INFO [commit_pipeline_changes] [提交] 生成脱敏版总表
[2026-06-14 16:45:55] INFO [export_masked_summary] 脱敏版总表输出完成: /var*******************************************************************************************（共 2 条记录）
[2026-06-14 16:45:55] INFO [commit_pipeline_changes] [提交] 执行数据库持久化
[2026-06-14 16:45:55] DEBUG [init_schema] 数据库表结构初始化完成
[2026-06-14 16:45:55] INFO [connect] SQLite 数据库已连接: /Use************************************************************************************
[2026-06-14 16:45:55] INFO [disconnect] SQLite 数据库已断开
[2026-06-14 16:45:55] ERROR [persist_transactions] 数据库持久化失败: UNIQUE constraint failed: import_batches.batch_id
Traceback (most recent call last):
  File "/Users/zhangchengcheng/work/ai-project/Trea/solo0605/label-02552/tests/../backend/database.py", line 1612, in persist_transactions
    insert_count, duplicate_count = db.insert_records(
                                    ~~~~~~~~~~~~~~~~~^
        transaction_records,
        ^^^^^^^^^^^^^^^^^^^^
        batch_id=batch_id,
        ^^^^^^^^^^^^^^^^^^
        deduplicate=deduplicate,
        ^^^^^^^^^^^^^^^^^^^^^^^^
    )
    ^
  File "/Users/zhangchengcheng/work/ai-project/Trea/solo0605/label-02552/tests/../backend/database.py", line 554, in insert_records
    cursor.execute('''
    ~~~~~~~~~~~~~~^^^^
        INSERT INTO import_batches (
        ^^^^^^^^^^^^^^^^^^^^^^^^^^^^
            batch_id, total_records, started_at, status
            ^^^^^^^^^^^^^^^^^^^^^^^^^^^^^^^^^^^^^^^^^^^
        ) VALUES (?, ?, ?, ?)
        ^^^^^^^^^^^^^^^^^^^^^
    ''', (batch_id, len(records), started_at, 'processing'))
    ^^^^^^^^^^^^^^^^^^^^^^^^^^^^^^^^^^^^^^^^^^^^^^^^^^^^^^^^
sqlite3.IntegrityError: UNIQUE constraint failed: import_batches.batch_id
[2026-06-14 16:45:55] INFO [commit_pipeline_changes] [提交] 数据库持久化完成: 插入 0 条, 去重跳过 0 条
[2026-06-14 16:45:55] INFO [commit_pipeline_changes] [提交] 生成财务协同编辑模板
[2026-06-14 16:45:55] INFO [generate_collab_template] 财务协同编辑模板生成完成: /var***************************************************************************************************************（可编辑列: 凭证号, 凭证日期, 会计科目编码, 会计科目名称, 备注, 制单人）
[2026-06-14 16:45:55] INFO [commit_pipeline_changes] ===== 试运行变更提交完成 =====
[2026-06-14 16:45:55] WARNING [commit_pipeline_changes] commit_pipeline_changes: 结果不是试运行模式（dry_run=False），无需提交
[2026-06-14 16:45:55] INFO [setup_logging] 日志系统初始化完成，日志文件: /Use*******************************************************************************************************
[2026-06-14 16:45:55] INFO [setup_logging] 未检测到 tkinter，将使用命令行交互模式
[2026-06-14 16:45:55] INFO [find_lookup_file] 精确匹配到主体查找表: /var**************************************************************************************
[2026-06-14 16:45:55] INFO [run_pipeline] 正在预加载主体查找表...
[2026-06-14 16:45:55] DEBUG [detect_excel_format] 文件 /var************************************************************************************** Magic Bytes 检测为 xlsx 格式 (ZIP/OOXML)
[2026-06-14 16:45:55] INFO [load_lookup_table] 查找表加载完成：共 2 条条目，2 个唯一账号，0 个扩展字段
[2026-06-14 16:45:55] INFO [run_pipeline] 主体查找表预加载完成
[2026-06-14 16:45:55] INFO [load_existing_keys] 未找到历史总表，将以全量模式运行
[2026-06-14 16:45:55] INFO [run_pipeline] 无历史数据，将以全量模式运行
[2026-06-14 16:45:55] INFO [run_pipeline] 已复制文件夹为＋检验版: /var******************************************************************************
[2026-06-14 16:45:55] DEBUG [scan_excel_files] 发现 Excel 文件: /var*******************************************************************************************
[2026-06-14 16:45:55] INFO [scan_excel_files] 共扫描到 1 个 Excel 文件
[2026-06-14 16:45:55] INFO [identify_bank] 文件「北京银行_流水.xlsx」通过前缀匹配识别为: 北京银行
[2026-06-14 16:45:55] INFO [parse] 开始处理北京银行文件: /var*******************************************************************************************
[2026-06-14 16:45:55] DEBUG [detect_excel_format] 文件 /var******************************************************************************************* Magic Bytes 检测为 xlsx 格式 (ZIP/OOXML)
[2026-06-14 16:45:55] INFO [validate_headers] 北京银行文件工作表「交易明细」表头校验通过，7 个字段均匹配
[2026-06-14 16:45:55] DEBUG [get_subject_info] 银行账号「0109年03月」匹配到主体: 北********司（优先级: 0）
[2026-06-14 16:45:55] INFO [_parse_sheet] 北京银行文件工作表「交易明细」提取 2 条记录
[2026-06-14 16:45:55] INFO [parse] 北京银行文件处理完成，共提取 2 条记录
[2026-06-14 16:45:55] INFO [run_pipeline] 成功处理文件: /var*******************************************************************************************（2 条记录）
[2026-06-14 16:45:55] DEBUG [delete_processed_files] 已删除文件: /var*******************************************************************************************
[2026-06-14 16:45:55] INFO [run_pipeline] 总表输出完成: /var***************************************************************************************（共 2 条记录）
[2026-06-14 16:45:55] INFO [apply_amount_anomaly_detection] 开始金额异常检测，单笔阈值: [金额已隐藏] 元
[2026-06-14 16:45:55] INFO [apply_amount_anomaly_detection] 金额异常检测完成：共 2 条记录，0 条异常 (0.00%)
[2026-06-14 16:45:55] INFO [apply_counterparty_rules] 对方户名规则匹配完成: 总记录 2, 命中 0, 黑名单 0, 白名单 0
[2026-06-14 16:45:55] INFO [export_masked_summary] 脱敏版总表输出完成: /var*******************************************************************************************（共 2 条记录）
[2026-06-14 16:45:55] DEBUG [init_schema] 数据库表结构初始化完成
[2026-06-14 16:45:55] INFO [connect] SQLite 数据库已连接: /Use************************************************************************************
[2026-06-14 16:45:55] INFO [disconnect] SQLite 数据库已断开
[2026-06-14 16:45:55] ERROR [persist_transactions] 数据库持久化失败: UNIQUE constraint failed: import_batches.batch_id
Traceback (most recent call last):
  File "/Users/zhangchengcheng/work/ai-project/Trea/solo0605/label-02552/tests/../backend/database.py", line 1612, in persist_transactions
    insert_count, duplicate_count = db.insert_records(
                                    ~~~~~~~~~~~~~~~~~^
        transaction_records,
        ^^^^^^^^^^^^^^^^^^^^
        batch_id=batch_id,
        ^^^^^^^^^^^^^^^^^^
        deduplicate=deduplicate,
        ^^^^^^^^^^^^^^^^^^^^^^^^
    )
    ^
  File "/Users/zhangchengcheng/work/ai-project/Trea/solo0605/label-02552/tests/../backend/database.py", line 554, in insert_records
    cursor.execute('''
    ~~~~~~~~~~~~~~^^^^
        INSERT INTO import_batches (
        ^^^^^^^^^^^^^^^^^^^^^^^^^^^^
            batch_id, total_records, started_at, status
            ^^^^^^^^^^^^^^^^^^^^^^^^^^^^^^^^^^^^^^^^^^^
        ) VALUES (?, ?, ?, ?)
        ^^^^^^^^^^^^^^^^^^^^^
    ''', (batch_id, len(records), started_at, 'processing'))
    ^^^^^^^^^^^^^^^^^^^^^^^^^^^^^^^^^^^^^^^^^^^^^^^^^^^^^^^^
sqlite3.IntegrityError: UNIQUE constraint failed: import_batches.batch_id
[2026-06-14 16:45:55] INFO [run_pipeline] 数据库持久化完成: 批次 BATC***************, 插入 0 条, 去重跳过 0 条
[2026-06-14 16:45:55] INFO [identify_internal_transfers] 内部划转识别完成: 2 条记录, 识别出 0 对 (0 划出 + 0 划入), 涉及 0 个主体, 0 家银行
[2026-06-14 16:45:55] INFO [summarize_transactions] 主体维度汇总完成: 2 条记录, 1 个主体, 1 家银行, 1 个月份, 0 个未匹配账号
[2026-06-14 16:45:55] INFO [export_subject_summary] 主体维度汇总分析已导出: /var*********************************************************************************************************
[2026-06-14 16:45:55] INFO [run_pipeline] 主体维度汇总分析已自动生成: /var*********************************************************************************************************
[2026-06-14 16:45:55] INFO [check_balance_continuity] 共 1 个账号待校验
[2026-06-14 16:45:55] DEBUG [check_balance_continuity] 校验账号: 0109年03月, 记录数: 2
[2026-06-14 16:45:55] INFO [check_balance_continuity] 余额连续性校验完成 - 总账号: 1, 已校验: 1, 跳过: 0, 异常笔数: 0, 异常账号: 0
[2026-06-14 16:45:55] INFO [export_balance_check_result] 余额连续性校验结果已导出: /var**********************************************************************************************************
[2026-06-14 16:45:55] INFO [run_pipeline] 余额连续性校验报告已自动生成: /var**********************************************************************************************************
[2026-06-14 16:45:55] INFO [detect_duplicates] 重复交易检测完成 - 总记录: 2, 疑似重复组: 0, 疑似重复记录: 0, 重复率: 0.00%
[2026-06-14 16:45:55] INFO [generate_duplicate_check_from_records] 未检测到重复交易，仍导出报告
[2026-06-14 16:45:55] INFO [export_duplicate_check_result] 重复交易检测结果已导出: /var*********************************************************************************************************
[2026-06-14 16:45:55] INFO [run_pipeline] 重复交易检测报告已自动生成: /var*********************************************************************************************************
[2026-06-14 16:45:55] INFO [filter_interest_fee_transactions] 筛选出 0 条利息手续费交易
[2026-06-14 16:45:55] INFO [summarize_by_period] 按month汇总生成 0 条期间汇总记录，异常 0 条
[2026-06-14 16:45:55] INFO [check_interest_fee] 利息手续费核对完成 - 总记录: 0 (利息: 0, 手续费: 0), 期间汇总: 0, 异常: 0
[2026-06-14 16:45:55] WARNING [generate_interest_fee_check_from_records] 未筛选到任何利息手续费交易，跳过报告生成
[2026-06-14 16:45:55] INFO [mark_non_workday_transactions] 非工作日交易标记完成: 总记录 2, 工作日 2, 周末 0, 法定节假日 0, 调休工作日 0
[2026-06-14 16:45:55] INFO [generate_holiday_check_from_records] 未发现非工作日交易，仍导出报告
[2026-06-14 16:45:55] INFO [export_holiday_check_result] 非工作日交易标记结果已导出: /var***********************************************************************************************************
[2026-06-14 16:45:55] INFO [run_pipeline] 非工作日交易标记报告已自动生成: /var***********************************************************************************************************
[2026-06-14 16:45:55] INFO [assign_accounting_period] 会计期间归属完成: 2 条记录, 1 个期间
[2026-06-14 16:45:55] INFO [export_accounting_period_summary] 会计期间总表已导出: /var*******************************************************************************************************（1 个期间）
[2026-06-14 16:45:55] INFO [run_pipeline] 会计期间总表已自动生成: /var*******************************************************************************************************
[2026-06-14 16:45:55] INFO [save_report] 性能剖析报告已保存: /var*****************************************************************************************************
[2026-06-14 16:45:55] INFO [save_report] 性能剖析数据已保存: /var*******************************************************************************************************
[2026-06-14 16:45:55] INFO [run_pipeline] 性能剖析报告已生成: /var*****************************************************************************************************
[2026-06-14 16:45:55] INFO [generate_collab_template] 财务协同编辑模板生成完成: /var***************************************************************************************************************（可编辑列: 凭证号, 凭证日期, 会计科目编码, 会计科目名称, 备注, 制单人）
[2026-06-14 16:45:55] INFO [run_pipeline] 财务协同编辑模板已自动生成: /var***************************************************************************************************************
[2026-06-14 16:45:55] WARNING [commit_pipeline_changes] commit_pipeline_changes: 结果不是试运行模式（dry_run=False），无需提交
[2026-06-14 16:45:55] INFO [setup_logging] 日志系统初始化完成，日志文件: /Use*******************************************************************************************************
[2026-06-14 16:45:55] INFO [setup_logging] 未检测到 tkinter，将使用命令行交互模式
[2026-06-14 16:45:55] INFO [run_pipeline] ===== 试运行模式已启用（不执行删除与写盘操作）=====
[2026-06-14 16:45:55] INFO [find_lookup_file] 精确匹配到主体查找表: /var**************************************************************************************
[2026-06-14 16:45:55] INFO [run_pipeline] 正在预加载主体查找表...
[2026-06-14 16:45:55] DEBUG [detect_excel_format] 文件 /var************************************************************************************** Magic Bytes 检测为 xlsx 格式 (ZIP/OOXML)
[2026-06-14 16:45:55] INFO [load_lookup_table] 查找表加载完成：共 2 条条目，2 个唯一账号，0 个扩展字段
[2026-06-14 16:45:55] INFO [run_pipeline] 主体查找表预加载完成
[2026-06-14 16:45:55] INFO [load_existing_keys] 未找到历史总表，将以全量模式运行
[2026-06-14 16:45:55] INFO [run_pipeline] 无历史数据，将以全量模式运行
[2026-06-14 16:45:55] INFO [run_pipeline] 已复制文件夹为＋检验版: /var******************************************************************************
[2026-06-14 16:45:55] DEBUG [scan_excel_files] 发现 Excel 文件: /var*******************************************************************************************
[2026-06-14 16:45:55] INFO [scan_excel_files] 共扫描到 1 个 Excel 文件
[2026-06-14 16:45:55] INFO [identify_bank] 文件「北京银行_流水.xlsx」通过前缀匹配识别为: 北京银行
[2026-06-14 16:45:56] INFO [parse] 开始处理北京银行文件: /var*******************************************************************************************
[2026-06-14 16:45:56] DEBUG [detect_excel_format] 文件 /var******************************************************************************************* Magic Bytes 检测为 xlsx 格式 (ZIP/OOXML)
[2026-06-14 16:45:56] INFO [validate_headers] 北京银行文件工作表「交易明细」表头校验通过，7 个字段均匹配
[2026-06-14 16:45:56] DEBUG [get_subject_info] 银行账号「0109年03月」匹配到主体: 北********司（优先级: 0）
[2026-06-14 16:45:56] INFO [_parse_sheet] 北京银行文件工作表「交易明细」提取 2 条记录
[2026-06-14 16:45:56] INFO [parse] 北京银行文件处理完成，共提取 2 条记录
[2026-06-14 16:45:56] INFO [run_pipeline] 成功处理文件: /var*******************************************************************************************（2 条记录）
[2026-06-14 16:45:56] INFO [run_pipeline] [试运行] 跳过删除文件操作，待删除文件 1 个
[2026-06-14 16:45:56] INFO [run_pipeline] [试运行] 跳过总表写盘，模式=全量覆盖，共 2 条记录
[2026-06-14 16:45:56] INFO [apply_amount_anomaly_detection] 开始金额异常检测，单笔阈值: [金额已隐藏] 元
[2026-06-14 16:45:56] INFO [apply_amount_anomaly_detection] 金额异常检测完成：共 2 条记录，0 条异常 (0.00%)
[2026-06-14 16:45:56] INFO [apply_counterparty_rules] 对方户名规则匹配完成: 总记录 2, 命中 0, 黑名单 0, 白名单 0
[2026-06-14 16:45:56] INFO [run_pipeline] [试运行] 跳过生成脱敏版总表
[2026-06-14 16:45:56] INFO [run_pipeline] [试运行] 跳过数据库持久化操作
[2026-06-14 16:45:56] INFO [identify_internal_transfers] 内部划转识别完成: 2 条记录, 识别出 0 对 (0 划出 + 0 划入), 涉及 0 个主体, 0 家银行
[2026-06-14 16:45:56] INFO [summarize_transactions] 主体维度汇总完成: 2 条记录, 1 个主体, 1 家银行, 1 个月份, 0 个未匹配账号
[2026-06-14 16:45:56] INFO [export_subject_summary] 主体维度汇总分析已导出: /var*********************************************************************************************************
[2026-06-14 16:45:56] INFO [run_pipeline] 主体维度汇总分析已自动生成: /var*********************************************************************************************************
[2026-06-14 16:45:56] INFO [check_balance_continuity] 共 1 个账号待校验
[2026-06-14 16:45:56] DEBUG [check_balance_continuity] 校验账号: 0109年03月, 记录数: 2
[2026-06-14 16:45:56] INFO [check_balance_continuity] 余额连续性校验完成 - 总账号: 1, 已校验: 1, 跳过: 0, 异常笔数: 0, 异常账号: 0
[2026-06-14 16:45:56] INFO [export_balance_check_result] 余额连续性校验结果已导出: /var**********************************************************************************************************
[2026-06-14 16:45:56] INFO [run_pipeline] 余额连续性校验报告已自动生成: /var**********************************************************************************************************
[2026-06-14 16:45:56] INFO [detect_duplicates] 重复交易检测完成 - 总记录: 2, 疑似重复组: 0, 疑似重复记录: 0, 重复率: 0.00%
[2026-06-14 16:45:56] INFO [generate_duplicate_check_from_records] 未检测到重复交易，仍导出报告
[2026-06-14 16:45:56] INFO [export_duplicate_check_result] 重复交易检测结果已导出: /var*********************************************************************************************************
[2026-06-14 16:45:56] INFO [run_pipeline] 重复交易检测报告已自动生成: /var*********************************************************************************************************
[2026-06-14 16:45:56] INFO [filter_interest_fee_transactions] 筛选出 0 条利息手续费交易
[2026-06-14 16:45:56] INFO [summarize_by_period] 按month汇总生成 0 条期间汇总记录，异常 0 条
[2026-06-14 16:45:56] INFO [check_interest_fee] 利息手续费核对完成 - 总记录: 0 (利息: 0, 手续费: 0), 期间汇总: 0, 异常: 0
[2026-06-14 16:45:56] WARNING [generate_interest_fee_check_from_records] 未筛选到任何利息手续费交易，跳过报告生成
[2026-06-14 16:45:56] INFO [mark_non_workday_transactions] 非工作日交易标记完成: 总记录 2, 工作日 2, 周末 0, 法定节假日 0, 调休工作日 0
[2026-06-14 16:45:56] INFO [generate_holiday_check_from_records] 未发现非工作日交易，仍导出报告
[2026-06-14 16:45:56] INFO [export_holiday_check_result] 非工作日交易标记结果已导出: /var***********************************************************************************************************
[2026-06-14 16:45:56] INFO [run_pipeline] 非工作日交易标记报告已自动生成: /var***********************************************************************************************************
[2026-06-14 16:45:56] INFO [assign_accounting_period] 会计期间归属完成: 2 条记录, 1 个期间
[2026-06-14 16:45:56] INFO [export_accounting_period_summary] 会计期间总表已导出: /var*******************************************************************************************************（1 个期间）
[2026-06-14 16:45:56] INFO [run_pipeline] 会计期间总表已自动生成: /var*******************************************************************************************************
[2026-06-14 16:45:56] INFO [save_report] 性能剖析报告已保存: /var*****************************************************************************************************
[2026-06-14 16:45:56] INFO [save_report] 性能剖析数据已保存: /var*******************************************************************************************************
[2026-06-14 16:45:56] INFO [run_pipeline] 性能剖析报告已生成: /var*****************************************************************************************************
[2026-06-14 16:45:56] INFO [run_pipeline] [试运行] 跳过生成财务协同编辑模板
[2026-06-14 16:45:56] INFO [setup_logging] 日志系统初始化完成，日志文件: /Use*******************************************************************************************************
[2026-06-14 16:45:56] INFO [setup_logging] 未检测到 tkinter，将使用命令行交互模式
[2026-06-14 16:45:56] INFO [run_pipeline] ===== 试运行模式已启用（不执行删除与写盘操作）=====
[2026-06-14 16:45:56] INFO [find_lookup_file] 精确匹配到主体查找表: /var**************************************************************************************
[2026-06-14 16:45:56] INFO [run_pipeline] 正在预加载主体查找表...
[2026-06-14 16:45:56] DEBUG [detect_excel_format] 文件 /var************************************************************************************** Magic Bytes 检测为 xlsx 格式 (ZIP/OOXML)
[2026-06-14 16:45:56] INFO [load_lookup_table] 查找表加载完成：共 2 条条目，2 个唯一账号，0 个扩展字段
[2026-06-14 16:45:56] INFO [run_pipeline] 主体查找表预加载完成
[2026-06-14 16:45:56] INFO [load_existing_keys] 未找到历史总表，将以全量模式运行
[2026-06-14 16:45:56] INFO [run_pipeline] 无历史数据，将以全量模式运行
[2026-06-14 16:45:56] INFO [run_pipeline] 已复制文件夹为＋检验版: /var******************************************************************************
[2026-06-14 16:45:56] DEBUG [scan_excel_files] 发现 Excel 文件: /var*******************************************************************************************
[2026-06-14 16:45:56] DEBUG [scan_excel_files] 发现 Excel 文件: /var*******************************************************************************************
[2026-06-14 16:45:56] INFO [scan_excel_files] 共扫描到 2 个 Excel 文件
[2026-06-14 16:45:56] WARNING [identify_bank] 文件「未知银行_流水.xlsx」无法识别银行类型
[2026-06-14 16:45:56] INFO [identify_bank] 文件「北京银行_流水.xlsx」通过前缀匹配识别为: 北京银行
[2026-06-14 16:45:56] INFO [parse] 开始处理北京银行文件: /var*******************************************************************************************
[2026-06-14 16:45:56] DEBUG [detect_excel_format] 文件 /var******************************************************************************************* Magic Bytes 检测为 xlsx 格式 (ZIP/OOXML)
[2026-06-14 16:45:56] INFO [validate_headers] 北京银行文件工作表「交易明细」表头校验通过，7 个字段均匹配
[2026-06-14 16:45:56] DEBUG [get_subject_info] 银行账号「0109年03月」匹配到主体: 北********司（优先级: 0）
[2026-06-14 16:45:56] INFO [_parse_sheet] 北京银行文件工作表「交易明细」提取 2 条记录
[2026-06-14 16:45:56] INFO [parse] 北京银行文件处理完成，共提取 2 条记录
[2026-06-14 16:45:56] INFO [run_pipeline] 成功处理文件: /var*******************************************************************************************（2 条记录）
[2026-06-14 16:45:56] INFO [run_pipeline] [试运行] 跳过删除文件操作，待删除文件 1 个
[2026-06-14 16:45:56] INFO [run_pipeline] [试运行] 跳过总表写盘，模式=全量覆盖，共 2 条记录
[2026-06-14 16:45:56] INFO [apply_amount_anomaly_detection] 开始金额异常检测，单笔阈值: [金额已隐藏] 元
[2026-06-14 16:45:56] INFO [apply_amount_anomaly_detection] 金额异常检测完成：共 2 条记录，0 条异常 (0.00%)
[2026-06-14 16:45:56] INFO [apply_counterparty_rules] 对方户名规则匹配完成: 总记录 2, 命中 0, 黑名单 0, 白名单 0
[2026-06-14 16:45:56] INFO [run_pipeline] [试运行] 跳过生成脱敏版总表
[2026-06-14 16:45:56] INFO [run_pipeline] [试运行] 跳过数据库持久化操作
[2026-06-14 16:45:56] INFO [identify_internal_transfers] 内部划转识别完成: 2 条记录, 识别出 0 对 (0 划出 + 0 划入), 涉及 0 个主体, 0 家银行
[2026-06-14 16:45:56] INFO [summarize_transactions] 主体维度汇总完成: 2 条记录, 1 个主体, 1 家银行, 1 个月份, 0 个未匹配账号
[2026-06-14 16:45:56] INFO [export_subject_summary] 主体维度汇总分析已导出: /var*********************************************************************************************************
[2026-06-14 16:45:56] INFO [run_pipeline] 主体维度汇总分析已自动生成: /var*********************************************************************************************************
[2026-06-14 16:45:56] INFO [check_balance_continuity] 共 1 个账号待校验
[2026-06-14 16:45:56] DEBUG [check_balance_continuity] 校验账号: 0109年03月, 记录数: 2
[2026-06-14 16:45:56] INFO [check_balance_continuity] 余额连续性校验完成 - 总账号: 1, 已校验: 1, 跳过: 0, 异常笔数: 0, 异常账号: 0
[2026-06-14 16:45:56] INFO [export_balance_check_result] 余额连续性校验结果已导出: /var**********************************************************************************************************
[2026-06-14 16:45:56] INFO [run_pipeline] 余额连续性校验报告已自动生成: /var**********************************************************************************************************
[2026-06-14 16:45:56] INFO [detect_duplicates] 重复交易检测完成 - 总记录: 2, 疑似重复组: 0, 疑似重复记录: 0, 重复率: 0.00%
[2026-06-14 16:45:56] INFO [generate_duplicate_check_from_records] 未检测到重复交易，仍导出报告
[2026-06-14 16:45:56] INFO [export_duplicate_check_result] 重复交易检测结果已导出: /var*********************************************************************************************************
[2026-06-14 16:45:56] INFO [run_pipeline] 重复交易检测报告已自动生成: /var*********************************************************************************************************
[2026-06-14 16:45:56] INFO [filter_interest_fee_transactions] 筛选出 0 条利息手续费交易
[2026-06-14 16:45:56] INFO [summarize_by_period] 按month汇总生成 0 条期间汇总记录，异常 0 条
[2026-06-14 16:45:56] INFO [check_interest_fee] 利息手续费核对完成 - 总记录: 0 (利息: 0, 手续费: 0), 期间汇总: 0, 异常: 0
[2026-06-14 16:45:56] WARNING [generate_interest_fee_check_from_records] 未筛选到任何利息手续费交易，跳过报告生成
[2026-06-14 16:45:56] INFO [mark_non_workday_transactions] 非工作日交易标记完成: 总记录 2, 工作日 2, 周末 0, 法定节假日 0, 调休工作日 0
[2026-06-14 16:45:56] INFO [generate_holiday_check_from_records] 未发现非工作日交易，仍导出报告
[2026-06-14 16:45:56] INFO [export_holiday_check_result] 非工作日交易标记结果已导出: /var***********************************************************************************************************
[2026-06-14 16:45:56] INFO [run_pipeline] 非工作日交易标记报告已自动生成: /var***********************************************************************************************************
[2026-06-14 16:45:56] INFO [assign_accounting_period] 会计期间归属完成: 2 条记录, 1 个期间
[2026-06-14 16:45:56] INFO [export_accounting_period_summary] 会计期间总表已导出: /var*******************************************************************************************************（1 个期间）
[2026-06-14 16:45:56] INFO [run_pipeline] 会计期间总表已自动生成: /var*******************************************************************************************************
[2026-06-14 16:45:56] INFO [save_report] 性能剖析报告已保存: /var*****************************************************************************************************
[2026-06-14 16:45:56] INFO [save_report] 性能剖析数据已保存: /var*******************************************************************************************************
[2026-06-14 16:45:56] INFO [run_pipeline] 性能剖析报告已生成: /var*****************************************************************************************************
[2026-06-14 16:45:56] INFO [run_pipeline] [试运行] 跳过生成财务协同编辑模板
[2026-06-14 16:45:56] INFO [run_pipeline] [试运行] 跳过待处理清单生成
[2026-06-14 16:45:56] INFO [setup_logging] 日志系统初始化完成，日志文件: /Use*******************************************************************************************************
[2026-06-14 16:45:56] INFO [setup_logging] 未检测到 tkinter，将使用命令行交互模式
[2026-06-14 16:45:56] INFO [run_pipeline] ===== 试运行模式已启用（不执行删除与写盘操作）=====
[2026-06-14 16:45:56] INFO [find_lookup_file] 精确匹配到主体查找表: /var**************************************************************************************
[2026-06-14 16:45:56] INFO [run_pipeline] 正在预加载主体查找表...
[2026-06-14 16:45:56] DEBUG [detect_excel_format] 文件 /var************************************************************************************** Magic Bytes 检测为 xlsx 格式 (ZIP/OOXML)
[2026-06-14 16:45:56] INFO [load_lookup_table] 查找表加载完成：共 2 条条目，2 个唯一账号，0 个扩展字段
[2026-06-14 16:45:56] INFO [run_pipeline] 主体查找表预加载完成
[2026-06-14 16:45:56] INFO [load_existing_keys] 未找到历史总表，将以全量模式运行
[2026-06-14 16:45:56] INFO [run_pipeline] 无历史数据，将以全量模式运行
[2026-06-14 16:45:56] INFO [run_pipeline] 已复制文件夹为＋检验版: /var*****************************************************************************
[2026-06-14 16:45:56] INFO [scan_excel_files] 共扫描到 0 个 Excel 文件
[2026-06-14 16:45:56] WARNING [run_pipeline] 检验版文件夹中未发现任何 Excel 或 PDF 文件
[2026-06-14 16:45:56] WARNING [commit_pipeline_changes] commit_pipeline_changes: 试运行结果为空文件夹，无需提交
[2026-06-14 16:45:56] INFO [setup_logging] 日志系统初始化完成，日志文件: /Use*******************************************************************************************************
[2026-06-14 16:45:56] INFO [setup_logging] 未检测到 tkinter，将使用命令行交互模式
[2026-06-14 16:45:56] INFO [find_lookup_file] 精确匹配到主体查找表: /var**************************************************************************************
[2026-06-14 16:45:56] INFO [run_pipeline] 正在预加载主体查找表...
[2026-06-14 16:45:56] DEBUG [detect_excel_format] 文件 /var************************************************************************************** Magic Bytes 检测为 xlsx 格式 (ZIP/OOXML)
[2026-06-14 16:45:56] INFO [load_lookup_table] 查找表加载完成：共 2 条条目，2 个唯一账号，0 个扩展字段
[2026-06-14 16:45:56] INFO [run_pipeline] 主体查找表预加载完成
[2026-06-14 16:45:56] INFO [load_existing_keys] 未找到历史总表，将以全量模式运行
[2026-06-14 16:45:56] INFO [run_pipeline] 无历史数据，将以全量模式运行
[2026-06-14 16:45:56] INFO [run_pipeline] 已复制文件夹为＋检验版: /var******************************************************************************
[2026-06-14 16:45:56] DEBUG [scan_excel_files] 发现 Excel 文件: /var*******************************************************************************************
[2026-06-14 16:45:56] INFO [scan_excel_files] 共扫描到 1 个 Excel 文件
[2026-06-14 16:45:56] INFO [identify_bank] 文件「北京银行_流水.xlsx」通过前缀匹配识别为: 北京银行
[2026-06-14 16:45:56] INFO [parse] 开始处理北京银行文件: /var*******************************************************************************************
[2026-06-14 16:45:56] DEBUG [detect_excel_format] 文件 /var******************************************************************************************* Magic Bytes 检测为 xlsx 格式 (ZIP/OOXML)
[2026-06-14 16:45:56] INFO [validate_headers] 北京银行文件工作表「交易明细」表头校验通过，7 个字段均匹配
[2026-06-14 16:45:56] DEBUG [get_subject_info] 银行账号「0109年03月」匹配到主体: 北********司（优先级: 0）
[2026-06-14 16:45:56] INFO [_parse_sheet] 北京银行文件工作表「交易明细」提取 2 条记录
[2026-06-14 16:45:56] INFO [parse] 北京银行文件处理完成，共提取 2 条记录
[2026-06-14 16:45:56] INFO [run_pipeline] 成功处理文件: /var*******************************************************************************************（2 条记录）
[2026-06-14 16:45:56] DEBUG [delete_processed_files] 已删除文件: /var*******************************************************************************************
[2026-06-14 16:45:56] INFO [run_pipeline] 总表输出完成: /var***************************************************************************************（共 2 条记录）
[2026-06-14 16:45:56] INFO [apply_amount_anomaly_detection] 开始金额异常检测，单笔阈值: [金额已隐藏] 元
[2026-06-14 16:45:56] INFO [apply_amount_anomaly_detection] 金额异常检测完成：共 2 条记录，0 条异常 (0.00%)
[2026-06-14 16:45:56] INFO [apply_counterparty_rules] 对方户名规则匹配完成: 总记录 2, 命中 0, 黑名单 0, 白名单 0
[2026-06-14 16:45:56] INFO [export_masked_summary] 脱敏版总表输出完成: /var*******************************************************************************************（共 2 条记录）
[2026-06-14 16:45:56] DEBUG [init_schema] 数据库表结构初始化完成
[2026-06-14 16:45:56] INFO [connect] SQLite 数据库已连接: /Use************************************************************************************
[2026-06-14 16:45:56] INFO [insert_records] 已加载 25 个历史匹配键用于去重
[2026-06-14 16:45:56] INFO [insert_records] 批量导入完成: 批次 BATC***************, 共 2 条, 新增 0 条, 重复 2 条
[2026-06-14 16:45:56] INFO [disconnect] SQLite 数据库已断开
[2026-06-14 16:45:56] INFO [run_pipeline] 数据库持久化完成: 批次 BATC***************, 插入 0 条, 去重跳过 2 条
[2026-06-14 16:45:56] INFO [identify_internal_transfers] 内部划转识别完成: 2 条记录, 识别出 0 对 (0 划出 + 0 划入), 涉及 0 个主体, 0 家银行
[2026-06-14 16:45:56] INFO [summarize_transactions] 主体维度汇总完成: 2 条记录, 1 个主体, 1 家银行, 1 个月份, 0 个未匹配账号
[2026-06-14 16:45:56] INFO [export_subject_summary] 主体维度汇总分析已导出: /var*********************************************************************************************************
[2026-06-14 16:45:56] INFO [run_pipeline] 主体维度汇总分析已自动生成: /var*********************************************************************************************************
[2026-06-14 16:45:56] INFO [check_balance_continuity] 共 1 个账号待校验
[2026-06-14 16:45:56] DEBUG [check_balance_continuity] 校验账号: 0109年03月, 记录数: 2
[2026-06-14 16:45:56] INFO [check_balance_continuity] 余额连续性校验完成 - 总账号: 1, 已校验: 1, 跳过: 0, 异常笔数: 0, 异常账号: 0
[2026-06-14 16:45:56] INFO [export_balance_check_result] 余额连续性校验结果已导出: /var**********************************************************************************************************
[2026-06-14 16:45:56] INFO [run_pipeline] 余额连续性校验报告已自动生成: /var**********************************************************************************************************
[2026-06-14 16:45:56] INFO [detect_duplicates] 重复交易检测完成 - 总记录: 2, 疑似重复组: 0, 疑似重复记录: 0, 重复率: 0.00%
[2026-06-14 16:45:56] INFO [generate_duplicate_check_from_records] 未检测到重复交易，仍导出报告
[2026-06-14 16:45:56] INFO [export_duplicate_check_result] 重复交易检测结果已导出: /var*********************************************************************************************************
[2026-06-14 16:45:56] INFO [run_pipeline] 重复交易检测报告已自动生成: /var*********************************************************************************************************
[2026-06-14 16:45:56] INFO [filter_interest_fee_transactions] 筛选出 0 条利息手续费交易
[2026-06-14 16:45:56] INFO [summarize_by_period] 按month汇总生成 0 条期间汇总记录，异常 0 条
[2026-06-14 16:45:56] INFO [check_interest_fee] 利息手续费核对完成 - 总记录: 0 (利息: 0, 手续费: 0), 期间汇总: 0, 异常: 0
[2026-06-14 16:45:56] WARNING [generate_interest_fee_check_from_records] 未筛选到任何利息手续费交易，跳过报告生成
[2026-06-14 16:45:56] INFO [mark_non_workday_transactions] 非工作日交易标记完成: 总记录 2, 工作日 2, 周末 0, 法定节假日 0, 调休工作日 0
[2026-06-14 16:45:56] INFO [generate_holiday_check_from_records] 未发现非工作日交易，仍导出报告
[2026-06-14 16:45:56] INFO [export_holiday_check_result] 非工作日交易标记结果已导出: /var***********************************************************************************************************
[2026-06-14 16:45:56] INFO [run_pipeline] 非工作日交易标记报告已自动生成: /var***********************************************************************************************************
[2026-06-14 16:45:56] INFO [assign_accounting_period] 会计期间归属完成: 2 条记录, 1 个期间
[2026-06-14 16:45:56] INFO [export_accounting_period_summary] 会计期间总表已导出: /var*******************************************************************************************************（1 个期间）
[2026-06-14 16:45:56] INFO [run_pipeline] 会计期间总表已自动生成: /var*******************************************************************************************************
[2026-06-14 16:45:56] INFO [save_report] 性能剖析报告已保存: /var*****************************************************************************************************
[2026-06-14 16:45:56] INFO [save_report] 性能剖析数据已保存: /var*******************************************************************************************************
[2026-06-14 16:45:56] INFO [run_pipeline] 性能剖析报告已生成: /var*****************************************************************************************************
[2026-06-14 16:45:56] INFO [generate_collab_template] 财务协同编辑模板生成完成: /var***************************************************************************************************************（可编辑列: 凭证号, 凭证日期, 会计科目编码, 会计科目名称, 备注, 制单人）
[2026-06-14 16:45:56] INFO [run_pipeline] 财务协同编辑模板已自动生成: /var***************************************************************************************************************
[2026-06-14 16:45:56] INFO [run_pipeline] ===== 试运行模式已启用（不执行删除与写盘操作）=====
[2026-06-14 16:45:56] INFO [find_lookup_file] 精确匹配到主体查找表: /var**************************************************************************************
[2026-06-14 16:45:56] INFO [run_pipeline] 正在预加载主体查找表...
[2026-06-14 16:45:56] DEBUG [detect_excel_format] 文件 /var************************************************************************************** Magic Bytes 检测为 xlsx 格式 (ZIP/OOXML)
[2026-06-14 16:45:56] INFO [load_lookup_table] 查找表加载完成：共 2 条条目，2 个唯一账号，0 个扩展字段
[2026-06-14 16:45:56] INFO [run_pipeline] 主体查找表预加载完成
[2026-06-14 16:45:56] INFO [load_existing_keys] 已加载历史总表，共 2 条记录，2 个唯一匹配键
[2026-06-14 16:45:56] INFO [run_pipeline] ===== 增量合并模式已启用 =====
[2026-06-14 16:45:56] INFO [run_pipeline] 已复制文件夹为＋检验版: /var*******************************************************************************
[2026-06-14 16:45:56] DEBUG [scan_excel_files] 发现 Excel 文件: /var********************************************************************************************
[2026-06-14 16:45:56] DEBUG [scan_excel_files] 发现 Excel 文件: /var********************************************************************************************
[2026-06-14 16:45:56] INFO [scan_excel_files] 共扫描到 2 个 Excel 文件
[2026-06-14 16:45:56] INFO [identify_bank] 文件「东亚银行_流水.xlsx」通过前缀匹配识别为: 东亚银行
[2026-06-14 16:45:56] INFO [parse] 开始处理东亚银行文件: /var********************************************************************************************
[2026-06-14 16:45:56] DEBUG [detect_excel_format] 文件 /var******************************************************************************************** Magic Bytes 检测为 xlsx 格式 (ZIP/OOXML)
[2026-06-14 16:45:56] INFO [validate_headers] 东亚银行文件工作表「交易明细」表头校验通过，7 个字段均匹配
[2026-06-14 16:45:56] DEBUG [get_subject_info] 银行账号「3881年23月」匹配到主体: 上********司（优先级: 0）
[2026-06-14 16:45:56] INFO [_parse_sheet] 东亚银行文件工作表「交易明细」提取 2 条记录
[2026-06-14 16:45:56] INFO [parse] 东亚银行文件处理完成，共提取 2 条记录
[2026-06-14 16:45:56] INFO [run_pipeline] 成功处理文件: /var********************************************************************************************（2 条记录）
[2026-06-14 16:45:56] INFO [identify_bank] 文件「北京银行_流水.xlsx」通过前缀匹配识别为: 北京银行
[2026-06-14 16:45:56] INFO [parse] 开始处理北京银行文件: /var********************************************************************************************
[2026-06-14 16:45:56] DEBUG [detect_excel_format] 文件 /var******************************************************************************************** Magic Bytes 检测为 xlsx 格式 (ZIP/OOXML)
[2026-06-14 16:45:56] INFO [validate_headers] 北京银行文件工作表「交易明细」表头校验通过，7 个字段均匹配
[2026-06-14 16:45:56] DEBUG [get_subject_info] 银行账号「0109年03月」匹配到主体: 北********司（优先级: 0）
[2026-06-14 16:45:56] INFO [_parse_sheet] 北京银行文件工作表「交易明细」提取 2 条记录
[2026-06-14 16:45:56] INFO [parse] 北京银行文件处理完成，共提取 2 条记录
[2026-06-14 16:45:56] INFO [run_pipeline] 成功处理文件: /var********************************************************************************************（2 条记录）
[2026-06-14 16:45:56] INFO [run_pipeline] [试运行] 跳过删除文件操作，待删除文件 2 个
[2026-06-14 16:45:56] DEBUG [filter_incremental_records] 检测到重复记录，匹配键: [匹配键已隐藏]
[2026-06-14 16:45:56] DEBUG [filter_incremental_records] 检测到重复记录，匹配键: [匹配键已隐藏]
[2026-06-14 16:45:56] INFO [filter_incremental_records] 增量过滤完成: 新记录 4 条，重复 2 条，实际新增 2 条
[2026-06-14 16:45:56] INFO [run_pipeline] [试运行] 跳过总表写盘，模式=增量合并，历史 2 条 + 新增 2 条
[2026-06-14 16:45:56] INFO [apply_amount_anomaly_detection] 开始金额异常检测，单笔阈值: [金额已隐藏] 元
[2026-06-14 16:45:56] INFO [apply_amount_anomaly_detection] 金额异常检测完成：共 4 条记录，2 条异常 (50.00%)
[2026-06-14 16:45:56] INFO [apply_amount_anomaly_detection]   - 付款和收款同时有值: 2 条
[2026-06-14 16:45:56] INFO [run_pipeline] 金额异常检测: 总记录 4, 异常 2 (50.00%)
[2026-06-14 16:45:56] INFO [run_pipeline] [试运行] 跳过金额异常检测结果回写总表
[2026-06-14 16:45:56] INFO [apply_counterparty_rules] 对方户名规则匹配完成: 总记录 4, 命中 0, 黑名单 0, 白名单 0
[2026-06-14 16:45:56] INFO [run_pipeline] [试运行] 跳过生成脱敏版总表
[2026-06-14 16:45:56] INFO [run_pipeline] [试运行] 跳过数据库持久化操作
[2026-06-14 16:45:56] INFO [identify_internal_transfers] 内部划转识别完成: 4 条记录, 识别出 0 对 (0 划出 + 0 划入), 涉及 0 个主体, 0 家银行
[2026-06-14 16:45:56] INFO [summarize_transactions] 主体维度汇总完成: 4 条记录, 2 个主体, 2 家银行, 1 个月份, 0 个未匹配账号
[2026-06-14 16:45:56] INFO [export_subject_summary] 主体维度汇总分析已导出: /var*********************************************************************************************************
[2026-06-14 16:45:56] INFO [run_pipeline] 主体维度汇总分析已自动生成: /var*********************************************************************************************************
[2026-06-14 16:45:56] INFO [check_balance_continuity] 共 2 个账号待校验
[2026-06-14 16:45:56] DEBUG [check_balance_continuity] 校验账号: 1090年31月, 记录数: 2
[2026-06-14 16:45:56] DEBUG [check_balance_continuity] 校验账号: 3881年23月, 记录数: 2
[2026-06-14 16:45:56] INFO [check_balance_continuity] 余额连续性校验完成 - 总账号: 2, 已校验: 2, 跳过: 0, 异常笔数: 0, 异常账号: 0
[2026-06-14 16:45:56] INFO [export_balance_check_result] 余额连续性校验结果已导出: /var**********************************************************************************************************
[2026-06-14 16:45:56] INFO [run_pipeline] 余额连续性校验报告已自动生成: /var**********************************************************************************************************
[2026-06-14 16:45:56] INFO [detect_duplicates] 重复交易检测完成 - 总记录: 4, 疑似重复组: 0, 疑似重复记录: 0, 重复率: 0.00%
[2026-06-14 16:45:56] INFO [generate_duplicate_check_from_records] 未检测到重复交易，仍导出报告
[2026-06-14 16:45:56] INFO [export_duplicate_check_result] 重复交易检测结果已导出: /var*********************************************************************************************************
[2026-06-14 16:45:56] INFO [run_pipeline] 重复交易检测报告已自动生成: /var*********************************************************************************************************
[2026-06-14 16:45:56] INFO [filter_interest_fee_transactions] 筛选出 1 条利息手续费交易
[2026-06-14 16:45:56] INFO [summarize_by_period] 按month汇总生成 1 条期间汇总记录，异常 1 条
[2026-06-14 16:45:56] INFO [check_interest_fee] 利息手续费核对完成 - 总记录: 1 (利息: 0, 手续费: 1), 期间汇总: 1, 异常: 1
[2026-06-14 16:45:56] INFO [export_interest_fee_check_result] 利息手续费核对结果已导出: /var**********************************************************************************************************
[2026-06-14 16:45:56] INFO [run_pipeline] Interest & Fee check report auto-generated: /var/folders/8t/8rw7_pg16cx2c2mkh_cvpz8m0000gn/T/bankcheck_test_067vdkoe/script/利息手续费核对报告_20260614_164556.xlsx
[2026-06-14 16:45:56] INFO [mark_non_workday_transactions] 非工作日交易标记完成: 总记录 4, 工作日 4, 周末 0, 法定节假日 0, 调休工作日 0
[2026-06-14 16:45:56] INFO [generate_holiday_check_from_records] 未发现非工作日交易，仍导出报告
[2026-06-14 16:45:57] INFO [export_holiday_check_result] 非工作日交易标记结果已导出: /var***********************************************************************************************************
[2026-06-14 16:45:57] INFO [run_pipeline] 非工作日交易标记报告已自动生成: /var***********************************************************************************************************
[2026-06-14 16:45:57] INFO [assign_accounting_period] 会计期间归属完成: 4 条记录, 1 个期间
[2026-06-14 16:45:57] INFO [export_accounting_period_summary] 会计期间总表已导出: /var*******************************************************************************************************（1 个期间）
[2026-06-14 16:45:57] INFO [run_pipeline] 会计期间总表已自动生成: /var*******************************************************************************************************
[2026-06-14 16:45:57] INFO [save_report] 性能剖析报告已保存: /var*****************************************************************************************************
[2026-06-14 16:45:57] INFO [save_report] 性能剖析数据已保存: /var*******************************************************************************************************
[2026-06-14 16:45:57] INFO [run_pipeline] 性能剖析报告已生成: /var*****************************************************************************************************
[2026-06-14 16:45:57] INFO [run_pipeline] [试运行] 跳过生成财务协同编辑模板
[2026-06-14 16:45:57] INFO [commit_pipeline_changes] ===== 开始提交试运行变更（正式写盘）=====
[2026-06-14 16:45:57] INFO [commit_pipeline_changes] [提交] 执行文件删除操作，待删除 2 个文件
[2026-06-14 16:45:57] DEBUG [delete_processed_files] 已删除文件: /var********************************************************************************************
[2026-06-14 16:45:57] DEBUG [delete_processed_files] 已删除文件: /var********************************************************************************************
[2026-06-14 16:45:57] INFO [commit_pipeline_changes] [提交] 执行增量合并写总表：历史 2 条 + 新增 2 条
[2026-06-14 16:45:57] INFO [merge_and_export_summary] 总表输出完成: /var***************************************************************************************（历史 2 条 + 新增 2 条 = 共 4 条）
[2026-06-14 16:45:57] INFO [commit_pipeline_changes] [提交] 生成脱敏版总表
[2026-06-14 16:45:57] INFO [export_masked_summary] 脱敏版总表输出完成: /var*******************************************************************************************（共 4 条记录）
[2026-06-14 16:45:57] INFO [commit_pipeline_changes] [提交] 执行数据库持久化
[2026-06-14 16:45:57] DEBUG [init_schema] 数据库表结构初始化完成
[2026-06-14 16:45:57] INFO [connect] SQLite 数据库已连接: /Use************************************************************************************
[2026-06-14 16:45:57] INFO [insert_records] 已加载 25 个历史匹配键用于去重
[2026-06-14 16:45:57] INFO [insert_records] 批量导入完成: 批次 BATC***************, 共 4 条, 新增 0 条, 重复 4 条
[2026-06-14 16:45:57] INFO [disconnect] SQLite 数据库已断开
[2026-06-14 16:45:57] INFO [commit_pipeline_changes] [提交] 数据库持久化完成: 插入 0 条, 去重跳过 4 条
[2026-06-14 16:45:57] INFO [commit_pipeline_changes] [提交] 生成财务协同编辑模板
[2026-06-14 16:45:57] INFO [generate_collab_template] 财务协同编辑模板生成完成: /var***************************************************************************************************************（可编辑列: 凭证号, 凭证日期, 会计科目编码, 会计科目名称, 备注, 制单人）
[2026-06-14 16:45:57] INFO [commit_pipeline_changes] ===== 试运行变更提交完成 =====
[2026-06-14 16:45:57] INFO [setup_logging] 日志系统初始化完成，日志文件: /Use*******************************************************************************************************
[2026-06-14 16:45:57] INFO [setup_logging] 未检测到 tkinter，将使用命令行交互模式
[2026-06-14 16:45:57] INFO [setup_logging] 日志系统初始化完成，日志文件: /Use*******************************************************************************************************
[2026-06-14 16:45:57] INFO [setup_logging] 未检测到 tkinter，将使用命令行交互模式
[2026-06-14 16:45:57] INFO [setup_logging] 日志系统初始化完成，日志文件: /Use*******************************************************************************************************
[2026-06-14 16:45:57] INFO [setup_logging] 未检测到 tkinter，将使用命令行交互模式
