[2026-06-15 00:53:25] INFO [setup_logging] 日志系统初始化完成，日志文件: /Use*******************************************************************************************************
[2026-06-15 00:53:25] INFO [setup_logging] 未检测到 tkinter，将使用命令行交互模式
[2026-06-15 00:53:25] INFO [identify_bank] 文件「北京银行_流水.xlsx」通过前缀匹配识别为: 北京银行
[2026-06-15 00:53:25] INFO [setup_logging] 日志系统初始化完成，日志文件: /Use*******************************************************************************************************
[2026-06-15 00:53:25] INFO [setup_logging] 未检测到 tkinter，将使用命令行交互模式
[2026-06-15 00:53:25] INFO [identify_bank] 文件「北京银行流水.xlsx」通过前缀匹配识别为: 北京银行
[2026-06-15 00:53:25] INFO [setup_logging] 日志系统初始化完成，日志文件: /Use*******************************************************************************************************
[2026-06-15 00:53:25] INFO [setup_logging] 未检测到 tkinter，将使用命令行交互模式
[2026-06-15 00:53:25] INFO [identify_bank] 文件「东亚银行_流水.xlsx」通过前缀匹配识别为: 东亚银行
[2026-06-15 00:53:25] INFO [setup_logging] 日志系统初始化完成，日志文件: /Use*******************************************************************************************************
[2026-06-15 00:53:25] INFO [setup_logging] 未检测到 tkinter，将使用命令行交互模式
[2026-06-15 00:53:25] INFO [identify_bank] 文件「东亚银行流水.xlsx」通过前缀匹配识别为: 东亚银行
[2026-06-15 00:53:25] INFO [setup_logging] 日志系统初始化完成，日志文件: /Use*******************************************************************************************************
[2026-06-15 00:53:25] INFO [setup_logging] 未检测到 tkinter，将使用命令行交互模式
[2026-06-15 00:53:25] WARNING [identify_bank] 文件「某某未知银行_流水.xlsx」无法识别银行类型
[2026-06-15 00:53:25] WARNING [detect_file_format] 检测文件格式失败 /some/path/某某未知银行_流水.xlsx: [Errno 2] No such file or directory: '/some/path/某某未知银行_流水.xlsx'
[2026-06-15 00:53:25] DEBUG [_get_file_debug_info] 读取 Excel 预览失败 /some/path/某某未知银行_流水.xlsx: [Errno 2] No such file or directory: '/some/path/某某未知银行_流水.xlsx'
[2026-06-15 00:53:25] DEBUG [identify_bank] 银行识别失败 - 文件调试信息:
  文件名: 某某未知银行_流水.xlsx
  扩展名: .xlsx
  文件大小: unknown (0 bytes)
  工作表列表: []
  活动工作表: 
  前 0 行单元格快照:
(no data)
[2026-06-15 00:53:25] INFO [setup_logging] 日志系统初始化完成，日志文件: /Use*******************************************************************************************************
[2026-06-15 00:53:25] INFO [setup_logging] 未检测到 tkinter，将使用命令行交互模式
[2026-06-15 00:53:25] WARNING [identify_bank] 文件「流水文件.xlsx」无法识别银行类型
[2026-06-15 00:53:25] WARNING [detect_file_format] 检测文件格式失败 /some/path/流水文件.xlsx: [Errno 2] No such file or directory: '/some/path/流水文件.xlsx'
[2026-06-15 00:53:25] DEBUG [_get_file_debug_info] 读取 Excel 预览失败 /some/path/流水文件.xlsx: [Errno 2] No such file or directory: '/some/path/流水文件.xlsx'
[2026-06-15 00:53:25] DEBUG [identify_bank] 银行识别失败 - 文件调试信息:
  文件名: 流水文件.xlsx
  扩展名: .xlsx
  文件大小: unknown (0 bytes)
  工作表列表: []
  活动工作表: 
  前 0 行单元格快照:
(no data)
[2026-06-15 00:53:25] INFO [setup_logging] 日志系统初始化完成，日志文件: /Use*******************************************************************************************************
[2026-06-15 00:53:25] INFO [setup_logging] 未检测到 tkinter，将使用命令行交互模式
[2026-06-15 00:53:25] INFO [identify_bank] 文件「2024************」通过正则匹配识别为: 北京银行
[2026-06-15 00:53:25] INFO [setup_logging] 日志系统初始化完成，日志文件: /Use*******************************************************************************************************
[2026-06-15 00:53:25] INFO [setup_logging] 未检测到 tkinter，将使用命令行交互模式
[2026-06-15 00:53:25] WARNING [identify_bank] 文件「.xlsx」无法识别银行类型
[2026-06-15 00:53:25] WARNING [detect_file_format] 检测文件格式失败 /some/path/.xlsx: [Errno 2] No such file or directory: '/some/path/.xlsx'
[2026-06-15 00:53:25] DEBUG [_get_file_debug_info] 读取 Excel 预览失败 /some/path/.xlsx: openpyxl does not support  file format, please check you can open it with Excel first. Supported formats are: .xlsx,.xlsm,.xltx,.xltm
[2026-06-15 00:53:25] DEBUG [identify_bank] 银行识别失败 - 文件调试信息:
  文件名: .xlsx
  扩展名: 
  文件大小: unknown (0 bytes)
  工作表列表: []
  活动工作表: 
  前 0 行单元格快照:
(no data)
[2026-06-15 00:53:25] INFO [setup_logging] 日志系统初始化完成，日志文件: /Use*******************************************************************************************************
[2026-06-15 00:53:25] INFO [setup_logging] 未检测到 tkinter，将使用命令行交互模式
[2026-06-15 00:53:25] INFO [identify_bank] 文件「北京银行东亚银行_流水.xlsx」通过前缀匹配识别为: 北京银行
[2026-06-15 00:53:25] INFO [setup_logging] 日志系统初始化完成，日志文件: /Use*******************************************************************************************************
[2026-06-15 00:53:25] INFO [setup_logging] 未检测到 tkinter，将使用命令行交互模式
[2026-06-15 00:53:25] INFO [identify_bank] 文件「东亚银行.xlsx」通过前缀匹配识别为: 东亚银行
[2026-06-15 00:53:25] INFO [setup_logging] 日志系统初始化完成，日志文件: /Use*******************************************************************************************************
[2026-06-15 00:53:25] INFO [setup_logging] 未检测到 tkinter，将使用命令行交互模式
[2026-06-15 00:53:25] INFO [identify_bank] 文件「2024***************」通过正则匹配识别为: 北京银行
[2026-06-15 00:53:25] INFO [setup_logging] 日志系统初始化完成，日志文件: /Use*******************************************************************************************************
[2026-06-15 00:53:25] INFO [setup_logging] 未检测到 tkinter，将使用命令行交互模式
[2026-06-15 00:53:25] INFO [identify_bank] 文件「2024*************」通过正则匹配识别为: 北京银行
[2026-06-15 00:53:25] INFO [setup_logging] 日志系统初始化完成，日志文件: /Use*******************************************************************************************************
[2026-06-15 00:53:25] INFO [setup_logging] 未检测到 tkinter，将使用命令行交互模式
[2026-06-15 00:53:25] INFO [identify_bank] 文件「2024*************」通过正则匹配识别为: 北京银行
[2026-06-15 00:53:25] INFO [setup_logging] 日志系统初始化完成，日志文件: /Use*******************************************************************************************************
[2026-06-15 00:53:25] INFO [setup_logging] 未检测到 tkinter，将使用命令行交互模式
[2026-06-15 00:53:25] INFO [identify_bank] 文件「2024*************」通过正则匹配识别为: 北京银行
[2026-06-15 00:53:25] INFO [setup_logging] 日志系统初始化完成，日志文件: /Use*******************************************************************************************************
[2026-06-15 00:53:25] INFO [setup_logging] 未检测到 tkinter，将使用命令行交互模式
[2026-06-15 00:53:25] INFO [identify_bank] 文件「交易明细（北京银行）.xlsx」通过正则匹配识别为: 北京银行
[2026-06-15 00:53:25] INFO [setup_logging] 日志系统初始化完成，日志文件: /Use*******************************************************************************************************
[2026-06-15 00:53:25] INFO [setup_logging] 未检测到 tkinter，将使用命令行交互模式
[2026-06-15 00:53:25] INFO [identify_bank] 文件「交易明细(北京银行).xlsx」通过正则匹配识别为: 北京银行
[2026-06-15 00:53:25] INFO [setup_logging] 日志系统初始化完成，日志文件: /Use*******************************************************************************************************
[2026-06-15 00:53:25] INFO [setup_logging] 未检测到 tkinter，将使用命令行交互模式
[2026-06-15 00:53:25] INFO [identify_bank] 文件「2024*************」通过正则匹配识别为: 北京银行
[2026-06-15 00:53:25] INFO [setup_logging] 日志系统初始化完成，日志文件: /Use*******************************************************************************************************
[2026-06-15 00:53:25] INFO [setup_logging] 未检测到 tkinter，将使用命令行交互模式
[2026-06-15 00:53:25] INFO [identify_bank] 文件「2024*************」通过正则匹配识别为: 北京银行
[2026-06-15 00:53:25] INFO [setup_logging] 日志系统初始化完成，日志文件: /Use*******************************************************************************************************
[2026-06-15 00:53:25] INFO [setup_logging] 未检测到 tkinter，将使用命令行交互模式
[2026-06-15 00:53:25] INFO [identify_bank] 文件「2024*************」通过正则匹配识别为: 北京银行
[2026-06-15 00:53:25] INFO [setup_logging] 日志系统初始化完成，日志文件: /Use*******************************************************************************************************
[2026-06-15 00:53:25] INFO [setup_logging] 未检测到 tkinter，将使用命令行交互模式
[2026-06-15 00:53:25] INFO [identify_bank] 文件「2024***************」通过正则匹配识别为: 北京银行
[2026-06-15 00:53:25] INFO [setup_logging] 日志系统初始化完成，日志文件: /Use*******************************************************************************************************
[2026-06-15 00:53:25] INFO [setup_logging] 未检测到 tkinter，将使用命令行交互模式
[2026-06-15 00:53:25] INFO [identify_bank] 文件「2024*************」通过正则匹配识别为: 东亚银行
[2026-06-15 00:53:25] INFO [setup_logging] 日志系统初始化完成，日志文件: /Use*******************************************************************************************************
[2026-06-15 00:53:25] INFO [setup_logging] 未检测到 tkinter，将使用命令行交互模式
[2026-06-15 00:53:25] INFO [identify_bank] 文件「【东亚银行】流水.xlsx」通过正则匹配识别为: 东亚银行
[2026-06-15 00:53:25] INFO [setup_logging] 日志系统初始化完成，日志文件: /Use*******************************************************************************************************
[2026-06-15 00:53:25] INFO [setup_logging] 未检测到 tkinter，将使用命令行交互模式
[2026-06-15 00:53:25] DEBUG [detect_file_format] 文件 /var************************************************************************************** Magic Bytes 检测为 xlsx 格式 (ZIP/OOXML)
[2026-06-15 00:53:25] INFO [_identify_bank_by_content] 文件「unknown_file.xlsx」通过内容特征识别为: 北京银行
[2026-06-15 00:53:25] INFO [setup_logging] 日志系统初始化完成，日志文件: /Use*******************************************************************************************************
[2026-06-15 00:53:25] INFO [setup_logging] 未检测到 tkinter，将使用命令行交互模式
[2026-06-15 00:53:25] DEBUG [detect_file_format] 文件 /var************************************************************************************** Magic Bytes 检测为 xlsx 格式 (ZIP/OOXML)
[2026-06-15 00:53:25] INFO [_identify_bank_by_content] 文件「unknown_file.xlsx」通过内容特征识别为: 东亚银行
[2026-06-15 00:53:25] INFO [setup_logging] 日志系统初始化完成，日志文件: /Use*******************************************************************************************************
[2026-06-15 00:53:25] INFO [setup_logging] 未检测到 tkinter，将使用命令行交互模式
[2026-06-15 00:53:25] INFO [identify_bank] 文件「东亚银行_流水.xlsx」通过前缀匹配识别为: 东亚银行
[2026-06-15 00:53:25] INFO [setup_logging] 日志系统初始化完成，日志文件: /Use*******************************************************************************************************
[2026-06-15 00:53:25] INFO [setup_logging] 未检测到 tkinter，将使用命令行交互模式
[2026-06-15 00:53:25] INFO [identify_bank] 文件「2024*************」通过正则匹配识别为: 东亚银行
[2026-06-15 00:53:25] INFO [setup_logging] 日志系统初始化完成，日志文件: /Use*******************************************************************************************************
[2026-06-15 00:53:25] INFO [setup_logging] 未检测到 tkinter，将使用命令行交互模式
[2026-06-15 00:53:25] WARNING [identify_bank] 文件「test.txt」无法识别银行类型
[2026-06-15 00:53:25] DEBUG [detect_file_format] 文件 /var***************************************************************************** 未识别的 Magic Bytes: e58c****
[2026-06-15 00:53:25] DEBUG [_get_file_debug_info] 读取 Excel 预览失败 /var*****************************************************************************: openpyxl does not support .txt file format, please check you can open it with Excel first. Supported formats are: .xlsx,.xlsm,.xltx,.xltm
[2026-06-15 00:53:25] DEBUG [identify_bank] 银行识别失败 - 文件调试信息:
  文件名: test.txt
  扩展名: .txt
  文件大小: 12.00 B (12 bytes)
  工作表列表: []
  活动工作表: 
  前 0 行单元格快照:
(no data)
[2026-06-15 00:53:25] INFO [setup_logging] 日志系统初始化完成，日志文件: /Use*******************************************************************************************************
[2026-06-15 00:53:25] INFO [setup_logging] 未检测到 tkinter，将使用命令行交互模式
[2026-06-15 00:53:25] INFO [identify_bank] 文件「北京银行.xlsx」通过前缀匹配识别为: 北京银行
[2026-06-15 00:53:25] INFO [setup_logging] 日志系统初始化完成，日志文件: /Use*******************************************************************************************************
[2026-06-15 00:53:25] INFO [setup_logging] 未检测到 tkinter，将使用命令行交互模式
[2026-06-15 00:53:25] DEBUG [detect_file_format] 文件 /var******************************************************************************* Magic Bytes 检测为 xlsx 格式 (ZIP/OOXML)
[2026-06-15 00:53:25] WARNING [identify_bank] 文件「empty.xlsx」无法识别银行类型
[2026-06-15 00:53:25] DEBUG [detect_file_format] 文件 /var******************************************************************************* Magic Bytes 检测为 xlsx 格式 (ZIP/OOXML)
[2026-06-15 00:53:25] DEBUG [identify_bank] 收集银行识别失败调试信息时出错: %d format: a real number is required, not str
[2026-06-15 00:53:25] INFO [setup_logging] 日志系统初始化完成，日志文件: /Use*******************************************************************************************************
[2026-06-15 00:53:25] INFO [setup_logging] 未检测到 tkinter，将使用命令行交互模式
[2026-06-15 00:53:25] DEBUG [detect_file_format] 文件 /var************************************************************************************ Magic Bytes 检测为 xlsx 格式 (ZIP/OOXML)
[2026-06-15 00:53:25] WARNING [identify_bank] 文件「no_account.xlsx」无法识别银行类型
[2026-06-15 00:53:25] DEBUG [detect_file_format] 文件 /var************************************************************************************ Magic Bytes 检测为 xlsx 格式 (ZIP/OOXML)
[2026-06-15 00:53:25] DEBUG [identify_bank] 收集银行识别失败调试信息时出错: %d format: a real number is required, not str
[2026-06-15 00:53:25] INFO [setup_logging] 日志系统初始化完成，日志文件: /Use*******************************************************************************************************
[2026-06-15 00:53:25] INFO [setup_logging] 未检测到 tkinter，将使用命令行交互模式
[2026-06-15 00:53:25] DEBUG [detect_file_format] 文件 /var*************************************************************************************** Magic Bytes 检测为 xlsx 格式 (ZIP/OOXML)
[2026-06-15 00:53:25] WARNING [identify_bank] 文件「short_account.xlsx」无法识别银行类型
[2026-06-15 00:53:25] DEBUG [detect_file_format] 文件 /var*************************************************************************************** Magic Bytes 检测为 xlsx 格式 (ZIP/OOXML)
[2026-06-15 00:53:25] DEBUG [identify_bank] 收集银行识别失败调试信息时出错: %d format: a real number is required, not str
[2026-06-15 00:53:25] INFO [setup_logging] 日志系统初始化完成，日志文件: /Use*******************************************************************************************************
[2026-06-15 00:53:25] INFO [setup_logging] 未检测到 tkinter，将使用命令行交互模式
[2026-06-15 00:53:25] DEBUG [detect_file_format] 文件 /var*************************************************************************************** Magic Bytes 检测为 xlsx 格式 (ZIP/OOXML)
[2026-06-15 00:53:25] INFO [_identify_bank_by_content] 文件「valid_account.xlsx」通过内容特征识别为: 北京银行
[2026-06-15 00:53:25] INFO [setup_logging] 日志系统初始化完成，日志文件: /Use*******************************************************************************************************
[2026-06-15 00:53:25] INFO [setup_logging] 未检测到 tkinter，将使用命令行交互模式
[2026-06-15 00:53:25] INFO [identify_bank] 文件「北京银行东亚.xlsx」通过前缀匹配识别为: 北京银行
[2026-06-15 00:53:25] INFO [setup_logging] 日志系统初始化完成，日志文件: /Use*******************************************************************************************************
[2026-06-15 00:53:25] INFO [setup_logging] 未检测到 tkinter，将使用命令行交互模式
[2026-06-15 00:53:25] INFO [identify_bank] 文件「2024**************」通过正则匹配识别为: 北京银行
[2026-06-15 00:53:25] INFO [setup_logging] 日志系统初始化完成，日志文件: /Use*******************************************************************************************************
[2026-06-15 00:53:25] INFO [setup_logging] 未检测到 tkinter，将使用命令行交互模式
[2026-06-15 00:53:25] INFO [parse] 开始处理北京银行文件: /var*********************************************************************************
[2026-06-15 00:53:25] DEBUG [detect_file_format] 文件 /var********************************************************************************* Magic Bytes 检测为 xlsx 格式 (ZIP/OOXML)
[2026-06-15 00:53:25] INFO [validate_headers] 北京银行文件工作表「交易明细」表头校验通过，7 个字段均匹配
[2026-06-15 00:53:25] DEBUG [detect_file_format] 文件 /var******************************************************************************* Magic Bytes 检测为 xlsx 格式 (ZIP/OOXML)
[2026-06-15 00:53:25] INFO [load_lookup_table] 查找表加载完成：共 5 条条目，5 个唯一账号，0 个扩展字段
[2026-06-15 00:53:25] DEBUG [get_subject_info] 银行账号「0109年03月」匹配到主体: 北********司（优先级: 0）
[2026-06-15 00:53:25] INFO [_parse_sheet] 北京银行文件工作表「交易明细」提取 2 条记录
[2026-06-15 00:53:25] INFO [parse] 北京银行文件处理完成，共提取 2 条记录
[2026-06-15 00:53:25] INFO [setup_logging] 日志系统初始化完成，日志文件: /Use*******************************************************************************************************
[2026-06-15 00:53:25] INFO [setup_logging] 未检测到 tkinter，将使用命令行交互模式
[2026-06-15 00:53:25] INFO [parse] 开始处理东亚银行文件: /var*********************************************************************************
[2026-06-15 00:53:25] DEBUG [detect_file_format] 文件 /var********************************************************************************* Magic Bytes 检测为 xlsx 格式 (ZIP/OOXML)
[2026-06-15 00:53:25] INFO [validate_headers] 东亚银行文件工作表「交易明细」表头校验通过，7 个字段均匹配
[2026-06-15 00:53:25] DEBUG [detect_file_format] 文件 /var******************************************************************************* Magic Bytes 检测为 xlsx 格式 (ZIP/OOXML)
[2026-06-15 00:53:25] INFO [load_lookup_table] 查找表加载完成：共 5 条条目，5 个唯一账号，0 个扩展字段
[2026-06-15 00:53:25] DEBUG [get_subject_info] 银行账号「3881年23月」匹配到主体: 上********司（优先级: 0）
[2026-06-15 00:53:25] INFO [_parse_sheet] 东亚银行文件工作表「交易明细」提取 2 条记录
[2026-06-15 00:53:25] INFO [parse] 东亚银行文件处理完成，共提取 2 条记录
[2026-06-15 00:53:25] INFO [setup_logging] 日志系统初始化完成，日志文件: /Use*******************************************************************************************************
[2026-06-15 00:53:25] INFO [setup_logging] 未检测到 tkinter，将使用命令行交互模式
[2026-06-15 00:53:25] INFO [parse] 开始处理工商银行文件: /var*********************************************************************************
[2026-06-15 00:53:25] DEBUG [detect_file_format] 文件 /var********************************************************************************* Magic Bytes 检测为 xlsx 格式 (ZIP/OOXML)
[2026-06-15 00:53:25] INFO [validate_headers] 工商银行文件工作表「交易明细」表头校验通过，7 个字段均匹配
[2026-06-15 00:53:25] DEBUG [detect_file_format] 文件 /var******************************************************************************* Magic Bytes 检测为 xlsx 格式 (ZIP/OOXML)
[2026-06-15 00:53:25] INFO [load_lookup_table] 查找表加载完成：共 5 条条目，5 个唯一账号，0 个扩展字段
[2026-06-15 00:53:25] DEBUG [get_subject_info] 银行账号「6222年02月」匹配到主体: 深********司（优先级: 0）
[2026-06-15 00:53:25] INFO [_parse_sheet] 工商银行文件工作表「交易明细」提取 2 条记录
[2026-06-15 00:53:25] INFO [parse] 工商银行文件处理完成，共提取 2 条记录
[2026-06-15 00:53:25] INFO [setup_logging] 日志系统初始化完成，日志文件: /Use*******************************************************************************************************
[2026-06-15 00:53:26] INFO [setup_logging] 未检测到 tkinter，将使用命令行交互模式
[2026-06-15 00:53:26] INFO [parse] 开始处理建设银行文件: /var*********************************************************************************
[2026-06-15 00:53:26] DEBUG [detect_file_format] 文件 /var********************************************************************************* Magic Bytes 检测为 xlsx 格式 (ZIP/OOXML)
[2026-06-15 00:53:26] INFO [validate_headers] 建设银行文件工作表「交易明细」表头校验通过，7 个字段均匹配
[2026-06-15 00:53:26] DEBUG [detect_file_format] 文件 /var******************************************************************************* Magic Bytes 检测为 xlsx 格式 (ZIP/OOXML)
[2026-06-15 00:53:26] INFO [load_lookup_table] 查找表加载完成：共 5 条条目，5 个唯一账号，0 个扩展字段
[2026-06-15 00:53:26] DEBUG [get_subject_info] 银行账号「6227年00月」匹配到主体: 广**********司（优先级: 0）
[2026-06-15 00:53:26] INFO [_parse_sheet] 建设银行文件工作表「交易明细」提取 2 条记录
[2026-06-15 00:53:26] INFO [parse] 建设银行文件处理完成，共提取 2 条记录
[2026-06-15 00:53:26] INFO [setup_logging] 日志系统初始化完成，日志文件: /Use*******************************************************************************************************
[2026-06-15 00:53:26] INFO [setup_logging] 未检测到 tkinter，将使用命令行交互模式
[2026-06-15 00:53:26] INFO [parse] 开始处理招商银行文件: /var*********************************************************************************
[2026-06-15 00:53:26] DEBUG [detect_file_format] 文件 /var********************************************************************************* Magic Bytes 检测为 xlsx 格式 (ZIP/OOXML)
[2026-06-15 00:53:26] INFO [validate_headers] 招商银行文件工作表「活期交易明细」表头校验通过，7 个字段均匹配
[2026-06-15 00:53:26] DEBUG [detect_file_format] 文件 /var******************************************************************************* Magic Bytes 检测为 xlsx 格式 (ZIP/OOXML)
[2026-06-15 00:53:26] INFO [load_lookup_table] 查找表加载完成：共 5 条条目，5 个唯一账号，0 个扩展字段
[2026-06-15 00:53:26] DEBUG [get_subject_info] 银行账号「6225年88月」匹配到主体: 杭**********司（优先级: 0）
[2026-06-15 00:53:26] INFO [_parse_sheet] 招商银行文件工作表「活期交易明细」提取 2 条记录
[2026-06-15 00:53:26] INFO [parse] 招商银行文件处理完成，共提取 2 条记录
[2026-06-15 00:53:26] INFO [setup_logging] 日志系统初始化完成，日志文件: /Use*******************************************************************************************************
[2026-06-15 00:53:26] INFO [setup_logging] 未检测到 tkinter，将使用命令行交互模式
[2026-06-15 00:53:26] INFO [parse] 开始处理北京银行文件: /var*********************************************************************************
[2026-06-15 00:53:26] DEBUG [detect_file_format] 文件 /var********************************************************************************* Magic Bytes 检测为 xlsx 格式 (ZIP/OOXML)
[2026-06-15 00:53:26] INFO [validate_headers] 北京银行文件工作表「交易明细」表头校验通过，7 个字段均匹配
[2026-06-15 00:53:26] DEBUG [detect_file_format] 文件 /var******************************************************************************* Magic Bytes 检测为 xlsx 格式 (ZIP/OOXML)
[2026-06-15 00:53:26] INFO [load_lookup_table] 查找表加载完成：共 5 条条目，5 个唯一账号，0 个扩展字段
[2026-06-15 00:53:26] DEBUG [get_subject_info] 银行账号「0109年03月」匹配到主体: 北********司（优先级: 0）
[2026-06-15 00:53:26] INFO [_parse_sheet] 北京银行文件工作表「交易明细」提取 2 条记录
[2026-06-15 00:53:26] INFO [parse] 北京银行文件处理完成，共提取 2 条记录
[2026-06-15 00:53:26] INFO [setup_logging] 日志系统初始化完成，日志文件: /Use*******************************************************************************************************
[2026-06-15 00:53:26] INFO [setup_logging] 未检测到 tkinter，将使用命令行交互模式
[2026-06-15 00:53:26] INFO [parse] 开始处理东亚银行文件: /var*********************************************************************************
[2026-06-15 00:53:26] DEBUG [detect_file_format] 文件 /var********************************************************************************* Magic Bytes 检测为 xlsx 格式 (ZIP/OOXML)
[2026-06-15 00:53:26] INFO [validate_headers] 东亚银行文件工作表「交易明细」表头校验通过，7 个字段均匹配
[2026-06-15 00:53:26] DEBUG [detect_file_format] 文件 /var******************************************************************************* Magic Bytes 检测为 xlsx 格式 (ZIP/OOXML)
[2026-06-15 00:53:26] INFO [load_lookup_table] 查找表加载完成：共 5 条条目，5 个唯一账号，0 个扩展字段
[2026-06-15 00:53:26] DEBUG [get_subject_info] 银行账号「3881年23月」匹配到主体: 上********司（优先级: 0）
[2026-06-15 00:53:26] INFO [_parse_sheet] 东亚银行文件工作表「交易明细」提取 2 条记录
[2026-06-15 00:53:26] INFO [parse] 东亚银行文件处理完成，共提取 2 条记录
[2026-06-15 00:53:26] INFO [setup_logging] 日志系统初始化完成，日志文件: /Use*******************************************************************************************************
[2026-06-15 00:53:26] INFO [setup_logging] 未检测到 tkinter，将使用命令行交互模式
[2026-06-15 00:53:26] INFO [parse] 开始处理工商银行文件: /var*********************************************************************************
[2026-06-15 00:53:26] DEBUG [detect_file_format] 文件 /var********************************************************************************* Magic Bytes 检测为 xlsx 格式 (ZIP/OOXML)
[2026-06-15 00:53:26] INFO [validate_headers] 工商银行文件工作表「交易明细」表头校验通过，7 个字段均匹配
[2026-06-15 00:53:26] DEBUG [detect_file_format] 文件 /var******************************************************************************* Magic Bytes 检测为 xlsx 格式 (ZIP/OOXML)
[2026-06-15 00:53:26] INFO [load_lookup_table] 查找表加载完成：共 5 条条目，5 个唯一账号，0 个扩展字段
[2026-06-15 00:53:26] DEBUG [get_subject_info] 银行账号「6222年02月」匹配到主体: 深********司（优先级: 0）
[2026-06-15 00:53:26] INFO [_parse_sheet] 工商银行文件工作表「交易明细」提取 2 条记录
[2026-06-15 00:53:26] INFO [parse] 工商银行文件处理完成，共提取 2 条记录
[2026-06-15 00:53:26] INFO [setup_logging] 日志系统初始化完成，日志文件: /Use*******************************************************************************************************
[2026-06-15 00:53:26] INFO [setup_logging] 未检测到 tkinter，将使用命令行交互模式
[2026-06-15 00:53:26] INFO [parse] 开始处理建设银行文件: /var*********************************************************************************
[2026-06-15 00:53:26] DEBUG [detect_file_format] 文件 /var********************************************************************************* Magic Bytes 检测为 xlsx 格式 (ZIP/OOXML)
[2026-06-15 00:53:26] INFO [validate_headers] 建设银行文件工作表「交易明细」表头校验通过，7 个字段均匹配
[2026-06-15 00:53:26] DEBUG [detect_file_format] 文件 /var******************************************************************************* Magic Bytes 检测为 xlsx 格式 (ZIP/OOXML)
[2026-06-15 00:53:26] INFO [load_lookup_table] 查找表加载完成：共 5 条条目，5 个唯一账号，0 个扩展字段
[2026-06-15 00:53:26] DEBUG [get_subject_info] 银行账号「6227年00月」匹配到主体: 广**********司（优先级: 0）
[2026-06-15 00:53:26] INFO [_parse_sheet] 建设银行文件工作表「交易明细」提取 2 条记录
[2026-06-15 00:53:26] INFO [parse] 建设银行文件处理完成，共提取 2 条记录
[2026-06-15 00:53:26] INFO [setup_logging] 日志系统初始化完成，日志文件: /Use*******************************************************************************************************
[2026-06-15 00:53:26] INFO [setup_logging] 未检测到 tkinter，将使用命令行交互模式
[2026-06-15 00:53:26] INFO [parse] 开始处理招商银行文件: /var*********************************************************************************
[2026-06-15 00:53:26] DEBUG [detect_file_format] 文件 /var********************************************************************************* Magic Bytes 检测为 xlsx 格式 (ZIP/OOXML)
[2026-06-15 00:53:26] INFO [validate_headers] 招商银行文件工作表「活期交易明细」表头校验通过，7 个字段均匹配
[2026-06-15 00:53:26] DEBUG [detect_file_format] 文件 /var******************************************************************************* Magic Bytes 检测为 xlsx 格式 (ZIP/OOXML)
[2026-06-15 00:53:26] INFO [load_lookup_table] 查找表加载完成：共 5 条条目，5 个唯一账号，0 个扩展字段
[2026-06-15 00:53:26] DEBUG [get_subject_info] 银行账号「6225年88月」匹配到主体: 杭**********司（优先级: 0）
[2026-06-15 00:53:26] INFO [_parse_sheet] 招商银行文件工作表「活期交易明细」提取 2 条记录
[2026-06-15 00:53:26] INFO [parse] 招商银行文件处理完成，共提取 2 条记录
[2026-06-15 00:53:26] INFO [setup_logging] 日志系统初始化完成，日志文件: /Use*******************************************************************************************************
[2026-06-15 00:53:26] INFO [setup_logging] 未检测到 tkinter，将使用命令行交互模式
[2026-06-15 00:53:26] INFO [parse] 开始处理北京银行文件: /var*********************************************************************************
[2026-06-15 00:53:26] DEBUG [detect_file_format] 文件 /var********************************************************************************* Magic Bytes 检测为 xlsx 格式 (ZIP/OOXML)
[2026-06-15 00:53:26] INFO [validate_headers] 北京银行文件工作表「交易明细」表头校验通过，7 个字段均匹配
[2026-06-15 00:53:26] DEBUG [detect_file_format] 文件 /var******************************************************************************* Magic Bytes 检测为 xlsx 格式 (ZIP/OOXML)
[2026-06-15 00:53:26] INFO [load_lookup_table] 查找表加载完成：共 5 条条目，5 个唯一账号，0 个扩展字段
[2026-06-15 00:53:26] DEBUG [get_subject_info] 银行账号「0109年03月」匹配到主体: 北********司（优先级: 0）
[2026-06-15 00:53:26] INFO [_parse_sheet] 北京银行文件工作表「交易明细」提取 2 条记录
[2026-06-15 00:53:26] INFO [parse] 北京银行文件处理完成，共提取 2 条记录
[2026-06-15 00:53:26] INFO [setup_logging] 日志系统初始化完成，日志文件: /Use*******************************************************************************************************
[2026-06-15 00:53:26] INFO [setup_logging] 未检测到 tkinter，将使用命令行交互模式
[2026-06-15 00:53:26] INFO [parse] 开始处理东亚银行文件: /var*********************************************************************************
[2026-06-15 00:53:26] DEBUG [detect_file_format] 文件 /var********************************************************************************* Magic Bytes 检测为 xlsx 格式 (ZIP/OOXML)
[2026-06-15 00:53:26] INFO [validate_headers] 东亚银行文件工作表「交易明细」表头校验通过，7 个字段均匹配
[2026-06-15 00:53:26] DEBUG [detect_file_format] 文件 /var******************************************************************************* Magic Bytes 检测为 xlsx 格式 (ZIP/OOXML)
[2026-06-15 00:53:26] INFO [load_lookup_table] 查找表加载完成：共 5 条条目，5 个唯一账号，0 个扩展字段
[2026-06-15 00:53:26] DEBUG [get_subject_info] 银行账号「3881年23月」匹配到主体: 上********司（优先级: 0）
[2026-06-15 00:53:26] INFO [_parse_sheet] 东亚银行文件工作表「交易明细」提取 2 条记录
[2026-06-15 00:53:26] INFO [parse] 东亚银行文件处理完成，共提取 2 条记录
[2026-06-15 00:53:26] INFO [setup_logging] 日志系统初始化完成，日志文件: /Use*******************************************************************************************************
[2026-06-15 00:53:26] INFO [setup_logging] 未检测到 tkinter，将使用命令行交互模式
[2026-06-15 00:53:26] INFO [parse] 开始处理工商银行文件: /var*********************************************************************************
[2026-06-15 00:53:26] DEBUG [detect_file_format] 文件 /var********************************************************************************* Magic Bytes 检测为 xlsx 格式 (ZIP/OOXML)
[2026-06-15 00:53:26] INFO [validate_headers] 工商银行文件工作表「交易明细」表头校验通过，7 个字段均匹配
[2026-06-15 00:53:26] DEBUG [detect_file_format] 文件 /var******************************************************************************* Magic Bytes 检测为 xlsx 格式 (ZIP/OOXML)
[2026-06-15 00:53:26] INFO [load_lookup_table] 查找表加载完成：共 5 条条目，5 个唯一账号，0 个扩展字段
[2026-06-15 00:53:26] DEBUG [get_subject_info] 银行账号「6222年02月」匹配到主体: 深********司（优先级: 0）
[2026-06-15 00:53:26] INFO [_parse_sheet] 工商银行文件工作表「交易明细」提取 2 条记录
[2026-06-15 00:53:26] INFO [parse] 工商银行文件处理完成，共提取 2 条记录
[2026-06-15 00:53:26] INFO [setup_logging] 日志系统初始化完成，日志文件: /Use*******************************************************************************************************
[2026-06-15 00:53:26] INFO [setup_logging] 未检测到 tkinter，将使用命令行交互模式
[2026-06-15 00:53:27] INFO [parse] 开始处理建设银行文件: /var*********************************************************************************
[2026-06-15 00:53:27] DEBUG [detect_file_format] 文件 /var********************************************************************************* Magic Bytes 检测为 xlsx 格式 (ZIP/OOXML)
[2026-06-15 00:53:27] INFO [validate_headers] 建设银行文件工作表「交易明细」表头校验通过，7 个字段均匹配
[2026-06-15 00:53:27] DEBUG [detect_file_format] 文件 /var******************************************************************************* Magic Bytes 检测为 xlsx 格式 (ZIP/OOXML)
[2026-06-15 00:53:27] INFO [load_lookup_table] 查找表加载完成：共 5 条条目，5 个唯一账号，0 个扩展字段
[2026-06-15 00:53:27] DEBUG [get_subject_info] 银行账号「6227年00月」匹配到主体: 广**********司（优先级: 0）
[2026-06-15 00:53:27] INFO [_parse_sheet] 建设银行文件工作表「交易明细」提取 2 条记录
[2026-06-15 00:53:27] INFO [parse] 建设银行文件处理完成，共提取 2 条记录
[2026-06-15 00:53:27] INFO [setup_logging] 日志系统初始化完成，日志文件: /Use*******************************************************************************************************
[2026-06-15 00:53:27] INFO [setup_logging] 未检测到 tkinter，将使用命令行交互模式
[2026-06-15 00:53:27] INFO [parse] 开始处理招商银行文件: /var*********************************************************************************
[2026-06-15 00:53:27] DEBUG [detect_file_format] 文件 /var********************************************************************************* Magic Bytes 检测为 xlsx 格式 (ZIP/OOXML)
[2026-06-15 00:53:27] INFO [validate_headers] 招商银行文件工作表「活期交易明细」表头校验通过，7 个字段均匹配
[2026-06-15 00:53:27] DEBUG [detect_file_format] 文件 /var******************************************************************************* Magic Bytes 检测为 xlsx 格式 (ZIP/OOXML)
[2026-06-15 00:53:27] INFO [load_lookup_table] 查找表加载完成：共 5 条条目，5 个唯一账号，0 个扩展字段
[2026-06-15 00:53:27] DEBUG [get_subject_info] 银行账号「6225年88月」匹配到主体: 杭**********司（优先级: 0）
[2026-06-15 00:53:27] INFO [_parse_sheet] 招商银行文件工作表「活期交易明细」提取 2 条记录
[2026-06-15 00:53:27] INFO [parse] 招商银行文件处理完成，共提取 2 条记录
[2026-06-15 00:53:27] INFO [setup_logging] 日志系统初始化完成，日志文件: /Use*******************************************************************************************************
[2026-06-15 00:53:27] INFO [setup_logging] 未检测到 tkinter，将使用命令行交互模式
[2026-06-15 00:53:27] INFO [parse] 开始处理北京银行文件: /var*********************************************************************************
[2026-06-15 00:53:27] DEBUG [detect_file_format] 文件 /var********************************************************************************* Magic Bytes 检测为 xlsx 格式 (ZIP/OOXML)
[2026-06-15 00:53:27] INFO [validate_headers] 北京银行文件工作表「交易明细」表头校验通过，7 个字段均匹配
[2026-06-15 00:53:27] DEBUG [detect_file_format] 文件 /var******************************************************************************* Magic Bytes 检测为 xlsx 格式 (ZIP/OOXML)
[2026-06-15 00:53:27] INFO [load_lookup_table] 查找表加载完成：共 5 条条目，5 个唯一账号，0 个扩展字段
[2026-06-15 00:53:27] DEBUG [get_subject_info] 银行账号「0109年03月」匹配到主体: 北********司（优先级: 0）
[2026-06-15 00:53:27] INFO [_parse_sheet] 北京银行文件工作表「交易明细」提取 2 条记录
[2026-06-15 00:53:27] INFO [parse] 北京银行文件处理完成，共提取 2 条记录
[2026-06-15 00:53:27] INFO [setup_logging] 日志系统初始化完成，日志文件: /Use*******************************************************************************************************
[2026-06-15 00:53:27] INFO [setup_logging] 未检测到 tkinter，将使用命令行交互模式
[2026-06-15 00:53:27] INFO [parse] 开始处理东亚银行文件: /var*********************************************************************************
[2026-06-15 00:53:27] DEBUG [detect_file_format] 文件 /var********************************************************************************* Magic Bytes 检测为 xlsx 格式 (ZIP/OOXML)
[2026-06-15 00:53:27] INFO [validate_headers] 东亚银行文件工作表「交易明细」表头校验通过，7 个字段均匹配
[2026-06-15 00:53:27] DEBUG [detect_file_format] 文件 /var******************************************************************************* Magic Bytes 检测为 xlsx 格式 (ZIP/OOXML)
[2026-06-15 00:53:27] INFO [load_lookup_table] 查找表加载完成：共 5 条条目，5 个唯一账号，0 个扩展字段
[2026-06-15 00:53:27] DEBUG [get_subject_info] 银行账号「3881年23月」匹配到主体: 上********司（优先级: 0）
[2026-06-15 00:53:27] INFO [_parse_sheet] 东亚银行文件工作表「交易明细」提取 2 条记录
[2026-06-15 00:53:27] INFO [parse] 东亚银行文件处理完成，共提取 2 条记录
[2026-06-15 00:53:27] INFO [setup_logging] 日志系统初始化完成，日志文件: /Use*******************************************************************************************************
[2026-06-15 00:53:27] INFO [setup_logging] 未检测到 tkinter，将使用命令行交互模式
[2026-06-15 00:53:27] INFO [parse] 开始处理工商银行文件: /var*********************************************************************************
[2026-06-15 00:53:27] DEBUG [detect_file_format] 文件 /var********************************************************************************* Magic Bytes 检测为 xlsx 格式 (ZIP/OOXML)
[2026-06-15 00:53:27] INFO [validate_headers] 工商银行文件工作表「交易明细」表头校验通过，7 个字段均匹配
[2026-06-15 00:53:27] DEBUG [detect_file_format] 文件 /var******************************************************************************* Magic Bytes 检测为 xlsx 格式 (ZIP/OOXML)
[2026-06-15 00:53:27] INFO [load_lookup_table] 查找表加载完成：共 5 条条目，5 个唯一账号，0 个扩展字段
[2026-06-15 00:53:27] DEBUG [get_subject_info] 银行账号「6222年02月」匹配到主体: 深********司（优先级: 0）
[2026-06-15 00:53:27] INFO [_parse_sheet] 工商银行文件工作表「交易明细」提取 2 条记录
[2026-06-15 00:53:27] INFO [parse] 工商银行文件处理完成，共提取 2 条记录
[2026-06-15 00:53:27] INFO [setup_logging] 日志系统初始化完成，日志文件: /Use*******************************************************************************************************
[2026-06-15 00:53:27] INFO [setup_logging] 未检测到 tkinter，将使用命令行交互模式
[2026-06-15 00:53:27] INFO [parse] 开始处理建设银行文件: /var*********************************************************************************
[2026-06-15 00:53:27] DEBUG [detect_file_format] 文件 /var********************************************************************************* Magic Bytes 检测为 xlsx 格式 (ZIP/OOXML)
[2026-06-15 00:53:27] INFO [validate_headers] 建设银行文件工作表「交易明细」表头校验通过，7 个字段均匹配
[2026-06-15 00:53:27] DEBUG [detect_file_format] 文件 /var******************************************************************************* Magic Bytes 检测为 xlsx 格式 (ZIP/OOXML)
[2026-06-15 00:53:27] INFO [load_lookup_table] 查找表加载完成：共 5 条条目，5 个唯一账号，0 个扩展字段
[2026-06-15 00:53:27] DEBUG [get_subject_info] 银行账号「6227年00月」匹配到主体: 广**********司（优先级: 0）
[2026-06-15 00:53:27] INFO [_parse_sheet] 建设银行文件工作表「交易明细」提取 2 条记录
[2026-06-15 00:53:27] INFO [parse] 建设银行文件处理完成，共提取 2 条记录
[2026-06-15 00:53:27] INFO [setup_logging] 日志系统初始化完成，日志文件: /Use*******************************************************************************************************
[2026-06-15 00:53:27] INFO [setup_logging] 未检测到 tkinter，将使用命令行交互模式
[2026-06-15 00:53:27] INFO [parse] 开始处理招商银行文件: /var*********************************************************************************
[2026-06-15 00:53:27] DEBUG [detect_file_format] 文件 /var********************************************************************************* Magic Bytes 检测为 xlsx 格式 (ZIP/OOXML)
[2026-06-15 00:53:27] INFO [validate_headers] 招商银行文件工作表「活期交易明细」表头校验通过，7 个字段均匹配
[2026-06-15 00:53:27] DEBUG [detect_file_format] 文件 /var******************************************************************************* Magic Bytes 检测为 xlsx 格式 (ZIP/OOXML)
[2026-06-15 00:53:27] INFO [load_lookup_table] 查找表加载完成：共 5 条条目，5 个唯一账号，0 个扩展字段
[2026-06-15 00:53:27] DEBUG [get_subject_info] 银行账号「6225年88月」匹配到主体: 杭**********司（优先级: 0）
[2026-06-15 00:53:27] INFO [_parse_sheet] 招商银行文件工作表「活期交易明细」提取 2 条记录
[2026-06-15 00:53:27] INFO [parse] 招商银行文件处理完成，共提取 2 条记录
[2026-06-15 00:53:27] INFO [setup_logging] 日志系统初始化完成，日志文件: /Use*******************************************************************************************************
[2026-06-15 00:53:27] INFO [setup_logging] 未检测到 tkinter，将使用命令行交互模式
[2026-06-15 00:53:27] INFO [parse] 开始处理北京银行文件: /var*********************************************************************************
[2026-06-15 00:53:27] DEBUG [detect_file_format] 文件 /var********************************************************************************* Magic Bytes 检测为 xlsx 格式 (ZIP/OOXML)
[2026-06-15 00:53:27] INFO [validate_headers] 北京银行文件工作表「交易明细」表头校验通过，7 个字段均匹配
[2026-06-15 00:53:27] DEBUG [detect_file_format] 文件 /var******************************************************************************* Magic Bytes 检测为 xlsx 格式 (ZIP/OOXML)
[2026-06-15 00:53:27] INFO [load_lookup_table] 查找表加载完成：共 5 条条目，5 个唯一账号，0 个扩展字段
[2026-06-15 00:53:27] DEBUG [get_subject_info] 银行账号「0109年03月」匹配到主体: 北********司（优先级: 0）
[2026-06-15 00:53:27] INFO [_parse_sheet] 北京银行文件工作表「交易明细」提取 2 条记录
[2026-06-15 00:53:27] INFO [parse] 北京银行文件处理完成，共提取 2 条记录
[2026-06-15 00:53:27] INFO [setup_logging] 日志系统初始化完成，日志文件: /Use*******************************************************************************************************
[2026-06-15 00:53:27] INFO [setup_logging] 未检测到 tkinter，将使用命令行交互模式
[2026-06-15 00:53:27] INFO [parse] 开始处理东亚银行文件: /var*********************************************************************************
[2026-06-15 00:53:27] DEBUG [detect_file_format] 文件 /var********************************************************************************* Magic Bytes 检测为 xlsx 格式 (ZIP/OOXML)
[2026-06-15 00:53:27] INFO [validate_headers] 东亚银行文件工作表「交易明细」表头校验通过，7 个字段均匹配
[2026-06-15 00:53:27] DEBUG [detect_file_format] 文件 /var******************************************************************************* Magic Bytes 检测为 xlsx 格式 (ZIP/OOXML)
[2026-06-15 00:53:27] INFO [load_lookup_table] 查找表加载完成：共 5 条条目，5 个唯一账号，0 个扩展字段
[2026-06-15 00:53:27] DEBUG [get_subject_info] 银行账号「3881年23月」匹配到主体: 上********司（优先级: 0）
[2026-06-15 00:53:27] INFO [_parse_sheet] 东亚银行文件工作表「交易明细」提取 2 条记录
[2026-06-15 00:53:28] INFO [parse] 东亚银行文件处理完成，共提取 2 条记录
[2026-06-15 00:53:28] INFO [setup_logging] 日志系统初始化完成，日志文件: /Use*******************************************************************************************************
[2026-06-15 00:53:28] INFO [setup_logging] 未检测到 tkinter，将使用命令行交互模式
[2026-06-15 00:53:28] INFO [parse] 开始处理工商银行文件: /var*********************************************************************************
[2026-06-15 00:53:28] DEBUG [detect_file_format] 文件 /var********************************************************************************* Magic Bytes 检测为 xlsx 格式 (ZIP/OOXML)
[2026-06-15 00:53:28] INFO [validate_headers] 工商银行文件工作表「交易明细」表头校验通过，7 个字段均匹配
[2026-06-15 00:53:28] DEBUG [detect_file_format] 文件 /var******************************************************************************* Magic Bytes 检测为 xlsx 格式 (ZIP/OOXML)
[2026-06-15 00:53:28] INFO [load_lookup_table] 查找表加载完成：共 5 条条目，5 个唯一账号，0 个扩展字段
[2026-06-15 00:53:28] DEBUG [get_subject_info] 银行账号「6222年02月」匹配到主体: 深********司（优先级: 0）
[2026-06-15 00:53:28] INFO [_parse_sheet] 工商银行文件工作表「交易明细」提取 2 条记录
[2026-06-15 00:53:28] INFO [parse] 工商银行文件处理完成，共提取 2 条记录
[2026-06-15 00:53:28] INFO [setup_logging] 日志系统初始化完成，日志文件: /Use*******************************************************************************************************
[2026-06-15 00:53:28] INFO [setup_logging] 未检测到 tkinter，将使用命令行交互模式
[2026-06-15 00:53:28] INFO [parse] 开始处理建设银行文件: /var*********************************************************************************
[2026-06-15 00:53:28] DEBUG [detect_file_format] 文件 /var********************************************************************************* Magic Bytes 检测为 xlsx 格式 (ZIP/OOXML)
[2026-06-15 00:53:28] INFO [validate_headers] 建设银行文件工作表「交易明细」表头校验通过，7 个字段均匹配
[2026-06-15 00:53:28] DEBUG [detect_file_format] 文件 /var******************************************************************************* Magic Bytes 检测为 xlsx 格式 (ZIP/OOXML)
[2026-06-15 00:53:28] INFO [load_lookup_table] 查找表加载完成：共 5 条条目，5 个唯一账号，0 个扩展字段
[2026-06-15 00:53:28] DEBUG [get_subject_info] 银行账号「6227年00月」匹配到主体: 广**********司（优先级: 0）
[2026-06-15 00:53:28] INFO [_parse_sheet] 建设银行文件工作表「交易明细」提取 2 条记录
[2026-06-15 00:53:28] INFO [parse] 建设银行文件处理完成，共提取 2 条记录
[2026-06-15 00:53:28] INFO [setup_logging] 日志系统初始化完成，日志文件: /Use*******************************************************************************************************
[2026-06-15 00:53:28] INFO [setup_logging] 未检测到 tkinter，将使用命令行交互模式
[2026-06-15 00:53:28] INFO [parse] 开始处理招商银行文件: /var*********************************************************************************
[2026-06-15 00:53:28] DEBUG [detect_file_format] 文件 /var********************************************************************************* Magic Bytes 检测为 xlsx 格式 (ZIP/OOXML)
[2026-06-15 00:53:28] INFO [validate_headers] 招商银行文件工作表「活期交易明细」表头校验通过，7 个字段均匹配
[2026-06-15 00:53:28] DEBUG [detect_file_format] 文件 /var******************************************************************************* Magic Bytes 检测为 xlsx 格式 (ZIP/OOXML)
[2026-06-15 00:53:28] INFO [load_lookup_table] 查找表加载完成：共 5 条条目，5 个唯一账号，0 个扩展字段
[2026-06-15 00:53:28] DEBUG [get_subject_info] 银行账号「6225年88月」匹配到主体: 杭**********司（优先级: 0）
[2026-06-15 00:53:28] INFO [_parse_sheet] 招商银行文件工作表「活期交易明细」提取 2 条记录
[2026-06-15 00:53:28] INFO [parse] 招商银行文件处理完成，共提取 2 条记录
[2026-06-15 00:53:28] INFO [setup_logging] 日志系统初始化完成，日志文件: /Use*******************************************************************************************************
[2026-06-15 00:53:28] INFO [setup_logging] 未检测到 tkinter，将使用命令行交互模式
[2026-06-15 00:53:28] INFO [parse] 开始处理北京银行文件: /var*********************************************************************************
[2026-06-15 00:53:28] DEBUG [detect_file_format] 文件 /var********************************************************************************* Magic Bytes 检测为 xlsx 格式 (ZIP/OOXML)
[2026-06-15 00:53:28] INFO [validate_headers] 北京银行文件工作表「交易明细」表头校验通过，7 个字段均匹配
[2026-06-15 00:53:28] DEBUG [detect_file_format] 文件 /var******************************************************************************* Magic Bytes 检测为 xlsx 格式 (ZIP/OOXML)
[2026-06-15 00:53:28] INFO [load_lookup_table] 查找表加载完成：共 5 条条目，5 个唯一账号，0 个扩展字段
[2026-06-15 00:53:28] DEBUG [get_subject_info] 银行账号「0109年03月」匹配到主体: 北********司（优先级: 0）
[2026-06-15 00:53:28] INFO [_parse_sheet] 北京银行文件工作表「交易明细」提取 2 条记录
[2026-06-15 00:53:28] INFO [parse] 北京银行文件处理完成，共提取 2 条记录
[2026-06-15 00:53:28] INFO [setup_logging] 日志系统初始化完成，日志文件: /Use*******************************************************************************************************
[2026-06-15 00:53:28] INFO [setup_logging] 未检测到 tkinter，将使用命令行交互模式
[2026-06-15 00:53:28] INFO [parse] 开始处理东亚银行文件: /var*********************************************************************************
[2026-06-15 00:53:28] DEBUG [detect_file_format] 文件 /var********************************************************************************* Magic Bytes 检测为 xlsx 格式 (ZIP/OOXML)
[2026-06-15 00:53:28] INFO [validate_headers] 东亚银行文件工作表「交易明细」表头校验通过，7 个字段均匹配
[2026-06-15 00:53:28] DEBUG [detect_file_format] 文件 /var******************************************************************************* Magic Bytes 检测为 xlsx 格式 (ZIP/OOXML)
[2026-06-15 00:53:28] INFO [load_lookup_table] 查找表加载完成：共 5 条条目，5 个唯一账号，0 个扩展字段
[2026-06-15 00:53:28] DEBUG [get_subject_info] 银行账号「3881年23月」匹配到主体: 上********司（优先级: 0）
[2026-06-15 00:53:28] INFO [_parse_sheet] 东亚银行文件工作表「交易明细」提取 2 条记录
[2026-06-15 00:53:28] INFO [parse] 东亚银行文件处理完成，共提取 2 条记录
[2026-06-15 00:53:28] INFO [setup_logging] 日志系统初始化完成，日志文件: /Use*******************************************************************************************************
[2026-06-15 00:53:28] INFO [setup_logging] 未检测到 tkinter，将使用命令行交互模式
[2026-06-15 00:53:28] INFO [parse] 开始处理工商银行文件: /var*********************************************************************************
[2026-06-15 00:53:28] DEBUG [detect_file_format] 文件 /var********************************************************************************* Magic Bytes 检测为 xlsx 格式 (ZIP/OOXML)
[2026-06-15 00:53:28] INFO [validate_headers] 工商银行文件工作表「交易明细」表头校验通过，7 个字段均匹配
[2026-06-15 00:53:28] DEBUG [detect_file_format] 文件 /var******************************************************************************* Magic Bytes 检测为 xlsx 格式 (ZIP/OOXML)
[2026-06-15 00:53:28] INFO [load_lookup_table] 查找表加载完成：共 5 条条目，5 个唯一账号，0 个扩展字段
[2026-06-15 00:53:28] DEBUG [get_subject_info] 银行账号「6222年02月」匹配到主体: 深********司（优先级: 0）
[2026-06-15 00:53:28] INFO [_parse_sheet] 工商银行文件工作表「交易明细」提取 2 条记录
[2026-06-15 00:53:28] INFO [parse] 工商银行文件处理完成，共提取 2 条记录
[2026-06-15 00:53:28] INFO [setup_logging] 日志系统初始化完成，日志文件: /Use*******************************************************************************************************
[2026-06-15 00:53:28] INFO [setup_logging] 未检测到 tkinter，将使用命令行交互模式
[2026-06-15 00:53:28] INFO [parse] 开始处理建设银行文件: /var*********************************************************************************
[2026-06-15 00:53:28] DEBUG [detect_file_format] 文件 /var********************************************************************************* Magic Bytes 检测为 xlsx 格式 (ZIP/OOXML)
[2026-06-15 00:53:28] INFO [validate_headers] 建设银行文件工作表「交易明细」表头校验通过，7 个字段均匹配
[2026-06-15 00:53:28] DEBUG [detect_file_format] 文件 /var******************************************************************************* Magic Bytes 检测为 xlsx 格式 (ZIP/OOXML)
[2026-06-15 00:53:28] INFO [load_lookup_table] 查找表加载完成：共 5 条条目，5 个唯一账号，0 个扩展字段
[2026-06-15 00:53:28] DEBUG [get_subject_info] 银行账号「6227年00月」匹配到主体: 广**********司（优先级: 0）
[2026-06-15 00:53:28] INFO [_parse_sheet] 建设银行文件工作表「交易明细」提取 2 条记录
[2026-06-15 00:53:28] INFO [parse] 建设银行文件处理完成，共提取 2 条记录
[2026-06-15 00:53:28] INFO [setup_logging] 日志系统初始化完成，日志文件: /Use*******************************************************************************************************
[2026-06-15 00:53:28] INFO [setup_logging] 未检测到 tkinter，将使用命令行交互模式
[2026-06-15 00:53:28] INFO [parse] 开始处理招商银行文件: /var*********************************************************************************
[2026-06-15 00:53:28] DEBUG [detect_file_format] 文件 /var********************************************************************************* Magic Bytes 检测为 xlsx 格式 (ZIP/OOXML)
[2026-06-15 00:53:28] INFO [validate_headers] 招商银行文件工作表「活期交易明细」表头校验通过，7 个字段均匹配
[2026-06-15 00:53:28] DEBUG [detect_file_format] 文件 /var******************************************************************************* Magic Bytes 检测为 xlsx 格式 (ZIP/OOXML)
[2026-06-15 00:53:28] INFO [load_lookup_table] 查找表加载完成：共 5 条条目，5 个唯一账号，0 个扩展字段
[2026-06-15 00:53:28] DEBUG [get_subject_info] 银行账号「6225年88月」匹配到主体: 杭**********司（优先级: 0）
[2026-06-15 00:53:28] INFO [_parse_sheet] 招商银行文件工作表「活期交易明细」提取 2 条记录
[2026-06-15 00:53:28] INFO [parse] 招商银行文件处理完成，共提取 2 条记录
[2026-06-15 00:53:28] INFO [setup_logging] 日志系统初始化完成，日志文件: /Use*******************************************************************************************************
[2026-06-15 00:53:28] INFO [setup_logging] 未检测到 tkinter，将使用命令行交互模式
[2026-06-15 00:53:28] INFO [parse] 开始处理北京银行文件: /var*********************************************************************************
[2026-06-15 00:53:28] DEBUG [detect_file_format] 文件 /var********************************************************************************* Magic Bytes 检测为 xlsx 格式 (ZIP/OOXML)
[2026-06-15 00:53:28] INFO [validate_headers] 北京银行文件工作表「交易明细」表头校验通过，7 个字段均匹配
[2026-06-15 00:53:28] DEBUG [detect_file_format] 文件 /var******************************************************************************* Magic Bytes 检测为 xlsx 格式 (ZIP/OOXML)
[2026-06-15 00:53:28] INFO [load_lookup_table] 查找表加载完成：共 5 条条目，5 个唯一账号，0 个扩展字段
[2026-06-15 00:53:28] DEBUG [get_subject_info] 银行账号「0109年03月」匹配到主体: 北********司（优先级: 0）
[2026-06-15 00:53:28] INFO [_parse_sheet] 北京银行文件工作表「交易明细」提取 2 条记录
[2026-06-15 00:53:28] INFO [parse] 北京银行文件处理完成，共提取 2 条记录
[2026-06-15 00:53:28] INFO [setup_logging] 日志系统初始化完成，日志文件: /Use*******************************************************************************************************
[2026-06-15 00:53:28] INFO [setup_logging] 未检测到 tkinter，将使用命令行交互模式
[2026-06-15 00:53:28] INFO [parse] 开始处理东亚银行文件: /var*********************************************************************************
[2026-06-15 00:53:29] DEBUG [detect_file_format] 文件 /var********************************************************************************* Magic Bytes 检测为 xlsx 格式 (ZIP/OOXML)
[2026-06-15 00:53:29] INFO [validate_headers] 东亚银行文件工作表「交易明细」表头校验通过，7 个字段均匹配
[2026-06-15 00:53:29] DEBUG [detect_file_format] 文件 /var******************************************************************************* Magic Bytes 检测为 xlsx 格式 (ZIP/OOXML)
[2026-06-15 00:53:29] INFO [load_lookup_table] 查找表加载完成：共 5 条条目，5 个唯一账号，0 个扩展字段
[2026-06-15 00:53:29] DEBUG [get_subject_info] 银行账号「3881年23月」匹配到主体: 上********司（优先级: 0）
[2026-06-15 00:53:29] INFO [_parse_sheet] 东亚银行文件工作表「交易明细」提取 2 条记录
[2026-06-15 00:53:29] INFO [parse] 东亚银行文件处理完成，共提取 2 条记录
[2026-06-15 00:53:29] INFO [setup_logging] 日志系统初始化完成，日志文件: /Use*******************************************************************************************************
[2026-06-15 00:53:29] INFO [setup_logging] 未检测到 tkinter，将使用命令行交互模式
[2026-06-15 00:53:29] INFO [parse] 开始处理工商银行文件: /var*********************************************************************************
[2026-06-15 00:53:29] DEBUG [detect_file_format] 文件 /var********************************************************************************* Magic Bytes 检测为 xlsx 格式 (ZIP/OOXML)
[2026-06-15 00:53:29] INFO [validate_headers] 工商银行文件工作表「交易明细」表头校验通过，7 个字段均匹配
[2026-06-15 00:53:29] DEBUG [detect_file_format] 文件 /var******************************************************************************* Magic Bytes 检测为 xlsx 格式 (ZIP/OOXML)
[2026-06-15 00:53:29] INFO [load_lookup_table] 查找表加载完成：共 5 条条目，5 个唯一账号，0 个扩展字段
[2026-06-15 00:53:29] DEBUG [get_subject_info] 银行账号「6222年02月」匹配到主体: 深********司（优先级: 0）
[2026-06-15 00:53:29] INFO [_parse_sheet] 工商银行文件工作表「交易明细」提取 2 条记录
[2026-06-15 00:53:29] INFO [parse] 工商银行文件处理完成，共提取 2 条记录
[2026-06-15 00:53:29] INFO [setup_logging] 日志系统初始化完成，日志文件: /Use*******************************************************************************************************
[2026-06-15 00:53:29] INFO [setup_logging] 未检测到 tkinter，将使用命令行交互模式
[2026-06-15 00:53:29] INFO [parse] 开始处理建设银行文件: /var*********************************************************************************
[2026-06-15 00:53:29] DEBUG [detect_file_format] 文件 /var********************************************************************************* Magic Bytes 检测为 xlsx 格式 (ZIP/OOXML)
[2026-06-15 00:53:29] INFO [validate_headers] 建设银行文件工作表「交易明细」表头校验通过，7 个字段均匹配
[2026-06-15 00:53:29] DEBUG [detect_file_format] 文件 /var******************************************************************************* Magic Bytes 检测为 xlsx 格式 (ZIP/OOXML)
[2026-06-15 00:53:29] INFO [load_lookup_table] 查找表加载完成：共 5 条条目，5 个唯一账号，0 个扩展字段
[2026-06-15 00:53:29] DEBUG [get_subject_info] 银行账号「6227年00月」匹配到主体: 广**********司（优先级: 0）
[2026-06-15 00:53:29] INFO [_parse_sheet] 建设银行文件工作表「交易明细」提取 2 条记录
[2026-06-15 00:53:29] INFO [parse] 建设银行文件处理完成，共提取 2 条记录
[2026-06-15 00:53:29] INFO [setup_logging] 日志系统初始化完成，日志文件: /Use*******************************************************************************************************
[2026-06-15 00:53:29] INFO [setup_logging] 未检测到 tkinter，将使用命令行交互模式
[2026-06-15 00:53:29] INFO [parse] 开始处理招商银行文件: /var*********************************************************************************
[2026-06-15 00:53:29] DEBUG [detect_file_format] 文件 /var********************************************************************************* Magic Bytes 检测为 xlsx 格式 (ZIP/OOXML)
[2026-06-15 00:53:29] INFO [validate_headers] 招商银行文件工作表「活期交易明细」表头校验通过，7 个字段均匹配
[2026-06-15 00:53:29] DEBUG [detect_file_format] 文件 /var******************************************************************************* Magic Bytes 检测为 xlsx 格式 (ZIP/OOXML)
[2026-06-15 00:53:29] INFO [load_lookup_table] 查找表加载完成：共 5 条条目，5 个唯一账号，0 个扩展字段
[2026-06-15 00:53:29] DEBUG [get_subject_info] 银行账号「6225年88月」匹配到主体: 杭**********司（优先级: 0）
[2026-06-15 00:53:29] INFO [_parse_sheet] 招商银行文件工作表「活期交易明细」提取 2 条记录
[2026-06-15 00:53:29] INFO [parse] 招商银行文件处理完成，共提取 2 条记录
[2026-06-15 00:53:29] INFO [setup_logging] 日志系统初始化完成，日志文件: /Use*******************************************************************************************************
[2026-06-15 00:53:29] INFO [setup_logging] 未检测到 tkinter，将使用命令行交互模式
[2026-06-15 00:53:29] INFO [parse] 开始处理北京银行文件: /var*********************************************************************************
[2026-06-15 00:53:29] DEBUG [detect_file_format] 文件 /var********************************************************************************* Magic Bytes 检测为 xlsx 格式 (ZIP/OOXML)
[2026-06-15 00:53:29] INFO [validate_headers] 北京银行文件工作表「交易明细」表头校验通过，7 个字段均匹配
[2026-06-15 00:53:29] DEBUG [detect_file_format] 文件 /var******************************************************************************* Magic Bytes 检测为 xlsx 格式 (ZIP/OOXML)
[2026-06-15 00:53:29] INFO [load_lookup_table] 查找表加载完成：共 5 条条目，5 个唯一账号，0 个扩展字段
[2026-06-15 00:53:29] DEBUG [get_subject_info] 银行账号「0109年03月」匹配到主体: 北********司（优先级: 0）
[2026-06-15 00:53:29] INFO [_parse_sheet] 北京银行文件工作表「交易明细」提取 2 条记录
[2026-06-15 00:53:29] INFO [parse] 北京银行文件处理完成，共提取 2 条记录
[2026-06-15 00:53:29] INFO [setup_logging] 日志系统初始化完成，日志文件: /Use*******************************************************************************************************
[2026-06-15 00:53:29] INFO [setup_logging] 未检测到 tkinter，将使用命令行交互模式
[2026-06-15 00:53:29] INFO [parse] 开始处理东亚银行文件: /var*********************************************************************************
[2026-06-15 00:53:29] DEBUG [detect_file_format] 文件 /var********************************************************************************* Magic Bytes 检测为 xlsx 格式 (ZIP/OOXML)
[2026-06-15 00:53:29] INFO [validate_headers] 东亚银行文件工作表「交易明细」表头校验通过，7 个字段均匹配
[2026-06-15 00:53:29] DEBUG [detect_file_format] 文件 /var******************************************************************************* Magic Bytes 检测为 xlsx 格式 (ZIP/OOXML)
[2026-06-15 00:53:29] INFO [load_lookup_table] 查找表加载完成：共 5 条条目，5 个唯一账号，0 个扩展字段
[2026-06-15 00:53:29] DEBUG [get_subject_info] 银行账号「3881年23月」匹配到主体: 上********司（优先级: 0）
[2026-06-15 00:53:29] INFO [_parse_sheet] 东亚银行文件工作表「交易明细」提取 2 条记录
[2026-06-15 00:53:29] INFO [parse] 东亚银行文件处理完成，共提取 2 条记录
[2026-06-15 00:53:29] INFO [setup_logging] 日志系统初始化完成，日志文件: /Use*******************************************************************************************************
[2026-06-15 00:53:29] INFO [setup_logging] 未检测到 tkinter，将使用命令行交互模式
[2026-06-15 00:53:29] INFO [parse] 开始处理工商银行文件: /var*********************************************************************************
[2026-06-15 00:53:29] DEBUG [detect_file_format] 文件 /var********************************************************************************* Magic Bytes 检测为 xlsx 格式 (ZIP/OOXML)
[2026-06-15 00:53:29] INFO [validate_headers] 工商银行文件工作表「交易明细」表头校验通过，7 个字段均匹配
[2026-06-15 00:53:29] DEBUG [detect_file_format] 文件 /var******************************************************************************* Magic Bytes 检测为 xlsx 格式 (ZIP/OOXML)
[2026-06-15 00:53:29] INFO [load_lookup_table] 查找表加载完成：共 5 条条目，5 个唯一账号，0 个扩展字段
[2026-06-15 00:53:29] DEBUG [get_subject_info] 银行账号「6222年02月」匹配到主体: 深********司（优先级: 0）
[2026-06-15 00:53:29] INFO [_parse_sheet] 工商银行文件工作表「交易明细」提取 2 条记录
[2026-06-15 00:53:29] INFO [parse] 工商银行文件处理完成，共提取 2 条记录
[2026-06-15 00:53:29] INFO [setup_logging] 日志系统初始化完成，日志文件: /Use*******************************************************************************************************
[2026-06-15 00:53:29] INFO [setup_logging] 未检测到 tkinter，将使用命令行交互模式
[2026-06-15 00:53:29] INFO [parse] 开始处理建设银行文件: /var*********************************************************************************
[2026-06-15 00:53:29] DEBUG [detect_file_format] 文件 /var********************************************************************************* Magic Bytes 检测为 xlsx 格式 (ZIP/OOXML)
[2026-06-15 00:53:29] INFO [validate_headers] 建设银行文件工作表「交易明细」表头校验通过，7 个字段均匹配
[2026-06-15 00:53:29] DEBUG [detect_file_format] 文件 /var******************************************************************************* Magic Bytes 检测为 xlsx 格式 (ZIP/OOXML)
[2026-06-15 00:53:29] INFO [load_lookup_table] 查找表加载完成：共 5 条条目，5 个唯一账号，0 个扩展字段
[2026-06-15 00:53:29] DEBUG [get_subject_info] 银行账号「6227年00月」匹配到主体: 广**********司（优先级: 0）
[2026-06-15 00:53:29] INFO [_parse_sheet] 建设银行文件工作表「交易明细」提取 2 条记录
[2026-06-15 00:53:29] INFO [parse] 建设银行文件处理完成，共提取 2 条记录
[2026-06-15 00:53:29] INFO [setup_logging] 日志系统初始化完成，日志文件: /Use*******************************************************************************************************
[2026-06-15 00:53:29] INFO [setup_logging] 未检测到 tkinter，将使用命令行交互模式
[2026-06-15 00:53:29] INFO [parse] 开始处理招商银行文件: /var*********************************************************************************
[2026-06-15 00:53:29] DEBUG [detect_file_format] 文件 /var********************************************************************************* Magic Bytes 检测为 xlsx 格式 (ZIP/OOXML)
[2026-06-15 00:53:29] INFO [validate_headers] 招商银行文件工作表「活期交易明细」表头校验通过，7 个字段均匹配
[2026-06-15 00:53:29] DEBUG [detect_file_format] 文件 /var******************************************************************************* Magic Bytes 检测为 xlsx 格式 (ZIP/OOXML)
[2026-06-15 00:53:29] INFO [load_lookup_table] 查找表加载完成：共 5 条条目，5 个唯一账号，0 个扩展字段
[2026-06-15 00:53:29] DEBUG [get_subject_info] 银行账号「6225年88月」匹配到主体: 杭**********司（优先级: 0）
[2026-06-15 00:53:29] INFO [_parse_sheet] 招商银行文件工作表「活期交易明细」提取 2 条记录
[2026-06-15 00:53:29] INFO [parse] 招商银行文件处理完成，共提取 2 条记录
[2026-06-15 00:53:29] INFO [setup_logging] 日志系统初始化完成，日志文件: /Use*******************************************************************************************************
[2026-06-15 00:53:29] INFO [setup_logging] 未检测到 tkinter，将使用命令行交互模式
[2026-06-15 00:53:29] INFO [parse] 开始处理北京银行文件: /var*********************************************************************************
[2026-06-15 00:53:29] DEBUG [detect_file_format] 文件 /var********************************************************************************* Magic Bytes 检测为 xlsx 格式 (ZIP/OOXML)
[2026-06-15 00:53:29] INFO [validate_headers] 北京银行文件工作表「交易明细」表头校验通过，7 个字段均匹配
[2026-06-15 00:53:29] DEBUG [detect_file_format] 文件 /var******************************************************************************* Magic Bytes 检测为 xlsx 格式 (ZIP/OOXML)
[2026-06-15 00:53:29] INFO [load_lookup_table] 查找表加载完成：共 5 条条目，5 个唯一账号，0 个扩展字段
[2026-06-15 00:53:29] DEBUG [get_subject_info] 银行账号「0109年03月」匹配到主体: 北********司（优先级: 0）
[2026-06-15 00:53:29] INFO [_parse_sheet] 北京银行文件工作表「交易明细」提取 2 条记录
[2026-06-15 00:53:29] INFO [parse] 北京银行文件处理完成，共提取 2 条记录
[2026-06-15 00:53:30] INFO [setup_logging] 日志系统初始化完成，日志文件: /Use*******************************************************************************************************
[2026-06-15 00:53:30] INFO [setup_logging] 未检测到 tkinter，将使用命令行交互模式
[2026-06-15 00:53:30] INFO [parse] 开始处理东亚银行文件: /var*********************************************************************************
[2026-06-15 00:53:30] DEBUG [detect_file_format] 文件 /var********************************************************************************* Magic Bytes 检测为 xlsx 格式 (ZIP/OOXML)
[2026-06-15 00:53:30] INFO [validate_headers] 东亚银行文件工作表「交易明细」表头校验通过，7 个字段均匹配
[2026-06-15 00:53:30] DEBUG [detect_file_format] 文件 /var******************************************************************************* Magic Bytes 检测为 xlsx 格式 (ZIP/OOXML)
[2026-06-15 00:53:30] INFO [load_lookup_table] 查找表加载完成：共 5 条条目，5 个唯一账号，0 个扩展字段
[2026-06-15 00:53:30] DEBUG [get_subject_info] 银行账号「3881年23月」匹配到主体: 上********司（优先级: 0）
[2026-06-15 00:53:30] INFO [_parse_sheet] 东亚银行文件工作表「交易明细」提取 2 条记录
[2026-06-15 00:53:30] INFO [parse] 东亚银行文件处理完成，共提取 2 条记录
[2026-06-15 00:53:30] INFO [setup_logging] 日志系统初始化完成，日志文件: /Use*******************************************************************************************************
[2026-06-15 00:53:30] INFO [setup_logging] 未检测到 tkinter，将使用命令行交互模式
[2026-06-15 00:53:30] INFO [parse] 开始处理工商银行文件: /var*********************************************************************************
[2026-06-15 00:53:30] DEBUG [detect_file_format] 文件 /var********************************************************************************* Magic Bytes 检测为 xlsx 格式 (ZIP/OOXML)
[2026-06-15 00:53:30] INFO [validate_headers] 工商银行文件工作表「交易明细」表头校验通过，7 个字段均匹配
[2026-06-15 00:53:30] DEBUG [detect_file_format] 文件 /var******************************************************************************* Magic Bytes 检测为 xlsx 格式 (ZIP/OOXML)
[2026-06-15 00:53:30] INFO [load_lookup_table] 查找表加载完成：共 5 条条目，5 个唯一账号，0 个扩展字段
[2026-06-15 00:53:30] DEBUG [get_subject_info] 银行账号「6222年02月」匹配到主体: 深********司（优先级: 0）
[2026-06-15 00:53:30] INFO [_parse_sheet] 工商银行文件工作表「交易明细」提取 2 条记录
[2026-06-15 00:53:30] INFO [parse] 工商银行文件处理完成，共提取 2 条记录
[2026-06-15 00:53:30] INFO [setup_logging] 日志系统初始化完成，日志文件: /Use*******************************************************************************************************
[2026-06-15 00:53:30] INFO [setup_logging] 未检测到 tkinter，将使用命令行交互模式
[2026-06-15 00:53:30] INFO [parse] 开始处理建设银行文件: /var*********************************************************************************
[2026-06-15 00:53:30] DEBUG [detect_file_format] 文件 /var********************************************************************************* Magic Bytes 检测为 xlsx 格式 (ZIP/OOXML)
[2026-06-15 00:53:30] INFO [validate_headers] 建设银行文件工作表「交易明细」表头校验通过，7 个字段均匹配
[2026-06-15 00:53:30] DEBUG [detect_file_format] 文件 /var******************************************************************************* Magic Bytes 检测为 xlsx 格式 (ZIP/OOXML)
[2026-06-15 00:53:30] INFO [load_lookup_table] 查找表加载完成：共 5 条条目，5 个唯一账号，0 个扩展字段
[2026-06-15 00:53:30] DEBUG [get_subject_info] 银行账号「6227年00月」匹配到主体: 广**********司（优先级: 0）
[2026-06-15 00:53:30] INFO [_parse_sheet] 建设银行文件工作表「交易明细」提取 2 条记录
[2026-06-15 00:53:30] INFO [parse] 建设银行文件处理完成，共提取 2 条记录
[2026-06-15 00:53:30] INFO [setup_logging] 日志系统初始化完成，日志文件: /Use*******************************************************************************************************
[2026-06-15 00:53:30] INFO [setup_logging] 未检测到 tkinter，将使用命令行交互模式
[2026-06-15 00:53:30] INFO [parse] 开始处理招商银行文件: /var*********************************************************************************
[2026-06-15 00:53:30] DEBUG [detect_file_format] 文件 /var********************************************************************************* Magic Bytes 检测为 xlsx 格式 (ZIP/OOXML)
[2026-06-15 00:53:30] INFO [validate_headers] 招商银行文件工作表「活期交易明细」表头校验通过，7 个字段均匹配
[2026-06-15 00:53:30] DEBUG [detect_file_format] 文件 /var******************************************************************************* Magic Bytes 检测为 xlsx 格式 (ZIP/OOXML)
[2026-06-15 00:53:30] INFO [load_lookup_table] 查找表加载完成：共 5 条条目，5 个唯一账号，0 个扩展字段
[2026-06-15 00:53:30] DEBUG [get_subject_info] 银行账号「6225年88月」匹配到主体: 杭**********司（优先级: 0）
[2026-06-15 00:53:30] INFO [_parse_sheet] 招商银行文件工作表「活期交易明细」提取 2 条记录
[2026-06-15 00:53:30] INFO [parse] 招商银行文件处理完成，共提取 2 条记录
[2026-06-15 00:53:30] INFO [setup_logging] 日志系统初始化完成，日志文件: /Use*******************************************************************************************************
[2026-06-15 00:53:30] INFO [setup_logging] 未检测到 tkinter，将使用命令行交互模式
[2026-06-15 00:53:30] INFO [parse] 开始处理北京银行文件: /var*********************************************************************************
[2026-06-15 00:53:30] DEBUG [detect_file_format] 文件 /var********************************************************************************* Magic Bytes 检测为 xlsx 格式 (ZIP/OOXML)
[2026-06-15 00:53:30] INFO [validate_headers] 北京银行文件工作表「交易明细」表头校验通过，7 个字段均匹配
[2026-06-15 00:53:30] DEBUG [detect_file_format] 文件 /var******************************************************************************* Magic Bytes 检测为 xlsx 格式 (ZIP/OOXML)
[2026-06-15 00:53:30] INFO [load_lookup_table] 查找表加载完成：共 5 条条目，5 个唯一账号，0 个扩展字段
[2026-06-15 00:53:30] DEBUG [get_subject_info] 银行账号「0109年03月」匹配到主体: 北********司（优先级: 0）
[2026-06-15 00:53:30] INFO [_parse_sheet] 北京银行文件工作表「交易明细」提取 2 条记录
[2026-06-15 00:53:30] INFO [parse] 北京银行文件处理完成，共提取 2 条记录
[2026-06-15 00:53:30] INFO [setup_logging] 日志系统初始化完成，日志文件: /Use*******************************************************************************************************
[2026-06-15 00:53:30] INFO [setup_logging] 未检测到 tkinter，将使用命令行交互模式
[2026-06-15 00:53:30] INFO [parse] 开始处理东亚银行文件: /var*********************************************************************************
[2026-06-15 00:53:30] DEBUG [detect_file_format] 文件 /var********************************************************************************* Magic Bytes 检测为 xlsx 格式 (ZIP/OOXML)
[2026-06-15 00:53:30] INFO [validate_headers] 东亚银行文件工作表「交易明细」表头校验通过，7 个字段均匹配
[2026-06-15 00:53:30] DEBUG [detect_file_format] 文件 /var******************************************************************************* Magic Bytes 检测为 xlsx 格式 (ZIP/OOXML)
[2026-06-15 00:53:30] INFO [load_lookup_table] 查找表加载完成：共 5 条条目，5 个唯一账号，0 个扩展字段
[2026-06-15 00:53:30] DEBUG [get_subject_info] 银行账号「3881年23月」匹配到主体: 上********司（优先级: 0）
[2026-06-15 00:53:30] INFO [_parse_sheet] 东亚银行文件工作表「交易明细」提取 2 条记录
[2026-06-15 00:53:30] INFO [parse] 东亚银行文件处理完成，共提取 2 条记录
[2026-06-15 00:53:30] INFO [setup_logging] 日志系统初始化完成，日志文件: /Use*******************************************************************************************************
[2026-06-15 00:53:30] INFO [setup_logging] 未检测到 tkinter，将使用命令行交互模式
[2026-06-15 00:53:30] INFO [parse] 开始处理工商银行文件: /var*********************************************************************************
[2026-06-15 00:53:30] DEBUG [detect_file_format] 文件 /var********************************************************************************* Magic Bytes 检测为 xlsx 格式 (ZIP/OOXML)
[2026-06-15 00:53:30] INFO [validate_headers] 工商银行文件工作表「交易明细」表头校验通过，7 个字段均匹配
[2026-06-15 00:53:30] DEBUG [detect_file_format] 文件 /var******************************************************************************* Magic Bytes 检测为 xlsx 格式 (ZIP/OOXML)
[2026-06-15 00:53:30] INFO [load_lookup_table] 查找表加载完成：共 5 条条目，5 个唯一账号，0 个扩展字段
[2026-06-15 00:53:30] DEBUG [get_subject_info] 银行账号「6222年02月」匹配到主体: 深********司（优先级: 0）
[2026-06-15 00:53:30] INFO [_parse_sheet] 工商银行文件工作表「交易明细」提取 2 条记录
[2026-06-15 00:53:30] INFO [parse] 工商银行文件处理完成，共提取 2 条记录
[2026-06-15 00:53:30] INFO [setup_logging] 日志系统初始化完成，日志文件: /Use*******************************************************************************************************
[2026-06-15 00:53:30] INFO [setup_logging] 未检测到 tkinter，将使用命令行交互模式
[2026-06-15 00:53:30] INFO [parse] 开始处理建设银行文件: /var*********************************************************************************
[2026-06-15 00:53:30] DEBUG [detect_file_format] 文件 /var********************************************************************************* Magic Bytes 检测为 xlsx 格式 (ZIP/OOXML)
[2026-06-15 00:53:30] INFO [validate_headers] 建设银行文件工作表「交易明细」表头校验通过，7 个字段均匹配
[2026-06-15 00:53:30] DEBUG [detect_file_format] 文件 /var******************************************************************************* Magic Bytes 检测为 xlsx 格式 (ZIP/OOXML)
[2026-06-15 00:53:30] INFO [load_lookup_table] 查找表加载完成：共 5 条条目，5 个唯一账号，0 个扩展字段
[2026-06-15 00:53:30] DEBUG [get_subject_info] 银行账号「6227年00月」匹配到主体: 广**********司（优先级: 0）
[2026-06-15 00:53:30] INFO [_parse_sheet] 建设银行文件工作表「交易明细」提取 2 条记录
[2026-06-15 00:53:30] INFO [parse] 建设银行文件处理完成，共提取 2 条记录
[2026-06-15 00:53:30] INFO [setup_logging] 日志系统初始化完成，日志文件: /Use*******************************************************************************************************
[2026-06-15 00:53:30] INFO [setup_logging] 未检测到 tkinter，将使用命令行交互模式
[2026-06-15 00:53:30] INFO [parse] 开始处理招商银行文件: /var*********************************************************************************
[2026-06-15 00:53:30] DEBUG [detect_file_format] 文件 /var********************************************************************************* Magic Bytes 检测为 xlsx 格式 (ZIP/OOXML)
[2026-06-15 00:53:30] INFO [validate_headers] 招商银行文件工作表「活期交易明细」表头校验通过，7 个字段均匹配
[2026-06-15 00:53:30] DEBUG [detect_file_format] 文件 /var******************************************************************************* Magic Bytes 检测为 xlsx 格式 (ZIP/OOXML)
[2026-06-15 00:53:30] INFO [load_lookup_table] 查找表加载完成：共 5 条条目，5 个唯一账号，0 个扩展字段
[2026-06-15 00:53:30] DEBUG [get_subject_info] 银行账号「6225年88月」匹配到主体: 杭**********司（优先级: 0）
[2026-06-15 00:53:30] INFO [_parse_sheet] 招商银行文件工作表「活期交易明细」提取 2 条记录
[2026-06-15 00:53:30] INFO [parse] 招商银行文件处理完成，共提取 2 条记录
[2026-06-15 00:53:30] INFO [setup_logging] 日志系统初始化完成，日志文件: /Use*******************************************************************************************************
[2026-06-15 00:53:30] INFO [setup_logging] 未检测到 tkinter，将使用命令行交互模式
[2026-06-15 00:53:30] INFO [parse] 开始处理北京银行文件: /var*********************************************************************************
[2026-06-15 00:53:30] DEBUG [detect_file_format] 文件 /var********************************************************************************* Magic Bytes 检测为 xlsx 格式 (ZIP/OOXML)
[2026-06-15 00:53:30] INFO [validate_headers] 北京银行文件工作表「交易明细」表头校验通过，7 个字段均匹配
[2026-06-15 00:53:30] DEBUG [detect_file_format] 文件 /var******************************************************************************* Magic Bytes 检测为 xlsx 格式 (ZIP/OOXML)
[2026-06-15 00:53:30] INFO [load_lookup_table] 查找表加载完成：共 5 条条目，5 个唯一账号，0 个扩展字段
[2026-06-15 00:53:30] DEBUG [get_subject_info] 银行账号「0109年03月」匹配到主体: 北********司（优先级: 0）
[2026-06-15 00:53:31] INFO [_parse_sheet] 北京银行文件工作表「交易明细」提取 2 条记录
[2026-06-15 00:53:31] INFO [parse] 北京银行文件处理完成，共提取 2 条记录
[2026-06-15 00:53:31] INFO [setup_logging] 日志系统初始化完成，日志文件: /Use*******************************************************************************************************
[2026-06-15 00:53:31] INFO [setup_logging] 未检测到 tkinter，将使用命令行交互模式
[2026-06-15 00:53:31] INFO [parse] 开始处理东亚银行文件: /var*********************************************************************************
[2026-06-15 00:53:31] DEBUG [detect_file_format] 文件 /var********************************************************************************* Magic Bytes 检测为 xlsx 格式 (ZIP/OOXML)
[2026-06-15 00:53:31] INFO [validate_headers] 东亚银行文件工作表「交易明细」表头校验通过，7 个字段均匹配
[2026-06-15 00:53:31] DEBUG [detect_file_format] 文件 /var******************************************************************************* Magic Bytes 检测为 xlsx 格式 (ZIP/OOXML)
[2026-06-15 00:53:31] INFO [load_lookup_table] 查找表加载完成：共 5 条条目，5 个唯一账号，0 个扩展字段
[2026-06-15 00:53:31] DEBUG [get_subject_info] 银行账号「3881年23月」匹配到主体: 上********司（优先级: 0）
[2026-06-15 00:53:31] INFO [_parse_sheet] 东亚银行文件工作表「交易明细」提取 2 条记录
[2026-06-15 00:53:31] INFO [parse] 东亚银行文件处理完成，共提取 2 条记录
[2026-06-15 00:53:31] INFO [setup_logging] 日志系统初始化完成，日志文件: /Use*******************************************************************************************************
[2026-06-15 00:53:31] INFO [setup_logging] 未检测到 tkinter，将使用命令行交互模式
[2026-06-15 00:53:31] INFO [parse] 开始处理工商银行文件: /var*********************************************************************************
[2026-06-15 00:53:31] DEBUG [detect_file_format] 文件 /var********************************************************************************* Magic Bytes 检测为 xlsx 格式 (ZIP/OOXML)
[2026-06-15 00:53:31] INFO [validate_headers] 工商银行文件工作表「交易明细」表头校验通过，7 个字段均匹配
[2026-06-15 00:53:31] DEBUG [detect_file_format] 文件 /var******************************************************************************* Magic Bytes 检测为 xlsx 格式 (ZIP/OOXML)
[2026-06-15 00:53:31] INFO [load_lookup_table] 查找表加载完成：共 5 条条目，5 个唯一账号，0 个扩展字段
[2026-06-15 00:53:31] DEBUG [get_subject_info] 银行账号「6222年02月」匹配到主体: 深********司（优先级: 0）
[2026-06-15 00:53:31] INFO [_parse_sheet] 工商银行文件工作表「交易明细」提取 2 条记录
[2026-06-15 00:53:31] INFO [parse] 工商银行文件处理完成，共提取 2 条记录
[2026-06-15 00:53:31] INFO [setup_logging] 日志系统初始化完成，日志文件: /Use*******************************************************************************************************
[2026-06-15 00:53:31] INFO [setup_logging] 未检测到 tkinter，将使用命令行交互模式
[2026-06-15 00:53:31] INFO [parse] 开始处理建设银行文件: /var*********************************************************************************
[2026-06-15 00:53:31] DEBUG [detect_file_format] 文件 /var********************************************************************************* Magic Bytes 检测为 xlsx 格式 (ZIP/OOXML)
[2026-06-15 00:53:31] INFO [validate_headers] 建设银行文件工作表「交易明细」表头校验通过，7 个字段均匹配
[2026-06-15 00:53:31] DEBUG [detect_file_format] 文件 /var******************************************************************************* Magic Bytes 检测为 xlsx 格式 (ZIP/OOXML)
[2026-06-15 00:53:31] INFO [load_lookup_table] 查找表加载完成：共 5 条条目，5 个唯一账号，0 个扩展字段
[2026-06-15 00:53:31] DEBUG [get_subject_info] 银行账号「6227年00月」匹配到主体: 广**********司（优先级: 0）
[2026-06-15 00:53:31] INFO [_parse_sheet] 建设银行文件工作表「交易明细」提取 2 条记录
[2026-06-15 00:53:31] INFO [parse] 建设银行文件处理完成，共提取 2 条记录
[2026-06-15 00:53:31] INFO [setup_logging] 日志系统初始化完成，日志文件: /Use*******************************************************************************************************
[2026-06-15 00:53:31] INFO [setup_logging] 未检测到 tkinter，将使用命令行交互模式
[2026-06-15 00:53:31] INFO [parse] 开始处理招商银行文件: /var*********************************************************************************
[2026-06-15 00:53:31] DEBUG [detect_file_format] 文件 /var********************************************************************************* Magic Bytes 检测为 xlsx 格式 (ZIP/OOXML)
[2026-06-15 00:53:31] INFO [validate_headers] 招商银行文件工作表「活期交易明细」表头校验通过，7 个字段均匹配
[2026-06-15 00:53:31] DEBUG [detect_file_format] 文件 /var******************************************************************************* Magic Bytes 检测为 xlsx 格式 (ZIP/OOXML)
[2026-06-15 00:53:31] INFO [load_lookup_table] 查找表加载完成：共 5 条条目，5 个唯一账号，0 个扩展字段
[2026-06-15 00:53:31] DEBUG [get_subject_info] 银行账号「6225年88月」匹配到主体: 杭**********司（优先级: 0）
[2026-06-15 00:53:31] INFO [_parse_sheet] 招商银行文件工作表「活期交易明细」提取 2 条记录
[2026-06-15 00:53:31] INFO [parse] 招商银行文件处理完成，共提取 2 条记录
[2026-06-15 00:53:31] INFO [setup_logging] 日志系统初始化完成，日志文件: /Use*******************************************************************************************************
[2026-06-15 00:53:31] INFO [setup_logging] 未检测到 tkinter，将使用命令行交互模式
[2026-06-15 00:53:31] INFO [parse] 开始处理北京银行文件: /var*********************************************************************************
[2026-06-15 00:53:31] DEBUG [detect_file_format] 文件 /var********************************************************************************* Magic Bytes 检测为 xlsx 格式 (ZIP/OOXML)
[2026-06-15 00:53:31] INFO [validate_headers] 北京银行文件工作表「交易明细」表头校验通过，7 个字段均匹配
[2026-06-15 00:53:31] DEBUG [detect_file_format] 文件 /var******************************************************************************* Magic Bytes 检测为 xlsx 格式 (ZIP/OOXML)
[2026-06-15 00:53:31] INFO [load_lookup_table] 查找表加载完成：共 5 条条目，5 个唯一账号，0 个扩展字段
[2026-06-15 00:53:31] DEBUG [get_subject_info] 银行账号「0109年03月」匹配到主体: 北********司（优先级: 0）
[2026-06-15 00:53:31] INFO [_parse_sheet] 北京银行文件工作表「交易明细」提取 2 条记录
[2026-06-15 00:53:31] INFO [parse] 北京银行文件处理完成，共提取 2 条记录
[2026-06-15 00:53:31] INFO [setup_logging] 日志系统初始化完成，日志文件: /Use*******************************************************************************************************
[2026-06-15 00:53:31] INFO [setup_logging] 未检测到 tkinter，将使用命令行交互模式
[2026-06-15 00:53:32] INFO [parse] 开始处理东亚银行文件: /var*********************************************************************************
[2026-06-15 00:53:32] DEBUG [detect_file_format] 文件 /var********************************************************************************* Magic Bytes 检测为 xlsx 格式 (ZIP/OOXML)
[2026-06-15 00:53:33] INFO [validate_headers] 东亚银行文件工作表「交易明细」表头校验通过，7 个字段均匹配
[2026-06-15 00:53:33] DEBUG [detect_file_format] 文件 /var******************************************************************************* Magic Bytes 检测为 xlsx 格式 (ZIP/OOXML)
[2026-06-15 00:53:33] INFO [load_lookup_table] 查找表加载完成：共 5 条条目，5 个唯一账号，0 个扩展字段
[2026-06-15 00:53:34] DEBUG [get_subject_info] 银行账号「3881年23月」匹配到主体: 上********司（优先级: 0）
[2026-06-15 00:53:34] INFO [_parse_sheet] 东亚银行文件工作表「交易明细」提取 2 条记录
[2026-06-15 00:53:34] INFO [parse] 东亚银行文件处理完成，共提取 2 条记录
[2026-06-15 00:53:34] INFO [setup_logging] 日志系统初始化完成，日志文件: /Use*******************************************************************************************************
[2026-06-15 00:53:34] INFO [setup_logging] 未检测到 tkinter，将使用命令行交互模式
[2026-06-15 00:53:34] INFO [parse] 开始处理工商银行文件: /var*********************************************************************************
[2026-06-15 00:53:34] DEBUG [detect_file_format] 文件 /var********************************************************************************* Magic Bytes 检测为 xlsx 格式 (ZIP/OOXML)
[2026-06-15 00:53:34] INFO [validate_headers] 工商银行文件工作表「交易明细」表头校验通过，7 个字段均匹配
[2026-06-15 00:53:34] DEBUG [detect_file_format] 文件 /var******************************************************************************* Magic Bytes 检测为 xlsx 格式 (ZIP/OOXML)
[2026-06-15 00:53:34] INFO [load_lookup_table] 查找表加载完成：共 5 条条目，5 个唯一账号，0 个扩展字段
[2026-06-15 00:53:34] DEBUG [get_subject_info] 银行账号「6222年02月」匹配到主体: 深********司（优先级: 0）
[2026-06-15 00:53:34] INFO [_parse_sheet] 工商银行文件工作表「交易明细」提取 2 条记录
[2026-06-15 00:53:34] INFO [parse] 工商银行文件处理完成，共提取 2 条记录
[2026-06-15 00:53:34] INFO [setup_logging] 日志系统初始化完成，日志文件: /Use*******************************************************************************************************
[2026-06-15 00:53:34] INFO [setup_logging] 未检测到 tkinter，将使用命令行交互模式
[2026-06-15 00:53:34] INFO [parse] 开始处理建设银行文件: /var*********************************************************************************
[2026-06-15 00:53:34] DEBUG [detect_file_format] 文件 /var********************************************************************************* Magic Bytes 检测为 xlsx 格式 (ZIP/OOXML)
[2026-06-15 00:53:34] INFO [validate_headers] 建设银行文件工作表「交易明细」表头校验通过，7 个字段均匹配
[2026-06-15 00:53:34] DEBUG [detect_file_format] 文件 /var******************************************************************************* Magic Bytes 检测为 xlsx 格式 (ZIP/OOXML)
[2026-06-15 00:53:34] INFO [load_lookup_table] 查找表加载完成：共 5 条条目，5 个唯一账号，0 个扩展字段
[2026-06-15 00:53:34] DEBUG [get_subject_info] 银行账号「6227年00月」匹配到主体: 广**********司（优先级: 0）
[2026-06-15 00:53:34] INFO [_parse_sheet] 建设银行文件工作表「交易明细」提取 2 条记录
[2026-06-15 00:53:34] INFO [parse] 建设银行文件处理完成，共提取 2 条记录
[2026-06-15 00:53:34] INFO [setup_logging] 日志系统初始化完成，日志文件: /Use*******************************************************************************************************
[2026-06-15 00:53:34] INFO [setup_logging] 未检测到 tkinter，将使用命令行交互模式
[2026-06-15 00:53:34] INFO [parse] 开始处理招商银行文件: /var*********************************************************************************
[2026-06-15 00:53:34] DEBUG [detect_file_format] 文件 /var********************************************************************************* Magic Bytes 检测为 xlsx 格式 (ZIP/OOXML)
[2026-06-15 00:53:34] INFO [validate_headers] 招商银行文件工作表「活期交易明细」表头校验通过，7 个字段均匹配
[2026-06-15 00:53:34] DEBUG [detect_file_format] 文件 /var******************************************************************************* Magic Bytes 检测为 xlsx 格式 (ZIP/OOXML)
[2026-06-15 00:53:34] INFO [load_lookup_table] 查找表加载完成：共 5 条条目，5 个唯一账号，0 个扩展字段
[2026-06-15 00:53:34] DEBUG [get_subject_info] 银行账号「6225年88月」匹配到主体: 杭**********司（优先级: 0）
[2026-06-15 00:53:34] INFO [_parse_sheet] 招商银行文件工作表「活期交易明细」提取 2 条记录
[2026-06-15 00:53:34] INFO [parse] 招商银行文件处理完成，共提取 2 条记录
[2026-06-15 00:53:35] INFO [setup_logging] 日志系统初始化完成，日志文件: /Use*******************************************************************************************************
[2026-06-15 00:53:35] INFO [setup_logging] 未检测到 tkinter，将使用命令行交互模式
[2026-06-15 00:53:35] INFO [parse] 开始处理北京银行文件: /var*********************************************************************************
[2026-06-15 00:53:35] DEBUG [detect_file_format] 文件 /var********************************************************************************* Magic Bytes 检测为 xlsx 格式 (ZIP/OOXML)
[2026-06-15 00:53:35] INFO [validate_headers] 北京银行文件工作表「交易明细」表头校验通过，7 个字段均匹配
[2026-06-15 00:53:35] DEBUG [detect_file_format] 文件 /var******************************************************************************* Magic Bytes 检测为 xlsx 格式 (ZIP/OOXML)
[2026-06-15 00:53:35] INFO [load_lookup_table] 查找表加载完成：共 5 条条目，5 个唯一账号，0 个扩展字段
[2026-06-15 00:53:35] DEBUG [get_subject_info] 银行账号「0109年03月」匹配到主体: 北********司（优先级: 0）
[2026-06-15 00:53:35] INFO [_parse_sheet] 北京银行文件工作表「交易明细」提取 2 条记录
[2026-06-15 00:53:35] INFO [parse] 北京银行文件处理完成，共提取 2 条记录
[2026-06-15 00:53:35] INFO [setup_logging] 日志系统初始化完成，日志文件: /Use*******************************************************************************************************
[2026-06-15 00:53:35] INFO [setup_logging] 未检测到 tkinter，将使用命令行交互模式
[2026-06-15 00:53:35] INFO [parse] 开始处理东亚银行文件: /var*********************************************************************************
[2026-06-15 00:53:35] DEBUG [detect_file_format] 文件 /var********************************************************************************* Magic Bytes 检测为 xlsx 格式 (ZIP/OOXML)
[2026-06-15 00:53:35] INFO [validate_headers] 东亚银行文件工作表「交易明细」表头校验通过，7 个字段均匹配
[2026-06-15 00:53:35] DEBUG [detect_file_format] 文件 /var******************************************************************************* Magic Bytes 检测为 xlsx 格式 (ZIP/OOXML)
[2026-06-15 00:53:35] INFO [load_lookup_table] 查找表加载完成：共 5 条条目，5 个唯一账号，0 个扩展字段
[2026-06-15 00:53:35] DEBUG [get_subject_info] 银行账号「3881年23月」匹配到主体: 上********司（优先级: 0）
[2026-06-15 00:53:35] INFO [_parse_sheet] 东亚银行文件工作表「交易明细」提取 2 条记录
[2026-06-15 00:53:35] INFO [parse] 东亚银行文件处理完成，共提取 2 条记录
[2026-06-15 00:53:35] INFO [setup_logging] 日志系统初始化完成，日志文件: /Use*******************************************************************************************************
[2026-06-15 00:53:35] INFO [setup_logging] 未检测到 tkinter，将使用命令行交互模式
[2026-06-15 00:53:35] INFO [parse] 开始处理工商银行文件: /var*********************************************************************************
[2026-06-15 00:53:35] DEBUG [detect_file_format] 文件 /var********************************************************************************* Magic Bytes 检测为 xlsx 格式 (ZIP/OOXML)
[2026-06-15 00:53:35] INFO [validate_headers] 工商银行文件工作表「交易明细」表头校验通过，7 个字段均匹配
[2026-06-15 00:53:35] DEBUG [detect_file_format] 文件 /var******************************************************************************* Magic Bytes 检测为 xlsx 格式 (ZIP/OOXML)
[2026-06-15 00:53:35] INFO [load_lookup_table] 查找表加载完成：共 5 条条目，5 个唯一账号，0 个扩展字段
[2026-06-15 00:53:35] DEBUG [get_subject_info] 银行账号「6222年02月」匹配到主体: 深********司（优先级: 0）
[2026-06-15 00:53:35] INFO [_parse_sheet] 工商银行文件工作表「交易明细」提取 2 条记录
[2026-06-15 00:53:35] INFO [parse] 工商银行文件处理完成，共提取 2 条记录
[2026-06-15 00:53:35] INFO [setup_logging] 日志系统初始化完成，日志文件: /Use*******************************************************************************************************
[2026-06-15 00:53:35] INFO [setup_logging] 未检测到 tkinter，将使用命令行交互模式
[2026-06-15 00:53:36] INFO [parse] 开始处理建设银行文件: /var*********************************************************************************
[2026-06-15 00:53:36] DEBUG [detect_file_format] 文件 /var********************************************************************************* Magic Bytes 检测为 xlsx 格式 (ZIP/OOXML)
[2026-06-15 00:53:36] INFO [validate_headers] 建设银行文件工作表「交易明细」表头校验通过，7 个字段均匹配
[2026-06-15 00:53:36] DEBUG [detect_file_format] 文件 /var******************************************************************************* Magic Bytes 检测为 xlsx 格式 (ZIP/OOXML)
[2026-06-15 00:53:36] INFO [load_lookup_table] 查找表加载完成：共 5 条条目，5 个唯一账号，0 个扩展字段
[2026-06-15 00:53:36] DEBUG [get_subject_info] 银行账号「6227年00月」匹配到主体: 广**********司（优先级: 0）
[2026-06-15 00:53:36] INFO [_parse_sheet] 建设银行文件工作表「交易明细」提取 2 条记录
[2026-06-15 00:53:36] INFO [parse] 建设银行文件处理完成，共提取 2 条记录
[2026-06-15 00:53:36] INFO [setup_logging] 日志系统初始化完成，日志文件: /Use*******************************************************************************************************
[2026-06-15 00:53:36] INFO [setup_logging] 未检测到 tkinter，将使用命令行交互模式
[2026-06-15 00:53:36] INFO [parse] 开始处理招商银行文件: /var*********************************************************************************
[2026-06-15 00:53:36] DEBUG [detect_file_format] 文件 /var********************************************************************************* Magic Bytes 检测为 xlsx 格式 (ZIP/OOXML)
[2026-06-15 00:53:36] INFO [validate_headers] 招商银行文件工作表「活期交易明细」表头校验通过，7 个字段均匹配
[2026-06-15 00:53:36] DEBUG [detect_file_format] 文件 /var******************************************************************************* Magic Bytes 检测为 xlsx 格式 (ZIP/OOXML)
[2026-06-15 00:53:36] INFO [load_lookup_table] 查找表加载完成：共 5 条条目，5 个唯一账号，0 个扩展字段
[2026-06-15 00:53:36] DEBUG [get_subject_info] 银行账号「6225年88月」匹配到主体: 杭**********司（优先级: 0）
[2026-06-15 00:53:36] INFO [_parse_sheet] 招商银行文件工作表「活期交易明细」提取 2 条记录
[2026-06-15 00:53:36] INFO [parse] 招商银行文件处理完成，共提取 2 条记录
[2026-06-15 00:53:36] INFO [setup_logging] 日志系统初始化完成，日志文件: /Use*******************************************************************************************************
[2026-06-15 00:53:36] INFO [setup_logging] 未检测到 tkinter，将使用命令行交互模式
[2026-06-15 00:53:36] INFO [parse] 开始处理北京银行文件: /var*********************************************************************************
[2026-06-15 00:53:36] DEBUG [detect_file_format] 文件 /var********************************************************************************* Magic Bytes 检测为 xlsx 格式 (ZIP/OOXML)
[2026-06-15 00:53:36] INFO [validate_headers] 北京银行文件工作表「交易明细」表头校验通过，7 个字段均匹配
[2026-06-15 00:53:36] DEBUG [detect_file_format] 文件 /var******************************************************************************* Magic Bytes 检测为 xlsx 格式 (ZIP/OOXML)
[2026-06-15 00:53:36] INFO [load_lookup_table] 查找表加载完成：共 5 条条目，5 个唯一账号，0 个扩展字段
[2026-06-15 00:53:36] DEBUG [get_subject_info] 银行账号「0109年03月」匹配到主体: 北********司（优先级: 0）
[2026-06-15 00:53:36] INFO [_parse_sheet] 北京银行文件工作表「交易明细」提取 2 条记录
[2026-06-15 00:53:36] INFO [parse] 北京银行文件处理完成，共提取 2 条记录
[2026-06-15 00:53:36] INFO [setup_logging] 日志系统初始化完成，日志文件: /Use*******************************************************************************************************
[2026-06-15 00:53:36] INFO [setup_logging] 未检测到 tkinter，将使用命令行交互模式
[2026-06-15 00:53:36] INFO [parse] 开始处理东亚银行文件: /var*********************************************************************************
[2026-06-15 00:53:36] DEBUG [detect_file_format] 文件 /var********************************************************************************* Magic Bytes 检测为 xlsx 格式 (ZIP/OOXML)
[2026-06-15 00:53:36] INFO [validate_headers] 东亚银行文件工作表「交易明细」表头校验通过，7 个字段均匹配
[2026-06-15 00:53:36] DEBUG [detect_file_format] 文件 /var******************************************************************************* Magic Bytes 检测为 xlsx 格式 (ZIP/OOXML)
[2026-06-15 00:53:37] INFO [load_lookup_table] 查找表加载完成：共 5 条条目，5 个唯一账号，0 个扩展字段
[2026-06-15 00:53:37] DEBUG [get_subject_info] 银行账号「3881年23月」匹配到主体: 上********司（优先级: 0）
[2026-06-15 00:53:37] INFO [_parse_sheet] 东亚银行文件工作表「交易明细」提取 2 条记录
[2026-06-15 00:53:37] INFO [parse] 东亚银行文件处理完成，共提取 2 条记录
[2026-06-15 00:53:37] INFO [setup_logging] 日志系统初始化完成，日志文件: /Use*******************************************************************************************************
[2026-06-15 00:53:37] INFO [setup_logging] 未检测到 tkinter，将使用命令行交互模式
[2026-06-15 00:53:37] INFO [parse] 开始处理工商银行文件: /var*********************************************************************************
[2026-06-15 00:53:37] DEBUG [detect_file_format] 文件 /var********************************************************************************* Magic Bytes 检测为 xlsx 格式 (ZIP/OOXML)
[2026-06-15 00:53:37] INFO [validate_headers] 工商银行文件工作表「交易明细」表头校验通过，7 个字段均匹配
[2026-06-15 00:53:37] DEBUG [detect_file_format] 文件 /var******************************************************************************* Magic Bytes 检测为 xlsx 格式 (ZIP/OOXML)
[2026-06-15 00:53:37] INFO [load_lookup_table] 查找表加载完成：共 5 条条目，5 个唯一账号，0 个扩展字段
[2026-06-15 00:53:37] DEBUG [get_subject_info] 银行账号「6222年02月」匹配到主体: 深********司（优先级: 0）
[2026-06-15 00:53:37] INFO [_parse_sheet] 工商银行文件工作表「交易明细」提取 2 条记录
[2026-06-15 00:53:37] INFO [parse] 工商银行文件处理完成，共提取 2 条记录
[2026-06-15 00:53:37] INFO [setup_logging] 日志系统初始化完成，日志文件: /Use*******************************************************************************************************
[2026-06-15 00:53:37] INFO [setup_logging] 未检测到 tkinter，将使用命令行交互模式
[2026-06-15 00:53:37] INFO [parse] 开始处理建设银行文件: /var*********************************************************************************
[2026-06-15 00:53:37] DEBUG [detect_file_format] 文件 /var********************************************************************************* Magic Bytes 检测为 xlsx 格式 (ZIP/OOXML)
[2026-06-15 00:53:37] INFO [validate_headers] 建设银行文件工作表「交易明细」表头校验通过，7 个字段均匹配
[2026-06-15 00:53:37] DEBUG [detect_file_format] 文件 /var******************************************************************************* Magic Bytes 检测为 xlsx 格式 (ZIP/OOXML)
[2026-06-15 00:53:37] INFO [load_lookup_table] 查找表加载完成：共 5 条条目，5 个唯一账号，0 个扩展字段
[2026-06-15 00:53:37] DEBUG [get_subject_info] 银行账号「6227年00月」匹配到主体: 广**********司（优先级: 0）
[2026-06-15 00:53:37] INFO [_parse_sheet] 建设银行文件工作表「交易明细」提取 2 条记录
[2026-06-15 00:53:37] INFO [parse] 建设银行文件处理完成，共提取 2 条记录
[2026-06-15 00:53:37] INFO [setup_logging] 日志系统初始化完成，日志文件: /Use*******************************************************************************************************
[2026-06-15 00:53:37] INFO [setup_logging] 未检测到 tkinter，将使用命令行交互模式
[2026-06-15 00:53:37] INFO [parse] 开始处理招商银行文件: /var*********************************************************************************
[2026-06-15 00:53:37] DEBUG [detect_file_format] 文件 /var********************************************************************************* Magic Bytes 检测为 xlsx 格式 (ZIP/OOXML)
[2026-06-15 00:53:37] INFO [validate_headers] 招商银行文件工作表「活期交易明细」表头校验通过，7 个字段均匹配
[2026-06-15 00:53:37] DEBUG [detect_file_format] 文件 /var******************************************************************************* Magic Bytes 检测为 xlsx 格式 (ZIP/OOXML)
[2026-06-15 00:53:37] INFO [load_lookup_table] 查找表加载完成：共 5 条条目，5 个唯一账号，0 个扩展字段
[2026-06-15 00:53:37] DEBUG [get_subject_info] 银行账号「6225年88月」匹配到主体: 杭**********司（优先级: 0）
[2026-06-15 00:53:37] INFO [_parse_sheet] 招商银行文件工作表「活期交易明细」提取 2 条记录
[2026-06-15 00:53:37] INFO [parse] 招商银行文件处理完成，共提取 2 条记录
[2026-06-15 00:53:37] INFO [setup_logging] 日志系统初始化完成，日志文件: /Use*******************************************************************************************************
[2026-06-15 00:53:37] INFO [setup_logging] 未检测到 tkinter，将使用命令行交互模式
[2026-06-15 00:53:37] INFO [parse] 开始处理北京银行文件: /var*********************************************************************************
[2026-06-15 00:53:37] DEBUG [detect_file_format] 文件 /var********************************************************************************* Magic Bytes 检测为 xlsx 格式 (ZIP/OOXML)
[2026-06-15 00:53:37] INFO [validate_headers] 北京银行文件工作表「交易明细」表头校验通过，7 个字段均匹配
[2026-06-15 00:53:37] WARNING [load_lookup_table] 主体查找表不存在或未指定，返回空查找表结构
[2026-06-15 00:53:37] WARNING [get_subject_info] 主体查找表不存在或未指定，银行账号「0109年03月」的主体将为空
[2026-06-15 00:53:37] INFO [_parse_sheet] 北京银行文件工作表「交易明细」提取 2 条记录
[2026-06-15 00:53:37] INFO [parse] 北京银行文件处理完成，共提取 2 条记录
[2026-06-15 00:53:37] INFO [setup_logging] 日志系统初始化完成，日志文件: /Use*******************************************************************************************************
[2026-06-15 00:53:37] INFO [setup_logging] 未检测到 tkinter，将使用命令行交互模式
[2026-06-15 00:53:37] INFO [parse] 开始处理东亚银行文件: /var*********************************************************************************
[2026-06-15 00:53:37] DEBUG [detect_file_format] 文件 /var********************************************************************************* Magic Bytes 检测为 xlsx 格式 (ZIP/OOXML)
[2026-06-15 00:53:37] INFO [validate_headers] 东亚银行文件工作表「交易明细」表头校验通过，7 个字段均匹配
[2026-06-15 00:53:37] WARNING [load_lookup_table] 主体查找表不存在或未指定，返回空查找表结构
[2026-06-15 00:53:37] WARNING [get_subject_info] 主体查找表不存在或未指定，银行账号「3881年23月」的主体将为空
[2026-06-15 00:53:37] INFO [_parse_sheet] 东亚银行文件工作表「交易明细」提取 2 条记录
[2026-06-15 00:53:37] INFO [parse] 东亚银行文件处理完成，共提取 2 条记录
[2026-06-15 00:53:38] INFO [setup_logging] 日志系统初始化完成，日志文件: /Use*******************************************************************************************************
[2026-06-15 00:53:38] INFO [setup_logging] 未检测到 tkinter，将使用命令行交互模式
[2026-06-15 00:53:38] INFO [parse] 开始处理工商银行文件: /var*********************************************************************************
[2026-06-15 00:53:38] DEBUG [detect_file_format] 文件 /var********************************************************************************* Magic Bytes 检测为 xlsx 格式 (ZIP/OOXML)
[2026-06-15 00:53:38] INFO [validate_headers] 工商银行文件工作表「交易明细」表头校验通过，7 个字段均匹配
[2026-06-15 00:53:38] WARNING [load_lookup_table] 主体查找表不存在或未指定，返回空查找表结构
[2026-06-15 00:53:38] WARNING [get_subject_info] 主体查找表不存在或未指定，银行账号「6222年02月」的主体将为空
[2026-06-15 00:53:38] INFO [_parse_sheet] 工商银行文件工作表「交易明细」提取 2 条记录
[2026-06-15 00:53:38] INFO [parse] 工商银行文件处理完成，共提取 2 条记录
[2026-06-15 00:53:38] INFO [setup_logging] 日志系统初始化完成，日志文件: /Use*******************************************************************************************************
[2026-06-15 00:53:38] INFO [setup_logging] 未检测到 tkinter，将使用命令行交互模式
[2026-06-15 00:53:38] INFO [parse] 开始处理建设银行文件: /var*********************************************************************************
[2026-06-15 00:53:38] DEBUG [detect_file_format] 文件 /var********************************************************************************* Magic Bytes 检测为 xlsx 格式 (ZIP/OOXML)
[2026-06-15 00:53:38] INFO [validate_headers] 建设银行文件工作表「交易明细」表头校验通过，7 个字段均匹配
[2026-06-15 00:53:38] WARNING [load_lookup_table] 主体查找表不存在或未指定，返回空查找表结构
[2026-06-15 00:53:38] WARNING [get_subject_info] 主体查找表不存在或未指定，银行账号「6227年00月」的主体将为空
[2026-06-15 00:53:38] INFO [_parse_sheet] 建设银行文件工作表「交易明细」提取 2 条记录
[2026-06-15 00:53:38] INFO [parse] 建设银行文件处理完成，共提取 2 条记录
[2026-06-15 00:53:38] INFO [setup_logging] 日志系统初始化完成，日志文件: /Use*******************************************************************************************************
[2026-06-15 00:53:38] INFO [setup_logging] 未检测到 tkinter，将使用命令行交互模式
[2026-06-15 00:53:38] INFO [parse] 开始处理招商银行文件: /var*********************************************************************************
[2026-06-15 00:53:38] DEBUG [detect_file_format] 文件 /var********************************************************************************* Magic Bytes 检测为 xlsx 格式 (ZIP/OOXML)
[2026-06-15 00:53:38] INFO [validate_headers] 招商银行文件工作表「活期交易明细」表头校验通过，7 个字段均匹配
[2026-06-15 00:53:38] WARNING [load_lookup_table] 主体查找表不存在或未指定，返回空查找表结构
[2026-06-15 00:53:38] WARNING [get_subject_info] 主体查找表不存在或未指定，银行账号「6225年88月」的主体将为空
[2026-06-15 00:53:38] INFO [_parse_sheet] 招商银行文件工作表「活期交易明细」提取 2 条记录
[2026-06-15 00:53:38] INFO [parse] 招商银行文件处理完成，共提取 2 条记录
[2026-06-15 00:53:38] INFO [setup_logging] 日志系统初始化完成，日志文件: /Use*******************************************************************************************************
[2026-06-15 00:53:38] INFO [setup_logging] 未检测到 tkinter，将使用命令行交互模式
[2026-06-15 00:53:38] INFO [parse] 开始处理北京银行文件: /var*********************************************************************************
[2026-06-15 00:53:38] DEBUG [detect_file_format] 文件 /var********************************************************************************* Magic Bytes 检测为 xlsx 格式 (ZIP/OOXML)
[2026-06-15 00:53:38] INFO [validate_headers] 北京银行文件工作表「交易明细」表头校验通过，7 个字段均匹配
[2026-06-15 00:53:38] DEBUG [detect_file_format] 文件 /var******************************************************************************* Magic Bytes 检测为 xlsx 格式 (ZIP/OOXML)
[2026-06-15 00:53:38] INFO [load_lookup_table] 查找表加载完成：共 5 条条目，5 个唯一账号，0 个扩展字段
[2026-06-15 00:53:38] WARNING [get_subject_info] 银行账号「{account}」在查找表中未找到对应主体
[2026-06-15 00:53:38] INFO [_parse_sheet] 北京银行文件工作表「交易明细」提取 2 条记录
[2026-06-15 00:53:38] INFO [parse] 北京银行文件处理完成，共提取 2 条记录
[2026-06-15 00:53:38] INFO [setup_logging] 日志系统初始化完成，日志文件: /Use*******************************************************************************************************
[2026-06-15 00:53:38] INFO [setup_logging] 未检测到 tkinter，将使用命令行交互模式
[2026-06-15 00:53:38] INFO [parse] 开始处理东亚银行文件: /var*********************************************************************************
[2026-06-15 00:53:38] DEBUG [detect_file_format] 文件 /var********************************************************************************* Magic Bytes 检测为 xlsx 格式 (ZIP/OOXML)
[2026-06-15 00:53:38] INFO [validate_headers] 东亚银行文件工作表「交易明细」表头校验通过，7 个字段均匹配
[2026-06-15 00:53:38] DEBUG [detect_file_format] 文件 /var******************************************************************************* Magic Bytes 检测为 xlsx 格式 (ZIP/OOXML)
[2026-06-15 00:53:38] INFO [load_lookup_table] 查找表加载完成：共 5 条条目，5 个唯一账号，0 个扩展字段
[2026-06-15 00:53:38] WARNING [get_subject_info] 银行账号「{account}」在查找表中未找到对应主体
[2026-06-15 00:53:38] INFO [_parse_sheet] 东亚银行文件工作表「交易明细」提取 2 条记录
[2026-06-15 00:53:38] INFO [parse] 东亚银行文件处理完成，共提取 2 条记录
[2026-06-15 00:53:38] INFO [setup_logging] 日志系统初始化完成，日志文件: /Use*******************************************************************************************************
[2026-06-15 00:53:38] INFO [setup_logging] 未检测到 tkinter，将使用命令行交互模式
[2026-06-15 00:53:38] INFO [parse] 开始处理工商银行文件: /var*********************************************************************************
[2026-06-15 00:53:38] DEBUG [detect_file_format] 文件 /var********************************************************************************* Magic Bytes 检测为 xlsx 格式 (ZIP/OOXML)
[2026-06-15 00:53:38] INFO [validate_headers] 工商银行文件工作表「交易明细」表头校验通过，7 个字段均匹配
[2026-06-15 00:53:38] DEBUG [detect_file_format] 文件 /var******************************************************************************* Magic Bytes 检测为 xlsx 格式 (ZIP/OOXML)
[2026-06-15 00:53:38] INFO [load_lookup_table] 查找表加载完成：共 5 条条目，5 个唯一账号，0 个扩展字段
[2026-06-15 00:53:38] WARNING [get_subject_info] 银行账号「{account}」在查找表中未找到对应主体
[2026-06-15 00:53:39] INFO [_parse_sheet] 工商银行文件工作表「交易明细」提取 2 条记录
[2026-06-15 00:53:39] INFO [parse] 工商银行文件处理完成，共提取 2 条记录
[2026-06-15 00:53:39] INFO [setup_logging] 日志系统初始化完成，日志文件: /Use*******************************************************************************************************
[2026-06-15 00:53:39] INFO [setup_logging] 未检测到 tkinter，将使用命令行交互模式
[2026-06-15 00:53:39] INFO [parse] 开始处理建设银行文件: /var*********************************************************************************
[2026-06-15 00:53:39] DEBUG [detect_file_format] 文件 /var********************************************************************************* Magic Bytes 检测为 xlsx 格式 (ZIP/OOXML)
[2026-06-15 00:53:39] INFO [validate_headers] 建设银行文件工作表「交易明细」表头校验通过，7 个字段均匹配
[2026-06-15 00:53:39] DEBUG [detect_file_format] 文件 /var******************************************************************************* Magic Bytes 检测为 xlsx 格式 (ZIP/OOXML)
[2026-06-15 00:53:39] INFO [load_lookup_table] 查找表加载完成：共 5 条条目，5 个唯一账号，0 个扩展字段
[2026-06-15 00:53:39] WARNING [get_subject_info] 银行账号「{account}」在查找表中未找到对应主体
[2026-06-15 00:53:39] INFO [_parse_sheet] 建设银行文件工作表「交易明细」提取 2 条记录
[2026-06-15 00:53:39] INFO [parse] 建设银行文件处理完成，共提取 2 条记录
[2026-06-15 00:53:39] INFO [setup_logging] 日志系统初始化完成，日志文件: /Use*******************************************************************************************************
[2026-06-15 00:53:39] INFO [setup_logging] 未检测到 tkinter，将使用命令行交互模式
[2026-06-15 00:53:39] INFO [parse] 开始处理招商银行文件: /var*********************************************************************************
[2026-06-15 00:53:39] DEBUG [detect_file_format] 文件 /var********************************************************************************* Magic Bytes 检测为 xlsx 格式 (ZIP/OOXML)
[2026-06-15 00:53:39] INFO [validate_headers] 招商银行文件工作表「活期交易明细」表头校验通过，7 个字段均匹配
[2026-06-15 00:53:39] DEBUG [detect_file_format] 文件 /var******************************************************************************* Magic Bytes 检测为 xlsx 格式 (ZIP/OOXML)
[2026-06-15 00:53:39] INFO [load_lookup_table] 查找表加载完成：共 5 条条目，5 个唯一账号，0 个扩展字段
[2026-06-15 00:53:39] WARNING [get_subject_info] 银行账号「{account}」在查找表中未找到对应主体
[2026-06-15 00:53:39] INFO [_parse_sheet] 招商银行文件工作表「活期交易明细」提取 2 条记录
[2026-06-15 00:53:39] INFO [parse] 招商银行文件处理完成，共提取 2 条记录
[2026-06-15 00:53:39] INFO [setup_logging] 日志系统初始化完成，日志文件: /Use*******************************************************************************************************
[2026-06-15 00:53:39] INFO [setup_logging] 未检测到 tkinter，将使用命令行交互模式
[2026-06-15 00:53:39] INFO [parse] 开始处理北京银行文件: /var*********************************************************************************
[2026-06-15 00:53:39] DEBUG [detect_file_format] 文件 /var********************************************************************************* Magic Bytes 检测为 xlsx 格式 (ZIP/OOXML)
[2026-06-15 00:53:39] INFO [validate_headers] 北京银行文件工作表「交易明细」表头校验通过，7 个字段均匹配
[2026-06-15 00:53:39] DEBUG [detect_file_format] 文件 /var******************************************************************************* Magic Bytes 检测为 xlsx 格式 (ZIP/OOXML)
[2026-06-15 00:53:39] INFO [load_lookup_table] 查找表加载完成：共 5 条条目，5 个唯一账号，0 个扩展字段
[2026-06-15 00:53:39] DEBUG [get_subject_info] 银行账号「0109年03月」匹配到主体: 北********司（优先级: 0）
[2026-06-15 00:53:39] INFO [_parse_sheet] 北京银行文件工作表「交易明细」提取 2 条记录
[2026-06-15 00:53:39] INFO [parse] 北京银行文件处理完成，共提取 2 条记录
[2026-06-15 00:53:39] INFO [setup_logging] 日志系统初始化完成，日志文件: /Use*******************************************************************************************************
[2026-06-15 00:53:39] INFO [setup_logging] 未检测到 tkinter，将使用命令行交互模式
[2026-06-15 00:53:39] INFO [parse] 开始处理东亚银行文件: /var*********************************************************************************
[2026-06-15 00:53:39] DEBUG [detect_file_format] 文件 /var********************************************************************************* Magic Bytes 检测为 xlsx 格式 (ZIP/OOXML)
[2026-06-15 00:53:39] INFO [validate_headers] 东亚银行文件工作表「交易明细」表头校验通过，7 个字段均匹配
[2026-06-15 00:53:39] DEBUG [detect_file_format] 文件 /var******************************************************************************* Magic Bytes 检测为 xlsx 格式 (ZIP/OOXML)
[2026-06-15 00:53:39] INFO [load_lookup_table] 查找表加载完成：共 5 条条目，5 个唯一账号，0 个扩展字段
[2026-06-15 00:53:39] DEBUG [get_subject_info] 银行账号「3881年23月」匹配到主体: 上********司（优先级: 0）
[2026-06-15 00:53:39] INFO [_parse_sheet] 东亚银行文件工作表「交易明细」提取 2 条记录
[2026-06-15 00:53:39] INFO [parse] 东亚银行文件处理完成，共提取 2 条记录
[2026-06-15 00:53:39] INFO [setup_logging] 日志系统初始化完成，日志文件: /Use*******************************************************************************************************
[2026-06-15 00:53:39] INFO [setup_logging] 未检测到 tkinter，将使用命令行交互模式
[2026-06-15 00:53:39] INFO [parse] 开始处理工商银行文件: /var*********************************************************************************
[2026-06-15 00:53:39] DEBUG [detect_file_format] 文件 /var********************************************************************************* Magic Bytes 检测为 xlsx 格式 (ZIP/OOXML)
[2026-06-15 00:53:39] INFO [validate_headers] 工商银行文件工作表「交易明细」表头校验通过，7 个字段均匹配
[2026-06-15 00:53:39] DEBUG [detect_file_format] 文件 /var******************************************************************************* Magic Bytes 检测为 xlsx 格式 (ZIP/OOXML)
[2026-06-15 00:53:39] INFO [load_lookup_table] 查找表加载完成：共 5 条条目，5 个唯一账号，0 个扩展字段
[2026-06-15 00:53:39] DEBUG [get_subject_info] 银行账号「6222年02月」匹配到主体: 深********司（优先级: 0）
[2026-06-15 00:53:39] INFO [_parse_sheet] 工商银行文件工作表「交易明细」提取 2 条记录
[2026-06-15 00:53:39] INFO [parse] 工商银行文件处理完成，共提取 2 条记录
[2026-06-15 00:53:39] INFO [setup_logging] 日志系统初始化完成，日志文件: /Use*******************************************************************************************************
[2026-06-15 00:53:39] INFO [setup_logging] 未检测到 tkinter，将使用命令行交互模式
[2026-06-15 00:53:39] INFO [parse] 开始处理建设银行文件: /var*********************************************************************************
[2026-06-15 00:53:39] DEBUG [detect_file_format] 文件 /var********************************************************************************* Magic Bytes 检测为 xlsx 格式 (ZIP/OOXML)
[2026-06-15 00:53:39] INFO [validate_headers] 建设银行文件工作表「交易明细」表头校验通过，7 个字段均匹配
[2026-06-15 00:53:39] DEBUG [detect_file_format] 文件 /var******************************************************************************* Magic Bytes 检测为 xlsx 格式 (ZIP/OOXML)
[2026-06-15 00:53:39] INFO [load_lookup_table] 查找表加载完成：共 5 条条目，5 个唯一账号，0 个扩展字段
[2026-06-15 00:53:39] DEBUG [get_subject_info] 银行账号「6227年00月」匹配到主体: 广**********司（优先级: 0）
[2026-06-15 00:53:39] INFO [_parse_sheet] 建设银行文件工作表「交易明细」提取 2 条记录
[2026-06-15 00:53:40] INFO [parse] 建设银行文件处理完成，共提取 2 条记录
[2026-06-15 00:53:40] INFO [setup_logging] 日志系统初始化完成，日志文件: /Use*******************************************************************************************************
[2026-06-15 00:53:40] INFO [setup_logging] 未检测到 tkinter，将使用命令行交互模式
[2026-06-15 00:53:40] INFO [parse] 开始处理招商银行文件: /var*********************************************************************************
[2026-06-15 00:53:40] DEBUG [detect_file_format] 文件 /var********************************************************************************* Magic Bytes 检测为 xlsx 格式 (ZIP/OOXML)
[2026-06-15 00:53:40] INFO [validate_headers] 招商银行文件工作表「活期交易明细」表头校验通过，7 个字段均匹配
[2026-06-15 00:53:40] DEBUG [detect_file_format] 文件 /var******************************************************************************* Magic Bytes 检测为 xlsx 格式 (ZIP/OOXML)
[2026-06-15 00:53:40] INFO [load_lookup_table] 查找表加载完成：共 5 条条目，5 个唯一账号，0 个扩展字段
[2026-06-15 00:53:40] DEBUG [get_subject_info] 银行账号「6225年88月」匹配到主体: 杭**********司（优先级: 0）
[2026-06-15 00:53:40] INFO [_parse_sheet] 招商银行文件工作表「活期交易明细」提取 2 条记录
[2026-06-15 00:53:40] INFO [parse] 招商银行文件处理完成，共提取 2 条记录
[2026-06-15 00:53:40] INFO [setup_logging] 日志系统初始化完成，日志文件: /Use*******************************************************************************************************
[2026-06-15 00:53:40] INFO [setup_logging] 未检测到 tkinter，将使用命令行交互模式
[2026-06-15 00:53:41] INFO [parse] 开始处理北京银行文件: /var*********************************************************************************
[2026-06-15 00:53:41] DEBUG [detect_file_format] 文件 /var********************************************************************************* Magic Bytes 检测为 xlsx 格式 (ZIP/OOXML)
[2026-06-15 00:53:41] INFO [validate_headers] 北京银行文件工作表「交易明细」表头校验通过，7 个字段均匹配
[2026-06-15 00:53:41] DEBUG [detect_file_format] 文件 /var******************************************************************************* Magic Bytes 检测为 xlsx 格式 (ZIP/OOXML)
[2026-06-15 00:53:41] INFO [load_lookup_table] 查找表加载完成：共 5 条条目，5 个唯一账号，0 个扩展字段
[2026-06-15 00:53:41] DEBUG [get_subject_info] 银行账号「0109年03月」匹配到主体: 北********司（优先级: 0）
[2026-06-15 00:53:41] INFO [_parse_sheet] 北京银行文件工作表「交易明细」提取 2 条记录
[2026-06-15 00:53:41] INFO [parse] 北京银行文件处理完成，共提取 2 条记录
[2026-06-15 00:53:41] INFO [setup_logging] 日志系统初始化完成，日志文件: /Use*******************************************************************************************************
[2026-06-15 00:53:41] INFO [setup_logging] 未检测到 tkinter，将使用命令行交互模式
[2026-06-15 00:53:41] INFO [parse] 开始处理东亚银行文件: /var*********************************************************************************
[2026-06-15 00:53:41] DEBUG [detect_file_format] 文件 /var********************************************************************************* Magic Bytes 检测为 xlsx 格式 (ZIP/OOXML)
[2026-06-15 00:53:41] INFO [validate_headers] 东亚银行文件工作表「交易明细」表头校验通过，7 个字段均匹配
[2026-06-15 00:53:41] DEBUG [detect_file_format] 文件 /var******************************************************************************* Magic Bytes 检测为 xlsx 格式 (ZIP/OOXML)
[2026-06-15 00:53:41] INFO [load_lookup_table] 查找表加载完成：共 5 条条目，5 个唯一账号，0 个扩展字段
[2026-06-15 00:53:41] DEBUG [get_subject_info] 银行账号「3881年23月」匹配到主体: 上********司（优先级: 0）
[2026-06-15 00:53:41] INFO [_parse_sheet] 东亚银行文件工作表「交易明细」提取 2 条记录
[2026-06-15 00:53:42] INFO [parse] 东亚银行文件处理完成，共提取 2 条记录
[2026-06-15 00:53:42] INFO [setup_logging] 日志系统初始化完成，日志文件: /Use*******************************************************************************************************
[2026-06-15 00:53:42] INFO [setup_logging] 未检测到 tkinter，将使用命令行交互模式
[2026-06-15 00:53:42] INFO [parse] 开始处理工商银行文件: /var*********************************************************************************
[2026-06-15 00:53:42] DEBUG [detect_file_format] 文件 /var********************************************************************************* Magic Bytes 检测为 xlsx 格式 (ZIP/OOXML)
[2026-06-15 00:53:42] INFO [validate_headers] 工商银行文件工作表「交易明细」表头校验通过，7 个字段均匹配
[2026-06-15 00:53:42] DEBUG [detect_file_format] 文件 /var******************************************************************************* Magic Bytes 检测为 xlsx 格式 (ZIP/OOXML)
[2026-06-15 00:53:42] INFO [load_lookup_table] 查找表加载完成：共 5 条条目，5 个唯一账号，0 个扩展字段
[2026-06-15 00:53:42] DEBUG [get_subject_info] 银行账号「6222年02月」匹配到主体: 深********司（优先级: 0）
[2026-06-15 00:53:42] INFO [_parse_sheet] 工商银行文件工作表「交易明细」提取 2 条记录
[2026-06-15 00:53:42] INFO [parse] 工商银行文件处理完成，共提取 2 条记录
[2026-06-15 00:53:42] INFO [setup_logging] 日志系统初始化完成，日志文件: /Use*******************************************************************************************************
[2026-06-15 00:53:42] INFO [setup_logging] 未检测到 tkinter，将使用命令行交互模式
[2026-06-15 00:53:42] INFO [parse] 开始处理建设银行文件: /var*********************************************************************************
[2026-06-15 00:53:42] DEBUG [detect_file_format] 文件 /var********************************************************************************* Magic Bytes 检测为 xlsx 格式 (ZIP/OOXML)
[2026-06-15 00:53:42] INFO [validate_headers] 建设银行文件工作表「交易明细」表头校验通过，7 个字段均匹配
[2026-06-15 00:53:42] DEBUG [detect_file_format] 文件 /var******************************************************************************* Magic Bytes 检测为 xlsx 格式 (ZIP/OOXML)
[2026-06-15 00:53:42] INFO [load_lookup_table] 查找表加载完成：共 5 条条目，5 个唯一账号，0 个扩展字段
[2026-06-15 00:53:42] DEBUG [get_subject_info] 银行账号「6227年00月」匹配到主体: 广**********司（优先级: 0）
[2026-06-15 00:53:42] INFO [_parse_sheet] 建设银行文件工作表「交易明细」提取 2 条记录
[2026-06-15 00:53:42] INFO [parse] 建设银行文件处理完成，共提取 2 条记录
[2026-06-15 00:53:42] INFO [setup_logging] 日志系统初始化完成，日志文件: /Use*******************************************************************************************************
[2026-06-15 00:53:42] INFO [setup_logging] 未检测到 tkinter，将使用命令行交互模式
[2026-06-15 00:53:42] INFO [parse] 开始处理招商银行文件: /var*********************************************************************************
[2026-06-15 00:53:42] DEBUG [detect_file_format] 文件 /var********************************************************************************* Magic Bytes 检测为 xlsx 格式 (ZIP/OOXML)
[2026-06-15 00:53:42] INFO [validate_headers] 招商银行文件工作表「活期交易明细」表头校验通过，7 个字段均匹配
[2026-06-15 00:53:42] DEBUG [detect_file_format] 文件 /var******************************************************************************* Magic Bytes 检测为 xlsx 格式 (ZIP/OOXML)
[2026-06-15 00:53:42] INFO [load_lookup_table] 查找表加载完成：共 5 条条目，5 个唯一账号，0 个扩展字段
[2026-06-15 00:53:42] DEBUG [get_subject_info] 银行账号「6225年88月」匹配到主体: 杭**********司（优先级: 0）
[2026-06-15 00:53:42] INFO [_parse_sheet] 招商银行文件工作表「活期交易明细」提取 2 条记录
[2026-06-15 00:53:42] INFO [parse] 招商银行文件处理完成，共提取 2 条记录
[2026-06-15 00:53:42] INFO [setup_logging] 日志系统初始化完成，日志文件: /Use*******************************************************************************************************
[2026-06-15 00:53:42] INFO [setup_logging] 未检测到 tkinter，将使用命令行交互模式
[2026-06-15 00:53:43] INFO [parse] 开始处理北京银行文件: /var*********************************************************************************
[2026-06-15 00:53:43] DEBUG [detect_file_format] 文件 /var********************************************************************************* Magic Bytes 检测为 xlsx 格式 (ZIP/OOXML)
[2026-06-15 00:53:43] INFO [validate_headers] 北京银行文件工作表「交易明细」表头校验通过，7 个字段均匹配
[2026-06-15 00:53:43] DEBUG [detect_file_format] 文件 /var******************************************************************************* Magic Bytes 检测为 xlsx 格式 (ZIP/OOXML)
[2026-06-15 00:53:43] INFO [load_lookup_table] 查找表加载完成：共 2 条条目，2 个唯一账号，0 个扩展字段
[2026-06-15 00:53:43] DEBUG [get_subject_info] 银行账号「0109年03月」匹配到主体: 北********司（优先级: 0）
[2026-06-15 00:53:43] INFO [_parse_sheet] 北京银行文件工作表「交易明细」提取 2 条记录
[2026-06-15 00:53:43] INFO [parse] 北京银行文件处理完成，共提取 2 条记录
[2026-06-15 00:53:43] INFO [setup_logging] 日志系统初始化完成，日志文件: /Use*******************************************************************************************************
[2026-06-15 00:53:43] INFO [setup_logging] 未检测到 tkinter，将使用命令行交互模式
[2026-06-15 00:53:43] INFO [parse] 开始处理北京银行文件: /var*********************************************************************************
[2026-06-15 00:53:43] DEBUG [detect_file_format] 文件 /var********************************************************************************* Magic Bytes 检测为 xlsx 格式 (ZIP/OOXML)
[2026-06-15 00:53:43] INFO [validate_headers] 北京银行文件工作表「交易明细」表头校验通过，7 个字段均匹配
[2026-06-15 00:53:43] DEBUG [detect_file_format] 文件 /var******************************************************************************* Magic Bytes 检测为 xlsx 格式 (ZIP/OOXML)
[2026-06-15 00:53:43] INFO [load_lookup_table] 查找表加载完成：共 2 条条目，2 个唯一账号，0 个扩展字段
[2026-06-15 00:53:43] DEBUG [get_subject_info] 银行账号「0109年03月」匹配到主体: 北********司（优先级: 0）
[2026-06-15 00:53:43] INFO [_parse_sheet] 北京银行文件工作表「交易明细」提取 2 条记录
[2026-06-15 00:53:43] INFO [parse] 北京银行文件处理完成，共提取 2 条记录
[2026-06-15 00:53:43] INFO [setup_logging] 日志系统初始化完成，日志文件: /Use*******************************************************************************************************
[2026-06-15 00:53:43] INFO [setup_logging] 未检测到 tkinter，将使用命令行交互模式
[2026-06-15 00:53:43] INFO [parse] 开始处理北京银行文件: /var*********************************************************************************
[2026-06-15 00:53:43] DEBUG [detect_file_format] 文件 /var********************************************************************************* Magic Bytes 检测为 xlsx 格式 (ZIP/OOXML)
[2026-06-15 00:53:43] INFO [validate_headers] 北京银行文件工作表「交易明细」表头校验通过，7 个字段均匹配
[2026-06-15 00:53:43] DEBUG [detect_file_format] 文件 /var******************************************************************************* Magic Bytes 检测为 xlsx 格式 (ZIP/OOXML)
[2026-06-15 00:53:43] INFO [load_lookup_table] 查找表加载完成：共 2 条条目，2 个唯一账号，0 个扩展字段
[2026-06-15 00:53:43] DEBUG [get_subject_info] 银行账号「0109年03月」匹配到主体: 北********司（优先级: 0）
[2026-06-15 00:53:43] INFO [_parse_sheet] 北京银行文件工作表「交易明细」提取 2 条记录
[2026-06-15 00:53:43] INFO [parse] 北京银行文件处理完成，共提取 2 条记录
[2026-06-15 00:53:43] INFO [setup_logging] 日志系统初始化完成，日志文件: /Use*******************************************************************************************************
[2026-06-15 00:53:43] INFO [setup_logging] 未检测到 tkinter，将使用命令行交互模式
[2026-06-15 00:53:43] INFO [parse] 开始处理北京银行文件: /var*********************************************************************************
[2026-06-15 00:53:43] DEBUG [detect_file_format] 文件 /var********************************************************************************* Magic Bytes 检测为 xlsx 格式 (ZIP/OOXML)
[2026-06-15 00:53:43] INFO [validate_headers] 北京银行文件工作表「交易明细」表头校验通过，7 个字段均匹配
[2026-06-15 00:53:43] DEBUG [detect_file_format] 文件 /var******************************************************************************* Magic Bytes 检测为 xlsx 格式 (ZIP/OOXML)
[2026-06-15 00:53:43] INFO [load_lookup_table] 查找表加载完成：共 2 条条目，2 个唯一账号，0 个扩展字段
[2026-06-15 00:53:43] DEBUG [get_subject_info] 银行账号「0109年03月」匹配到主体: 北********司（优先级: 0）
[2026-06-15 00:53:43] INFO [_parse_sheet] 北京银行文件工作表「交易明细」提取 2 条记录
[2026-06-15 00:53:43] INFO [parse] 北京银行文件处理完成，共提取 2 条记录
[2026-06-15 00:53:43] INFO [setup_logging] 日志系统初始化完成，日志文件: /Use*******************************************************************************************************
[2026-06-15 00:53:44] INFO [setup_logging] 未检测到 tkinter，将使用命令行交互模式
[2026-06-15 00:53:44] INFO [parse] 开始处理北京银行文件: /var*********************************************************************************
[2026-06-15 00:53:44] DEBUG [detect_file_format] 文件 /var********************************************************************************* Magic Bytes 检测为 xlsx 格式 (ZIP/OOXML)
[2026-06-15 00:53:44] INFO [validate_headers] 北京银行文件工作表「交易明细」表头校验通过，7 个字段均匹配
[2026-06-15 00:53:44] DEBUG [detect_file_format] 文件 /var******************************************************************************* Magic Bytes 检测为 xlsx 格式 (ZIP/OOXML)
[2026-06-15 00:53:44] INFO [load_lookup_table] 查找表加载完成：共 2 条条目，2 个唯一账号，0 个扩展字段
[2026-06-15 00:53:44] DEBUG [get_subject_info] 银行账号「0109年03月」匹配到主体: 北********司（优先级: 0）
[2026-06-15 00:53:44] INFO [_parse_sheet] 北京银行文件工作表「交易明细」提取 2 条记录
[2026-06-15 00:53:44] INFO [parse] 北京银行文件处理完成，共提取 2 条记录
[2026-06-15 00:53:44] INFO [setup_logging] 日志系统初始化完成，日志文件: /Use*******************************************************************************************************
[2026-06-15 00:53:44] INFO [setup_logging] 未检测到 tkinter，将使用命令行交互模式
[2026-06-15 00:53:44] INFO [parse] 开始处理北京银行文件: /var*********************************************************************************
[2026-06-15 00:53:44] DEBUG [detect_file_format] 文件 /var********************************************************************************* Magic Bytes 检测为 xlsx 格式 (ZIP/OOXML)
[2026-06-15 00:53:44] INFO [validate_headers] 北京银行文件工作表「交易明细」表头校验通过，7 个字段均匹配
[2026-06-15 00:53:44] DEBUG [detect_file_format] 文件 /var******************************************************************************* Magic Bytes 检测为 xlsx 格式 (ZIP/OOXML)
[2026-06-15 00:53:44] INFO [load_lookup_table] 查找表加载完成：共 2 条条目，2 个唯一账号，0 个扩展字段
[2026-06-15 00:53:44] DEBUG [get_subject_info] 银行账号「0109年03月」匹配到主体: 北********司（优先级: 0）
[2026-06-15 00:53:44] INFO [_parse_sheet] 北京银行文件工作表「交易明细」提取 2 条记录
[2026-06-15 00:53:44] INFO [parse] 北京银行文件处理完成，共提取 2 条记录
[2026-06-15 00:53:44] INFO [setup_logging] 日志系统初始化完成，日志文件: /Use*******************************************************************************************************
[2026-06-15 00:53:44] INFO [setup_logging] 未检测到 tkinter，将使用命令行交互模式
[2026-06-15 00:53:44] INFO [parse] 开始处理北京银行文件: /var*********************************************************************************
[2026-06-15 00:53:44] DEBUG [detect_file_format] 文件 /var********************************************************************************* Magic Bytes 检测为 xlsx 格式 (ZIP/OOXML)
[2026-06-15 00:53:44] INFO [validate_headers] 北京银行文件工作表「交易明细」表头校验通过，7 个字段均匹配
[2026-06-15 00:53:44] DEBUG [detect_file_format] 文件 /var******************************************************************************* Magic Bytes 检测为 xlsx 格式 (ZIP/OOXML)
[2026-06-15 00:53:44] INFO [load_lookup_table] 查找表加载完成：共 2 条条目，2 个唯一账号，0 个扩展字段
[2026-06-15 00:53:44] DEBUG [get_subject_info] 银行账号「0109年03月」匹配到主体: 北********司（优先级: 0）
[2026-06-15 00:53:44] INFO [_parse_sheet] 北京银行文件工作表「交易明细」提取 2 条记录
[2026-06-15 00:53:44] INFO [parse] 北京银行文件处理完成，共提取 2 条记录
[2026-06-15 00:53:44] INFO [setup_logging] 日志系统初始化完成，日志文件: /Use*******************************************************************************************************
[2026-06-15 00:53:44] INFO [setup_logging] 未检测到 tkinter，将使用命令行交互模式
[2026-06-15 00:53:44] INFO [parse] 开始处理北京银行文件: /var*********************************************************************************
[2026-06-15 00:53:44] DEBUG [detect_file_format] 文件 /var********************************************************************************* Magic Bytes 检测为 xlsx 格式 (ZIP/OOXML)
[2026-06-15 00:53:44] INFO [validate_headers] 北京银行文件工作表「交易明细」表头校验通过，7 个字段均匹配
[2026-06-15 00:53:44] DEBUG [detect_file_format] 文件 /var******************************************************************************* Magic Bytes 检测为 xlsx 格式 (ZIP/OOXML)
[2026-06-15 00:53:44] INFO [load_lookup_table] 查找表加载完成：共 2 条条目，2 个唯一账号，0 个扩展字段
[2026-06-15 00:53:44] DEBUG [get_subject_info] 银行账号「0109年03月」匹配到主体: 北********司（优先级: 0）
[2026-06-15 00:53:44] INFO [_parse_sheet] 北京银行文件工作表「交易明细」提取 2 条记录
[2026-06-15 00:53:44] INFO [parse] 北京银行文件处理完成，共提取 2 条记录
[2026-06-15 00:53:44] INFO [setup_logging] 日志系统初始化完成，日志文件: /Use*******************************************************************************************************
[2026-06-15 00:53:44] INFO [setup_logging] 未检测到 tkinter，将使用命令行交互模式
[2026-06-15 00:53:44] INFO [parse] 开始处理北京银行文件: /var*********************************************************************************
[2026-06-15 00:53:44] DEBUG [detect_file_format] 文件 /var********************************************************************************* Magic Bytes 检测为 xlsx 格式 (ZIP/OOXML)
[2026-06-15 00:53:44] INFO [validate_headers] 北京银行文件工作表「交易明细」表头校验通过，7 个字段均匹配
[2026-06-15 00:53:44] DEBUG [detect_file_format] 文件 /var******************************************************************************* Magic Bytes 检测为 xlsx 格式 (ZIP/OOXML)
[2026-06-15 00:53:44] INFO [load_lookup_table] 查找表加载完成：共 2 条条目，2 个唯一账号，0 个扩展字段
[2026-06-15 00:53:44] DEBUG [get_subject_info] 银行账号「0109年03月」匹配到主体: 北********司（优先级: 0）
[2026-06-15 00:53:44] INFO [_parse_sheet] 北京银行文件工作表「交易明细」提取 2 条记录
[2026-06-15 00:53:44] INFO [parse] 北京银行文件处理完成，共提取 2 条记录
[2026-06-15 00:53:44] INFO [setup_logging] 日志系统初始化完成，日志文件: /Use*******************************************************************************************************
[2026-06-15 00:53:44] INFO [setup_logging] 未检测到 tkinter，将使用命令行交互模式
[2026-06-15 00:53:44] INFO [parse] 开始处理北京银行文件: /var*********************************************************************************
[2026-06-15 00:53:44] DEBUG [detect_file_format] 文件 /var********************************************************************************* Magic Bytes 检测为 xlsx 格式 (ZIP/OOXML)
[2026-06-15 00:53:44] INFO [validate_headers] 北京银行文件工作表「交易明细」表头校验通过，7 个字段均匹配
[2026-06-15 00:53:44] DEBUG [detect_file_format] 文件 /var******************************************************************************* Magic Bytes 检测为 xlsx 格式 (ZIP/OOXML)
[2026-06-15 00:53:44] INFO [load_lookup_table] 查找表加载完成：共 2 条条目，2 个唯一账号，0 个扩展字段
[2026-06-15 00:53:44] DEBUG [get_subject_info] 银行账号「0109年03月」匹配到主体: 北********司（优先级: 0）
[2026-06-15 00:53:44] INFO [_parse_sheet] 北京银行文件工作表「交易明细」提取 2 条记录
[2026-06-15 00:53:44] INFO [parse] 北京银行文件处理完成，共提取 2 条记录
[2026-06-15 00:53:44] INFO [setup_logging] 日志系统初始化完成，日志文件: /Use*******************************************************************************************************
[2026-06-15 00:53:44] INFO [setup_logging] 未检测到 tkinter，将使用命令行交互模式
[2026-06-15 00:53:45] INFO [parse] 开始处理北京银行文件: /var*********************************************************************************
[2026-06-15 00:53:45] DEBUG [detect_file_format] 文件 /var********************************************************************************* Magic Bytes 检测为 xlsx 格式 (ZIP/OOXML)
[2026-06-15 00:53:45] INFO [validate_headers] 北京银行文件工作表「交易明细」表头校验通过，7 个字段均匹配
[2026-06-15 00:53:45] DEBUG [detect_file_format] 文件 /var******************************************************************************* Magic Bytes 检测为 xlsx 格式 (ZIP/OOXML)
[2026-06-15 00:53:45] INFO [load_lookup_table] 查找表加载完成：共 2 条条目，2 个唯一账号，0 个扩展字段
[2026-06-15 00:53:45] DEBUG [get_subject_info] 银行账号「0109年03月」匹配到主体: 北********司（优先级: 0）
[2026-06-15 00:53:45] INFO [_parse_sheet] 北京银行文件工作表「交易明细」提取 2 条记录
[2026-06-15 00:53:45] INFO [parse] 北京银行文件处理完成，共提取 2 条记录
[2026-06-15 00:53:45] INFO [setup_logging] 日志系统初始化完成，日志文件: /Use*******************************************************************************************************
[2026-06-15 00:53:45] INFO [setup_logging] 未检测到 tkinter，将使用命令行交互模式
[2026-06-15 00:53:45] INFO [parse] 开始处理北京银行文件: /var*********************************************************************************
[2026-06-15 00:53:45] DEBUG [detect_file_format] 文件 /var********************************************************************************* Magic Bytes 检测为 xlsx 格式 (ZIP/OOXML)
[2026-06-15 00:53:45] INFO [validate_headers] 北京银行文件工作表「交易明细」表头校验通过，7 个字段均匹配
[2026-06-15 00:53:45] DEBUG [detect_file_format] 文件 /var******************************************************************************* Magic Bytes 检测为 xlsx 格式 (ZIP/OOXML)
[2026-06-15 00:53:45] INFO [load_lookup_table] 查找表加载完成：共 2 条条目，2 个唯一账号，0 个扩展字段
[2026-06-15 00:53:45] DEBUG [get_subject_info] 银行账号「0109年03月」匹配到主体: 北********司（优先级: 0）
[2026-06-15 00:53:45] INFO [_parse_sheet] 北京银行文件工作表「交易明细」提取 2 条记录
[2026-06-15 00:53:45] INFO [parse] 北京银行文件处理完成，共提取 2 条记录
[2026-06-15 00:53:45] INFO [setup_logging] 日志系统初始化完成，日志文件: /Use*******************************************************************************************************
[2026-06-15 00:53:45] INFO [setup_logging] 未检测到 tkinter，将使用命令行交互模式
[2026-06-15 00:53:45] INFO [parse] 开始处理北京银行文件: /var*********************************************************************************
[2026-06-15 00:53:45] DEBUG [detect_file_format] 文件 /var********************************************************************************* Magic Bytes 检测为 xlsx 格式 (ZIP/OOXML)
[2026-06-15 00:53:45] INFO [validate_headers] 北京银行文件工作表「交易明细」表头校验通过，7 个字段均匹配
[2026-06-15 00:53:45] DEBUG [detect_file_format] 文件 /var******************************************************************************* Magic Bytes 检测为 xlsx 格式 (ZIP/OOXML)
[2026-06-15 00:53:45] INFO [load_lookup_table] 查找表加载完成：共 2 条条目，2 个唯一账号，0 个扩展字段
[2026-06-15 00:53:45] DEBUG [get_subject_info] 银行账号「0109年03月」匹配到主体: 北********司（优先级: 0）
[2026-06-15 00:53:45] INFO [_parse_sheet] 北京银行文件工作表「交易明细」提取 2 条记录
[2026-06-15 00:53:45] INFO [parse] 北京银行文件处理完成，共提取 2 条记录
[2026-06-15 00:53:45] INFO [setup_logging] 日志系统初始化完成，日志文件: /Use*******************************************************************************************************
[2026-06-15 00:53:46] INFO [setup_logging] 未检测到 tkinter，将使用命令行交互模式
[2026-06-15 00:53:46] INFO [parse] 开始处理北京银行文件: /var*********************************************************************************
[2026-06-15 00:53:46] DEBUG [detect_file_format] 文件 /var********************************************************************************* Magic Bytes 检测为 xlsx 格式 (ZIP/OOXML)
[2026-06-15 00:53:46] INFO [validate_headers] 北京银行文件工作表「交易明细」表头校验通过，7 个字段均匹配
[2026-06-15 00:53:46] DEBUG [detect_file_format] 文件 /var******************************************************************************* Magic Bytes 检测为 xlsx 格式 (ZIP/OOXML)
[2026-06-15 00:53:46] INFO [load_lookup_table] 查找表加载完成：共 2 条条目，2 个唯一账号，0 个扩展字段
[2026-06-15 00:53:46] DEBUG [get_subject_info] 银行账号「0109年03月」匹配到主体: 北********司（优先级: 0）
[2026-06-15 00:53:46] INFO [_parse_sheet] 北京银行文件工作表「交易明细」提取 2 条记录
[2026-06-15 00:53:46] INFO [parse] 北京银行文件处理完成，共提取 2 条记录
[2026-06-15 00:53:46] INFO [setup_logging] 日志系统初始化完成，日志文件: /Use*******************************************************************************************************
[2026-06-15 00:53:46] INFO [setup_logging] 未检测到 tkinter，将使用命令行交互模式
[2026-06-15 00:53:46] INFO [parse] 开始处理北京银行文件: /var*********************************************************************************
[2026-06-15 00:53:46] DEBUG [detect_file_format] 文件 /var********************************************************************************* Magic Bytes 检测为 xlsx 格式 (ZIP/OOXML)
[2026-06-15 00:53:46] INFO [validate_headers] 北京银行文件工作表「交易明细」表头校验通过，7 个字段均匹配
[2026-06-15 00:53:46] WARNING [load_lookup_table] 主体查找表不存在或未指定，返回空查找表结构
[2026-06-15 00:53:46] WARNING [get_subject_info] 主体查找表不存在或未指定，银行账号「0109年03月」的主体将为空
[2026-06-15 00:53:46] INFO [_parse_sheet] 北京银行文件工作表「交易明细」提取 2 条记录
[2026-06-15 00:53:46] INFO [parse] 北京银行文件处理完成，共提取 2 条记录
[2026-06-15 00:53:46] INFO [setup_logging] 日志系统初始化完成，日志文件: /Use*******************************************************************************************************
[2026-06-15 00:53:46] INFO [setup_logging] 未检测到 tkinter，将使用命令行交互模式
[2026-06-15 00:53:46] INFO [parse] 开始处理北京银行文件: /var*********************************************************************************
[2026-06-15 00:53:46] DEBUG [detect_file_format] 文件 /var********************************************************************************* Magic Bytes 检测为 xlsx 格式 (ZIP/OOXML)
[2026-06-15 00:53:46] INFO [validate_headers] 北京银行文件工作表「交易明细」表头校验通过，7 个字段均匹配
[2026-06-15 00:53:46] DEBUG [detect_file_format] 文件 /var******************************************************************************* Magic Bytes 检测为 xlsx 格式 (ZIP/OOXML)
[2026-06-15 00:53:46] INFO [load_lookup_table] 查找表加载完成：共 2 条条目，2 个唯一账号，0 个扩展字段
[2026-06-15 00:53:46] WARNING [get_subject_info] 银行账号「{account}」在查找表中未找到对应主体
[2026-06-15 00:53:46] INFO [_parse_sheet] 北京银行文件工作表「交易明细」提取 2 条记录
[2026-06-15 00:53:46] INFO [parse] 北京银行文件处理完成，共提取 2 条记录
[2026-06-15 00:53:46] INFO [setup_logging] 日志系统初始化完成，日志文件: /Use*******************************************************************************************************
[2026-06-15 00:53:47] INFO [setup_logging] 未检测到 tkinter，将使用命令行交互模式
[2026-06-15 00:53:47] INFO [parse] 开始处理北京银行文件: /var*********************************************************************************
[2026-06-15 00:53:47] DEBUG [detect_file_format] 文件 /var********************************************************************************* Magic Bytes 检测为 xlsx 格式 (ZIP/OOXML)
[2026-06-15 00:53:47] INFO [validate_headers] 北京银行文件工作表「交易明细」表头校验通过，7 个字段均匹配
[2026-06-15 00:53:47] DEBUG [detect_file_format] 文件 /var******************************************************************************* Magic Bytes 检测为 xlsx 格式 (ZIP/OOXML)
[2026-06-15 00:53:47] INFO [load_lookup_table] 查找表加载完成：共 2 条条目，2 个唯一账号，0 个扩展字段
[2026-06-15 00:53:47] DEBUG [get_subject_info] 银行账号「0109年03月」匹配到主体: 北********司（优先级: 0）
[2026-06-15 00:53:47] INFO [_parse_sheet] 北京银行文件工作表「交易明细」提取 2 条记录
[2026-06-15 00:53:47] INFO [parse] 北京银行文件处理完成，共提取 2 条记录
[2026-06-15 00:53:47] INFO [setup_logging] 日志系统初始化完成，日志文件: /Use*******************************************************************************************************
[2026-06-15 00:53:47] INFO [setup_logging] 未检测到 tkinter，将使用命令行交互模式
[2026-06-15 00:53:47] INFO [parse] 开始处理北京银行文件: /var*********************************************************************************
[2026-06-15 00:53:47] DEBUG [detect_file_format] 文件 /var********************************************************************************* Magic Bytes 检测为 xlsx 格式 (ZIP/OOXML)
[2026-06-15 00:53:47] INFO [validate_headers] 北京银行文件工作表「交易明细」表头校验通过，7 个字段均匹配
[2026-06-15 00:53:47] DEBUG [detect_file_format] 文件 /var******************************************************************************* Magic Bytes 检测为 xlsx 格式 (ZIP/OOXML)
[2026-06-15 00:53:47] INFO [load_lookup_table] 查找表加载完成：共 2 条条目，2 个唯一账号，0 个扩展字段
[2026-06-15 00:53:47] DEBUG [get_subject_info] 银行账号「0109年03月」匹配到主体: 北********司（优先级: 0）
[2026-06-15 00:53:47] INFO [_parse_sheet] 北京银行文件工作表「交易明细」提取 2 条记录
[2026-06-15 00:53:47] INFO [parse] 北京银行文件处理完成，共提取 2 条记录
[2026-06-15 00:53:47] INFO [setup_logging] 日志系统初始化完成，日志文件: /Use*******************************************************************************************************
[2026-06-15 00:53:47] INFO [setup_logging] 未检测到 tkinter，将使用命令行交互模式
[2026-06-15 00:53:47] INFO [parse] 开始处理东亚银行文件: /var*********************************************************************************
[2026-06-15 00:53:47] DEBUG [detect_file_format] 文件 /var********************************************************************************* Magic Bytes 检测为 xlsx 格式 (ZIP/OOXML)
[2026-06-15 00:53:47] INFO [validate_headers] 东亚银行文件工作表「交易明细」表头校验通过，7 个字段均匹配
[2026-06-15 00:53:47] DEBUG [detect_file_format] 文件 /var******************************************************************************* Magic Bytes 检测为 xlsx 格式 (ZIP/OOXML)
[2026-06-15 00:53:47] INFO [load_lookup_table] 查找表加载完成：共 2 条条目，2 个唯一账号，0 个扩展字段
[2026-06-15 00:53:47] DEBUG [get_subject_info] 银行账号「3881年23月」匹配到主体: 上********司（优先级: 0）
[2026-06-15 00:53:47] INFO [_parse_sheet] 东亚银行文件工作表「交易明细」提取 2 条记录
[2026-06-15 00:53:47] INFO [parse] 东亚银行文件处理完成，共提取 2 条记录
[2026-06-15 00:53:47] INFO [setup_logging] 日志系统初始化完成，日志文件: /Use*******************************************************************************************************
[2026-06-15 00:53:47] INFO [setup_logging] 未检测到 tkinter，将使用命令行交互模式
[2026-06-15 00:53:47] INFO [parse] 开始处理东亚银行文件: /var*********************************************************************************
[2026-06-15 00:53:47] DEBUG [detect_file_format] 文件 /var********************************************************************************* Magic Bytes 检测为 xlsx 格式 (ZIP/OOXML)
[2026-06-15 00:53:47] INFO [validate_headers] 东亚银行文件工作表「交易明细」表头校验通过，7 个字段均匹配
[2026-06-15 00:53:47] DEBUG [detect_file_format] 文件 /var******************************************************************************* Magic Bytes 检测为 xlsx 格式 (ZIP/OOXML)
[2026-06-15 00:53:47] INFO [load_lookup_table] 查找表加载完成：共 2 条条目，2 个唯一账号，0 个扩展字段
[2026-06-15 00:53:47] DEBUG [get_subject_info] 银行账号「3881年23月」匹配到主体: 上********司（优先级: 0）
[2026-06-15 00:53:47] INFO [_parse_sheet] 东亚银行文件工作表「交易明细」提取 2 条记录
[2026-06-15 00:53:47] INFO [parse] 东亚银行文件处理完成，共提取 2 条记录
[2026-06-15 00:53:47] INFO [setup_logging] 日志系统初始化完成，日志文件: /Use*******************************************************************************************************
[2026-06-15 00:53:47] INFO [setup_logging] 未检测到 tkinter，将使用命令行交互模式
[2026-06-15 00:53:48] INFO [parse] 开始处理东亚银行文件: /var*********************************************************************************
[2026-06-15 00:53:48] DEBUG [detect_file_format] 文件 /var********************************************************************************* Magic Bytes 检测为 xlsx 格式 (ZIP/OOXML)
[2026-06-15 00:53:48] INFO [validate_headers] 东亚银行文件工作表「交易明细」表头校验通过，7 个字段均匹配
[2026-06-15 00:53:48] DEBUG [detect_file_format] 文件 /var******************************************************************************* Magic Bytes 检测为 xlsx 格式 (ZIP/OOXML)
[2026-06-15 00:53:48] INFO [load_lookup_table] 查找表加载完成：共 2 条条目，2 个唯一账号，0 个扩展字段
[2026-06-15 00:53:48] DEBUG [get_subject_info] 银行账号「3881年23月」匹配到主体: 上********司（优先级: 0）
[2026-06-15 00:53:48] INFO [_parse_sheet] 东亚银行文件工作表「交易明细」提取 2 条记录
[2026-06-15 00:53:48] INFO [parse] 东亚银行文件处理完成，共提取 2 条记录
[2026-06-15 00:53:48] INFO [setup_logging] 日志系统初始化完成，日志文件: /Use*******************************************************************************************************
[2026-06-15 00:53:48] INFO [setup_logging] 未检测到 tkinter，将使用命令行交互模式
[2026-06-15 00:53:48] INFO [parse] 开始处理东亚银行文件: /var*********************************************************************************
[2026-06-15 00:53:48] DEBUG [detect_file_format] 文件 /var********************************************************************************* Magic Bytes 检测为 xlsx 格式 (ZIP/OOXML)
[2026-06-15 00:53:48] INFO [validate_headers] 东亚银行文件工作表「交易明细」表头校验通过，7 个字段均匹配
[2026-06-15 00:53:48] DEBUG [detect_file_format] 文件 /var******************************************************************************* Magic Bytes 检测为 xlsx 格式 (ZIP/OOXML)
[2026-06-15 00:53:48] INFO [load_lookup_table] 查找表加载完成：共 2 条条目，2 个唯一账号，0 个扩展字段
[2026-06-15 00:53:48] DEBUG [get_subject_info] 银行账号「3881年23月」匹配到主体: 上********司（优先级: 0）
[2026-06-15 00:53:48] INFO [_parse_sheet] 东亚银行文件工作表「交易明细」提取 2 条记录
[2026-06-15 00:53:48] INFO [parse] 东亚银行文件处理完成，共提取 2 条记录
[2026-06-15 00:53:48] INFO [setup_logging] 日志系统初始化完成，日志文件: /Use*******************************************************************************************************
[2026-06-15 00:53:48] INFO [setup_logging] 未检测到 tkinter，将使用命令行交互模式
[2026-06-15 00:53:48] INFO [parse] 开始处理东亚银行文件: /var*********************************************************************************
[2026-06-15 00:53:48] DEBUG [detect_file_format] 文件 /var********************************************************************************* Magic Bytes 检测为 xlsx 格式 (ZIP/OOXML)
[2026-06-15 00:53:48] INFO [validate_headers] 东亚银行文件工作表「交易明细」表头校验通过，7 个字段均匹配
[2026-06-15 00:53:48] DEBUG [detect_file_format] 文件 /var******************************************************************************* Magic Bytes 检测为 xlsx 格式 (ZIP/OOXML)
[2026-06-15 00:53:48] INFO [load_lookup_table] 查找表加载完成：共 2 条条目，2 个唯一账号，0 个扩展字段
[2026-06-15 00:53:48] DEBUG [get_subject_info] 银行账号「3881年23月」匹配到主体: 上********司（优先级: 0）
[2026-06-15 00:53:48] INFO [_parse_sheet] 东亚银行文件工作表「交易明细」提取 2 条记录
[2026-06-15 00:53:48] INFO [parse] 东亚银行文件处理完成，共提取 2 条记录
[2026-06-15 00:53:48] INFO [setup_logging] 日志系统初始化完成，日志文件: /Use*******************************************************************************************************
[2026-06-15 00:53:48] INFO [setup_logging] 未检测到 tkinter，将使用命令行交互模式
[2026-06-15 00:53:48] INFO [parse] 开始处理东亚银行文件: /var*********************************************************************************
[2026-06-15 00:53:48] DEBUG [detect_file_format] 文件 /var********************************************************************************* Magic Bytes 检测为 xlsx 格式 (ZIP/OOXML)
[2026-06-15 00:53:48] INFO [validate_headers] 东亚银行文件工作表「交易明细」表头校验通过，7 个字段均匹配
[2026-06-15 00:53:48] DEBUG [detect_file_format] 文件 /var******************************************************************************* Magic Bytes 检测为 xlsx 格式 (ZIP/OOXML)
[2026-06-15 00:53:48] INFO [load_lookup_table] 查找表加载完成：共 2 条条目，2 个唯一账号，0 个扩展字段
[2026-06-15 00:53:48] DEBUG [get_subject_info] 银行账号「3881年23月」匹配到主体: 上********司（优先级: 0）
[2026-06-15 00:53:48] INFO [_parse_sheet] 东亚银行文件工作表「交易明细」提取 2 条记录
[2026-06-15 00:53:48] INFO [parse] 东亚银行文件处理完成，共提取 2 条记录
[2026-06-15 00:53:48] INFO [setup_logging] 日志系统初始化完成，日志文件: /Use*******************************************************************************************************
[2026-06-15 00:53:49] INFO [setup_logging] 未检测到 tkinter，将使用命令行交互模式
[2026-06-15 00:53:49] INFO [parse] 开始处理东亚银行文件: /var*********************************************************************************
[2026-06-15 00:53:49] DEBUG [detect_file_format] 文件 /var********************************************************************************* Magic Bytes 检测为 xlsx 格式 (ZIP/OOXML)
[2026-06-15 00:53:49] INFO [validate_headers] 东亚银行文件工作表「交易明细」表头校验通过，7 个字段均匹配
[2026-06-15 00:53:49] DEBUG [detect_file_format] 文件 /var******************************************************************************* Magic Bytes 检测为 xlsx 格式 (ZIP/OOXML)
[2026-06-15 00:53:49] INFO [load_lookup_table] 查找表加载完成：共 2 条条目，2 个唯一账号，0 个扩展字段
[2026-06-15 00:53:49] DEBUG [get_subject_info] 银行账号「3881年23月」匹配到主体: 上********司（优先级: 0）
[2026-06-15 00:53:49] INFO [_parse_sheet] 东亚银行文件工作表「交易明细」提取 2 条记录
[2026-06-15 00:53:49] INFO [parse] 东亚银行文件处理完成，共提取 2 条记录
[2026-06-15 00:53:49] INFO [setup_logging] 日志系统初始化完成，日志文件: /Use*******************************************************************************************************
[2026-06-15 00:53:49] INFO [setup_logging] 未检测到 tkinter，将使用命令行交互模式
[2026-06-15 00:53:49] INFO [parse] 开始处理东亚银行文件: /var*********************************************************************************
[2026-06-15 00:53:49] DEBUG [detect_file_format] 文件 /var********************************************************************************* Magic Bytes 检测为 xlsx 格式 (ZIP/OOXML)
[2026-06-15 00:53:49] INFO [validate_headers] 东亚银行文件工作表「交易明细」表头校验通过，7 个字段均匹配
[2026-06-15 00:53:49] DEBUG [detect_file_format] 文件 /var******************************************************************************* Magic Bytes 检测为 xlsx 格式 (ZIP/OOXML)
[2026-06-15 00:53:49] INFO [load_lookup_table] 查找表加载完成：共 2 条条目，2 个唯一账号，0 个扩展字段
[2026-06-15 00:53:49] DEBUG [get_subject_info] 银行账号「3881年23月」匹配到主体: 上********司（优先级: 0）
[2026-06-15 00:53:49] INFO [_parse_sheet] 东亚银行文件工作表「交易明细」提取 2 条记录
[2026-06-15 00:53:49] INFO [parse] 东亚银行文件处理完成，共提取 2 条记录
[2026-06-15 00:53:49] INFO [setup_logging] 日志系统初始化完成，日志文件: /Use*******************************************************************************************************
[2026-06-15 00:53:49] INFO [setup_logging] 未检测到 tkinter，将使用命令行交互模式
[2026-06-15 00:53:49] INFO [parse] 开始处理东亚银行文件: /var*********************************************************************************
[2026-06-15 00:53:49] DEBUG [detect_file_format] 文件 /var********************************************************************************* Magic Bytes 检测为 xlsx 格式 (ZIP/OOXML)
[2026-06-15 00:53:49] INFO [validate_headers] 东亚银行文件工作表「交易明细」表头校验通过，7 个字段均匹配
[2026-06-15 00:53:49] DEBUG [detect_file_format] 文件 /var******************************************************************************* Magic Bytes 检测为 xlsx 格式 (ZIP/OOXML)
[2026-06-15 00:53:49] INFO [load_lookup_table] 查找表加载完成：共 2 条条目，2 个唯一账号，0 个扩展字段
[2026-06-15 00:53:50] DEBUG [get_subject_info] 银行账号「3881年23月」匹配到主体: 上********司（优先级: 0）
[2026-06-15 00:53:50] INFO [_parse_sheet] 东亚银行文件工作表「交易明细」提取 2 条记录
[2026-06-15 00:53:50] INFO [parse] 东亚银行文件处理完成，共提取 2 条记录
[2026-06-15 00:53:50] INFO [setup_logging] 日志系统初始化完成，日志文件: /Use*******************************************************************************************************
[2026-06-15 00:53:50] INFO [setup_logging] 未检测到 tkinter，将使用命令行交互模式
[2026-06-15 00:53:50] INFO [parse] 开始处理东亚银行文件: /var*********************************************************************************
[2026-06-15 00:53:50] DEBUG [detect_file_format] 文件 /var********************************************************************************* Magic Bytes 检测为 xlsx 格式 (ZIP/OOXML)
[2026-06-15 00:53:50] INFO [validate_headers] 东亚银行文件工作表「交易明细」表头校验通过，7 个字段均匹配
[2026-06-15 00:53:50] DEBUG [detect_file_format] 文件 /var******************************************************************************* Magic Bytes 检测为 xlsx 格式 (ZIP/OOXML)
[2026-06-15 00:53:50] INFO [load_lookup_table] 查找表加载完成：共 2 条条目，2 个唯一账号，0 个扩展字段
[2026-06-15 00:53:50] DEBUG [get_subject_info] 银行账号「3881年23月」匹配到主体: 上********司（优先级: 0）
[2026-06-15 00:53:50] INFO [_parse_sheet] 东亚银行文件工作表「交易明细」提取 2 条记录
[2026-06-15 00:53:50] INFO [parse] 东亚银行文件处理完成，共提取 2 条记录
[2026-06-15 00:53:50] INFO [setup_logging] 日志系统初始化完成，日志文件: /Use*******************************************************************************************************
[2026-06-15 00:53:50] INFO [setup_logging] 未检测到 tkinter，将使用命令行交互模式
[2026-06-15 00:53:50] INFO [parse] 开始处理东亚银行文件: /var*********************************************************************************
[2026-06-15 00:53:50] DEBUG [detect_file_format] 文件 /var********************************************************************************* Magic Bytes 检测为 xlsx 格式 (ZIP/OOXML)
[2026-06-15 00:53:50] INFO [validate_headers] 东亚银行文件工作表「交易明细」表头校验通过，7 个字段均匹配
[2026-06-15 00:53:50] DEBUG [detect_file_format] 文件 /var******************************************************************************* Magic Bytes 检测为 xlsx 格式 (ZIP/OOXML)
[2026-06-15 00:53:50] INFO [load_lookup_table] 查找表加载完成：共 2 条条目，2 个唯一账号，0 个扩展字段
[2026-06-15 00:53:50] DEBUG [get_subject_info] 银行账号「3881年23月」匹配到主体: 上********司（优先级: 0）
[2026-06-15 00:53:50] INFO [_parse_sheet] 东亚银行文件工作表「交易明细」提取 2 条记录
[2026-06-15 00:53:50] INFO [parse] 东亚银行文件处理完成，共提取 2 条记录
[2026-06-15 00:53:50] INFO [setup_logging] 日志系统初始化完成，日志文件: /Use*******************************************************************************************************
[2026-06-15 00:53:50] INFO [setup_logging] 未检测到 tkinter，将使用命令行交互模式
[2026-06-15 00:53:50] INFO [parse] 开始处理东亚银行文件: /var*********************************************************************************
[2026-06-15 00:53:50] DEBUG [detect_file_format] 文件 /var********************************************************************************* Magic Bytes 检测为 xlsx 格式 (ZIP/OOXML)
[2026-06-15 00:53:50] INFO [validate_headers] 东亚银行文件工作表「交易明细」表头校验通过，7 个字段均匹配
[2026-06-15 00:53:50] DEBUG [detect_file_format] 文件 /var******************************************************************************* Magic Bytes 检测为 xlsx 格式 (ZIP/OOXML)
[2026-06-15 00:53:50] INFO [load_lookup_table] 查找表加载完成：共 2 条条目，2 个唯一账号，0 个扩展字段
[2026-06-15 00:53:50] DEBUG [get_subject_info] 银行账号「3881年23月」匹配到主体: 上********司（优先级: 0）
[2026-06-15 00:53:50] INFO [_parse_sheet] 东亚银行文件工作表「交易明细」提取 2 条记录
[2026-06-15 00:53:50] INFO [parse] 东亚银行文件处理完成，共提取 2 条记录
[2026-06-15 00:53:50] INFO [setup_logging] 日志系统初始化完成，日志文件: /Use*******************************************************************************************************
[2026-06-15 00:53:50] INFO [setup_logging] 未检测到 tkinter，将使用命令行交互模式
[2026-06-15 00:53:50] INFO [parse] 开始处理东亚银行文件: /var*********************************************************************************
[2026-06-15 00:53:50] DEBUG [detect_file_format] 文件 /var********************************************************************************* Magic Bytes 检测为 xlsx 格式 (ZIP/OOXML)
[2026-06-15 00:53:50] INFO [validate_headers] 东亚银行文件工作表「交易明细」表头校验通过，7 个字段均匹配
[2026-06-15 00:53:51] DEBUG [detect_file_format] 文件 /var******************************************************************************* Magic Bytes 检测为 xlsx 格式 (ZIP/OOXML)
[2026-06-15 00:53:51] INFO [load_lookup_table] 查找表加载完成：共 2 条条目，2 个唯一账号，0 个扩展字段
[2026-06-15 00:53:51] DEBUG [get_subject_info] 银行账号「3881年23月」匹配到主体: 上********司（优先级: 0）
[2026-06-15 00:53:51] INFO [_parse_sheet] 东亚银行文件工作表「交易明细」提取 2 条记录
[2026-06-15 00:53:51] INFO [parse] 东亚银行文件处理完成，共提取 2 条记录
[2026-06-15 00:53:51] INFO [setup_logging] 日志系统初始化完成，日志文件: /Use*******************************************************************************************************
[2026-06-15 00:53:51] INFO [setup_logging] 未检测到 tkinter，将使用命令行交互模式
[2026-06-15 00:53:51] INFO [parse] 开始处理东亚银行文件: /var*********************************************************************************
[2026-06-15 00:53:51] DEBUG [detect_file_format] 文件 /var********************************************************************************* Magic Bytes 检测为 xlsx 格式 (ZIP/OOXML)
[2026-06-15 00:53:51] INFO [validate_headers] 东亚银行文件工作表「交易明细」表头校验通过，7 个字段均匹配
[2026-06-15 00:53:51] DEBUG [detect_file_format] 文件 /var******************************************************************************* Magic Bytes 检测为 xlsx 格式 (ZIP/OOXML)
[2026-06-15 00:53:51] INFO [load_lookup_table] 查找表加载完成：共 2 条条目，2 个唯一账号，0 个扩展字段
[2026-06-15 00:53:51] DEBUG [get_subject_info] 银行账号「3881年23月」匹配到主体: 上********司（优先级: 0）
[2026-06-15 00:53:51] INFO [_parse_sheet] 东亚银行文件工作表「交易明细」提取 2 条记录
[2026-06-15 00:53:51] INFO [parse] 东亚银行文件处理完成，共提取 2 条记录
[2026-06-15 00:53:51] INFO [setup_logging] 日志系统初始化完成，日志文件: /Use*******************************************************************************************************
[2026-06-15 00:53:51] INFO [setup_logging] 未检测到 tkinter，将使用命令行交互模式
[2026-06-15 00:53:51] INFO [parse] 开始处理东亚银行文件: /var*********************************************************************************
[2026-06-15 00:53:51] DEBUG [detect_file_format] 文件 /var********************************************************************************* Magic Bytes 检测为 xlsx 格式 (ZIP/OOXML)
[2026-06-15 00:53:51] INFO [validate_headers] 东亚银行文件工作表「交易明细」表头校验通过，7 个字段均匹配
[2026-06-15 00:53:51] WARNING [load_lookup_table] 主体查找表不存在或未指定，返回空查找表结构
[2026-06-15 00:53:51] WARNING [get_subject_info] 主体查找表不存在或未指定，银行账号「3881年23月」的主体将为空
[2026-06-15 00:53:51] INFO [_parse_sheet] 东亚银行文件工作表「交易明细」提取 2 条记录
[2026-06-15 00:53:51] INFO [parse] 东亚银行文件处理完成，共提取 2 条记录
[2026-06-15 00:53:51] INFO [setup_logging] 日志系统初始化完成，日志文件: /Use*******************************************************************************************************
[2026-06-15 00:53:51] INFO [setup_logging] 未检测到 tkinter，将使用命令行交互模式
[2026-06-15 00:53:51] INFO [parse] 开始处理东亚银行文件: /var*********************************************************************************
[2026-06-15 00:53:51] DEBUG [detect_file_format] 文件 /var********************************************************************************* Magic Bytes 检测为 xlsx 格式 (ZIP/OOXML)
[2026-06-15 00:53:51] INFO [validate_headers] 东亚银行文件工作表「交易明细」表头校验通过，7 个字段均匹配
[2026-06-15 00:53:51] DEBUG [detect_file_format] 文件 /var******************************************************************************* Magic Bytes 检测为 xlsx 格式 (ZIP/OOXML)
[2026-06-15 00:53:51] INFO [load_lookup_table] 查找表加载完成：共 2 条条目，2 个唯一账号，0 个扩展字段
[2026-06-15 00:53:51] DEBUG [get_subject_info] 银行账号「3881年23月」匹配到主体: 上********司（优先级: 0）
[2026-06-15 00:53:51] INFO [_parse_sheet] 东亚银行文件工作表「交易明细」提取 2 条记录
[2026-06-15 00:53:51] INFO [parse] 东亚银行文件处理完成，共提取 2 条记录
[2026-06-15 00:53:51] INFO [setup_logging] 日志系统初始化完成，日志文件: /Use*******************************************************************************************************
[2026-06-15 00:53:51] INFO [setup_logging] 未检测到 tkinter，将使用命令行交互模式
[2026-06-15 00:53:51] INFO [parse] 开始处理东亚银行文件: /var*********************************************************************************
[2026-06-15 00:53:51] DEBUG [detect_file_format] 文件 /var********************************************************************************* Magic Bytes 检测为 xlsx 格式 (ZIP/OOXML)
[2026-06-15 00:53:51] INFO [validate_headers] 东亚银行文件工作表「交易明细」表头校验通过，7 个字段均匹配
[2026-06-15 00:53:52] DEBUG [detect_file_format] 文件 /var******************************************************************************* Magic Bytes 检测为 xlsx 格式 (ZIP/OOXML)
[2026-06-15 00:53:52] INFO [load_lookup_table] 查找表加载完成：共 2 条条目，2 个唯一账号，0 个扩展字段
[2026-06-15 00:53:52] DEBUG [get_subject_info] 银行账号「3881年23月」匹配到主体: 上********司（优先级: 0）
[2026-06-15 00:53:52] INFO [_parse_sheet] 东亚银行文件工作表「交易明细」提取 2 条记录
[2026-06-15 00:53:52] INFO [parse] 东亚银行文件处理完成，共提取 2 条记录
[2026-06-15 00:53:52] INFO [setup_logging] 日志系统初始化完成，日志文件: /Use*******************************************************************************************************
[2026-06-15 00:53:52] INFO [setup_logging] 未检测到 tkinter，将使用命令行交互模式
[2026-06-15 00:53:52] INFO [parse] 开始处理东亚银行文件: /var*********************************************************************************
[2026-06-15 00:53:52] DEBUG [detect_file_format] 文件 /var********************************************************************************* Magic Bytes 检测为 xlsx 格式 (ZIP/OOXML)
[2026-06-15 00:53:52] INFO [validate_headers] 东亚银行文件工作表「交易明细」表头校验通过，7 个字段均匹配
[2026-06-15 00:53:52] DEBUG [detect_file_format] 文件 /var******************************************************************************* Magic Bytes 检测为 xlsx 格式 (ZIP/OOXML)
[2026-06-15 00:53:52] INFO [load_lookup_table] 查找表加载完成：共 2 条条目，2 个唯一账号，0 个扩展字段
[2026-06-15 00:53:52] WARNING [get_subject_info] 银行账号「{account}」在查找表中未找到对应主体
[2026-06-15 00:53:52] INFO [_parse_sheet] 东亚银行文件工作表「交易明细」提取 2 条记录
[2026-06-15 00:53:52] INFO [parse] 东亚银行文件处理完成，共提取 2 条记录
