[2026-06-15 10:02:12] INFO [setup_logging] 日志系统初始化完成，日志文件: /Use*******************************************************************************************************
[2026-06-15 10:02:12] INFO [setup_logging] 未检测到 tkinter，将使用命令行交互模式
[2026-06-15 10:02:12] INFO [parse] 开始处理北京银行文件: /var*********************************************************************************
[2026-06-15 10:02:12] DEBUG [detect_file_format] 文件 /var********************************************************************************* Magic Bytes 检测为 xlsx 格式 (ZIP/OOXML)
[2026-06-15 10:02:12] INFO [validate_headers] 北京银行文件工作表「交易明细」表头校验通过，7 个字段均匹配
[2026-06-15 10:02:12] DEBUG [detect_file_format] 文件 /var******************************************************************************* Magic Bytes 检测为 xlsx 格式 (ZIP/OOXML)
[2026-06-15 10:02:12] INFO [load_lookup_table] 查找表加载完成：共 5 条条目，5 个唯一账号，0 个扩展字段
[2026-06-15 10:02:12] DEBUG [get_subject_info] 银行账号「0109年03月」匹配到主体: 北********司（优先级: 0）
[2026-06-15 10:02:12] INFO [_parse_sheet] 北京银行文件工作表「交易明细」提取 2 条记录
[2026-06-15 10:02:12] INFO [parse] 北京银行文件处理完成，共提取 2 条记录
[2026-06-15 10:02:12] INFO [setup_logging] 日志系统初始化完成，日志文件: /Use*******************************************************************************************************
[2026-06-15 10:02:12] INFO [setup_logging] 未检测到 tkinter，将使用命令行交互模式
[2026-06-15 10:02:12] INFO [parse] 开始处理东亚银行文件: /var*********************************************************************************
[2026-06-15 10:02:12] DEBUG [detect_file_format] 文件 /var********************************************************************************* Magic Bytes 检测为 xlsx 格式 (ZIP/OOXML)
[2026-06-15 10:02:12] INFO [validate_headers] 东亚银行文件工作表「交易明细」表头校验通过，7 个字段均匹配
[2026-06-15 10:02:12] DEBUG [detect_file_format] 文件 /var******************************************************************************* Magic Bytes 检测为 xlsx 格式 (ZIP/OOXML)
[2026-06-15 10:02:12] INFO [load_lookup_table] 查找表加载完成：共 5 条条目，5 个唯一账号，0 个扩展字段
[2026-06-15 10:02:12] DEBUG [get_subject_info] 银行账号「3881年23月」匹配到主体: 上********司（优先级: 0）
[2026-06-15 10:02:12] INFO [_parse_sheet] 东亚银行文件工作表「交易明细」提取 2 条记录
[2026-06-15 10:02:12] INFO [parse] 东亚银行文件处理完成，共提取 2 条记录
[2026-06-15 10:02:12] INFO [setup_logging] 日志系统初始化完成，日志文件: /Use*******************************************************************************************************
[2026-06-15 10:02:12] INFO [setup_logging] 未检测到 tkinter，将使用命令行交互模式
[2026-06-15 10:02:12] INFO [parse] 开始处理工商银行文件: /var*********************************************************************************
[2026-06-15 10:02:12] DEBUG [detect_file_format] 文件 /var********************************************************************************* Magic Bytes 检测为 xlsx 格式 (ZIP/OOXML)
[2026-06-15 10:02:12] INFO [validate_headers] 工商银行文件工作表「交易明细」表头校验通过，7 个字段均匹配
[2026-06-15 10:02:12] DEBUG [detect_file_format] 文件 /var******************************************************************************* Magic Bytes 检测为 xlsx 格式 (ZIP/OOXML)
[2026-06-15 10:02:12] INFO [load_lookup_table] 查找表加载完成：共 5 条条目，5 个唯一账号，0 个扩展字段
[2026-06-15 10:02:12] DEBUG [get_subject_info] 银行账号「6222年02月」匹配到主体: 深********司（优先级: 0）
[2026-06-15 10:02:12] INFO [_parse_sheet] 工商银行文件工作表「交易明细」提取 2 条记录
[2026-06-15 10:02:12] INFO [parse] 工商银行文件处理完成，共提取 2 条记录
[2026-06-15 10:02:12] INFO [setup_logging] 日志系统初始化完成，日志文件: /Use*******************************************************************************************************
[2026-06-15 10:02:12] INFO [setup_logging] 未检测到 tkinter，将使用命令行交互模式
[2026-06-15 10:02:12] INFO [parse] 开始处理建设银行文件: /var*********************************************************************************
[2026-06-15 10:02:12] DEBUG [detect_file_format] 文件 /var********************************************************************************* Magic Bytes 检测为 xlsx 格式 (ZIP/OOXML)
[2026-06-15 10:02:12] INFO [validate_headers] 建设银行文件工作表「交易明细」表头校验通过，7 个字段均匹配
[2026-06-15 10:02:12] DEBUG [detect_file_format] 文件 /var******************************************************************************* Magic Bytes 检测为 xlsx 格式 (ZIP/OOXML)
[2026-06-15 10:02:12] INFO [load_lookup_table] 查找表加载完成：共 5 条条目，5 个唯一账号，0 个扩展字段
[2026-06-15 10:02:12] DEBUG [get_subject_info] 银行账号「6227年00月」匹配到主体: 广**********司（优先级: 0）
[2026-06-15 10:02:12] INFO [_parse_sheet] 建设银行文件工作表「交易明细」提取 2 条记录
[2026-06-15 10:02:12] INFO [parse] 建设银行文件处理完成，共提取 2 条记录
[2026-06-15 10:02:12] INFO [setup_logging] 日志系统初始化完成，日志文件: /Use*******************************************************************************************************
[2026-06-15 10:02:12] INFO [setup_logging] 未检测到 tkinter，将使用命令行交互模式
[2026-06-15 10:02:12] INFO [parse] 开始处理招商银行文件: /var*********************************************************************************
[2026-06-15 10:02:12] DEBUG [detect_file_format] 文件 /var********************************************************************************* Magic Bytes 检测为 xlsx 格式 (ZIP/OOXML)
[2026-06-15 10:02:12] INFO [validate_headers] 招商银行文件工作表「活期交易明细」表头校验通过，7 个字段均匹配
[2026-06-15 10:02:12] DEBUG [detect_file_format] 文件 /var******************************************************************************* Magic Bytes 检测为 xlsx 格式 (ZIP/OOXML)
[2026-06-15 10:02:12] INFO [load_lookup_table] 查找表加载完成：共 5 条条目，5 个唯一账号，0 个扩展字段
[2026-06-15 10:02:12] DEBUG [get_subject_info] 银行账号「6225年88月」匹配到主体: 杭**********司（优先级: 0）
[2026-06-15 10:02:12] INFO [_parse_sheet] 招商银行文件工作表「活期交易明细」提取 2 条记录
[2026-06-15 10:02:12] INFO [parse] 招商银行文件处理完成，共提取 2 条记录
[2026-06-15 10:02:13] INFO [setup_logging] 日志系统初始化完成，日志文件: /Use*******************************************************************************************************
[2026-06-15 10:02:13] INFO [setup_logging] 未检测到 tkinter，将使用命令行交互模式
[2026-06-15 10:02:13] INFO [parse] 开始处理北京银行文件: /var*********************************************************************************
[2026-06-15 10:02:13] DEBUG [detect_file_format] 文件 /var********************************************************************************* Magic Bytes 检测为 xlsx 格式 (ZIP/OOXML)
[2026-06-15 10:02:13] INFO [validate_headers] 北京银行文件工作表「交易明细」表头校验通过，7 个字段均匹配
[2026-06-15 10:02:13] DEBUG [detect_file_format] 文件 /var******************************************************************************* Magic Bytes 检测为 xlsx 格式 (ZIP/OOXML)
[2026-06-15 10:02:13] INFO [load_lookup_table] 查找表加载完成：共 5 条条目，5 个唯一账号，0 个扩展字段
[2026-06-15 10:02:13] DEBUG [get_subject_info] 银行账号「0109年03月」匹配到主体: 北********司（优先级: 0）
[2026-06-15 10:02:13] INFO [_parse_sheet] 北京银行文件工作表「交易明细」提取 2 条记录
[2026-06-15 10:02:13] INFO [parse] 北京银行文件处理完成，共提取 2 条记录
[2026-06-15 10:02:13] INFO [setup_logging] 日志系统初始化完成，日志文件: /Use*******************************************************************************************************
[2026-06-15 10:02:13] INFO [setup_logging] 未检测到 tkinter，将使用命令行交互模式
[2026-06-15 10:02:13] INFO [parse] 开始处理东亚银行文件: /var*********************************************************************************
[2026-06-15 10:02:13] DEBUG [detect_file_format] 文件 /var********************************************************************************* Magic Bytes 检测为 xlsx 格式 (ZIP/OOXML)
[2026-06-15 10:02:13] INFO [validate_headers] 东亚银行文件工作表「交易明细」表头校验通过，7 个字段均匹配
[2026-06-15 10:02:13] DEBUG [detect_file_format] 文件 /var******************************************************************************* Magic Bytes 检测为 xlsx 格式 (ZIP/OOXML)
[2026-06-15 10:02:13] INFO [load_lookup_table] 查找表加载完成：共 5 条条目，5 个唯一账号，0 个扩展字段
[2026-06-15 10:02:13] DEBUG [get_subject_info] 银行账号「3881年23月」匹配到主体: 上********司（优先级: 0）
[2026-06-15 10:02:13] INFO [_parse_sheet] 东亚银行文件工作表「交易明细」提取 2 条记录
[2026-06-15 10:02:13] INFO [parse] 东亚银行文件处理完成，共提取 2 条记录
[2026-06-15 10:02:13] INFO [setup_logging] 日志系统初始化完成，日志文件: /Use*******************************************************************************************************
[2026-06-15 10:02:13] INFO [setup_logging] 未检测到 tkinter，将使用命令行交互模式
[2026-06-15 10:02:13] INFO [parse] 开始处理工商银行文件: /var*********************************************************************************
[2026-06-15 10:02:13] DEBUG [detect_file_format] 文件 /var********************************************************************************* Magic Bytes 检测为 xlsx 格式 (ZIP/OOXML)
[2026-06-15 10:02:13] INFO [validate_headers] 工商银行文件工作表「交易明细」表头校验通过，7 个字段均匹配
[2026-06-15 10:02:13] DEBUG [detect_file_format] 文件 /var******************************************************************************* Magic Bytes 检测为 xlsx 格式 (ZIP/OOXML)
[2026-06-15 10:02:13] INFO [load_lookup_table] 查找表加载完成：共 5 条条目，5 个唯一账号，0 个扩展字段
[2026-06-15 10:02:13] DEBUG [get_subject_info] 银行账号「6222年02月」匹配到主体: 深********司（优先级: 0）
[2026-06-15 10:02:13] INFO [_parse_sheet] 工商银行文件工作表「交易明细」提取 2 条记录
[2026-06-15 10:02:13] INFO [parse] 工商银行文件处理完成，共提取 2 条记录
[2026-06-15 10:02:13] INFO [setup_logging] 日志系统初始化完成，日志文件: /Use*******************************************************************************************************
[2026-06-15 10:02:13] INFO [setup_logging] 未检测到 tkinter，将使用命令行交互模式
[2026-06-15 10:02:13] INFO [parse] 开始处理建设银行文件: /var*********************************************************************************
[2026-06-15 10:02:13] DEBUG [detect_file_format] 文件 /var********************************************************************************* Magic Bytes 检测为 xlsx 格式 (ZIP/OOXML)
[2026-06-15 10:02:13] INFO [validate_headers] 建设银行文件工作表「交易明细」表头校验通过，7 个字段均匹配
[2026-06-15 10:02:13] DEBUG [detect_file_format] 文件 /var******************************************************************************* Magic Bytes 检测为 xlsx 格式 (ZIP/OOXML)
[2026-06-15 10:02:13] INFO [load_lookup_table] 查找表加载完成：共 5 条条目，5 个唯一账号，0 个扩展字段
[2026-06-15 10:02:13] DEBUG [get_subject_info] 银行账号「6227年00月」匹配到主体: 广**********司（优先级: 0）
[2026-06-15 10:02:13] INFO [_parse_sheet] 建设银行文件工作表「交易明细」提取 2 条记录
[2026-06-15 10:02:13] INFO [parse] 建设银行文件处理完成，共提取 2 条记录
[2026-06-15 10:02:13] INFO [setup_logging] 日志系统初始化完成，日志文件: /Use*******************************************************************************************************
[2026-06-15 10:02:13] INFO [setup_logging] 未检测到 tkinter，将使用命令行交互模式
[2026-06-15 10:02:13] INFO [parse] 开始处理招商银行文件: /var*********************************************************************************
[2026-06-15 10:02:13] DEBUG [detect_file_format] 文件 /var********************************************************************************* Magic Bytes 检测为 xlsx 格式 (ZIP/OOXML)
[2026-06-15 10:02:13] INFO [validate_headers] 招商银行文件工作表「活期交易明细」表头校验通过，7 个字段均匹配
[2026-06-15 10:02:13] DEBUG [detect_file_format] 文件 /var******************************************************************************* Magic Bytes 检测为 xlsx 格式 (ZIP/OOXML)
[2026-06-15 10:02:13] INFO [load_lookup_table] 查找表加载完成：共 5 条条目，5 个唯一账号，0 个扩展字段
[2026-06-15 10:02:13] DEBUG [get_subject_info] 银行账号「6225年88月」匹配到主体: 杭**********司（优先级: 0）
[2026-06-15 10:02:13] INFO [_parse_sheet] 招商银行文件工作表「活期交易明细」提取 2 条记录
[2026-06-15 10:02:13] INFO [parse] 招商银行文件处理完成，共提取 2 条记录
[2026-06-15 10:02:13] INFO [setup_logging] 日志系统初始化完成，日志文件: /Use*******************************************************************************************************
[2026-06-15 10:02:13] INFO [setup_logging] 未检测到 tkinter，将使用命令行交互模式
[2026-06-15 10:02:13] INFO [parse] 开始处理北京银行文件: /var*********************************************************************************
[2026-06-15 10:02:13] DEBUG [detect_file_format] 文件 /var********************************************************************************* Magic Bytes 检测为 xlsx 格式 (ZIP/OOXML)
[2026-06-15 10:02:13] INFO [validate_headers] 北京银行文件工作表「交易明细」表头校验通过，7 个字段均匹配
[2026-06-15 10:02:13] DEBUG [detect_file_format] 文件 /var******************************************************************************* Magic Bytes 检测为 xlsx 格式 (ZIP/OOXML)
[2026-06-15 10:02:13] INFO [load_lookup_table] 查找表加载完成：共 5 条条目，5 个唯一账号，0 个扩展字段
[2026-06-15 10:02:13] DEBUG [get_subject_info] 银行账号「0109年03月」匹配到主体: 北********司（优先级: 0）
[2026-06-15 10:02:13] INFO [_parse_sheet] 北京银行文件工作表「交易明细」提取 2 条记录
[2026-06-15 10:02:13] INFO [parse] 北京银行文件处理完成，共提取 2 条记录
[2026-06-15 10:02:13] INFO [setup_logging] 日志系统初始化完成，日志文件: /Use*******************************************************************************************************
[2026-06-15 10:02:13] INFO [setup_logging] 未检测到 tkinter，将使用命令行交互模式
[2026-06-15 10:02:13] INFO [parse] 开始处理东亚银行文件: /var*********************************************************************************
[2026-06-15 10:02:13] DEBUG [detect_file_format] 文件 /var********************************************************************************* Magic Bytes 检测为 xlsx 格式 (ZIP/OOXML)
[2026-06-15 10:02:13] INFO [validate_headers] 东亚银行文件工作表「交易明细」表头校验通过，7 个字段均匹配
[2026-06-15 10:02:13] DEBUG [detect_file_format] 文件 /var******************************************************************************* Magic Bytes 检测为 xlsx 格式 (ZIP/OOXML)
[2026-06-15 10:02:13] INFO [load_lookup_table] 查找表加载完成：共 5 条条目，5 个唯一账号，0 个扩展字段
[2026-06-15 10:02:13] DEBUG [get_subject_info] 银行账号「3881年23月」匹配到主体: 上********司（优先级: 0）
[2026-06-15 10:02:13] INFO [_parse_sheet] 东亚银行文件工作表「交易明细」提取 2 条记录
[2026-06-15 10:02:13] INFO [parse] 东亚银行文件处理完成，共提取 2 条记录
[2026-06-15 10:02:13] INFO [setup_logging] 日志系统初始化完成，日志文件: /Use*******************************************************************************************************
[2026-06-15 10:02:13] INFO [setup_logging] 未检测到 tkinter，将使用命令行交互模式
[2026-06-15 10:02:13] INFO [parse] 开始处理工商银行文件: /var*********************************************************************************
[2026-06-15 10:02:13] DEBUG [detect_file_format] 文件 /var********************************************************************************* Magic Bytes 检测为 xlsx 格式 (ZIP/OOXML)
[2026-06-15 10:02:13] INFO [validate_headers] 工商银行文件工作表「交易明细」表头校验通过，7 个字段均匹配
[2026-06-15 10:02:13] DEBUG [detect_file_format] 文件 /var******************************************************************************* Magic Bytes 检测为 xlsx 格式 (ZIP/OOXML)
[2026-06-15 10:02:13] INFO [load_lookup_table] 查找表加载完成：共 5 条条目，5 个唯一账号，0 个扩展字段
[2026-06-15 10:02:13] DEBUG [get_subject_info] 银行账号「6222年02月」匹配到主体: 深********司（优先级: 0）
[2026-06-15 10:02:13] INFO [_parse_sheet] 工商银行文件工作表「交易明细」提取 2 条记录
[2026-06-15 10:02:13] INFO [parse] 工商银行文件处理完成，共提取 2 条记录
[2026-06-15 10:02:13] INFO [setup_logging] 日志系统初始化完成，日志文件: /Use*******************************************************************************************************
[2026-06-15 10:02:13] INFO [setup_logging] 未检测到 tkinter，将使用命令行交互模式
[2026-06-15 10:02:13] INFO [parse] 开始处理建设银行文件: /var*********************************************************************************
[2026-06-15 10:02:13] DEBUG [detect_file_format] 文件 /var********************************************************************************* Magic Bytes 检测为 xlsx 格式 (ZIP/OOXML)
[2026-06-15 10:02:13] INFO [validate_headers] 建设银行文件工作表「交易明细」表头校验通过，7 个字段均匹配
[2026-06-15 10:02:13] DEBUG [detect_file_format] 文件 /var******************************************************************************* Magic Bytes 检测为 xlsx 格式 (ZIP/OOXML)
[2026-06-15 10:02:13] INFO [load_lookup_table] 查找表加载完成：共 5 条条目，5 个唯一账号，0 个扩展字段
[2026-06-15 10:02:13] DEBUG [get_subject_info] 银行账号「6227年00月」匹配到主体: 广**********司（优先级: 0）
[2026-06-15 10:02:13] INFO [_parse_sheet] 建设银行文件工作表「交易明细」提取 2 条记录
[2026-06-15 10:02:13] INFO [parse] 建设银行文件处理完成，共提取 2 条记录
[2026-06-15 10:02:13] INFO [setup_logging] 日志系统初始化完成，日志文件: /Use*******************************************************************************************************
[2026-06-15 10:02:13] INFO [setup_logging] 未检测到 tkinter，将使用命令行交互模式
[2026-06-15 10:02:13] INFO [parse] 开始处理招商银行文件: /var*********************************************************************************
[2026-06-15 10:02:13] DEBUG [detect_file_format] 文件 /var********************************************************************************* Magic Bytes 检测为 xlsx 格式 (ZIP/OOXML)
[2026-06-15 10:02:13] INFO [validate_headers] 招商银行文件工作表「活期交易明细」表头校验通过，7 个字段均匹配
[2026-06-15 10:02:13] DEBUG [detect_file_format] 文件 /var******************************************************************************* Magic Bytes 检测为 xlsx 格式 (ZIP/OOXML)
[2026-06-15 10:02:13] INFO [load_lookup_table] 查找表加载完成：共 5 条条目，5 个唯一账号，0 个扩展字段
[2026-06-15 10:02:13] DEBUG [get_subject_info] 银行账号「6225年88月」匹配到主体: 杭**********司（优先级: 0）
[2026-06-15 10:02:13] INFO [_parse_sheet] 招商银行文件工作表「活期交易明细」提取 2 条记录
[2026-06-15 10:02:13] INFO [parse] 招商银行文件处理完成，共提取 2 条记录
[2026-06-15 10:02:13] INFO [setup_logging] 日志系统初始化完成，日志文件: /Use*******************************************************************************************************
[2026-06-15 10:02:13] INFO [setup_logging] 未检测到 tkinter，将使用命令行交互模式
[2026-06-15 10:02:13] INFO [parse] 开始处理北京银行文件: /var*********************************************************************************
[2026-06-15 10:02:13] DEBUG [detect_file_format] 文件 /var********************************************************************************* Magic Bytes 检测为 xlsx 格式 (ZIP/OOXML)
[2026-06-15 10:02:13] INFO [validate_headers] 北京银行文件工作表「交易明细」表头校验通过，7 个字段均匹配
[2026-06-15 10:02:13] DEBUG [detect_file_format] 文件 /var******************************************************************************* Magic Bytes 检测为 xlsx 格式 (ZIP/OOXML)
[2026-06-15 10:02:13] INFO [load_lookup_table] 查找表加载完成：共 5 条条目，5 个唯一账号，0 个扩展字段
[2026-06-15 10:02:13] DEBUG [get_subject_info] 银行账号「0109年03月」匹配到主体: 北********司（优先级: 0）
[2026-06-15 10:02:13] INFO [_parse_sheet] 北京银行文件工作表「交易明细」提取 2 条记录
[2026-06-15 10:02:13] INFO [parse] 北京银行文件处理完成，共提取 2 条记录
[2026-06-15 10:02:13] INFO [setup_logging] 日志系统初始化完成，日志文件: /Use*******************************************************************************************************
[2026-06-15 10:02:13] INFO [setup_logging] 未检测到 tkinter，将使用命令行交互模式
[2026-06-15 10:02:13] INFO [parse] 开始处理东亚银行文件: /var*********************************************************************************
[2026-06-15 10:02:13] DEBUG [detect_file_format] 文件 /var********************************************************************************* Magic Bytes 检测为 xlsx 格式 (ZIP/OOXML)
[2026-06-15 10:02:13] INFO [validate_headers] 东亚银行文件工作表「交易明细」表头校验通过，7 个字段均匹配
[2026-06-15 10:02:13] DEBUG [detect_file_format] 文件 /var******************************************************************************* Magic Bytes 检测为 xlsx 格式 (ZIP/OOXML)
[2026-06-15 10:02:13] INFO [load_lookup_table] 查找表加载完成：共 5 条条目，5 个唯一账号，0 个扩展字段
[2026-06-15 10:02:13] DEBUG [get_subject_info] 银行账号「3881年23月」匹配到主体: 上********司（优先级: 0）
[2026-06-15 10:02:13] INFO [_parse_sheet] 东亚银行文件工作表「交易明细」提取 2 条记录
[2026-06-15 10:02:13] INFO [parse] 东亚银行文件处理完成，共提取 2 条记录
[2026-06-15 10:02:13] INFO [setup_logging] 日志系统初始化完成，日志文件: /Use*******************************************************************************************************
[2026-06-15 10:02:13] INFO [setup_logging] 未检测到 tkinter，将使用命令行交互模式
[2026-06-15 10:02:13] INFO [parse] 开始处理工商银行文件: /var*********************************************************************************
[2026-06-15 10:02:13] DEBUG [detect_file_format] 文件 /var********************************************************************************* Magic Bytes 检测为 xlsx 格式 (ZIP/OOXML)
[2026-06-15 10:02:13] INFO [validate_headers] 工商银行文件工作表「交易明细」表头校验通过，7 个字段均匹配
[2026-06-15 10:02:13] DEBUG [detect_file_format] 文件 /var******************************************************************************* Magic Bytes 检测为 xlsx 格式 (ZIP/OOXML)
[2026-06-15 10:02:13] INFO [load_lookup_table] 查找表加载完成：共 5 条条目，5 个唯一账号，0 个扩展字段
[2026-06-15 10:02:13] DEBUG [get_subject_info] 银行账号「6222年02月」匹配到主体: 深********司（优先级: 0）
[2026-06-15 10:02:13] INFO [_parse_sheet] 工商银行文件工作表「交易明细」提取 2 条记录
[2026-06-15 10:02:13] INFO [parse] 工商银行文件处理完成，共提取 2 条记录
[2026-06-15 10:02:13] INFO [setup_logging] 日志系统初始化完成，日志文件: /Use*******************************************************************************************************
[2026-06-15 10:02:13] INFO [setup_logging] 未检测到 tkinter，将使用命令行交互模式
[2026-06-15 10:02:13] INFO [parse] 开始处理建设银行文件: /var*********************************************************************************
[2026-06-15 10:02:13] DEBUG [detect_file_format] 文件 /var********************************************************************************* Magic Bytes 检测为 xlsx 格式 (ZIP/OOXML)
[2026-06-15 10:02:13] INFO [validate_headers] 建设银行文件工作表「交易明细」表头校验通过，7 个字段均匹配
[2026-06-15 10:02:13] DEBUG [detect_file_format] 文件 /var******************************************************************************* Magic Bytes 检测为 xlsx 格式 (ZIP/OOXML)
[2026-06-15 10:02:13] INFO [load_lookup_table] 查找表加载完成：共 5 条条目，5 个唯一账号，0 个扩展字段
[2026-06-15 10:02:13] DEBUG [get_subject_info] 银行账号「6227年00月」匹配到主体: 广**********司（优先级: 0）
[2026-06-15 10:02:13] INFO [_parse_sheet] 建设银行文件工作表「交易明细」提取 2 条记录
[2026-06-15 10:02:13] INFO [parse] 建设银行文件处理完成，共提取 2 条记录
[2026-06-15 10:02:13] INFO [setup_logging] 日志系统初始化完成，日志文件: /Use*******************************************************************************************************
[2026-06-15 10:02:13] INFO [setup_logging] 未检测到 tkinter，将使用命令行交互模式
[2026-06-15 10:02:14] INFO [parse] 开始处理招商银行文件: /var*********************************************************************************
[2026-06-15 10:02:14] DEBUG [detect_file_format] 文件 /var********************************************************************************* Magic Bytes 检测为 xlsx 格式 (ZIP/OOXML)
[2026-06-15 10:02:14] INFO [validate_headers] 招商银行文件工作表「活期交易明细」表头校验通过，7 个字段均匹配
[2026-06-15 10:02:14] DEBUG [detect_file_format] 文件 /var******************************************************************************* Magic Bytes 检测为 xlsx 格式 (ZIP/OOXML)
[2026-06-15 10:02:14] INFO [load_lookup_table] 查找表加载完成：共 5 条条目，5 个唯一账号，0 个扩展字段
[2026-06-15 10:02:14] DEBUG [get_subject_info] 银行账号「6225年88月」匹配到主体: 杭**********司（优先级: 0）
[2026-06-15 10:02:14] INFO [_parse_sheet] 招商银行文件工作表「活期交易明细」提取 2 条记录
[2026-06-15 10:02:14] INFO [parse] 招商银行文件处理完成，共提取 2 条记录
[2026-06-15 10:02:14] INFO [setup_logging] 日志系统初始化完成，日志文件: /Use*******************************************************************************************************
[2026-06-15 10:02:14] INFO [setup_logging] 未检测到 tkinter，将使用命令行交互模式
[2026-06-15 10:02:14] INFO [parse] 开始处理北京银行文件: /var*********************************************************************************
[2026-06-15 10:02:14] DEBUG [detect_file_format] 文件 /var********************************************************************************* Magic Bytes 检测为 xlsx 格式 (ZIP/OOXML)
[2026-06-15 10:02:14] INFO [validate_headers] 北京银行文件工作表「交易明细」表头校验通过，7 个字段均匹配
[2026-06-15 10:02:14] DEBUG [detect_file_format] 文件 /var******************************************************************************* Magic Bytes 检测为 xlsx 格式 (ZIP/OOXML)
[2026-06-15 10:02:14] INFO [load_lookup_table] 查找表加载完成：共 5 条条目，5 个唯一账号，0 个扩展字段
[2026-06-15 10:02:14] DEBUG [get_subject_info] 银行账号「0109年03月」匹配到主体: 北********司（优先级: 0）
[2026-06-15 10:02:14] INFO [_parse_sheet] 北京银行文件工作表「交易明细」提取 2 条记录
[2026-06-15 10:02:14] INFO [parse] 北京银行文件处理完成，共提取 2 条记录
[2026-06-15 10:02:14] INFO [setup_logging] 日志系统初始化完成，日志文件: /Use*******************************************************************************************************
[2026-06-15 10:02:14] INFO [setup_logging] 未检测到 tkinter，将使用命令行交互模式
[2026-06-15 10:02:14] INFO [parse] 开始处理东亚银行文件: /var*********************************************************************************
[2026-06-15 10:02:14] DEBUG [detect_file_format] 文件 /var********************************************************************************* Magic Bytes 检测为 xlsx 格式 (ZIP/OOXML)
[2026-06-15 10:02:14] INFO [validate_headers] 东亚银行文件工作表「交易明细」表头校验通过，7 个字段均匹配
[2026-06-15 10:02:14] DEBUG [detect_file_format] 文件 /var******************************************************************************* Magic Bytes 检测为 xlsx 格式 (ZIP/OOXML)
[2026-06-15 10:02:14] INFO [load_lookup_table] 查找表加载完成：共 5 条条目，5 个唯一账号，0 个扩展字段
[2026-06-15 10:02:14] DEBUG [get_subject_info] 银行账号「3881年23月」匹配到主体: 上********司（优先级: 0）
[2026-06-15 10:02:14] INFO [_parse_sheet] 东亚银行文件工作表「交易明细」提取 2 条记录
[2026-06-15 10:02:14] INFO [parse] 东亚银行文件处理完成，共提取 2 条记录
[2026-06-15 10:02:14] INFO [setup_logging] 日志系统初始化完成，日志文件: /Use*******************************************************************************************************
[2026-06-15 10:02:14] INFO [setup_logging] 未检测到 tkinter，将使用命令行交互模式
[2026-06-15 10:02:14] INFO [parse] 开始处理工商银行文件: /var*********************************************************************************
[2026-06-15 10:02:14] DEBUG [detect_file_format] 文件 /var********************************************************************************* Magic Bytes 检测为 xlsx 格式 (ZIP/OOXML)
[2026-06-15 10:02:14] INFO [validate_headers] 工商银行文件工作表「交易明细」表头校验通过，7 个字段均匹配
[2026-06-15 10:02:14] DEBUG [detect_file_format] 文件 /var******************************************************************************* Magic Bytes 检测为 xlsx 格式 (ZIP/OOXML)
[2026-06-15 10:02:14] INFO [load_lookup_table] 查找表加载完成：共 5 条条目，5 个唯一账号，0 个扩展字段
[2026-06-15 10:02:14] DEBUG [get_subject_info] 银行账号「6222年02月」匹配到主体: 深********司（优先级: 0）
[2026-06-15 10:02:14] INFO [_parse_sheet] 工商银行文件工作表「交易明细」提取 2 条记录
[2026-06-15 10:02:14] INFO [parse] 工商银行文件处理完成，共提取 2 条记录
[2026-06-15 10:02:14] INFO [setup_logging] 日志系统初始化完成，日志文件: /Use*******************************************************************************************************
[2026-06-15 10:02:14] INFO [setup_logging] 未检测到 tkinter，将使用命令行交互模式
[2026-06-15 10:02:14] INFO [parse] 开始处理建设银行文件: /var*********************************************************************************
[2026-06-15 10:02:14] DEBUG [detect_file_format] 文件 /var********************************************************************************* Magic Bytes 检测为 xlsx 格式 (ZIP/OOXML)
[2026-06-15 10:02:14] INFO [validate_headers] 建设银行文件工作表「交易明细」表头校验通过，7 个字段均匹配
[2026-06-15 10:02:14] DEBUG [detect_file_format] 文件 /var******************************************************************************* Magic Bytes 检测为 xlsx 格式 (ZIP/OOXML)
[2026-06-15 10:02:14] INFO [load_lookup_table] 查找表加载完成：共 5 条条目，5 个唯一账号，0 个扩展字段
[2026-06-15 10:02:14] DEBUG [get_subject_info] 银行账号「6227年00月」匹配到主体: 广**********司（优先级: 0）
[2026-06-15 10:02:14] INFO [_parse_sheet] 建设银行文件工作表「交易明细」提取 2 条记录
[2026-06-15 10:02:14] INFO [parse] 建设银行文件处理完成，共提取 2 条记录
[2026-06-15 10:02:14] INFO [setup_logging] 日志系统初始化完成，日志文件: /Use*******************************************************************************************************
[2026-06-15 10:02:14] INFO [setup_logging] 未检测到 tkinter，将使用命令行交互模式
[2026-06-15 10:02:14] INFO [parse] 开始处理招商银行文件: /var*********************************************************************************
[2026-06-15 10:02:14] DEBUG [detect_file_format] 文件 /var********************************************************************************* Magic Bytes 检测为 xlsx 格式 (ZIP/OOXML)
[2026-06-15 10:02:14] INFO [validate_headers] 招商银行文件工作表「活期交易明细」表头校验通过，7 个字段均匹配
[2026-06-15 10:02:14] DEBUG [detect_file_format] 文件 /var******************************************************************************* Magic Bytes 检测为 xlsx 格式 (ZIP/OOXML)
[2026-06-15 10:02:14] INFO [load_lookup_table] 查找表加载完成：共 5 条条目，5 个唯一账号，0 个扩展字段
[2026-06-15 10:02:14] DEBUG [get_subject_info] 银行账号「6225年88月」匹配到主体: 杭**********司（优先级: 0）
[2026-06-15 10:02:14] INFO [_parse_sheet] 招商银行文件工作表「活期交易明细」提取 2 条记录
[2026-06-15 10:02:14] INFO [parse] 招商银行文件处理完成，共提取 2 条记录
[2026-06-15 10:02:14] INFO [setup_logging] 日志系统初始化完成，日志文件: /Use*******************************************************************************************************
[2026-06-15 10:02:14] INFO [setup_logging] 未检测到 tkinter，将使用命令行交互模式
[2026-06-15 10:02:14] INFO [parse] 开始处理北京银行文件: /var*********************************************************************************
[2026-06-15 10:02:14] DEBUG [detect_file_format] 文件 /var********************************************************************************* Magic Bytes 检测为 xlsx 格式 (ZIP/OOXML)
[2026-06-15 10:02:14] INFO [validate_headers] 北京银行文件工作表「交易明细」表头校验通过，7 个字段均匹配
[2026-06-15 10:02:14] DEBUG [detect_file_format] 文件 /var******************************************************************************* Magic Bytes 检测为 xlsx 格式 (ZIP/OOXML)
[2026-06-15 10:02:14] INFO [load_lookup_table] 查找表加载完成：共 5 条条目，5 个唯一账号，0 个扩展字段
[2026-06-15 10:02:14] DEBUG [get_subject_info] 银行账号「0109年03月」匹配到主体: 北********司（优先级: 0）
[2026-06-15 10:02:14] INFO [_parse_sheet] 北京银行文件工作表「交易明细」提取 2 条记录
[2026-06-15 10:02:14] INFO [parse] 北京银行文件处理完成，共提取 2 条记录
[2026-06-15 10:02:14] INFO [setup_logging] 日志系统初始化完成，日志文件: /Use*******************************************************************************************************
[2026-06-15 10:02:14] INFO [setup_logging] 未检测到 tkinter，将使用命令行交互模式
[2026-06-15 10:02:14] INFO [parse] 开始处理东亚银行文件: /var*********************************************************************************
[2026-06-15 10:02:14] DEBUG [detect_file_format] 文件 /var********************************************************************************* Magic Bytes 检测为 xlsx 格式 (ZIP/OOXML)
[2026-06-15 10:02:14] INFO [validate_headers] 东亚银行文件工作表「交易明细」表头校验通过，7 个字段均匹配
[2026-06-15 10:02:14] DEBUG [detect_file_format] 文件 /var******************************************************************************* Magic Bytes 检测为 xlsx 格式 (ZIP/OOXML)
[2026-06-15 10:02:14] INFO [load_lookup_table] 查找表加载完成：共 5 条条目，5 个唯一账号，0 个扩展字段
[2026-06-15 10:02:14] DEBUG [get_subject_info] 银行账号「3881年23月」匹配到主体: 上********司（优先级: 0）
[2026-06-15 10:02:14] INFO [_parse_sheet] 东亚银行文件工作表「交易明细」提取 2 条记录
[2026-06-15 10:02:14] INFO [parse] 东亚银行文件处理完成，共提取 2 条记录
[2026-06-15 10:02:14] INFO [setup_logging] 日志系统初始化完成，日志文件: /Use*******************************************************************************************************
[2026-06-15 10:02:14] INFO [setup_logging] 未检测到 tkinter，将使用命令行交互模式
[2026-06-15 10:02:14] INFO [parse] 开始处理工商银行文件: /var*********************************************************************************
[2026-06-15 10:02:14] DEBUG [detect_file_format] 文件 /var********************************************************************************* Magic Bytes 检测为 xlsx 格式 (ZIP/OOXML)
[2026-06-15 10:02:14] INFO [validate_headers] 工商银行文件工作表「交易明细」表头校验通过，7 个字段均匹配
[2026-06-15 10:02:14] DEBUG [detect_file_format] 文件 /var******************************************************************************* Magic Bytes 检测为 xlsx 格式 (ZIP/OOXML)
[2026-06-15 10:02:14] INFO [load_lookup_table] 查找表加载完成：共 5 条条目，5 个唯一账号，0 个扩展字段
[2026-06-15 10:02:14] DEBUG [get_subject_info] 银行账号「6222年02月」匹配到主体: 深********司（优先级: 0）
[2026-06-15 10:02:14] INFO [_parse_sheet] 工商银行文件工作表「交易明细」提取 2 条记录
[2026-06-15 10:02:14] INFO [parse] 工商银行文件处理完成，共提取 2 条记录
[2026-06-15 10:02:14] INFO [setup_logging] 日志系统初始化完成，日志文件: /Use*******************************************************************************************************
[2026-06-15 10:02:14] INFO [setup_logging] 未检测到 tkinter，将使用命令行交互模式
[2026-06-15 10:02:14] INFO [parse] 开始处理建设银行文件: /var*********************************************************************************
[2026-06-15 10:02:14] DEBUG [detect_file_format] 文件 /var********************************************************************************* Magic Bytes 检测为 xlsx 格式 (ZIP/OOXML)
[2026-06-15 10:02:14] INFO [validate_headers] 建设银行文件工作表「交易明细」表头校验通过，7 个字段均匹配
[2026-06-15 10:02:14] DEBUG [detect_file_format] 文件 /var******************************************************************************* Magic Bytes 检测为 xlsx 格式 (ZIP/OOXML)
[2026-06-15 10:02:14] INFO [load_lookup_table] 查找表加载完成：共 5 条条目，5 个唯一账号，0 个扩展字段
[2026-06-15 10:02:14] DEBUG [get_subject_info] 银行账号「6227年00月」匹配到主体: 广**********司（优先级: 0）
[2026-06-15 10:02:14] INFO [_parse_sheet] 建设银行文件工作表「交易明细」提取 2 条记录
[2026-06-15 10:02:14] INFO [parse] 建设银行文件处理完成，共提取 2 条记录
[2026-06-15 10:02:14] INFO [setup_logging] 日志系统初始化完成，日志文件: /Use*******************************************************************************************************
[2026-06-15 10:02:14] INFO [setup_logging] 未检测到 tkinter，将使用命令行交互模式
[2026-06-15 10:02:14] INFO [parse] 开始处理招商银行文件: /var*********************************************************************************
[2026-06-15 10:02:14] DEBUG [detect_file_format] 文件 /var********************************************************************************* Magic Bytes 检测为 xlsx 格式 (ZIP/OOXML)
[2026-06-15 10:02:14] INFO [validate_headers] 招商银行文件工作表「活期交易明细」表头校验通过，7 个字段均匹配
[2026-06-15 10:02:14] DEBUG [detect_file_format] 文件 /var******************************************************************************* Magic Bytes 检测为 xlsx 格式 (ZIP/OOXML)
[2026-06-15 10:02:14] INFO [load_lookup_table] 查找表加载完成：共 5 条条目，5 个唯一账号，0 个扩展字段
[2026-06-15 10:02:14] DEBUG [get_subject_info] 银行账号「6225年88月」匹配到主体: 杭**********司（优先级: 0）
[2026-06-15 10:02:14] INFO [_parse_sheet] 招商银行文件工作表「活期交易明细」提取 2 条记录
[2026-06-15 10:02:14] INFO [parse] 招商银行文件处理完成，共提取 2 条记录
[2026-06-15 10:02:14] INFO [setup_logging] 日志系统初始化完成，日志文件: /Use*******************************************************************************************************
[2026-06-15 10:02:14] INFO [setup_logging] 未检测到 tkinter，将使用命令行交互模式
[2026-06-15 10:02:14] INFO [parse] 开始处理北京银行文件: /var*********************************************************************************
[2026-06-15 10:02:14] DEBUG [detect_file_format] 文件 /var********************************************************************************* Magic Bytes 检测为 xlsx 格式 (ZIP/OOXML)
[2026-06-15 10:02:14] INFO [validate_headers] 北京银行文件工作表「交易明细」表头校验通过，7 个字段均匹配
[2026-06-15 10:02:14] DEBUG [detect_file_format] 文件 /var******************************************************************************* Magic Bytes 检测为 xlsx 格式 (ZIP/OOXML)
[2026-06-15 10:02:14] INFO [load_lookup_table] 查找表加载完成：共 5 条条目，5 个唯一账号，0 个扩展字段
[2026-06-15 10:02:14] DEBUG [get_subject_info] 银行账号「0109年03月」匹配到主体: 北********司（优先级: 0）
[2026-06-15 10:02:14] INFO [_parse_sheet] 北京银行文件工作表「交易明细」提取 2 条记录
[2026-06-15 10:02:14] INFO [parse] 北京银行文件处理完成，共提取 2 条记录
[2026-06-15 10:02:14] INFO [setup_logging] 日志系统初始化完成，日志文件: /Use*******************************************************************************************************
[2026-06-15 10:02:14] INFO [setup_logging] 未检测到 tkinter，将使用命令行交互模式
[2026-06-15 10:02:14] INFO [parse] 开始处理东亚银行文件: /var*********************************************************************************
[2026-06-15 10:02:14] DEBUG [detect_file_format] 文件 /var********************************************************************************* Magic Bytes 检测为 xlsx 格式 (ZIP/OOXML)
[2026-06-15 10:02:14] INFO [validate_headers] 东亚银行文件工作表「交易明细」表头校验通过，7 个字段均匹配
[2026-06-15 10:02:14] DEBUG [detect_file_format] 文件 /var******************************************************************************* Magic Bytes 检测为 xlsx 格式 (ZIP/OOXML)
[2026-06-15 10:02:14] INFO [load_lookup_table] 查找表加载完成：共 5 条条目，5 个唯一账号，0 个扩展字段
[2026-06-15 10:02:14] DEBUG [get_subject_info] 银行账号「3881年23月」匹配到主体: 上********司（优先级: 0）
[2026-06-15 10:02:14] INFO [_parse_sheet] 东亚银行文件工作表「交易明细」提取 2 条记录
[2026-06-15 10:02:14] INFO [parse] 东亚银行文件处理完成，共提取 2 条记录
[2026-06-15 10:02:14] INFO [setup_logging] 日志系统初始化完成，日志文件: /Use*******************************************************************************************************
[2026-06-15 10:02:14] INFO [setup_logging] 未检测到 tkinter，将使用命令行交互模式
[2026-06-15 10:02:14] INFO [parse] 开始处理工商银行文件: /var*********************************************************************************
[2026-06-15 10:02:14] DEBUG [detect_file_format] 文件 /var********************************************************************************* Magic Bytes 检测为 xlsx 格式 (ZIP/OOXML)
[2026-06-15 10:02:14] INFO [validate_headers] 工商银行文件工作表「交易明细」表头校验通过，7 个字段均匹配
[2026-06-15 10:02:14] DEBUG [detect_file_format] 文件 /var******************************************************************************* Magic Bytes 检测为 xlsx 格式 (ZIP/OOXML)
[2026-06-15 10:02:14] INFO [load_lookup_table] 查找表加载完成：共 5 条条目，5 个唯一账号，0 个扩展字段
[2026-06-15 10:02:14] DEBUG [get_subject_info] 银行账号「6222年02月」匹配到主体: 深********司（优先级: 0）
[2026-06-15 10:02:14] INFO [_parse_sheet] 工商银行文件工作表「交易明细」提取 2 条记录
[2026-06-15 10:02:14] INFO [parse] 工商银行文件处理完成，共提取 2 条记录
[2026-06-15 10:02:14] INFO [setup_logging] 日志系统初始化完成，日志文件: /Use*******************************************************************************************************
[2026-06-15 10:02:14] INFO [setup_logging] 未检测到 tkinter，将使用命令行交互模式
[2026-06-15 10:02:14] INFO [parse] 开始处理建设银行文件: /var*********************************************************************************
[2026-06-15 10:02:14] DEBUG [detect_file_format] 文件 /var********************************************************************************* Magic Bytes 检测为 xlsx 格式 (ZIP/OOXML)
[2026-06-15 10:02:14] INFO [validate_headers] 建设银行文件工作表「交易明细」表头校验通过，7 个字段均匹配
[2026-06-15 10:02:14] DEBUG [detect_file_format] 文件 /var******************************************************************************* Magic Bytes 检测为 xlsx 格式 (ZIP/OOXML)
[2026-06-15 10:02:14] INFO [load_lookup_table] 查找表加载完成：共 5 条条目，5 个唯一账号，0 个扩展字段
[2026-06-15 10:02:14] DEBUG [get_subject_info] 银行账号「6227年00月」匹配到主体: 广**********司（优先级: 0）
[2026-06-15 10:02:14] INFO [_parse_sheet] 建设银行文件工作表「交易明细」提取 2 条记录
[2026-06-15 10:02:14] INFO [parse] 建设银行文件处理完成，共提取 2 条记录
[2026-06-15 10:02:14] INFO [setup_logging] 日志系统初始化完成，日志文件: /Use*******************************************************************************************************
[2026-06-15 10:02:14] INFO [setup_logging] 未检测到 tkinter，将使用命令行交互模式
[2026-06-15 10:02:14] INFO [parse] 开始处理招商银行文件: /var*********************************************************************************
[2026-06-15 10:02:14] DEBUG [detect_file_format] 文件 /var********************************************************************************* Magic Bytes 检测为 xlsx 格式 (ZIP/OOXML)
[2026-06-15 10:02:14] INFO [validate_headers] 招商银行文件工作表「活期交易明细」表头校验通过，7 个字段均匹配
[2026-06-15 10:02:14] DEBUG [detect_file_format] 文件 /var******************************************************************************* Magic Bytes 检测为 xlsx 格式 (ZIP/OOXML)
[2026-06-15 10:02:14] INFO [load_lookup_table] 查找表加载完成：共 5 条条目，5 个唯一账号，0 个扩展字段
[2026-06-15 10:02:14] DEBUG [get_subject_info] 银行账号「6225年88月」匹配到主体: 杭**********司（优先级: 0）
[2026-06-15 10:02:14] INFO [_parse_sheet] 招商银行文件工作表「活期交易明细」提取 2 条记录
[2026-06-15 10:02:14] INFO [parse] 招商银行文件处理完成，共提取 2 条记录
[2026-06-15 10:02:14] INFO [setup_logging] 日志系统初始化完成，日志文件: /Use*******************************************************************************************************
[2026-06-15 10:02:14] INFO [setup_logging] 未检测到 tkinter，将使用命令行交互模式
[2026-06-15 10:02:14] INFO [parse] 开始处理北京银行文件: /var*********************************************************************************
[2026-06-15 10:02:14] DEBUG [detect_file_format] 文件 /var********************************************************************************* Magic Bytes 检测为 xlsx 格式 (ZIP/OOXML)
[2026-06-15 10:02:14] INFO [validate_headers] 北京银行文件工作表「交易明细」表头校验通过，7 个字段均匹配
[2026-06-15 10:02:14] DEBUG [detect_file_format] 文件 /var******************************************************************************* Magic Bytes 检测为 xlsx 格式 (ZIP/OOXML)
[2026-06-15 10:02:14] INFO [load_lookup_table] 查找表加载完成：共 5 条条目，5 个唯一账号，0 个扩展字段
[2026-06-15 10:02:14] DEBUG [get_subject_info] 银行账号「0109年03月」匹配到主体: 北********司（优先级: 0）
[2026-06-15 10:02:14] INFO [_parse_sheet] 北京银行文件工作表「交易明细」提取 2 条记录
[2026-06-15 10:02:14] INFO [parse] 北京银行文件处理完成，共提取 2 条记录
[2026-06-15 10:02:14] INFO [setup_logging] 日志系统初始化完成，日志文件: /Use*******************************************************************************************************
[2026-06-15 10:02:14] INFO [setup_logging] 未检测到 tkinter，将使用命令行交互模式
[2026-06-15 10:02:14] INFO [parse] 开始处理东亚银行文件: /var*********************************************************************************
[2026-06-15 10:02:14] DEBUG [detect_file_format] 文件 /var********************************************************************************* Magic Bytes 检测为 xlsx 格式 (ZIP/OOXML)
[2026-06-15 10:02:14] INFO [validate_headers] 东亚银行文件工作表「交易明细」表头校验通过，7 个字段均匹配
[2026-06-15 10:02:14] DEBUG [detect_file_format] 文件 /var******************************************************************************* Magic Bytes 检测为 xlsx 格式 (ZIP/OOXML)
[2026-06-15 10:02:14] INFO [load_lookup_table] 查找表加载完成：共 5 条条目，5 个唯一账号，0 个扩展字段
[2026-06-15 10:02:14] DEBUG [get_subject_info] 银行账号「3881年23月」匹配到主体: 上********司（优先级: 0）
[2026-06-15 10:02:14] INFO [_parse_sheet] 东亚银行文件工作表「交易明细」提取 2 条记录
[2026-06-15 10:02:14] INFO [parse] 东亚银行文件处理完成，共提取 2 条记录
[2026-06-15 10:02:14] INFO [setup_logging] 日志系统初始化完成，日志文件: /Use*******************************************************************************************************
[2026-06-15 10:02:14] INFO [setup_logging] 未检测到 tkinter，将使用命令行交互模式
[2026-06-15 10:02:14] INFO [parse] 开始处理工商银行文件: /var*********************************************************************************
[2026-06-15 10:02:14] DEBUG [detect_file_format] 文件 /var********************************************************************************* Magic Bytes 检测为 xlsx 格式 (ZIP/OOXML)
[2026-06-15 10:02:14] INFO [validate_headers] 工商银行文件工作表「交易明细」表头校验通过，7 个字段均匹配
[2026-06-15 10:02:14] DEBUG [detect_file_format] 文件 /var******************************************************************************* Magic Bytes 检测为 xlsx 格式 (ZIP/OOXML)
[2026-06-15 10:02:14] INFO [load_lookup_table] 查找表加载完成：共 5 条条目，5 个唯一账号，0 个扩展字段
[2026-06-15 10:02:14] DEBUG [get_subject_info] 银行账号「6222年02月」匹配到主体: 深********司（优先级: 0）
[2026-06-15 10:02:14] INFO [_parse_sheet] 工商银行文件工作表「交易明细」提取 2 条记录
[2026-06-15 10:02:14] INFO [parse] 工商银行文件处理完成，共提取 2 条记录
[2026-06-15 10:02:14] INFO [setup_logging] 日志系统初始化完成，日志文件: /Use*******************************************************************************************************
[2026-06-15 10:02:14] INFO [setup_logging] 未检测到 tkinter，将使用命令行交互模式
[2026-06-15 10:02:14] INFO [parse] 开始处理建设银行文件: /var*********************************************************************************
[2026-06-15 10:02:14] DEBUG [detect_file_format] 文件 /var********************************************************************************* Magic Bytes 检测为 xlsx 格式 (ZIP/OOXML)
[2026-06-15 10:02:14] INFO [validate_headers] 建设银行文件工作表「交易明细」表头校验通过，7 个字段均匹配
[2026-06-15 10:02:14] DEBUG [detect_file_format] 文件 /var******************************************************************************* Magic Bytes 检测为 xlsx 格式 (ZIP/OOXML)
[2026-06-15 10:02:14] INFO [load_lookup_table] 查找表加载完成：共 5 条条目，5 个唯一账号，0 个扩展字段
[2026-06-15 10:02:14] DEBUG [get_subject_info] 银行账号「6227年00月」匹配到主体: 广**********司（优先级: 0）
[2026-06-15 10:02:14] INFO [_parse_sheet] 建设银行文件工作表「交易明细」提取 2 条记录
[2026-06-15 10:02:14] INFO [parse] 建设银行文件处理完成，共提取 2 条记录
[2026-06-15 10:02:14] INFO [setup_logging] 日志系统初始化完成，日志文件: /Use*******************************************************************************************************
[2026-06-15 10:02:14] INFO [setup_logging] 未检测到 tkinter，将使用命令行交互模式
[2026-06-15 10:02:14] INFO [parse] 开始处理招商银行文件: /var*********************************************************************************
[2026-06-15 10:02:14] DEBUG [detect_file_format] 文件 /var********************************************************************************* Magic Bytes 检测为 xlsx 格式 (ZIP/OOXML)
[2026-06-15 10:02:14] INFO [validate_headers] 招商银行文件工作表「活期交易明细」表头校验通过，7 个字段均匹配
[2026-06-15 10:02:14] DEBUG [detect_file_format] 文件 /var******************************************************************************* Magic Bytes 检测为 xlsx 格式 (ZIP/OOXML)
[2026-06-15 10:02:14] INFO [load_lookup_table] 查找表加载完成：共 5 条条目，5 个唯一账号，0 个扩展字段
[2026-06-15 10:02:14] DEBUG [get_subject_info] 银行账号「6225年88月」匹配到主体: 杭**********司（优先级: 0）
[2026-06-15 10:02:14] INFO [_parse_sheet] 招商银行文件工作表「活期交易明细」提取 2 条记录
[2026-06-15 10:02:15] INFO [parse] 招商银行文件处理完成，共提取 2 条记录
[2026-06-15 10:02:15] INFO [setup_logging] 日志系统初始化完成，日志文件: /Use*******************************************************************************************************
[2026-06-15 10:02:15] INFO [setup_logging] 未检测到 tkinter，将使用命令行交互模式
[2026-06-15 10:02:15] INFO [parse] 开始处理北京银行文件: /var*********************************************************************************
[2026-06-15 10:02:15] DEBUG [detect_file_format] 文件 /var********************************************************************************* Magic Bytes 检测为 xlsx 格式 (ZIP/OOXML)
[2026-06-15 10:02:15] INFO [validate_headers] 北京银行文件工作表「交易明细」表头校验通过，7 个字段均匹配
[2026-06-15 10:02:15] DEBUG [detect_file_format] 文件 /var******************************************************************************* Magic Bytes 检测为 xlsx 格式 (ZIP/OOXML)
[2026-06-15 10:02:15] INFO [load_lookup_table] 查找表加载完成：共 5 条条目，5 个唯一账号，0 个扩展字段
[2026-06-15 10:02:15] DEBUG [get_subject_info] 银行账号「0109年03月」匹配到主体: 北********司（优先级: 0）
[2026-06-15 10:02:15] INFO [_parse_sheet] 北京银行文件工作表「交易明细」提取 2 条记录
[2026-06-15 10:02:15] INFO [parse] 北京银行文件处理完成，共提取 2 条记录
[2026-06-15 10:02:15] INFO [setup_logging] 日志系统初始化完成，日志文件: /Use*******************************************************************************************************
[2026-06-15 10:02:15] INFO [setup_logging] 未检测到 tkinter，将使用命令行交互模式
[2026-06-15 10:02:15] INFO [parse] 开始处理东亚银行文件: /var*********************************************************************************
[2026-06-15 10:02:15] DEBUG [detect_file_format] 文件 /var********************************************************************************* Magic Bytes 检测为 xlsx 格式 (ZIP/OOXML)
[2026-06-15 10:02:15] INFO [validate_headers] 东亚银行文件工作表「交易明细」表头校验通过，7 个字段均匹配
[2026-06-15 10:02:15] DEBUG [detect_file_format] 文件 /var******************************************************************************* Magic Bytes 检测为 xlsx 格式 (ZIP/OOXML)
[2026-06-15 10:02:15] INFO [load_lookup_table] 查找表加载完成：共 5 条条目，5 个唯一账号，0 个扩展字段
[2026-06-15 10:02:15] DEBUG [get_subject_info] 银行账号「3881年23月」匹配到主体: 上********司（优先级: 0）
[2026-06-15 10:02:15] INFO [_parse_sheet] 东亚银行文件工作表「交易明细」提取 2 条记录
[2026-06-15 10:02:15] INFO [parse] 东亚银行文件处理完成，共提取 2 条记录
[2026-06-15 10:02:15] INFO [setup_logging] 日志系统初始化完成，日志文件: /Use*******************************************************************************************************
[2026-06-15 10:02:15] INFO [setup_logging] 未检测到 tkinter，将使用命令行交互模式
[2026-06-15 10:02:15] INFO [parse] 开始处理工商银行文件: /var*********************************************************************************
[2026-06-15 10:02:15] DEBUG [detect_file_format] 文件 /var********************************************************************************* Magic Bytes 检测为 xlsx 格式 (ZIP/OOXML)
[2026-06-15 10:02:15] INFO [validate_headers] 工商银行文件工作表「交易明细」表头校验通过，7 个字段均匹配
[2026-06-15 10:02:15] DEBUG [detect_file_format] 文件 /var******************************************************************************* Magic Bytes 检测为 xlsx 格式 (ZIP/OOXML)
[2026-06-15 10:02:15] INFO [load_lookup_table] 查找表加载完成：共 5 条条目，5 个唯一账号，0 个扩展字段
[2026-06-15 10:02:15] DEBUG [get_subject_info] 银行账号「6222年02月」匹配到主体: 深********司（优先级: 0）
[2026-06-15 10:02:15] INFO [_parse_sheet] 工商银行文件工作表「交易明细」提取 2 条记录
[2026-06-15 10:02:15] INFO [parse] 工商银行文件处理完成，共提取 2 条记录
[2026-06-15 10:02:15] INFO [setup_logging] 日志系统初始化完成，日志文件: /Use*******************************************************************************************************
[2026-06-15 10:02:15] INFO [setup_logging] 未检测到 tkinter，将使用命令行交互模式
[2026-06-15 10:02:15] INFO [parse] 开始处理建设银行文件: /var*********************************************************************************
[2026-06-15 10:02:15] DEBUG [detect_file_format] 文件 /var********************************************************************************* Magic Bytes 检测为 xlsx 格式 (ZIP/OOXML)
[2026-06-15 10:02:15] INFO [validate_headers] 建设银行文件工作表「交易明细」表头校验通过，7 个字段均匹配
[2026-06-15 10:02:15] DEBUG [detect_file_format] 文件 /var******************************************************************************* Magic Bytes 检测为 xlsx 格式 (ZIP/OOXML)
[2026-06-15 10:02:15] INFO [load_lookup_table] 查找表加载完成：共 5 条条目，5 个唯一账号，0 个扩展字段
[2026-06-15 10:02:15] DEBUG [get_subject_info] 银行账号「6227年00月」匹配到主体: 广**********司（优先级: 0）
[2026-06-15 10:02:15] INFO [_parse_sheet] 建设银行文件工作表「交易明细」提取 2 条记录
[2026-06-15 10:02:15] INFO [parse] 建设银行文件处理完成，共提取 2 条记录
[2026-06-15 10:02:15] INFO [setup_logging] 日志系统初始化完成，日志文件: /Use*******************************************************************************************************
[2026-06-15 10:02:15] INFO [setup_logging] 未检测到 tkinter，将使用命令行交互模式
[2026-06-15 10:02:15] INFO [parse] 开始处理招商银行文件: /var*********************************************************************************
[2026-06-15 10:02:15] DEBUG [detect_file_format] 文件 /var********************************************************************************* Magic Bytes 检测为 xlsx 格式 (ZIP/OOXML)
[2026-06-15 10:02:15] INFO [validate_headers] 招商银行文件工作表「活期交易明细」表头校验通过，7 个字段均匹配
[2026-06-15 10:02:15] DEBUG [detect_file_format] 文件 /var******************************************************************************* Magic Bytes 检测为 xlsx 格式 (ZIP/OOXML)
[2026-06-15 10:02:15] INFO [load_lookup_table] 查找表加载完成：共 5 条条目，5 个唯一账号，0 个扩展字段
[2026-06-15 10:02:15] DEBUG [get_subject_info] 银行账号「6225年88月」匹配到主体: 杭**********司（优先级: 0）
[2026-06-15 10:02:15] INFO [_parse_sheet] 招商银行文件工作表「活期交易明细」提取 2 条记录
[2026-06-15 10:02:15] INFO [parse] 招商银行文件处理完成，共提取 2 条记录
[2026-06-15 10:02:15] INFO [setup_logging] 日志系统初始化完成，日志文件: /Use*******************************************************************************************************
[2026-06-15 10:02:15] INFO [setup_logging] 未检测到 tkinter，将使用命令行交互模式
[2026-06-15 10:02:15] INFO [parse] 开始处理北京银行文件: /var*********************************************************************************
[2026-06-15 10:02:15] DEBUG [detect_file_format] 文件 /var********************************************************************************* Magic Bytes 检测为 xlsx 格式 (ZIP/OOXML)
[2026-06-15 10:02:15] INFO [validate_headers] 北京银行文件工作表「交易明细」表头校验通过，7 个字段均匹配
[2026-06-15 10:02:15] DEBUG [detect_file_format] 文件 /var******************************************************************************* Magic Bytes 检测为 xlsx 格式 (ZIP/OOXML)
[2026-06-15 10:02:15] INFO [load_lookup_table] 查找表加载完成：共 5 条条目，5 个唯一账号，0 个扩展字段
[2026-06-15 10:02:15] DEBUG [get_subject_info] 银行账号「0109年03月」匹配到主体: 北********司（优先级: 0）
[2026-06-15 10:02:15] INFO [_parse_sheet] 北京银行文件工作表「交易明细」提取 2 条记录
[2026-06-15 10:02:15] INFO [parse] 北京银行文件处理完成，共提取 2 条记录
[2026-06-15 10:02:15] INFO [setup_logging] 日志系统初始化完成，日志文件: /Use*******************************************************************************************************
[2026-06-15 10:02:15] INFO [setup_logging] 未检测到 tkinter，将使用命令行交互模式
[2026-06-15 10:02:15] INFO [parse] 开始处理东亚银行文件: /var*********************************************************************************
[2026-06-15 10:02:15] DEBUG [detect_file_format] 文件 /var********************************************************************************* Magic Bytes 检测为 xlsx 格式 (ZIP/OOXML)
[2026-06-15 10:02:15] INFO [validate_headers] 东亚银行文件工作表「交易明细」表头校验通过，7 个字段均匹配
[2026-06-15 10:02:15] DEBUG [detect_file_format] 文件 /var******************************************************************************* Magic Bytes 检测为 xlsx 格式 (ZIP/OOXML)
[2026-06-15 10:02:15] INFO [load_lookup_table] 查找表加载完成：共 5 条条目，5 个唯一账号，0 个扩展字段
[2026-06-15 10:02:15] DEBUG [get_subject_info] 银行账号「3881年23月」匹配到主体: 上********司（优先级: 0）
[2026-06-15 10:02:15] INFO [_parse_sheet] 东亚银行文件工作表「交易明细」提取 2 条记录
[2026-06-15 10:02:15] INFO [parse] 东亚银行文件处理完成，共提取 2 条记录
[2026-06-15 10:02:15] INFO [setup_logging] 日志系统初始化完成，日志文件: /Use*******************************************************************************************************
[2026-06-15 10:02:15] INFO [setup_logging] 未检测到 tkinter，将使用命令行交互模式
[2026-06-15 10:02:15] INFO [parse] 开始处理工商银行文件: /var*********************************************************************************
[2026-06-15 10:02:15] DEBUG [detect_file_format] 文件 /var********************************************************************************* Magic Bytes 检测为 xlsx 格式 (ZIP/OOXML)
[2026-06-15 10:02:15] INFO [validate_headers] 工商银行文件工作表「交易明细」表头校验通过，7 个字段均匹配
[2026-06-15 10:02:15] DEBUG [detect_file_format] 文件 /var******************************************************************************* Magic Bytes 检测为 xlsx 格式 (ZIP/OOXML)
[2026-06-15 10:02:15] INFO [load_lookup_table] 查找表加载完成：共 5 条条目，5 个唯一账号，0 个扩展字段
[2026-06-15 10:02:15] DEBUG [get_subject_info] 银行账号「6222年02月」匹配到主体: 深********司（优先级: 0）
[2026-06-15 10:02:15] INFO [_parse_sheet] 工商银行文件工作表「交易明细」提取 2 条记录
[2026-06-15 10:02:15] INFO [parse] 工商银行文件处理完成，共提取 2 条记录
[2026-06-15 10:02:15] INFO [setup_logging] 日志系统初始化完成，日志文件: /Use*******************************************************************************************************
[2026-06-15 10:02:15] INFO [setup_logging] 未检测到 tkinter，将使用命令行交互模式
[2026-06-15 10:02:15] INFO [parse] 开始处理建设银行文件: /var*********************************************************************************
[2026-06-15 10:02:15] DEBUG [detect_file_format] 文件 /var********************************************************************************* Magic Bytes 检测为 xlsx 格式 (ZIP/OOXML)
[2026-06-15 10:02:15] INFO [validate_headers] 建设银行文件工作表「交易明细」表头校验通过，7 个字段均匹配
[2026-06-15 10:02:15] DEBUG [detect_file_format] 文件 /var******************************************************************************* Magic Bytes 检测为 xlsx 格式 (ZIP/OOXML)
[2026-06-15 10:02:15] INFO [load_lookup_table] 查找表加载完成：共 5 条条目，5 个唯一账号，0 个扩展字段
[2026-06-15 10:02:15] DEBUG [get_subject_info] 银行账号「6227年00月」匹配到主体: 广**********司（优先级: 0）
[2026-06-15 10:02:15] INFO [_parse_sheet] 建设银行文件工作表「交易明细」提取 2 条记录
[2026-06-15 10:02:15] INFO [parse] 建设银行文件处理完成，共提取 2 条记录
[2026-06-15 10:02:15] INFO [setup_logging] 日志系统初始化完成，日志文件: /Use*******************************************************************************************************
[2026-06-15 10:02:15] INFO [setup_logging] 未检测到 tkinter，将使用命令行交互模式
[2026-06-15 10:02:15] INFO [parse] 开始处理招商银行文件: /var*********************************************************************************
[2026-06-15 10:02:15] DEBUG [detect_file_format] 文件 /var********************************************************************************* Magic Bytes 检测为 xlsx 格式 (ZIP/OOXML)
[2026-06-15 10:02:15] INFO [validate_headers] 招商银行文件工作表「活期交易明细」表头校验通过，7 个字段均匹配
[2026-06-15 10:02:15] DEBUG [detect_file_format] 文件 /var******************************************************************************* Magic Bytes 检测为 xlsx 格式 (ZIP/OOXML)
[2026-06-15 10:02:15] INFO [load_lookup_table] 查找表加载完成：共 5 条条目，5 个唯一账号，0 个扩展字段
[2026-06-15 10:02:15] DEBUG [get_subject_info] 银行账号「6225年88月」匹配到主体: 杭**********司（优先级: 0）
[2026-06-15 10:02:15] INFO [_parse_sheet] 招商银行文件工作表「活期交易明细」提取 2 条记录
[2026-06-15 10:02:15] INFO [parse] 招商银行文件处理完成，共提取 2 条记录
[2026-06-15 10:02:15] INFO [setup_logging] 日志系统初始化完成，日志文件: /Use*******************************************************************************************************
[2026-06-15 10:02:15] INFO [setup_logging] 未检测到 tkinter，将使用命令行交互模式
[2026-06-15 10:02:15] INFO [parse] 开始处理北京银行文件: /var*********************************************************************************
[2026-06-15 10:02:15] DEBUG [detect_file_format] 文件 /var********************************************************************************* Magic Bytes 检测为 xlsx 格式 (ZIP/OOXML)
[2026-06-15 10:02:15] INFO [validate_headers] 北京银行文件工作表「交易明细」表头校验通过，7 个字段均匹配
[2026-06-15 10:02:15] DEBUG [detect_file_format] 文件 /var******************************************************************************* Magic Bytes 检测为 xlsx 格式 (ZIP/OOXML)
[2026-06-15 10:02:15] INFO [load_lookup_table] 查找表加载完成：共 5 条条目，5 个唯一账号，0 个扩展字段
[2026-06-15 10:02:15] DEBUG [get_subject_info] 银行账号「0109年03月」匹配到主体: 北********司（优先级: 0）
[2026-06-15 10:02:15] INFO [_parse_sheet] 北京银行文件工作表「交易明细」提取 2 条记录
[2026-06-15 10:02:15] INFO [parse] 北京银行文件处理完成，共提取 2 条记录
[2026-06-15 10:02:15] INFO [setup_logging] 日志系统初始化完成，日志文件: /Use*******************************************************************************************************
[2026-06-15 10:02:15] INFO [setup_logging] 未检测到 tkinter，将使用命令行交互模式
[2026-06-15 10:02:15] INFO [parse] 开始处理东亚银行文件: /var*********************************************************************************
[2026-06-15 10:02:15] DEBUG [detect_file_format] 文件 /var********************************************************************************* Magic Bytes 检测为 xlsx 格式 (ZIP/OOXML)
[2026-06-15 10:02:15] INFO [validate_headers] 东亚银行文件工作表「交易明细」表头校验通过，7 个字段均匹配
[2026-06-15 10:02:15] DEBUG [detect_file_format] 文件 /var******************************************************************************* Magic Bytes 检测为 xlsx 格式 (ZIP/OOXML)
[2026-06-15 10:02:15] INFO [load_lookup_table] 查找表加载完成：共 5 条条目，5 个唯一账号，0 个扩展字段
[2026-06-15 10:02:15] DEBUG [get_subject_info] 银行账号「3881年23月」匹配到主体: 上********司（优先级: 0）
[2026-06-15 10:02:15] INFO [_parse_sheet] 东亚银行文件工作表「交易明细」提取 2 条记录
[2026-06-15 10:02:15] INFO [parse] 东亚银行文件处理完成，共提取 2 条记录
[2026-06-15 10:02:15] INFO [setup_logging] 日志系统初始化完成，日志文件: /Use*******************************************************************************************************
[2026-06-15 10:02:15] INFO [setup_logging] 未检测到 tkinter，将使用命令行交互模式
[2026-06-15 10:02:15] INFO [parse] 开始处理工商银行文件: /var*********************************************************************************
[2026-06-15 10:02:15] DEBUG [detect_file_format] 文件 /var********************************************************************************* Magic Bytes 检测为 xlsx 格式 (ZIP/OOXML)
[2026-06-15 10:02:15] INFO [validate_headers] 工商银行文件工作表「交易明细」表头校验通过，7 个字段均匹配
[2026-06-15 10:02:15] DEBUG [detect_file_format] 文件 /var******************************************************************************* Magic Bytes 检测为 xlsx 格式 (ZIP/OOXML)
[2026-06-15 10:02:15] INFO [load_lookup_table] 查找表加载完成：共 5 条条目，5 个唯一账号，0 个扩展字段
[2026-06-15 10:02:15] DEBUG [get_subject_info] 银行账号「6222年02月」匹配到主体: 深********司（优先级: 0）
[2026-06-15 10:02:15] INFO [_parse_sheet] 工商银行文件工作表「交易明细」提取 2 条记录
[2026-06-15 10:02:15] INFO [parse] 工商银行文件处理完成，共提取 2 条记录
[2026-06-15 10:02:15] INFO [setup_logging] 日志系统初始化完成，日志文件: /Use*******************************************************************************************************
[2026-06-15 10:02:15] INFO [setup_logging] 未检测到 tkinter，将使用命令行交互模式
[2026-06-15 10:02:15] INFO [parse] 开始处理建设银行文件: /var*********************************************************************************
[2026-06-15 10:02:15] DEBUG [detect_file_format] 文件 /var********************************************************************************* Magic Bytes 检测为 xlsx 格式 (ZIP/OOXML)
[2026-06-15 10:02:15] INFO [validate_headers] 建设银行文件工作表「交易明细」表头校验通过，7 个字段均匹配
[2026-06-15 10:02:15] DEBUG [detect_file_format] 文件 /var******************************************************************************* Magic Bytes 检测为 xlsx 格式 (ZIP/OOXML)
[2026-06-15 10:02:15] INFO [load_lookup_table] 查找表加载完成：共 5 条条目，5 个唯一账号，0 个扩展字段
[2026-06-15 10:02:15] DEBUG [get_subject_info] 银行账号「6227年00月」匹配到主体: 广**********司（优先级: 0）
[2026-06-15 10:02:15] INFO [_parse_sheet] 建设银行文件工作表「交易明细」提取 2 条记录
[2026-06-15 10:02:15] INFO [parse] 建设银行文件处理完成，共提取 2 条记录
[2026-06-15 10:02:15] INFO [setup_logging] 日志系统初始化完成，日志文件: /Use*******************************************************************************************************
[2026-06-15 10:02:15] INFO [setup_logging] 未检测到 tkinter，将使用命令行交互模式
[2026-06-15 10:02:15] INFO [parse] 开始处理招商银行文件: /var*********************************************************************************
[2026-06-15 10:02:15] DEBUG [detect_file_format] 文件 /var********************************************************************************* Magic Bytes 检测为 xlsx 格式 (ZIP/OOXML)
[2026-06-15 10:02:15] INFO [validate_headers] 招商银行文件工作表「活期交易明细」表头校验通过，7 个字段均匹配
[2026-06-15 10:02:15] DEBUG [detect_file_format] 文件 /var******************************************************************************* Magic Bytes 检测为 xlsx 格式 (ZIP/OOXML)
[2026-06-15 10:02:15] INFO [load_lookup_table] 查找表加载完成：共 5 条条目，5 个唯一账号，0 个扩展字段
[2026-06-15 10:02:15] DEBUG [get_subject_info] 银行账号「6225年88月」匹配到主体: 杭**********司（优先级: 0）
[2026-06-15 10:02:15] INFO [_parse_sheet] 招商银行文件工作表「活期交易明细」提取 2 条记录
[2026-06-15 10:02:15] INFO [parse] 招商银行文件处理完成，共提取 2 条记录
[2026-06-15 10:02:15] INFO [setup_logging] 日志系统初始化完成，日志文件: /Use*******************************************************************************************************
[2026-06-15 10:02:15] INFO [setup_logging] 未检测到 tkinter，将使用命令行交互模式
[2026-06-15 10:02:15] INFO [parse] 开始处理北京银行文件: /var*********************************************************************************
[2026-06-15 10:02:15] DEBUG [detect_file_format] 文件 /var********************************************************************************* Magic Bytes 检测为 xlsx 格式 (ZIP/OOXML)
[2026-06-15 10:02:15] INFO [validate_headers] 北京银行文件工作表「交易明细」表头校验通过，7 个字段均匹配
[2026-06-15 10:02:15] DEBUG [detect_file_format] 文件 /var******************************************************************************* Magic Bytes 检测为 xlsx 格式 (ZIP/OOXML)
[2026-06-15 10:02:15] INFO [load_lookup_table] 查找表加载完成：共 5 条条目，5 个唯一账号，0 个扩展字段
[2026-06-15 10:02:15] DEBUG [get_subject_info] 银行账号「0109年03月」匹配到主体: 北********司（优先级: 0）
[2026-06-15 10:02:15] INFO [_parse_sheet] 北京银行文件工作表「交易明细」提取 2 条记录
[2026-06-15 10:02:15] INFO [parse] 北京银行文件处理完成，共提取 2 条记录
[2026-06-15 10:02:15] INFO [setup_logging] 日志系统初始化完成，日志文件: /Use*******************************************************************************************************
[2026-06-15 10:02:15] INFO [setup_logging] 未检测到 tkinter，将使用命令行交互模式
[2026-06-15 10:02:15] INFO [parse] 开始处理东亚银行文件: /var*********************************************************************************
[2026-06-15 10:02:15] DEBUG [detect_file_format] 文件 /var********************************************************************************* Magic Bytes 检测为 xlsx 格式 (ZIP/OOXML)
[2026-06-15 10:02:15] INFO [validate_headers] 东亚银行文件工作表「交易明细」表头校验通过，7 个字段均匹配
[2026-06-15 10:02:15] DEBUG [detect_file_format] 文件 /var******************************************************************************* Magic Bytes 检测为 xlsx 格式 (ZIP/OOXML)
[2026-06-15 10:02:15] INFO [load_lookup_table] 查找表加载完成：共 5 条条目，5 个唯一账号，0 个扩展字段
[2026-06-15 10:02:15] DEBUG [get_subject_info] 银行账号「3881年23月」匹配到主体: 上********司（优先级: 0）
[2026-06-15 10:02:15] INFO [_parse_sheet] 东亚银行文件工作表「交易明细」提取 2 条记录
[2026-06-15 10:02:15] INFO [parse] 东亚银行文件处理完成，共提取 2 条记录
[2026-06-15 10:02:15] INFO [setup_logging] 日志系统初始化完成，日志文件: /Use*******************************************************************************************************
[2026-06-15 10:02:15] INFO [setup_logging] 未检测到 tkinter，将使用命令行交互模式
[2026-06-15 10:02:15] INFO [parse] 开始处理工商银行文件: /var*********************************************************************************
[2026-06-15 10:02:15] DEBUG [detect_file_format] 文件 /var********************************************************************************* Magic Bytes 检测为 xlsx 格式 (ZIP/OOXML)
[2026-06-15 10:02:15] INFO [validate_headers] 工商银行文件工作表「交易明细」表头校验通过，7 个字段均匹配
[2026-06-15 10:02:15] DEBUG [detect_file_format] 文件 /var******************************************************************************* Magic Bytes 检测为 xlsx 格式 (ZIP/OOXML)
[2026-06-15 10:02:15] INFO [load_lookup_table] 查找表加载完成：共 5 条条目，5 个唯一账号，0 个扩展字段
[2026-06-15 10:02:15] DEBUG [get_subject_info] 银行账号「6222年02月」匹配到主体: 深********司（优先级: 0）
[2026-06-15 10:02:15] INFO [_parse_sheet] 工商银行文件工作表「交易明细」提取 2 条记录
[2026-06-15 10:02:15] INFO [parse] 工商银行文件处理完成，共提取 2 条记录
[2026-06-15 10:02:15] INFO [setup_logging] 日志系统初始化完成，日志文件: /Use*******************************************************************************************************
[2026-06-15 10:02:15] INFO [setup_logging] 未检测到 tkinter，将使用命令行交互模式
[2026-06-15 10:02:15] INFO [parse] 开始处理建设银行文件: /var*********************************************************************************
[2026-06-15 10:02:15] DEBUG [detect_file_format] 文件 /var********************************************************************************* Magic Bytes 检测为 xlsx 格式 (ZIP/OOXML)
[2026-06-15 10:02:15] INFO [validate_headers] 建设银行文件工作表「交易明细」表头校验通过，7 个字段均匹配
[2026-06-15 10:02:15] DEBUG [detect_file_format] 文件 /var******************************************************************************* Magic Bytes 检测为 xlsx 格式 (ZIP/OOXML)
[2026-06-15 10:02:15] INFO [load_lookup_table] 查找表加载完成：共 5 条条目，5 个唯一账号，0 个扩展字段
[2026-06-15 10:02:15] DEBUG [get_subject_info] 银行账号「6227年00月」匹配到主体: 广**********司（优先级: 0）
[2026-06-15 10:02:15] INFO [_parse_sheet] 建设银行文件工作表「交易明细」提取 2 条记录
[2026-06-15 10:02:15] INFO [parse] 建设银行文件处理完成，共提取 2 条记录
[2026-06-15 10:02:15] INFO [setup_logging] 日志系统初始化完成，日志文件: /Use*******************************************************************************************************
[2026-06-15 10:02:15] INFO [setup_logging] 未检测到 tkinter，将使用命令行交互模式
[2026-06-15 10:02:15] INFO [parse] 开始处理招商银行文件: /var*********************************************************************************
[2026-06-15 10:02:15] DEBUG [detect_file_format] 文件 /var********************************************************************************* Magic Bytes 检测为 xlsx 格式 (ZIP/OOXML)
[2026-06-15 10:02:15] INFO [validate_headers] 招商银行文件工作表「活期交易明细」表头校验通过，7 个字段均匹配
[2026-06-15 10:02:15] DEBUG [detect_file_format] 文件 /var******************************************************************************* Magic Bytes 检测为 xlsx 格式 (ZIP/OOXML)
[2026-06-15 10:02:15] INFO [load_lookup_table] 查找表加载完成：共 5 条条目，5 个唯一账号，0 个扩展字段
[2026-06-15 10:02:15] DEBUG [get_subject_info] 银行账号「6225年88月」匹配到主体: 杭**********司（优先级: 0）
[2026-06-15 10:02:15] INFO [_parse_sheet] 招商银行文件工作表「活期交易明细」提取 2 条记录
[2026-06-15 10:02:15] INFO [parse] 招商银行文件处理完成，共提取 2 条记录
[2026-06-15 10:02:15] INFO [setup_logging] 日志系统初始化完成，日志文件: /Use*******************************************************************************************************
[2026-06-15 10:02:15] INFO [setup_logging] 未检测到 tkinter，将使用命令行交互模式
[2026-06-15 10:02:15] INFO [parse] 开始处理北京银行文件: /var*********************************************************************************
[2026-06-15 10:02:15] DEBUG [detect_file_format] 文件 /var********************************************************************************* Magic Bytes 检测为 xlsx 格式 (ZIP/OOXML)
[2026-06-15 10:02:15] INFO [validate_headers] 北京银行文件工作表「交易明细」表头校验通过，7 个字段均匹配
[2026-06-15 10:02:15] DEBUG [detect_file_format] 文件 /var******************************************************************************* Magic Bytes 检测为 xlsx 格式 (ZIP/OOXML)
[2026-06-15 10:02:15] INFO [load_lookup_table] 查找表加载完成：共 5 条条目，5 个唯一账号，0 个扩展字段
[2026-06-15 10:02:15] DEBUG [get_subject_info] 银行账号「0109年03月」匹配到主体: 北********司（优先级: 0）
[2026-06-15 10:02:15] INFO [_parse_sheet] 北京银行文件工作表「交易明细」提取 2 条记录
[2026-06-15 10:02:15] INFO [parse] 北京银行文件处理完成，共提取 2 条记录
[2026-06-15 10:02:15] INFO [setup_logging] 日志系统初始化完成，日志文件: /Use*******************************************************************************************************
[2026-06-15 10:02:15] INFO [setup_logging] 未检测到 tkinter，将使用命令行交互模式
[2026-06-15 10:02:15] INFO [parse] 开始处理东亚银行文件: /var*********************************************************************************
[2026-06-15 10:02:15] DEBUG [detect_file_format] 文件 /var********************************************************************************* Magic Bytes 检测为 xlsx 格式 (ZIP/OOXML)
[2026-06-15 10:02:15] INFO [validate_headers] 东亚银行文件工作表「交易明细」表头校验通过，7 个字段均匹配
[2026-06-15 10:02:15] DEBUG [detect_file_format] 文件 /var******************************************************************************* Magic Bytes 检测为 xlsx 格式 (ZIP/OOXML)
[2026-06-15 10:02:15] INFO [load_lookup_table] 查找表加载完成：共 5 条条目，5 个唯一账号，0 个扩展字段
[2026-06-15 10:02:15] DEBUG [get_subject_info] 银行账号「3881年23月」匹配到主体: 上********司（优先级: 0）
[2026-06-15 10:02:15] INFO [_parse_sheet] 东亚银行文件工作表「交易明细」提取 2 条记录
[2026-06-15 10:02:15] INFO [parse] 东亚银行文件处理完成，共提取 2 条记录
[2026-06-15 10:02:15] INFO [setup_logging] 日志系统初始化完成，日志文件: /Use*******************************************************************************************************
[2026-06-15 10:02:15] INFO [setup_logging] 未检测到 tkinter，将使用命令行交互模式
[2026-06-15 10:02:15] INFO [parse] 开始处理工商银行文件: /var*********************************************************************************
[2026-06-15 10:02:15] DEBUG [detect_file_format] 文件 /var********************************************************************************* Magic Bytes 检测为 xlsx 格式 (ZIP/OOXML)
[2026-06-15 10:02:15] INFO [validate_headers] 工商银行文件工作表「交易明细」表头校验通过，7 个字段均匹配
[2026-06-15 10:02:15] DEBUG [detect_file_format] 文件 /var******************************************************************************* Magic Bytes 检测为 xlsx 格式 (ZIP/OOXML)
[2026-06-15 10:02:15] INFO [load_lookup_table] 查找表加载完成：共 5 条条目，5 个唯一账号，0 个扩展字段
[2026-06-15 10:02:15] DEBUG [get_subject_info] 银行账号「6222年02月」匹配到主体: 深********司（优先级: 0）
[2026-06-15 10:02:15] INFO [_parse_sheet] 工商银行文件工作表「交易明细」提取 2 条记录
[2026-06-15 10:02:15] INFO [parse] 工商银行文件处理完成，共提取 2 条记录
[2026-06-15 10:02:15] INFO [setup_logging] 日志系统初始化完成，日志文件: /Use*******************************************************************************************************
[2026-06-15 10:02:15] INFO [setup_logging] 未检测到 tkinter，将使用命令行交互模式
[2026-06-15 10:02:15] INFO [parse] 开始处理建设银行文件: /var*********************************************************************************
[2026-06-15 10:02:15] DEBUG [detect_file_format] 文件 /var********************************************************************************* Magic Bytes 检测为 xlsx 格式 (ZIP/OOXML)
[2026-06-15 10:02:15] INFO [validate_headers] 建设银行文件工作表「交易明细」表头校验通过，7 个字段均匹配
[2026-06-15 10:02:15] DEBUG [detect_file_format] 文件 /var******************************************************************************* Magic Bytes 检测为 xlsx 格式 (ZIP/OOXML)
[2026-06-15 10:02:15] INFO [load_lookup_table] 查找表加载完成：共 5 条条目，5 个唯一账号，0 个扩展字段
[2026-06-15 10:02:15] DEBUG [get_subject_info] 银行账号「6227年00月」匹配到主体: 广**********司（优先级: 0）
[2026-06-15 10:02:15] INFO [_parse_sheet] 建设银行文件工作表「交易明细」提取 2 条记录
[2026-06-15 10:02:15] INFO [parse] 建设银行文件处理完成，共提取 2 条记录
[2026-06-15 10:02:15] INFO [setup_logging] 日志系统初始化完成，日志文件: /Use*******************************************************************************************************
[2026-06-15 10:02:15] INFO [setup_logging] 未检测到 tkinter，将使用命令行交互模式
[2026-06-15 10:02:15] INFO [parse] 开始处理招商银行文件: /var*********************************************************************************
[2026-06-15 10:02:15] DEBUG [detect_file_format] 文件 /var********************************************************************************* Magic Bytes 检测为 xlsx 格式 (ZIP/OOXML)
[2026-06-15 10:02:15] INFO [validate_headers] 招商银行文件工作表「活期交易明细」表头校验通过，7 个字段均匹配
[2026-06-15 10:02:15] DEBUG [detect_file_format] 文件 /var******************************************************************************* Magic Bytes 检测为 xlsx 格式 (ZIP/OOXML)
[2026-06-15 10:02:15] INFO [load_lookup_table] 查找表加载完成：共 5 条条目，5 个唯一账号，0 个扩展字段
[2026-06-15 10:02:15] DEBUG [get_subject_info] 银行账号「6225年88月」匹配到主体: 杭**********司（优先级: 0）
[2026-06-15 10:02:15] INFO [_parse_sheet] 招商银行文件工作表「活期交易明细」提取 2 条记录
[2026-06-15 10:02:15] INFO [parse] 招商银行文件处理完成，共提取 2 条记录
[2026-06-15 10:02:15] INFO [setup_logging] 日志系统初始化完成，日志文件: /Use*******************************************************************************************************
[2026-06-15 10:02:15] INFO [setup_logging] 未检测到 tkinter，将使用命令行交互模式
[2026-06-15 10:02:15] INFO [parse] 开始处理北京银行文件: /var*********************************************************************************
[2026-06-15 10:02:15] DEBUG [detect_file_format] 文件 /var********************************************************************************* Magic Bytes 检测为 xlsx 格式 (ZIP/OOXML)
[2026-06-15 10:02:15] INFO [validate_headers] 北京银行文件工作表「交易明细」表头校验通过，7 个字段均匹配
[2026-06-15 10:02:15] DEBUG [detect_file_format] 文件 /var******************************************************************************* Magic Bytes 检测为 xlsx 格式 (ZIP/OOXML)
[2026-06-15 10:02:15] INFO [load_lookup_table] 查找表加载完成：共 5 条条目，5 个唯一账号，0 个扩展字段
[2026-06-15 10:02:15] DEBUG [get_subject_info] 银行账号「0109年03月」匹配到主体: 北********司（优先级: 0）
[2026-06-15 10:02:15] INFO [_parse_sheet] 北京银行文件工作表「交易明细」提取 2 条记录
[2026-06-15 10:02:15] INFO [parse] 北京银行文件处理完成，共提取 2 条记录
[2026-06-15 10:02:15] INFO [setup_logging] 日志系统初始化完成，日志文件: /Use*******************************************************************************************************
[2026-06-15 10:02:15] INFO [setup_logging] 未检测到 tkinter，将使用命令行交互模式
[2026-06-15 10:02:15] INFO [parse] 开始处理东亚银行文件: /var*********************************************************************************
[2026-06-15 10:02:15] DEBUG [detect_file_format] 文件 /var********************************************************************************* Magic Bytes 检测为 xlsx 格式 (ZIP/OOXML)
[2026-06-15 10:02:15] INFO [validate_headers] 东亚银行文件工作表「交易明细」表头校验通过，7 个字段均匹配
[2026-06-15 10:02:15] DEBUG [detect_file_format] 文件 /var******************************************************************************* Magic Bytes 检测为 xlsx 格式 (ZIP/OOXML)
[2026-06-15 10:02:15] INFO [load_lookup_table] 查找表加载完成：共 5 条条目，5 个唯一账号，0 个扩展字段
[2026-06-15 10:02:15] DEBUG [get_subject_info] 银行账号「3881年23月」匹配到主体: 上********司（优先级: 0）
[2026-06-15 10:02:15] INFO [_parse_sheet] 东亚银行文件工作表「交易明细」提取 2 条记录
[2026-06-15 10:02:15] INFO [parse] 东亚银行文件处理完成，共提取 2 条记录
[2026-06-15 10:02:15] INFO [setup_logging] 日志系统初始化完成，日志文件: /Use*******************************************************************************************************
[2026-06-15 10:02:15] INFO [setup_logging] 未检测到 tkinter，将使用命令行交互模式
[2026-06-15 10:02:15] INFO [parse] 开始处理工商银行文件: /var*********************************************************************************
[2026-06-15 10:02:15] DEBUG [detect_file_format] 文件 /var********************************************************************************* Magic Bytes 检测为 xlsx 格式 (ZIP/OOXML)
[2026-06-15 10:02:15] INFO [validate_headers] 工商银行文件工作表「交易明细」表头校验通过，7 个字段均匹配
[2026-06-15 10:02:15] DEBUG [detect_file_format] 文件 /var******************************************************************************* Magic Bytes 检测为 xlsx 格式 (ZIP/OOXML)
[2026-06-15 10:02:15] INFO [load_lookup_table] 查找表加载完成：共 5 条条目，5 个唯一账号，0 个扩展字段
[2026-06-15 10:02:15] DEBUG [get_subject_info] 银行账号「6222年02月」匹配到主体: 深********司（优先级: 0）
[2026-06-15 10:02:15] INFO [_parse_sheet] 工商银行文件工作表「交易明细」提取 2 条记录
[2026-06-15 10:02:15] INFO [parse] 工商银行文件处理完成，共提取 2 条记录
[2026-06-15 10:02:15] INFO [setup_logging] 日志系统初始化完成，日志文件: /Use*******************************************************************************************************
[2026-06-15 10:02:15] INFO [setup_logging] 未检测到 tkinter，将使用命令行交互模式
[2026-06-15 10:02:15] INFO [parse] 开始处理建设银行文件: /var*********************************************************************************
[2026-06-15 10:02:15] DEBUG [detect_file_format] 文件 /var********************************************************************************* Magic Bytes 检测为 xlsx 格式 (ZIP/OOXML)
[2026-06-15 10:02:15] INFO [validate_headers] 建设银行文件工作表「交易明细」表头校验通过，7 个字段均匹配
[2026-06-15 10:02:15] DEBUG [detect_file_format] 文件 /var******************************************************************************* Magic Bytes 检测为 xlsx 格式 (ZIP/OOXML)
[2026-06-15 10:02:15] INFO [load_lookup_table] 查找表加载完成：共 5 条条目，5 个唯一账号，0 个扩展字段
[2026-06-15 10:02:15] DEBUG [get_subject_info] 银行账号「6227年00月」匹配到主体: 广**********司（优先级: 0）
[2026-06-15 10:02:15] INFO [_parse_sheet] 建设银行文件工作表「交易明细」提取 2 条记录
[2026-06-15 10:02:15] INFO [parse] 建设银行文件处理完成，共提取 2 条记录
[2026-06-15 10:02:15] INFO [setup_logging] 日志系统初始化完成，日志文件: /Use*******************************************************************************************************
[2026-06-15 10:02:15] INFO [setup_logging] 未检测到 tkinter，将使用命令行交互模式
[2026-06-15 10:02:15] INFO [parse] 开始处理招商银行文件: /var*********************************************************************************
[2026-06-15 10:02:15] DEBUG [detect_file_format] 文件 /var********************************************************************************* Magic Bytes 检测为 xlsx 格式 (ZIP/OOXML)
[2026-06-15 10:02:15] INFO [validate_headers] 招商银行文件工作表「活期交易明细」表头校验通过，7 个字段均匹配
[2026-06-15 10:02:15] DEBUG [detect_file_format] 文件 /var******************************************************************************* Magic Bytes 检测为 xlsx 格式 (ZIP/OOXML)
[2026-06-15 10:02:15] INFO [load_lookup_table] 查找表加载完成：共 5 条条目，5 个唯一账号，0 个扩展字段
[2026-06-15 10:02:15] DEBUG [get_subject_info] 银行账号「6225年88月」匹配到主体: 杭**********司（优先级: 0）
[2026-06-15 10:02:15] INFO [_parse_sheet] 招商银行文件工作表「活期交易明细」提取 2 条记录
[2026-06-15 10:02:15] INFO [parse] 招商银行文件处理完成，共提取 2 条记录
[2026-06-15 10:02:15] INFO [setup_logging] 日志系统初始化完成，日志文件: /Use*******************************************************************************************************
[2026-06-15 10:02:15] INFO [setup_logging] 未检测到 tkinter，将使用命令行交互模式
[2026-06-15 10:02:15] INFO [parse] 开始处理北京银行文件: /var*********************************************************************************
[2026-06-15 10:02:15] DEBUG [detect_file_format] 文件 /var********************************************************************************* Magic Bytes 检测为 xlsx 格式 (ZIP/OOXML)
[2026-06-15 10:02:15] INFO [validate_headers] 北京银行文件工作表「交易明细」表头校验通过，7 个字段均匹配
[2026-06-15 10:02:15] WARNING [load_lookup_table] 主体查找表不存在或未指定，返回空查找表结构
[2026-06-15 10:02:15] WARNING [get_subject_info] 主体查找表不存在或未指定，银行账号「0109年03月」的主体将为空
[2026-06-15 10:02:15] INFO [_parse_sheet] 北京银行文件工作表「交易明细」提取 2 条记录
[2026-06-15 10:02:15] INFO [parse] 北京银行文件处理完成，共提取 2 条记录
[2026-06-15 10:02:15] INFO [setup_logging] 日志系统初始化完成，日志文件: /Use*******************************************************************************************************
[2026-06-15 10:02:15] INFO [setup_logging] 未检测到 tkinter，将使用命令行交互模式
[2026-06-15 10:02:15] INFO [parse] 开始处理东亚银行文件: /var*********************************************************************************
[2026-06-15 10:02:15] DEBUG [detect_file_format] 文件 /var********************************************************************************* Magic Bytes 检测为 xlsx 格式 (ZIP/OOXML)
[2026-06-15 10:02:15] INFO [validate_headers] 东亚银行文件工作表「交易明细」表头校验通过，7 个字段均匹配
[2026-06-15 10:02:15] WARNING [load_lookup_table] 主体查找表不存在或未指定，返回空查找表结构
[2026-06-15 10:02:15] WARNING [get_subject_info] 主体查找表不存在或未指定，银行账号「3881年23月」的主体将为空
[2026-06-15 10:02:15] INFO [_parse_sheet] 东亚银行文件工作表「交易明细」提取 2 条记录
[2026-06-15 10:02:15] INFO [parse] 东亚银行文件处理完成，共提取 2 条记录
[2026-06-15 10:02:15] INFO [setup_logging] 日志系统初始化完成，日志文件: /Use*******************************************************************************************************
[2026-06-15 10:02:15] INFO [setup_logging] 未检测到 tkinter，将使用命令行交互模式
[2026-06-15 10:02:15] INFO [parse] 开始处理工商银行文件: /var*********************************************************************************
[2026-06-15 10:02:15] DEBUG [detect_file_format] 文件 /var********************************************************************************* Magic Bytes 检测为 xlsx 格式 (ZIP/OOXML)
[2026-06-15 10:02:15] INFO [validate_headers] 工商银行文件工作表「交易明细」表头校验通过，7 个字段均匹配
[2026-06-15 10:02:15] WARNING [load_lookup_table] 主体查找表不存在或未指定，返回空查找表结构
[2026-06-15 10:02:15] WARNING [get_subject_info] 主体查找表不存在或未指定，银行账号「6222年02月」的主体将为空
[2026-06-15 10:02:15] INFO [_parse_sheet] 工商银行文件工作表「交易明细」提取 2 条记录
[2026-06-15 10:02:15] INFO [parse] 工商银行文件处理完成，共提取 2 条记录
[2026-06-15 10:02:15] INFO [setup_logging] 日志系统初始化完成，日志文件: /Use*******************************************************************************************************
[2026-06-15 10:02:15] INFO [setup_logging] 未检测到 tkinter，将使用命令行交互模式
[2026-06-15 10:02:15] INFO [parse] 开始处理建设银行文件: /var*********************************************************************************
[2026-06-15 10:02:15] DEBUG [detect_file_format] 文件 /var********************************************************************************* Magic Bytes 检测为 xlsx 格式 (ZIP/OOXML)
[2026-06-15 10:02:15] INFO [validate_headers] 建设银行文件工作表「交易明细」表头校验通过，7 个字段均匹配
[2026-06-15 10:02:15] WARNING [load_lookup_table] 主体查找表不存在或未指定，返回空查找表结构
[2026-06-15 10:02:15] WARNING [get_subject_info] 主体查找表不存在或未指定，银行账号「6227年00月」的主体将为空
[2026-06-15 10:02:15] INFO [_parse_sheet] 建设银行文件工作表「交易明细」提取 2 条记录
[2026-06-15 10:02:15] INFO [parse] 建设银行文件处理完成，共提取 2 条记录
[2026-06-15 10:02:15] INFO [setup_logging] 日志系统初始化完成，日志文件: /Use*******************************************************************************************************
[2026-06-15 10:02:15] INFO [setup_logging] 未检测到 tkinter，将使用命令行交互模式
[2026-06-15 10:02:15] INFO [parse] 开始处理招商银行文件: /var*********************************************************************************
[2026-06-15 10:02:15] DEBUG [detect_file_format] 文件 /var********************************************************************************* Magic Bytes 检测为 xlsx 格式 (ZIP/OOXML)
[2026-06-15 10:02:15] INFO [validate_headers] 招商银行文件工作表「活期交易明细」表头校验通过，7 个字段均匹配
[2026-06-15 10:02:15] WARNING [load_lookup_table] 主体查找表不存在或未指定，返回空查找表结构
[2026-06-15 10:02:15] WARNING [get_subject_info] 主体查找表不存在或未指定，银行账号「6225年88月」的主体将为空
[2026-06-15 10:02:15] INFO [_parse_sheet] 招商银行文件工作表「活期交易明细」提取 2 条记录
[2026-06-15 10:02:15] INFO [parse] 招商银行文件处理完成，共提取 2 条记录
[2026-06-15 10:02:15] INFO [setup_logging] 日志系统初始化完成，日志文件: /Use*******************************************************************************************************
[2026-06-15 10:02:15] INFO [setup_logging] 未检测到 tkinter，将使用命令行交互模式
[2026-06-15 10:02:15] INFO [parse] 开始处理北京银行文件: /var*********************************************************************************
[2026-06-15 10:02:15] DEBUG [detect_file_format] 文件 /var********************************************************************************* Magic Bytes 检测为 xlsx 格式 (ZIP/OOXML)
[2026-06-15 10:02:15] INFO [validate_headers] 北京银行文件工作表「交易明细」表头校验通过，7 个字段均匹配
[2026-06-15 10:02:15] DEBUG [detect_file_format] 文件 /var******************************************************************************* Magic Bytes 检测为 xlsx 格式 (ZIP/OOXML)
[2026-06-15 10:02:15] INFO [load_lookup_table] 查找表加载完成：共 5 条条目，5 个唯一账号，0 个扩展字段
[2026-06-15 10:02:15] WARNING [get_subject_info] 银行账号「{account}」在查找表中未找到对应主体
[2026-06-15 10:02:15] INFO [_parse_sheet] 北京银行文件工作表「交易明细」提取 2 条记录
[2026-06-15 10:02:15] INFO [parse] 北京银行文件处理完成，共提取 2 条记录
[2026-06-15 10:02:15] INFO [setup_logging] 日志系统初始化完成，日志文件: /Use*******************************************************************************************************
[2026-06-15 10:02:15] INFO [setup_logging] 未检测到 tkinter，将使用命令行交互模式
[2026-06-15 10:02:15] INFO [parse] 开始处理东亚银行文件: /var*********************************************************************************
[2026-06-15 10:02:15] DEBUG [detect_file_format] 文件 /var********************************************************************************* Magic Bytes 检测为 xlsx 格式 (ZIP/OOXML)
[2026-06-15 10:02:15] INFO [validate_headers] 东亚银行文件工作表「交易明细」表头校验通过，7 个字段均匹配
[2026-06-15 10:02:16] DEBUG [detect_file_format] 文件 /var******************************************************************************* Magic Bytes 检测为 xlsx 格式 (ZIP/OOXML)
[2026-06-15 10:02:16] INFO [load_lookup_table] 查找表加载完成：共 5 条条目，5 个唯一账号，0 个扩展字段
[2026-06-15 10:02:16] WARNING [get_subject_info] 银行账号「{account}」在查找表中未找到对应主体
[2026-06-15 10:02:16] INFO [_parse_sheet] 东亚银行文件工作表「交易明细」提取 2 条记录
[2026-06-15 10:02:16] INFO [parse] 东亚银行文件处理完成，共提取 2 条记录
[2026-06-15 10:02:16] INFO [setup_logging] 日志系统初始化完成，日志文件: /Use*******************************************************************************************************
[2026-06-15 10:02:16] INFO [setup_logging] 未检测到 tkinter，将使用命令行交互模式
[2026-06-15 10:02:16] INFO [parse] 开始处理工商银行文件: /var*********************************************************************************
[2026-06-15 10:02:16] DEBUG [detect_file_format] 文件 /var********************************************************************************* Magic Bytes 检测为 xlsx 格式 (ZIP/OOXML)
[2026-06-15 10:02:16] INFO [validate_headers] 工商银行文件工作表「交易明细」表头校验通过，7 个字段均匹配
[2026-06-15 10:02:16] DEBUG [detect_file_format] 文件 /var******************************************************************************* Magic Bytes 检测为 xlsx 格式 (ZIP/OOXML)
[2026-06-15 10:02:16] INFO [load_lookup_table] 查找表加载完成：共 5 条条目，5 个唯一账号，0 个扩展字段
[2026-06-15 10:02:16] WARNING [get_subject_info] 银行账号「{account}」在查找表中未找到对应主体
[2026-06-15 10:02:16] INFO [_parse_sheet] 工商银行文件工作表「交易明细」提取 2 条记录
[2026-06-15 10:02:16] INFO [parse] 工商银行文件处理完成，共提取 2 条记录
[2026-06-15 10:02:16] INFO [setup_logging] 日志系统初始化完成，日志文件: /Use*******************************************************************************************************
[2026-06-15 10:02:16] INFO [setup_logging] 未检测到 tkinter，将使用命令行交互模式
[2026-06-15 10:02:16] INFO [parse] 开始处理建设银行文件: /var*********************************************************************************
[2026-06-15 10:02:16] DEBUG [detect_file_format] 文件 /var********************************************************************************* Magic Bytes 检测为 xlsx 格式 (ZIP/OOXML)
[2026-06-15 10:02:16] INFO [validate_headers] 建设银行文件工作表「交易明细」表头校验通过，7 个字段均匹配
[2026-06-15 10:02:16] DEBUG [detect_file_format] 文件 /var******************************************************************************* Magic Bytes 检测为 xlsx 格式 (ZIP/OOXML)
[2026-06-15 10:02:16] INFO [load_lookup_table] 查找表加载完成：共 5 条条目，5 个唯一账号，0 个扩展字段
[2026-06-15 10:02:16] WARNING [get_subject_info] 银行账号「{account}」在查找表中未找到对应主体
[2026-06-15 10:02:16] INFO [_parse_sheet] 建设银行文件工作表「交易明细」提取 2 条记录
[2026-06-15 10:02:16] INFO [parse] 建设银行文件处理完成，共提取 2 条记录
[2026-06-15 10:02:16] INFO [setup_logging] 日志系统初始化完成，日志文件: /Use*******************************************************************************************************
[2026-06-15 10:02:16] INFO [setup_logging] 未检测到 tkinter，将使用命令行交互模式
[2026-06-15 10:02:16] INFO [parse] 开始处理招商银行文件: /var*********************************************************************************
[2026-06-15 10:02:16] DEBUG [detect_file_format] 文件 /var********************************************************************************* Magic Bytes 检测为 xlsx 格式 (ZIP/OOXML)
[2026-06-15 10:02:16] INFO [validate_headers] 招商银行文件工作表「活期交易明细」表头校验通过，7 个字段均匹配
[2026-06-15 10:02:16] DEBUG [detect_file_format] 文件 /var******************************************************************************* Magic Bytes 检测为 xlsx 格式 (ZIP/OOXML)
[2026-06-15 10:02:16] INFO [load_lookup_table] 查找表加载完成：共 5 条条目，5 个唯一账号，0 个扩展字段
[2026-06-15 10:02:16] WARNING [get_subject_info] 银行账号「{account}」在查找表中未找到对应主体
[2026-06-15 10:02:16] INFO [_parse_sheet] 招商银行文件工作表「活期交易明细」提取 2 条记录
[2026-06-15 10:02:16] INFO [parse] 招商银行文件处理完成，共提取 2 条记录
[2026-06-15 10:02:16] INFO [setup_logging] 日志系统初始化完成，日志文件: /Use*******************************************************************************************************
[2026-06-15 10:02:16] INFO [setup_logging] 未检测到 tkinter，将使用命令行交互模式
[2026-06-15 10:02:16] INFO [parse] 开始处理北京银行文件: /var*********************************************************************************
[2026-06-15 10:02:16] DEBUG [detect_file_format] 文件 /var********************************************************************************* Magic Bytes 检测为 xlsx 格式 (ZIP/OOXML)
[2026-06-15 10:02:16] INFO [validate_headers] 北京银行文件工作表「交易明细」表头校验通过，7 个字段均匹配
[2026-06-15 10:02:16] DEBUG [detect_file_format] 文件 /var******************************************************************************* Magic Bytes 检测为 xlsx 格式 (ZIP/OOXML)
[2026-06-15 10:02:16] INFO [load_lookup_table] 查找表加载完成：共 5 条条目，5 个唯一账号，0 个扩展字段
[2026-06-15 10:02:16] DEBUG [get_subject_info] 银行账号「0109年03月」匹配到主体: 北********司（优先级: 0）
[2026-06-15 10:02:16] INFO [_parse_sheet] 北京银行文件工作表「交易明细」提取 2 条记录
[2026-06-15 10:02:16] INFO [parse] 北京银行文件处理完成，共提取 2 条记录
[2026-06-15 10:02:16] INFO [setup_logging] 日志系统初始化完成，日志文件: /Use*******************************************************************************************************
[2026-06-15 10:02:16] INFO [setup_logging] 未检测到 tkinter，将使用命令行交互模式
[2026-06-15 10:02:16] INFO [parse] 开始处理东亚银行文件: /var*********************************************************************************
[2026-06-15 10:02:16] DEBUG [detect_file_format] 文件 /var********************************************************************************* Magic Bytes 检测为 xlsx 格式 (ZIP/OOXML)
[2026-06-15 10:02:16] INFO [validate_headers] 东亚银行文件工作表「交易明细」表头校验通过，7 个字段均匹配
[2026-06-15 10:02:16] DEBUG [detect_file_format] 文件 /var******************************************************************************* Magic Bytes 检测为 xlsx 格式 (ZIP/OOXML)
[2026-06-15 10:02:16] INFO [load_lookup_table] 查找表加载完成：共 5 条条目，5 个唯一账号，0 个扩展字段
[2026-06-15 10:02:16] DEBUG [get_subject_info] 银行账号「3881年23月」匹配到主体: 上********司（优先级: 0）
[2026-06-15 10:02:16] INFO [_parse_sheet] 东亚银行文件工作表「交易明细」提取 2 条记录
[2026-06-15 10:02:16] INFO [parse] 东亚银行文件处理完成，共提取 2 条记录
[2026-06-15 10:02:16] INFO [setup_logging] 日志系统初始化完成，日志文件: /Use*******************************************************************************************************
[2026-06-15 10:02:16] INFO [setup_logging] 未检测到 tkinter，将使用命令行交互模式
[2026-06-15 10:02:16] INFO [parse] 开始处理工商银行文件: /var*********************************************************************************
[2026-06-15 10:02:16] DEBUG [detect_file_format] 文件 /var********************************************************************************* Magic Bytes 检测为 xlsx 格式 (ZIP/OOXML)
[2026-06-15 10:02:16] INFO [validate_headers] 工商银行文件工作表「交易明细」表头校验通过，7 个字段均匹配
[2026-06-15 10:02:16] DEBUG [detect_file_format] 文件 /var******************************************************************************* Magic Bytes 检测为 xlsx 格式 (ZIP/OOXML)
[2026-06-15 10:02:16] INFO [load_lookup_table] 查找表加载完成：共 5 条条目，5 个唯一账号，0 个扩展字段
[2026-06-15 10:02:16] DEBUG [get_subject_info] 银行账号「6222年02月」匹配到主体: 深********司（优先级: 0）
[2026-06-15 10:02:16] INFO [_parse_sheet] 工商银行文件工作表「交易明细」提取 2 条记录
[2026-06-15 10:02:16] INFO [parse] 工商银行文件处理完成，共提取 2 条记录
[2026-06-15 10:02:16] INFO [setup_logging] 日志系统初始化完成，日志文件: /Use*******************************************************************************************************
[2026-06-15 10:02:16] INFO [setup_logging] 未检测到 tkinter，将使用命令行交互模式
[2026-06-15 10:02:16] INFO [parse] 开始处理建设银行文件: /var*********************************************************************************
[2026-06-15 10:02:16] DEBUG [detect_file_format] 文件 /var********************************************************************************* Magic Bytes 检测为 xlsx 格式 (ZIP/OOXML)
[2026-06-15 10:02:16] INFO [validate_headers] 建设银行文件工作表「交易明细」表头校验通过，7 个字段均匹配
[2026-06-15 10:02:16] DEBUG [detect_file_format] 文件 /var******************************************************************************* Magic Bytes 检测为 xlsx 格式 (ZIP/OOXML)
[2026-06-15 10:02:16] INFO [load_lookup_table] 查找表加载完成：共 5 条条目，5 个唯一账号，0 个扩展字段
[2026-06-15 10:02:16] DEBUG [get_subject_info] 银行账号「6227年00月」匹配到主体: 广**********司（优先级: 0）
[2026-06-15 10:02:16] INFO [_parse_sheet] 建设银行文件工作表「交易明细」提取 2 条记录
[2026-06-15 10:02:16] INFO [parse] 建设银行文件处理完成，共提取 2 条记录
[2026-06-15 10:02:16] INFO [setup_logging] 日志系统初始化完成，日志文件: /Use*******************************************************************************************************
[2026-06-15 10:02:16] INFO [setup_logging] 未检测到 tkinter，将使用命令行交互模式
[2026-06-15 10:02:16] INFO [parse] 开始处理招商银行文件: /var*********************************************************************************
[2026-06-15 10:02:16] DEBUG [detect_file_format] 文件 /var********************************************************************************* Magic Bytes 检测为 xlsx 格式 (ZIP/OOXML)
[2026-06-15 10:02:16] INFO [validate_headers] 招商银行文件工作表「活期交易明细」表头校验通过，7 个字段均匹配
[2026-06-15 10:02:16] DEBUG [detect_file_format] 文件 /var******************************************************************************* Magic Bytes 检测为 xlsx 格式 (ZIP/OOXML)
[2026-06-15 10:02:16] INFO [load_lookup_table] 查找表加载完成：共 5 条条目，5 个唯一账号，0 个扩展字段
[2026-06-15 10:02:16] DEBUG [get_subject_info] 银行账号「6225年88月」匹配到主体: 杭**********司（优先级: 0）
[2026-06-15 10:02:16] INFO [_parse_sheet] 招商银行文件工作表「活期交易明细」提取 2 条记录
[2026-06-15 10:02:16] INFO [parse] 招商银行文件处理完成，共提取 2 条记录
[2026-06-15 10:02:16] INFO [setup_logging] 日志系统初始化完成，日志文件: /Use*******************************************************************************************************
[2026-06-15 10:02:16] INFO [setup_logging] 未检测到 tkinter，将使用命令行交互模式
[2026-06-15 10:02:16] INFO [parse] 开始处理北京银行文件: /var*********************************************************************************
[2026-06-15 10:02:16] DEBUG [detect_file_format] 文件 /var********************************************************************************* Magic Bytes 检测为 xlsx 格式 (ZIP/OOXML)
[2026-06-15 10:02:16] INFO [validate_headers] 北京银行文件工作表「交易明细」表头校验通过，7 个字段均匹配
[2026-06-15 10:02:16] DEBUG [detect_file_format] 文件 /var******************************************************************************* Magic Bytes 检测为 xlsx 格式 (ZIP/OOXML)
[2026-06-15 10:02:16] INFO [load_lookup_table] 查找表加载完成：共 5 条条目，5 个唯一账号，0 个扩展字段
[2026-06-15 10:02:16] DEBUG [get_subject_info] 银行账号「0109年03月」匹配到主体: 北********司（优先级: 0）
[2026-06-15 10:02:16] INFO [_parse_sheet] 北京银行文件工作表「交易明细」提取 2 条记录
[2026-06-15 10:02:16] INFO [parse] 北京银行文件处理完成，共提取 2 条记录
[2026-06-15 10:02:16] INFO [setup_logging] 日志系统初始化完成，日志文件: /Use*******************************************************************************************************
[2026-06-15 10:02:16] INFO [setup_logging] 未检测到 tkinter，将使用命令行交互模式
[2026-06-15 10:02:16] INFO [parse] 开始处理东亚银行文件: /var*********************************************************************************
[2026-06-15 10:02:16] DEBUG [detect_file_format] 文件 /var********************************************************************************* Magic Bytes 检测为 xlsx 格式 (ZIP/OOXML)
[2026-06-15 10:02:16] INFO [validate_headers] 东亚银行文件工作表「交易明细」表头校验通过，7 个字段均匹配
[2026-06-15 10:02:16] DEBUG [detect_file_format] 文件 /var******************************************************************************* Magic Bytes 检测为 xlsx 格式 (ZIP/OOXML)
[2026-06-15 10:02:16] INFO [load_lookup_table] 查找表加载完成：共 5 条条目，5 个唯一账号，0 个扩展字段
[2026-06-15 10:02:16] DEBUG [get_subject_info] 银行账号「3881年23月」匹配到主体: 上********司（优先级: 0）
[2026-06-15 10:02:16] INFO [_parse_sheet] 东亚银行文件工作表「交易明细」提取 2 条记录
[2026-06-15 10:02:16] INFO [parse] 东亚银行文件处理完成，共提取 2 条记录
[2026-06-15 10:02:16] INFO [setup_logging] 日志系统初始化完成，日志文件: /Use*******************************************************************************************************
[2026-06-15 10:02:16] INFO [setup_logging] 未检测到 tkinter，将使用命令行交互模式
[2026-06-15 10:02:16] INFO [parse] 开始处理工商银行文件: /var*********************************************************************************
[2026-06-15 10:02:16] DEBUG [detect_file_format] 文件 /var********************************************************************************* Magic Bytes 检测为 xlsx 格式 (ZIP/OOXML)
[2026-06-15 10:02:16] INFO [validate_headers] 工商银行文件工作表「交易明细」表头校验通过，7 个字段均匹配
[2026-06-15 10:02:16] DEBUG [detect_file_format] 文件 /var******************************************************************************* Magic Bytes 检测为 xlsx 格式 (ZIP/OOXML)
[2026-06-15 10:02:16] INFO [load_lookup_table] 查找表加载完成：共 5 条条目，5 个唯一账号，0 个扩展字段
[2026-06-15 10:02:16] DEBUG [get_subject_info] 银行账号「6222年02月」匹配到主体: 深********司（优先级: 0）
[2026-06-15 10:02:16] INFO [_parse_sheet] 工商银行文件工作表「交易明细」提取 2 条记录
[2026-06-15 10:02:16] INFO [parse] 工商银行文件处理完成，共提取 2 条记录
[2026-06-15 10:02:16] INFO [setup_logging] 日志系统初始化完成，日志文件: /Use*******************************************************************************************************
[2026-06-15 10:02:16] INFO [setup_logging] 未检测到 tkinter，将使用命令行交互模式
[2026-06-15 10:02:16] INFO [parse] 开始处理建设银行文件: /var*********************************************************************************
[2026-06-15 10:02:16] DEBUG [detect_file_format] 文件 /var********************************************************************************* Magic Bytes 检测为 xlsx 格式 (ZIP/OOXML)
[2026-06-15 10:02:16] INFO [validate_headers] 建设银行文件工作表「交易明细」表头校验通过，7 个字段均匹配
[2026-06-15 10:02:16] DEBUG [detect_file_format] 文件 /var******************************************************************************* Magic Bytes 检测为 xlsx 格式 (ZIP/OOXML)
[2026-06-15 10:02:16] INFO [load_lookup_table] 查找表加载完成：共 5 条条目，5 个唯一账号，0 个扩展字段
[2026-06-15 10:02:16] DEBUG [get_subject_info] 银行账号「6227年00月」匹配到主体: 广**********司（优先级: 0）
[2026-06-15 10:02:16] INFO [_parse_sheet] 建设银行文件工作表「交易明细」提取 2 条记录
[2026-06-15 10:02:16] INFO [parse] 建设银行文件处理完成，共提取 2 条记录
[2026-06-15 10:02:16] INFO [setup_logging] 日志系统初始化完成，日志文件: /Use*******************************************************************************************************
[2026-06-15 10:02:16] INFO [setup_logging] 未检测到 tkinter，将使用命令行交互模式
[2026-06-15 10:02:16] INFO [parse] 开始处理招商银行文件: /var*********************************************************************************
[2026-06-15 10:02:16] DEBUG [detect_file_format] 文件 /var********************************************************************************* Magic Bytes 检测为 xlsx 格式 (ZIP/OOXML)
[2026-06-15 10:02:16] INFO [validate_headers] 招商银行文件工作表「活期交易明细」表头校验通过，7 个字段均匹配
[2026-06-15 10:02:16] DEBUG [detect_file_format] 文件 /var******************************************************************************* Magic Bytes 检测为 xlsx 格式 (ZIP/OOXML)
[2026-06-15 10:02:16] INFO [load_lookup_table] 查找表加载完成：共 5 条条目，5 个唯一账号，0 个扩展字段
[2026-06-15 10:02:16] DEBUG [get_subject_info] 银行账号「6225年88月」匹配到主体: 杭**********司（优先级: 0）
[2026-06-15 10:02:16] INFO [_parse_sheet] 招商银行文件工作表「活期交易明细」提取 2 条记录
[2026-06-15 10:02:16] INFO [parse] 招商银行文件处理完成，共提取 2 条记录
[2026-06-15 10:02:16] INFO [setup_logging] 日志系统初始化完成，日志文件: /Use*******************************************************************************************************
[2026-06-15 10:02:16] INFO [setup_logging] 未检测到 tkinter，将使用命令行交互模式
[2026-06-15 10:02:16] INFO [parse] 开始处理北京银行文件: /var****************************************************************************************
[2026-06-15 10:02:16] DEBUG [detect_file_format] 文件 /var**************************************************************************************** Magic Bytes 检测为 xlsx 格式 (ZIP/OOXML)
[2026-06-15 10:02:16] INFO [validate_headers] 北京银行文件工作表「交易明细」表头校验通过，7 个字段均匹配
[2026-06-15 10:02:16] DEBUG [detect_file_format] 文件 /var******************************************************************************* Magic Bytes 检测为 xlsx 格式 (ZIP/OOXML)
[2026-06-15 10:02:16] INFO [load_lookup_table] 查找表加载完成：共 5 条条目，5 个唯一账号，0 个扩展字段
[2026-06-15 10:02:16] DEBUG [get_subject_info] 银行账号「0109年03月」匹配到主体: 北********司（优先级: 0）
[2026-06-15 10:02:16] INFO [_parse_sheet] 北京银行文件工作表「交易明细」提取 2 条记录
[2026-06-15 10:02:16] INFO [parse] 北京银行文件处理完成，共提取 2 条记录
[2026-06-15 10:02:16] INFO [setup_logging] 日志系统初始化完成，日志文件: /Use*******************************************************************************************************
[2026-06-15 10:02:16] INFO [setup_logging] 未检测到 tkinter，将使用命令行交互模式
[2026-06-15 10:02:16] INFO [parse] 开始处理北京银行文件: /var************************************************************************************************
[2026-06-15 10:02:16] DEBUG [detect_file_format] 文件 /var************************************************************************************************ Magic Bytes 检测为 xlsx 格式 (ZIP/OOXML)
[2026-06-15 10:02:16] INFO [validate_headers] 北京银行文件工作表「交易明细」表头校验通过，7 个字段均匹配
[2026-06-15 10:02:16] DEBUG [detect_file_format] 文件 /var******************************************************************************* Magic Bytes 检测为 xlsx 格式 (ZIP/OOXML)
[2026-06-15 10:02:16] INFO [load_lookup_table] 查找表加载完成：共 5 条条目，5 个唯一账号，0 个扩展字段
[2026-06-15 10:02:16] DEBUG [get_subject_info] 银行账号「0109年03月」匹配到主体: 北********司（优先级: 0）
[2026-06-15 10:02:16] INFO [_parse_sheet] 北京银行文件工作表「交易明细」提取 2 条记录
[2026-06-15 10:02:16] INFO [parse] 北京银行文件处理完成，共提取 2 条记录
[2026-06-15 10:02:16] INFO [setup_logging] 日志系统初始化完成，日志文件: /Use*******************************************************************************************************
[2026-06-15 10:02:16] INFO [setup_logging] 未检测到 tkinter，将使用命令行交互模式
[2026-06-15 10:02:16] INFO [parse] 开始处理北京银行文件: /var*********************************************************************************
[2026-06-15 10:02:16] DEBUG [detect_file_format] 文件 /var********************************************************************************* Magic Bytes 检测为 xlsx 格式 (ZIP/OOXML)
[2026-06-15 10:02:16] INFO [validate_headers] 北京银行文件工作表「交易明细」表头校验通过，7 个字段均匹配
[2026-06-15 10:02:16] DEBUG [detect_file_format] 文件 /var******************************************************************************* Magic Bytes 检测为 xlsx 格式 (ZIP/OOXML)
[2026-06-15 10:02:16] INFO [load_lookup_table] 查找表加载完成：共 5 条条目，5 个唯一账号，0 个扩展字段
[2026-06-15 10:02:16] DEBUG [get_subject_info] 银行账号「0109年03月」匹配到主体: 北********司（优先级: 0）
[2026-06-15 10:02:16] INFO [_parse_sheet] 北京银行文件工作表「交易明细」提取 2 条记录
[2026-06-15 10:02:16] INFO [parse] 北京银行文件处理完成，共提取 2 条记录
[2026-06-15 10:02:16] INFO [setup_logging] 日志系统初始化完成，日志文件: /Use*******************************************************************************************************
[2026-06-15 10:02:16] INFO [setup_logging] 未检测到 tkinter，将使用命令行交互模式
[2026-06-15 10:02:16] INFO [parse] 开始处理招商银行文件: /var**********************************************************************************
[2026-06-15 10:02:16] DEBUG [detect_file_format] 文件 /var********************************************************************************** Magic Bytes 检测为 xlsx 格式 (ZIP/OOXML)
[2026-06-15 10:02:16] INFO [validate_headers] 招商银行文件工作表「活期交易明细」表头校验通过，7 个字段均匹配
[2026-06-15 10:02:16] DEBUG [detect_file_format] 文件 /var******************************************************************************* Magic Bytes 检测为 xlsx 格式 (ZIP/OOXML)
[2026-06-15 10:02:16] INFO [load_lookup_table] 查找表加载完成：共 5 条条目，5 个唯一账号，0 个扩展字段
[2026-06-15 10:02:16] DEBUG [get_subject_info] 银行账号「6225年88月」匹配到主体: 杭**********司（优先级: 0）
[2026-06-15 10:02:16] INFO [_parse_sheet] 招商银行文件工作表「活期交易明细」提取 2 条记录
[2026-06-15 10:02:16] INFO [parse] 招商银行文件处理完成，共提取 2 条记录
[2026-06-15 10:02:16] INFO [setup_logging] 日志系统初始化完成，日志文件: /Use*******************************************************************************************************
[2026-06-15 10:02:16] INFO [setup_logging] 未检测到 tkinter，将使用命令行交互模式
[2026-06-15 10:02:16] INFO [setup_logging] 日志系统初始化完成，日志文件: /Use*******************************************************************************************************
[2026-06-15 10:02:16] INFO [setup_logging] 未检测到 tkinter，将使用命令行交互模式
[2026-06-15 10:02:16] INFO [setup_logging] 日志系统初始化完成，日志文件: /Use*******************************************************************************************************
[2026-06-15 10:02:16] INFO [setup_logging] 未检测到 tkinter，将使用命令行交互模式
[2026-06-15 10:02:16] INFO [setup_logging] 日志系统初始化完成，日志文件: /Use*******************************************************************************************************
[2026-06-15 10:02:16] INFO [setup_logging] 未检测到 tkinter，将使用命令行交互模式
