[2026-06-14 14:00:49] INFO [setup_logging] 日志系统初始化完成，日志文件: /Use*******************************************************************************************************
[2026-06-14 14:00:49] INFO [setup_logging] 未检测到 tkinter，将使用命令行交互模式
[2026-06-14 14:00:49] INFO [run_pipeline] ===== 试运行模式已启用（不执行删除与写盘操作）=====
[2026-06-14 14:00:49] INFO [find_lookup_file] 精确匹配到主体查找表: /var**************************************************************************************
[2026-06-14 14:00:49] INFO [run_pipeline] 正在预加载主体查找表...
[2026-06-14 14:00:49] DEBUG [detect_excel_format] 文件 /var************************************************************************************** Magic Bytes 检测为 xlsx 格式 (ZIP/OOXML)
[2026-06-14 14:00:49] INFO [load_lookup_table] 查找表加载完成：共 2 条条目，2 个唯一账号，0 个扩展字段
[2026-06-14 14:00:49] INFO [run_pipeline] 主体查找表预加载完成
[2026-06-14 14:00:49] INFO [load_existing_keys] 未找到历史总表，将以全量模式运行
[2026-06-14 14:00:49] INFO [run_pipeline] 无历史数据，将以全量模式运行
[2026-06-14 14:00:49] INFO [run_pipeline] 已复制文件夹为＋检验版: /var******************************************************************************
[2026-06-14 14:00:49] DEBUG [scan_excel_files] 发现 Excel 文件: /var*******************************************************************************************
[2026-06-14 14:00:49] INFO [scan_excel_files] 共扫描到 1 个 Excel 文件
[2026-06-14 14:00:49] INFO [identify_bank] 文件「北京银行_流水.xlsx」通过前缀匹配识别为: 北京银行
[2026-06-14 14:00:49] INFO [parse] 开始处理北京银行文件: /var*******************************************************************************************
[2026-06-14 14:00:49] DEBUG [detect_excel_format] 文件 /var******************************************************************************************* Magic Bytes 检测为 xlsx 格式 (ZIP/OOXML)
[2026-06-14 14:00:49] INFO [validate_headers] 北京银行文件工作表「交易明细」表头校验通过，7 个字段均匹配
[2026-06-14 14:00:49] DEBUG [get_subject_info] 银行账号「0109年03月」匹配到主体: 北********司（优先级: 0）
[2026-06-14 14:00:49] INFO [_parse_sheet] 北京银行文件工作表「交易明细」提取 2 条记录
[2026-06-14 14:00:49] INFO [parse] 北京银行文件处理完成，共提取 2 条记录
[2026-06-14 14:00:49] INFO [run_pipeline] 成功处理文件: /var*******************************************************************************************（2 条记录）
[2026-06-14 14:00:49] INFO [run_pipeline] [试运行] 跳过删除文件操作，待删除文件 1 个
[2026-06-14 14:00:49] INFO [run_pipeline] [试运行] 跳过总表写盘，模式=全量覆盖，共 2 条记录
[2026-06-14 14:00:49] INFO [save_config] 对方户名规则配置已保存: /var***************************************************************************************************
[2026-06-14 14:00:49] INFO [apply_counterparty_rules] 对方户名规则匹配完成: 总记录 2, 命中 0, 黑名单 0, 白名单 0
[2026-06-14 14:00:49] INFO [run_pipeline] [试运行] 跳过生成脱敏版总表
[2026-06-14 14:00:49] INFO [run_pipeline] [试运行] 跳过数据库持久化操作
[2026-06-14 14:00:49] INFO [identify_internal_transfers] 内部划转识别完成: 2 条记录, 识别出 0 对 (0 划出 + 0 划入), 涉及 0 个主体, 0 家银行
[2026-06-14 14:00:49] INFO [summarize_transactions] 主体维度汇总完成: 2 条记录, 1 个主体, 1 家银行, 1 个月份
[2026-06-14 14:00:49] INFO [export_subject_summary] 主体维度汇总分析已导出: /var*********************************************************************************************************
[2026-06-14 14:00:49] INFO [run_pipeline] 主体维度汇总分析已自动生成: /var*********************************************************************************************************
[2026-06-14 14:00:49] INFO [check_balance_continuity] 共 1 个账号待校验
[2026-06-14 14:00:49] DEBUG [check_balance_continuity] 校验账号: 0109年03月, 记录数: 2
[2026-06-14 14:00:49] INFO [check_balance_continuity] 余额连续性校验完成 - 总账号: 1, 已校验: 1, 跳过: 0, 异常笔数: 0, 异常账号: 0
[2026-06-14 14:00:49] INFO [export_balance_check_result] 余额连续性校验结果已导出: /var**********************************************************************************************************
[2026-06-14 14:00:49] INFO [run_pipeline] 余额连续性校验报告已自动生成: /var**********************************************************************************************************
[2026-06-14 14:00:49] INFO [detect_duplicates] 重复交易检测完成 - 总记录: 2, 疑似重复组: 0, 疑似重复记录: 0, 重复率: 0.00%
[2026-06-14 14:00:49] INFO [generate_duplicate_check_from_records] 未检测到重复交易，仍导出报告
[2026-06-14 14:00:49] INFO [export_duplicate_check_result] 重复交易检测结果已导出: /var*********************************************************************************************************
[2026-06-14 14:00:49] INFO [run_pipeline] 重复交易检测报告已自动生成: /var*********************************************************************************************************
[2026-06-14 14:00:49] INFO [filter_interest_fee_transactions] 筛选出 0 条利息手续费交易
[2026-06-14 14:00:49] INFO [summarize_by_period] 按month汇总生成 0 条期间汇总记录，异常 0 条
[2026-06-14 14:00:49] INFO [check_interest_fee] 利息手续费核对完成 - 总记录: 0 (利息: 0, 手续费: 0), 期间汇总: 0, 异常: 0
[2026-06-14 14:00:49] WARNING [generate_interest_fee_check_from_records] 未筛选到任何利息手续费交易，跳过报告生成
[2026-06-14 14:00:49] INFO [mark_non_workday_transactions] 非工作日交易标记完成: 总记录 2, 工作日 2, 周末 0, 法定节假日 0, 调休工作日 0
[2026-06-14 14:00:49] INFO [generate_holiday_check_from_records] 未发现非工作日交易，仍导出报告
[2026-06-14 14:00:49] INFO [export_holiday_check_result] 非工作日交易标记结果已导出: /var***********************************************************************************************************
[2026-06-14 14:00:49] INFO [run_pipeline] 非工作日交易标记报告已自动生成: /var***********************************************************************************************************
[2026-06-14 14:00:49] INFO [load_config] 会计期间配置已加载: period_type=monthly, cutoff_day=25, fiscal_year_start_month=1, format=YYYY-MM
[2026-06-14 14:00:49] INFO [assign_accounting_period] 会计期间归属完成: 2 条记录, 1 个期间
[2026-06-14 14:00:49] INFO [export_accounting_period_summary] 会计期间总表已导出: /var*******************************************************************************************************（1 个期间）
[2026-06-14 14:00:49] INFO [run_pipeline] 会计期间总表已自动生成: /var*******************************************************************************************************
[2026-06-14 14:00:49] INFO [save_report] 性能剖析报告已保存: /var*****************************************************************************************************
[2026-06-14 14:00:49] INFO [save_report] 性能剖析数据已保存: /var*******************************************************************************************************
[2026-06-14 14:00:49] INFO [run_pipeline] 性能剖析报告已生成: /var*****************************************************************************************************
[2026-06-14 14:00:49] INFO [run_pipeline] [试运行] 跳过生成财务协同编辑模板
[2026-06-14 14:00:49] INFO [setup_logging] 日志系统初始化完成，日志文件: /Use*******************************************************************************************************
[2026-06-14 14:00:49] INFO [setup_logging] 未检测到 tkinter，将使用命令行交互模式
[2026-06-14 14:00:49] INFO [run_pipeline] ===== 试运行模式已启用（不执行删除与写盘操作）=====
[2026-06-14 14:00:49] INFO [find_lookup_file] 精确匹配到主体查找表: /var**************************************************************************************
[2026-06-14 14:00:49] INFO [run_pipeline] 正在预加载主体查找表...
[2026-06-14 14:00:49] DEBUG [detect_excel_format] 文件 /var************************************************************************************** Magic Bytes 检测为 xlsx 格式 (ZIP/OOXML)
[2026-06-14 14:00:49] INFO [load_lookup_table] 查找表加载完成：共 2 条条目，2 个唯一账号，0 个扩展字段
[2026-06-14 14:00:49] INFO [run_pipeline] 主体查找表预加载完成
[2026-06-14 14:00:49] INFO [load_existing_keys] 未找到历史总表，将以全量模式运行
[2026-06-14 14:00:49] INFO [run_pipeline] 无历史数据，将以全量模式运行
[2026-06-14 14:00:49] INFO [run_pipeline] 已复制文件夹为＋检验版: /var******************************************************************************
[2026-06-14 14:00:49] DEBUG [scan_excel_files] 发现 Excel 文件: /var*******************************************************************************************
[2026-06-14 14:00:49] INFO [scan_excel_files] 共扫描到 1 个 Excel 文件
[2026-06-14 14:00:49] INFO [identify_bank] 文件「北京银行_流水.xlsx」通过前缀匹配识别为: 北京银行
[2026-06-14 14:00:49] INFO [parse] 开始处理北京银行文件: /var*******************************************************************************************
[2026-06-14 14:00:49] DEBUG [detect_excel_format] 文件 /var******************************************************************************************* Magic Bytes 检测为 xlsx 格式 (ZIP/OOXML)
[2026-06-14 14:00:49] INFO [validate_headers] 北京银行文件工作表「交易明细」表头校验通过，7 个字段均匹配
[2026-06-14 14:00:49] DEBUG [get_subject_info] 银行账号「0109年03月」匹配到主体: 北********司（优先级: 0）
[2026-06-14 14:00:49] INFO [_parse_sheet] 北京银行文件工作表「交易明细」提取 2 条记录
[2026-06-14 14:00:49] INFO [parse] 北京银行文件处理完成，共提取 2 条记录
[2026-06-14 14:00:49] INFO [run_pipeline] 成功处理文件: /var*******************************************************************************************（2 条记录）
[2026-06-14 14:00:49] INFO [run_pipeline] [试运行] 跳过删除文件操作，待删除文件 1 个
[2026-06-14 14:00:49] INFO [run_pipeline] [试运行] 跳过总表写盘，模式=全量覆盖，共 2 条记录
[2026-06-14 14:00:49] INFO [apply_counterparty_rules] 对方户名规则匹配完成: 总记录 2, 命中 0, 黑名单 0, 白名单 0
[2026-06-14 14:00:49] INFO [run_pipeline] [试运行] 跳过生成脱敏版总表
[2026-06-14 14:00:49] INFO [run_pipeline] [试运行] 跳过数据库持久化操作
[2026-06-14 14:00:49] INFO [identify_internal_transfers] 内部划转识别完成: 2 条记录, 识别出 0 对 (0 划出 + 0 划入), 涉及 0 个主体, 0 家银行
[2026-06-14 14:00:49] INFO [summarize_transactions] 主体维度汇总完成: 2 条记录, 1 个主体, 1 家银行, 1 个月份
[2026-06-14 14:00:49] INFO [export_subject_summary] 主体维度汇总分析已导出: /var*********************************************************************************************************
[2026-06-14 14:00:49] INFO [run_pipeline] 主体维度汇总分析已自动生成: /var*********************************************************************************************************
[2026-06-14 14:00:49] INFO [check_balance_continuity] 共 1 个账号待校验
[2026-06-14 14:00:49] DEBUG [check_balance_continuity] 校验账号: 0109年03月, 记录数: 2
[2026-06-14 14:00:49] INFO [check_balance_continuity] 余额连续性校验完成 - 总账号: 1, 已校验: 1, 跳过: 0, 异常笔数: 0, 异常账号: 0
[2026-06-14 14:00:49] INFO [export_balance_check_result] 余额连续性校验结果已导出: /var**********************************************************************************************************
[2026-06-14 14:00:49] INFO [run_pipeline] 余额连续性校验报告已自动生成: /var**********************************************************************************************************
[2026-06-14 14:00:49] INFO [detect_duplicates] 重复交易检测完成 - 总记录: 2, 疑似重复组: 0, 疑似重复记录: 0, 重复率: 0.00%
[2026-06-14 14:00:49] INFO [generate_duplicate_check_from_records] 未检测到重复交易，仍导出报告
[2026-06-14 14:00:49] INFO [export_duplicate_check_result] 重复交易检测结果已导出: /var*********************************************************************************************************
[2026-06-14 14:00:49] INFO [run_pipeline] 重复交易检测报告已自动生成: /var*********************************************************************************************************
[2026-06-14 14:00:49] INFO [filter_interest_fee_transactions] 筛选出 0 条利息手续费交易
[2026-06-14 14:00:49] INFO [summarize_by_period] 按month汇总生成 0 条期间汇总记录，异常 0 条
[2026-06-14 14:00:49] INFO [check_interest_fee] 利息手续费核对完成 - 总记录: 0 (利息: 0, 手续费: 0), 期间汇总: 0, 异常: 0
[2026-06-14 14:00:49] WARNING [generate_interest_fee_check_from_records] 未筛选到任何利息手续费交易，跳过报告生成
[2026-06-14 14:00:49] INFO [mark_non_workday_transactions] 非工作日交易标记完成: 总记录 2, 工作日 2, 周末 0, 法定节假日 0, 调休工作日 0
[2026-06-14 14:00:49] INFO [generate_holiday_check_from_records] 未发现非工作日交易，仍导出报告
[2026-06-14 14:00:49] INFO [export_holiday_check_result] 非工作日交易标记结果已导出: /var***********************************************************************************************************
[2026-06-14 14:00:49] INFO [run_pipeline] 非工作日交易标记报告已自动生成: /var***********************************************************************************************************
[2026-06-14 14:00:49] INFO [assign_accounting_period] 会计期间归属完成: 2 条记录, 1 个期间
[2026-06-14 14:00:49] INFO [export_accounting_period_summary] 会计期间总表已导出: /var*******************************************************************************************************（1 个期间）
[2026-06-14 14:00:49] INFO [run_pipeline] 会计期间总表已自动生成: /var*******************************************************************************************************
[2026-06-14 14:00:49] INFO [save_report] 性能剖析报告已保存: /var*****************************************************************************************************
[2026-06-14 14:00:49] INFO [save_report] 性能剖析数据已保存: /var*******************************************************************************************************
[2026-06-14 14:00:49] INFO [run_pipeline] 性能剖析报告已生成: /var*****************************************************************************************************
[2026-06-14 14:00:49] INFO [run_pipeline] [试运行] 跳过生成财务协同编辑模板
[2026-06-14 14:00:49] INFO [setup_logging] 日志系统初始化完成，日志文件: /Use*******************************************************************************************************
[2026-06-14 14:00:49] INFO [setup_logging] 未检测到 tkinter，将使用命令行交互模式
[2026-06-14 14:00:49] INFO [run_pipeline] ===== 试运行模式已启用（不执行删除与写盘操作）=====
[2026-06-14 14:00:49] INFO [find_lookup_file] 精确匹配到主体查找表: /var**************************************************************************************
[2026-06-14 14:00:49] INFO [run_pipeline] 正在预加载主体查找表...
[2026-06-14 14:00:49] DEBUG [detect_excel_format] 文件 /var************************************************************************************** Magic Bytes 检测为 xlsx 格式 (ZIP/OOXML)
[2026-06-14 14:00:49] INFO [load_lookup_table] 查找表加载完成：共 2 条条目，2 个唯一账号，0 个扩展字段
[2026-06-14 14:00:49] INFO [run_pipeline] 主体查找表预加载完成
[2026-06-14 14:00:49] INFO [load_existing_keys] 未找到历史总表，将以全量模式运行
[2026-06-14 14:00:49] INFO [run_pipeline] 无历史数据，将以全量模式运行
[2026-06-14 14:00:49] INFO [run_pipeline] 已复制文件夹为＋检验版: /var******************************************************************************
[2026-06-14 14:00:49] DEBUG [scan_excel_files] 发现 Excel 文件: /var*******************************************************************************************
[2026-06-14 14:00:49] INFO [scan_excel_files] 共扫描到 1 个 Excel 文件
[2026-06-14 14:00:49] INFO [identify_bank] 文件「北京银行_流水.xlsx」通过前缀匹配识别为: 北京银行
[2026-06-14 14:00:49] INFO [parse] 开始处理北京银行文件: /var*******************************************************************************************
[2026-06-14 14:00:49] DEBUG [detect_excel_format] 文件 /var******************************************************************************************* Magic Bytes 检测为 xlsx 格式 (ZIP/OOXML)
[2026-06-14 14:00:49] INFO [validate_headers] 北京银行文件工作表「交易明细」表头校验通过，7 个字段均匹配
[2026-06-14 14:00:49] DEBUG [get_subject_info] 银行账号「0109年03月」匹配到主体: 北********司（优先级: 0）
[2026-06-14 14:00:49] INFO [_parse_sheet] 北京银行文件工作表「交易明细」提取 2 条记录
[2026-06-14 14:00:49] INFO [parse] 北京银行文件处理完成，共提取 2 条记录
[2026-06-14 14:00:49] INFO [run_pipeline] 成功处理文件: /var*******************************************************************************************（2 条记录）
[2026-06-14 14:00:49] INFO [run_pipeline] [试运行] 跳过删除文件操作，待删除文件 1 个
[2026-06-14 14:00:49] INFO [run_pipeline] [试运行] 跳过总表写盘，模式=全量覆盖，共 2 条记录
[2026-06-14 14:00:49] INFO [apply_counterparty_rules] 对方户名规则匹配完成: 总记录 2, 命中 0, 黑名单 0, 白名单 0
[2026-06-14 14:00:49] INFO [run_pipeline] [试运行] 跳过生成脱敏版总表
[2026-06-14 14:00:49] INFO [run_pipeline] [试运行] 跳过数据库持久化操作
[2026-06-14 14:00:49] INFO [identify_internal_transfers] 内部划转识别完成: 2 条记录, 识别出 0 对 (0 划出 + 0 划入), 涉及 0 个主体, 0 家银行
[2026-06-14 14:00:49] INFO [summarize_transactions] 主体维度汇总完成: 2 条记录, 1 个主体, 1 家银行, 1 个月份
[2026-06-14 14:00:49] INFO [export_subject_summary] 主体维度汇总分析已导出: /var*********************************************************************************************************
[2026-06-14 14:00:49] INFO [run_pipeline] 主体维度汇总分析已自动生成: /var*********************************************************************************************************
[2026-06-14 14:00:49] INFO [check_balance_continuity] 共 1 个账号待校验
[2026-06-14 14:00:49] DEBUG [check_balance_continuity] 校验账号: 0109年03月, 记录数: 2
[2026-06-14 14:00:49] INFO [check_balance_continuity] 余额连续性校验完成 - 总账号: 1, 已校验: 1, 跳过: 0, 异常笔数: 0, 异常账号: 0
[2026-06-14 14:00:49] INFO [export_balance_check_result] 余额连续性校验结果已导出: /var**********************************************************************************************************
[2026-06-14 14:00:49] INFO [run_pipeline] 余额连续性校验报告已自动生成: /var**********************************************************************************************************
[2026-06-14 14:00:49] INFO [detect_duplicates] 重复交易检测完成 - 总记录: 2, 疑似重复组: 0, 疑似重复记录: 0, 重复率: 0.00%
[2026-06-14 14:00:49] INFO [generate_duplicate_check_from_records] 未检测到重复交易，仍导出报告
[2026-06-14 14:00:49] INFO [export_duplicate_check_result] 重复交易检测结果已导出: /var*********************************************************************************************************
[2026-06-14 14:00:49] INFO [run_pipeline] 重复交易检测报告已自动生成: /var*********************************************************************************************************
[2026-06-14 14:00:49] INFO [filter_interest_fee_transactions] 筛选出 0 条利息手续费交易
[2026-06-14 14:00:49] INFO [summarize_by_period] 按month汇总生成 0 条期间汇总记录，异常 0 条
[2026-06-14 14:00:49] INFO [check_interest_fee] 利息手续费核对完成 - 总记录: 0 (利息: 0, 手续费: 0), 期间汇总: 0, 异常: 0
[2026-06-14 14:00:49] WARNING [generate_interest_fee_check_from_records] 未筛选到任何利息手续费交易，跳过报告生成
[2026-06-14 14:00:49] INFO [mark_non_workday_transactions] 非工作日交易标记完成: 总记录 2, 工作日 2, 周末 0, 法定节假日 0, 调休工作日 0
[2026-06-14 14:00:49] INFO [generate_holiday_check_from_records] 未发现非工作日交易，仍导出报告
[2026-06-14 14:00:49] INFO [export_holiday_check_result] 非工作日交易标记结果已导出: /var***********************************************************************************************************
[2026-06-14 14:00:49] INFO [run_pipeline] 非工作日交易标记报告已自动生成: /var***********************************************************************************************************
[2026-06-14 14:00:49] INFO [assign_accounting_period] 会计期间归属完成: 2 条记录, 1 个期间
[2026-06-14 14:00:49] INFO [export_accounting_period_summary] 会计期间总表已导出: /var*******************************************************************************************************（1 个期间）
[2026-06-14 14:00:49] INFO [run_pipeline] 会计期间总表已自动生成: /var*******************************************************************************************************
[2026-06-14 14:00:49] INFO [save_report] 性能剖析报告已保存: /var*****************************************************************************************************
[2026-06-14 14:00:49] INFO [save_report] 性能剖析数据已保存: /var*******************************************************************************************************
[2026-06-14 14:00:49] INFO [run_pipeline] 性能剖析报告已生成: /var*****************************************************************************************************
[2026-06-14 14:00:49] INFO [run_pipeline] [试运行] 跳过生成财务协同编辑模板
[2026-06-14 14:00:49] INFO [setup_logging] 日志系统初始化完成，日志文件: /Use*******************************************************************************************************
[2026-06-14 14:00:49] INFO [setup_logging] 未检测到 tkinter，将使用命令行交互模式
[2026-06-14 14:00:49] INFO [run_pipeline] ===== 试运行模式已启用（不执行删除与写盘操作）=====
[2026-06-14 14:00:49] INFO [find_lookup_file] 精确匹配到主体查找表: /var**************************************************************************************
[2026-06-14 14:00:49] INFO [run_pipeline] 正在预加载主体查找表...
[2026-06-14 14:00:49] DEBUG [detect_excel_format] 文件 /var************************************************************************************** Magic Bytes 检测为 xlsx 格式 (ZIP/OOXML)
[2026-06-14 14:00:49] INFO [load_lookup_table] 查找表加载完成：共 2 条条目，2 个唯一账号，0 个扩展字段
[2026-06-14 14:00:49] INFO [run_pipeline] 主体查找表预加载完成
[2026-06-14 14:00:49] INFO [load_existing_keys] 未找到历史总表，将以全量模式运行
[2026-06-14 14:00:49] INFO [run_pipeline] 无历史数据，将以全量模式运行
[2026-06-14 14:00:49] INFO [run_pipeline] 已复制文件夹为＋检验版: /var******************************************************************************
[2026-06-14 14:00:49] DEBUG [scan_excel_files] 发现 Excel 文件: /var*******************************************************************************************
[2026-06-14 14:00:49] DEBUG [scan_excel_files] 发现 Excel 文件: /var*******************************************************************************************
[2026-06-14 14:00:49] INFO [scan_excel_files] 共扫描到 2 个 Excel 文件
[2026-06-14 14:00:49] WARNING [identify_bank] 文件「未知银行_流水.xlsx」无法识别银行类型
[2026-06-14 14:00:49] INFO [identify_bank] 文件「北京银行_流水.xlsx」通过前缀匹配识别为: 北京银行
[2026-06-14 14:00:49] INFO [parse] 开始处理北京银行文件: /var*******************************************************************************************
[2026-06-14 14:00:49] DEBUG [detect_excel_format] 文件 /var******************************************************************************************* Magic Bytes 检测为 xlsx 格式 (ZIP/OOXML)
[2026-06-14 14:00:49] INFO [validate_headers] 北京银行文件工作表「交易明细」表头校验通过，7 个字段均匹配
[2026-06-14 14:00:49] DEBUG [get_subject_info] 银行账号「0109年03月」匹配到主体: 北********司（优先级: 0）
[2026-06-14 14:00:49] INFO [_parse_sheet] 北京银行文件工作表「交易明细」提取 2 条记录
[2026-06-14 14:00:49] INFO [parse] 北京银行文件处理完成，共提取 2 条记录
[2026-06-14 14:00:49] INFO [run_pipeline] 成功处理文件: /var*******************************************************************************************（2 条记录）
[2026-06-14 14:00:49] INFO [run_pipeline] [试运行] 跳过删除文件操作，待删除文件 1 个
[2026-06-14 14:00:49] INFO [run_pipeline] [试运行] 跳过总表写盘，模式=全量覆盖，共 2 条记录
[2026-06-14 14:00:49] INFO [apply_counterparty_rules] 对方户名规则匹配完成: 总记录 2, 命中 0, 黑名单 0, 白名单 0
[2026-06-14 14:00:49] INFO [run_pipeline] [试运行] 跳过生成脱敏版总表
[2026-06-14 14:00:49] INFO [run_pipeline] [试运行] 跳过数据库持久化操作
[2026-06-14 14:00:49] INFO [identify_internal_transfers] 内部划转识别完成: 2 条记录, 识别出 0 对 (0 划出 + 0 划入), 涉及 0 个主体, 0 家银行
[2026-06-14 14:00:49] INFO [summarize_transactions] 主体维度汇总完成: 2 条记录, 1 个主体, 1 家银行, 1 个月份
[2026-06-14 14:00:49] INFO [export_subject_summary] 主体维度汇总分析已导出: /var*********************************************************************************************************
[2026-06-14 14:00:49] INFO [run_pipeline] 主体维度汇总分析已自动生成: /var*********************************************************************************************************
[2026-06-14 14:00:49] INFO [check_balance_continuity] 共 1 个账号待校验
[2026-06-14 14:00:49] DEBUG [check_balance_continuity] 校验账号: 0109年03月, 记录数: 2
[2026-06-14 14:00:49] INFO [check_balance_continuity] 余额连续性校验完成 - 总账号: 1, 已校验: 1, 跳过: 0, 异常笔数: 0, 异常账号: 0
[2026-06-14 14:00:49] INFO [export_balance_check_result] 余额连续性校验结果已导出: /var**********************************************************************************************************
[2026-06-14 14:00:49] INFO [run_pipeline] 余额连续性校验报告已自动生成: /var**********************************************************************************************************
[2026-06-14 14:00:49] INFO [detect_duplicates] 重复交易检测完成 - 总记录: 2, 疑似重复组: 0, 疑似重复记录: 0, 重复率: 0.00%
[2026-06-14 14:00:49] INFO [generate_duplicate_check_from_records] 未检测到重复交易，仍导出报告
[2026-06-14 14:00:49] INFO [export_duplicate_check_result] 重复交易检测结果已导出: /var*********************************************************************************************************
[2026-06-14 14:00:49] INFO [run_pipeline] 重复交易检测报告已自动生成: /var*********************************************************************************************************
[2026-06-14 14:00:49] INFO [filter_interest_fee_transactions] 筛选出 0 条利息手续费交易
[2026-06-14 14:00:49] INFO [summarize_by_period] 按month汇总生成 0 条期间汇总记录，异常 0 条
[2026-06-14 14:00:49] INFO [check_interest_fee] 利息手续费核对完成 - 总记录: 0 (利息: 0, 手续费: 0), 期间汇总: 0, 异常: 0
[2026-06-14 14:00:49] WARNING [generate_interest_fee_check_from_records] 未筛选到任何利息手续费交易，跳过报告生成
[2026-06-14 14:00:49] INFO [mark_non_workday_transactions] 非工作日交易标记完成: 总记录 2, 工作日 2, 周末 0, 法定节假日 0, 调休工作日 0
[2026-06-14 14:00:49] INFO [generate_holiday_check_from_records] 未发现非工作日交易，仍导出报告
[2026-06-14 14:00:49] INFO [export_holiday_check_result] 非工作日交易标记结果已导出: /var***********************************************************************************************************
[2026-06-14 14:00:49] INFO [run_pipeline] 非工作日交易标记报告已自动生成: /var***********************************************************************************************************
[2026-06-14 14:00:49] INFO [assign_accounting_period] 会计期间归属完成: 2 条记录, 1 个期间
[2026-06-14 14:00:49] INFO [export_accounting_period_summary] 会计期间总表已导出: /var*******************************************************************************************************（1 个期间）
[2026-06-14 14:00:49] INFO [run_pipeline] 会计期间总表已自动生成: /var*******************************************************************************************************
[2026-06-14 14:00:49] INFO [save_report] 性能剖析报告已保存: /var*****************************************************************************************************
[2026-06-14 14:00:49] INFO [save_report] 性能剖析数据已保存: /var*******************************************************************************************************
[2026-06-14 14:00:49] INFO [run_pipeline] 性能剖析报告已生成: /var*****************************************************************************************************
[2026-06-14 14:00:49] INFO [run_pipeline] [试运行] 跳过生成财务协同编辑模板
[2026-06-14 14:00:49] DEBUG [scan_excel_files] 发现 Excel 文件: /var*******************************************************************************************
[2026-06-14 14:00:49] DEBUG [scan_excel_files] 发现 Excel 文件: /var*******************************************************************************************
[2026-06-14 14:00:49] INFO [scan_excel_files] 共扫描到 2 个 Excel 文件
[2026-06-14 14:00:49] INFO [setup_logging] 日志系统初始化完成，日志文件: /Use*******************************************************************************************************
[2026-06-14 14:00:49] INFO [setup_logging] 未检测到 tkinter，将使用命令行交互模式
[2026-06-14 14:00:49] INFO [run_pipeline] ===== 试运行模式已启用（不执行删除与写盘操作）=====
[2026-06-14 14:00:49] INFO [find_lookup_file] 精确匹配到主体查找表: /var**************************************************************************************
[2026-06-14 14:00:49] INFO [run_pipeline] 正在预加载主体查找表...
[2026-06-14 14:00:49] DEBUG [detect_excel_format] 文件 /var************************************************************************************** Magic Bytes 检测为 xlsx 格式 (ZIP/OOXML)
[2026-06-14 14:00:49] INFO [load_lookup_table] 查找表加载完成：共 2 条条目，2 个唯一账号，0 个扩展字段
[2026-06-14 14:00:49] INFO [run_pipeline] 主体查找表预加载完成
[2026-06-14 14:00:49] INFO [load_existing_keys] 未找到历史总表，将以全量模式运行
[2026-06-14 14:00:49] INFO [run_pipeline] 无历史数据，将以全量模式运行
[2026-06-14 14:00:49] INFO [run_pipeline] 已复制文件夹为＋检验版: /var******************************************************************************
[2026-06-14 14:00:49] DEBUG [scan_excel_files] 发现 Excel 文件: /var*******************************************************************************************
[2026-06-14 14:00:49] DEBUG [scan_excel_files] 发现 Excel 文件: /var*******************************************************************************************
[2026-06-14 14:00:49] INFO [scan_excel_files] 共扫描到 2 个 Excel 文件
[2026-06-14 14:00:49] INFO [identify_bank] 文件「东亚银行_流水.xlsx」通过前缀匹配识别为: 东亚银行
[2026-06-14 14:00:49] INFO [parse] 开始处理东亚银行文件: /var*******************************************************************************************
[2026-06-14 14:00:49] DEBUG [detect_excel_format] 文件 /var******************************************************************************************* Magic Bytes 检测为 xlsx 格式 (ZIP/OOXML)
[2026-06-14 14:00:49] INFO [validate_headers] 东亚银行文件工作表「交易明细」表头校验通过，7 个字段均匹配
[2026-06-14 14:00:49] DEBUG [get_subject_info] 银行账号「3881年23月」匹配到主体: 上********司（优先级: 0）
[2026-06-14 14:00:49] INFO [_parse_sheet] 东亚银行文件工作表「交易明细」提取 2 条记录
[2026-06-14 14:00:49] INFO [parse] 东亚银行文件处理完成，共提取 2 条记录
[2026-06-14 14:00:49] INFO [run_pipeline] 成功处理文件: /var*******************************************************************************************（2 条记录）
[2026-06-14 14:00:49] INFO [identify_bank] 文件「北京银行_流水.xlsx」通过前缀匹配识别为: 北京银行
[2026-06-14 14:00:49] INFO [parse] 开始处理北京银行文件: /var*******************************************************************************************
[2026-06-14 14:00:49] DEBUG [detect_excel_format] 文件 /var******************************************************************************************* Magic Bytes 检测为 xlsx 格式 (ZIP/OOXML)
[2026-06-14 14:00:49] INFO [validate_headers] 北京银行文件工作表「交易明细」表头校验通过，7 个字段均匹配
[2026-06-14 14:00:49] DEBUG [get_subject_info] 银行账号「0109年03月」匹配到主体: 北********司（优先级: 0）
[2026-06-14 14:00:49] INFO [_parse_sheet] 北京银行文件工作表「交易明细」提取 2 条记录
[2026-06-14 14:00:49] INFO [parse] 北京银行文件处理完成，共提取 2 条记录
[2026-06-14 14:00:49] INFO [run_pipeline] 成功处理文件: /var*******************************************************************************************（2 条记录）
[2026-06-14 14:00:49] INFO [run_pipeline] [试运行] 跳过删除文件操作，待删除文件 2 个
[2026-06-14 14:00:49] INFO [run_pipeline] [试运行] 跳过总表写盘，模式=全量覆盖，共 4 条记录
[2026-06-14 14:00:49] INFO [apply_counterparty_rules] 对方户名规则匹配完成: 总记录 4, 命中 0, 黑名单 0, 白名单 0
[2026-06-14 14:00:49] INFO [run_pipeline] [试运行] 跳过生成脱敏版总表
[2026-06-14 14:00:49] INFO [run_pipeline] [试运行] 跳过数据库持久化操作
[2026-06-14 14:00:49] INFO [identify_internal_transfers] 内部划转识别完成: 4 条记录, 识别出 0 对 (0 划出 + 0 划入), 涉及 0 个主体, 0 家银行
[2026-06-14 14:00:49] INFO [summarize_transactions] 主体维度汇总完成: 4 条记录, 2 个主体, 2 家银行, 1 个月份
[2026-06-14 14:00:49] INFO [export_subject_summary] 主体维度汇总分析已导出: /var*********************************************************************************************************
[2026-06-14 14:00:49] INFO [run_pipeline] 主体维度汇总分析已自动生成: /var*********************************************************************************************************
[2026-06-14 14:00:49] INFO [check_balance_continuity] 共 2 个账号待校验
[2026-06-14 14:00:49] DEBUG [check_balance_continuity] 校验账号: 3881年23月, 记录数: 2
[2026-06-14 14:00:49] DEBUG [check_balance_continuity] 校验账号: 0109年03月, 记录数: 2
[2026-06-14 14:00:49] INFO [check_balance_continuity] 余额连续性校验完成 - 总账号: 2, 已校验: 2, 跳过: 0, 异常笔数: 0, 异常账号: 0
[2026-06-14 14:00:49] INFO [export_balance_check_result] 余额连续性校验结果已导出: /var**********************************************************************************************************
[2026-06-14 14:00:49] INFO [run_pipeline] 余额连续性校验报告已自动生成: /var**********************************************************************************************************
[2026-06-14 14:00:49] INFO [detect_duplicates] 重复交易检测完成 - 总记录: 4, 疑似重复组: 0, 疑似重复记录: 0, 重复率: 0.00%
[2026-06-14 14:00:49] INFO [generate_duplicate_check_from_records] 未检测到重复交易，仍导出报告
[2026-06-14 14:00:49] INFO [export_duplicate_check_result] 重复交易检测结果已导出: /var*********************************************************************************************************
[2026-06-14 14:00:49] INFO [run_pipeline] 重复交易检测报告已自动生成: /var*********************************************************************************************************
[2026-06-14 14:00:49] INFO [filter_interest_fee_transactions] 筛选出 1 条利息手续费交易
[2026-06-14 14:00:49] INFO [summarize_by_period] 按month汇总生成 1 条期间汇总记录，异常 1 条
[2026-06-14 14:00:49] INFO [check_interest_fee] 利息手续费核对完成 - 总记录: 1 (利息: 0, 手续费: 1), 期间汇总: 1, 异常: 1
[2026-06-14 14:00:49] INFO [export_interest_fee_check_result] 利息手续费核对结果已导出: /var**********************************************************************************************************
[2026-06-14 14:00:49] INFO [run_pipeline] Interest & Fee check report auto-generated: /var/folders/8t/8rw7_pg16cx2c2mkh_cvpz8m0000gn/T/bankcheck_test_7pk7doh4/script/利息手续费核对报告_20260614_140049.xlsx
[2026-06-14 14:00:49] INFO [mark_non_workday_transactions] 非工作日交易标记完成: 总记录 4, 工作日 4, 周末 0, 法定节假日 0, 调休工作日 0
[2026-06-14 14:00:49] INFO [generate_holiday_check_from_records] 未发现非工作日交易，仍导出报告
[2026-06-14 14:00:49] INFO [export_holiday_check_result] 非工作日交易标记结果已导出: /var***********************************************************************************************************
[2026-06-14 14:00:49] INFO [run_pipeline] 非工作日交易标记报告已自动生成: /var***********************************************************************************************************
[2026-06-14 14:00:49] INFO [assign_accounting_period] 会计期间归属完成: 4 条记录, 1 个期间
[2026-06-14 14:00:49] INFO [export_accounting_period_summary] 会计期间总表已导出: /var*******************************************************************************************************（1 个期间）
[2026-06-14 14:00:49] INFO [run_pipeline] 会计期间总表已自动生成: /var*******************************************************************************************************
[2026-06-14 14:00:49] INFO [save_report] 性能剖析报告已保存: /var*****************************************************************************************************
[2026-06-14 14:00:49] INFO [save_report] 性能剖析数据已保存: /var*******************************************************************************************************
[2026-06-14 14:00:49] INFO [run_pipeline] 性能剖析报告已生成: /var*****************************************************************************************************
[2026-06-14 14:00:49] INFO [run_pipeline] [试运行] 跳过生成财务协同编辑模板
[2026-06-14 14:00:49] INFO [setup_logging] 日志系统初始化完成，日志文件: /Use*******************************************************************************************************
[2026-06-14 14:00:49] INFO [setup_logging] 未检测到 tkinter，将使用命令行交互模式
[2026-06-14 14:00:49] INFO [run_pipeline] ===== 试运行模式已启用（不执行删除与写盘操作）=====
[2026-06-14 14:00:49] INFO [find_lookup_file] 精确匹配到主体查找表: /var**************************************************************************************
[2026-06-14 14:00:49] INFO [run_pipeline] 正在预加载主体查找表...
[2026-06-14 14:00:49] DEBUG [detect_excel_format] 文件 /var************************************************************************************** Magic Bytes 检测为 xlsx 格式 (ZIP/OOXML)
[2026-06-14 14:00:49] INFO [load_lookup_table] 查找表加载完成：共 2 条条目，2 个唯一账号，0 个扩展字段
[2026-06-14 14:00:49] INFO [run_pipeline] 主体查找表预加载完成
[2026-06-14 14:00:49] INFO [load_existing_keys] 未找到历史总表，将以全量模式运行
[2026-06-14 14:00:49] INFO [run_pipeline] 无历史数据，将以全量模式运行
[2026-06-14 14:00:49] INFO [run_pipeline] 已复制文件夹为＋检验版: /var******************************************************************************
[2026-06-14 14:00:49] DEBUG [scan_excel_files] 发现 Excel 文件: /var*******************************************************************************************
[2026-06-14 14:00:49] INFO [scan_excel_files] 共扫描到 1 个 Excel 文件
[2026-06-14 14:00:49] INFO [identify_bank] 文件「北京银行_流水.xlsx」通过前缀匹配识别为: 北京银行
[2026-06-14 14:00:49] INFO [parse] 开始处理北京银行文件: /var*******************************************************************************************
[2026-06-14 14:00:49] DEBUG [detect_excel_format] 文件 /var******************************************************************************************* Magic Bytes 检测为 xlsx 格式 (ZIP/OOXML)
[2026-06-14 14:00:49] INFO [validate_headers] 北京银行文件工作表「交易明细」表头校验通过，7 个字段均匹配
[2026-06-14 14:00:49] DEBUG [get_subject_info] 银行账号「0109年03月」匹配到主体: 北********司（优先级: 0）
[2026-06-14 14:00:49] INFO [_parse_sheet] 北京银行文件工作表「交易明细」提取 2 条记录
[2026-06-14 14:00:49] INFO [parse] 北京银行文件处理完成，共提取 2 条记录
[2026-06-14 14:00:49] INFO [run_pipeline] 成功处理文件: /var*******************************************************************************************（2 条记录）
[2026-06-14 14:00:49] INFO [run_pipeline] [试运行] 跳过删除文件操作，待删除文件 1 个
[2026-06-14 14:00:49] INFO [run_pipeline] [试运行] 跳过总表写盘，模式=全量覆盖，共 2 条记录
[2026-06-14 14:00:49] INFO [apply_counterparty_rules] 对方户名规则匹配完成: 总记录 2, 命中 0, 黑名单 0, 白名单 0
[2026-06-14 14:00:49] INFO [run_pipeline] [试运行] 跳过生成脱敏版总表
[2026-06-14 14:00:49] INFO [run_pipeline] [试运行] 跳过数据库持久化操作
[2026-06-14 14:00:49] INFO [identify_internal_transfers] 内部划转识别完成: 2 条记录, 识别出 0 对 (0 划出 + 0 划入), 涉及 0 个主体, 0 家银行
[2026-06-14 14:00:49] INFO [summarize_transactions] 主体维度汇总完成: 2 条记录, 1 个主体, 1 家银行, 1 个月份
[2026-06-14 14:00:50] INFO [export_subject_summary] 主体维度汇总分析已导出: /var*********************************************************************************************************
[2026-06-14 14:00:50] INFO [run_pipeline] 主体维度汇总分析已自动生成: /var*********************************************************************************************************
[2026-06-14 14:00:50] INFO [check_balance_continuity] 共 1 个账号待校验
[2026-06-14 14:00:50] DEBUG [check_balance_continuity] 校验账号: 0109年03月, 记录数: 2
[2026-06-14 14:00:50] INFO [check_balance_continuity] 余额连续性校验完成 - 总账号: 1, 已校验: 1, 跳过: 0, 异常笔数: 0, 异常账号: 0
[2026-06-14 14:00:50] INFO [export_balance_check_result] 余额连续性校验结果已导出: /var**********************************************************************************************************
[2026-06-14 14:00:50] INFO [run_pipeline] 余额连续性校验报告已自动生成: /var**********************************************************************************************************
[2026-06-14 14:00:50] INFO [detect_duplicates] 重复交易检测完成 - 总记录: 2, 疑似重复组: 0, 疑似重复记录: 0, 重复率: 0.00%
[2026-06-14 14:00:50] INFO [generate_duplicate_check_from_records] 未检测到重复交易，仍导出报告
[2026-06-14 14:00:50] INFO [export_duplicate_check_result] 重复交易检测结果已导出: /var*********************************************************************************************************
[2026-06-14 14:00:50] INFO [run_pipeline] 重复交易检测报告已自动生成: /var*********************************************************************************************************
[2026-06-14 14:00:50] INFO [filter_interest_fee_transactions] 筛选出 0 条利息手续费交易
[2026-06-14 14:00:50] INFO [summarize_by_period] 按month汇总生成 0 条期间汇总记录，异常 0 条
[2026-06-14 14:00:50] INFO [check_interest_fee] 利息手续费核对完成 - 总记录: 0 (利息: 0, 手续费: 0), 期间汇总: 0, 异常: 0
[2026-06-14 14:00:50] WARNING [generate_interest_fee_check_from_records] 未筛选到任何利息手续费交易，跳过报告生成
[2026-06-14 14:00:50] INFO [mark_non_workday_transactions] 非工作日交易标记完成: 总记录 2, 工作日 2, 周末 0, 法定节假日 0, 调休工作日 0
[2026-06-14 14:00:50] INFO [generate_holiday_check_from_records] 未发现非工作日交易，仍导出报告
[2026-06-14 14:00:50] INFO [export_holiday_check_result] 非工作日交易标记结果已导出: /var***********************************************************************************************************
[2026-06-14 14:00:50] INFO [run_pipeline] 非工作日交易标记报告已自动生成: /var***********************************************************************************************************
[2026-06-14 14:00:50] INFO [assign_accounting_period] 会计期间归属完成: 2 条记录, 1 个期间
[2026-06-14 14:00:50] INFO [export_accounting_period_summary] 会计期间总表已导出: /var*******************************************************************************************************（1 个期间）
[2026-06-14 14:00:50] INFO [run_pipeline] 会计期间总表已自动生成: /var*******************************************************************************************************
[2026-06-14 14:00:50] INFO [save_report] 性能剖析报告已保存: /var*****************************************************************************************************
[2026-06-14 14:00:50] INFO [save_report] 性能剖析数据已保存: /var*******************************************************************************************************
[2026-06-14 14:00:50] INFO [run_pipeline] 性能剖析报告已生成: /var*****************************************************************************************************
[2026-06-14 14:00:50] INFO [run_pipeline] [试运行] 跳过生成财务协同编辑模板
[2026-06-14 14:00:50] INFO [setup_logging] 日志系统初始化完成，日志文件: /Use*******************************************************************************************************
[2026-06-14 14:00:50] INFO [setup_logging] 未检测到 tkinter，将使用命令行交互模式
[2026-06-14 14:00:50] INFO [run_pipeline] ===== 试运行模式已启用（不执行删除与写盘操作）=====
[2026-06-14 14:00:50] INFO [find_lookup_file] 精确匹配到主体查找表: /var**************************************************************************************
[2026-06-14 14:00:50] INFO [run_pipeline] 正在预加载主体查找表...
[2026-06-14 14:00:50] DEBUG [detect_excel_format] 文件 /var************************************************************************************** Magic Bytes 检测为 xlsx 格式 (ZIP/OOXML)
[2026-06-14 14:00:50] INFO [load_lookup_table] 查找表加载完成：共 2 条条目，2 个唯一账号，0 个扩展字段
[2026-06-14 14:00:50] INFO [run_pipeline] 主体查找表预加载完成
[2026-06-14 14:00:50] INFO [load_existing_keys] 未找到历史总表，将以全量模式运行
[2026-06-14 14:00:50] INFO [run_pipeline] 无历史数据，将以全量模式运行
[2026-06-14 14:00:50] INFO [run_pipeline] 已复制文件夹为＋检验版: /var******************************************************************************
[2026-06-14 14:00:50] DEBUG [scan_excel_files] 发现 Excel 文件: /var*******************************************************************************************
[2026-06-14 14:00:50] INFO [scan_excel_files] 共扫描到 1 个 Excel 文件
[2026-06-14 14:00:50] INFO [identify_bank] 文件「北京银行_流水.xlsx」通过前缀匹配识别为: 北京银行
[2026-06-14 14:00:50] INFO [parse] 开始处理北京银行文件: /var*******************************************************************************************
[2026-06-14 14:00:50] DEBUG [detect_excel_format] 文件 /var******************************************************************************************* Magic Bytes 检测为 xlsx 格式 (ZIP/OOXML)
[2026-06-14 14:00:50] INFO [validate_headers] 北京银行文件工作表「交易明细」表头校验通过，7 个字段均匹配
[2026-06-14 14:00:50] DEBUG [get_subject_info] 银行账号「0109年03月」匹配到主体: 北********司（优先级: 0）
[2026-06-14 14:00:50] INFO [_parse_sheet] 北京银行文件工作表「交易明细」提取 2 条记录
[2026-06-14 14:00:50] INFO [parse] 北京银行文件处理完成，共提取 2 条记录
[2026-06-14 14:00:50] INFO [run_pipeline] 成功处理文件: /var*******************************************************************************************（2 条记录）
[2026-06-14 14:00:50] INFO [run_pipeline] [试运行] 跳过删除文件操作，待删除文件 1 个
[2026-06-14 14:00:50] INFO [run_pipeline] [试运行] 跳过总表写盘，模式=全量覆盖，共 2 条记录
[2026-06-14 14:00:50] INFO [apply_counterparty_rules] 对方户名规则匹配完成: 总记录 2, 命中 0, 黑名单 0, 白名单 0
[2026-06-14 14:00:50] INFO [run_pipeline] [试运行] 跳过生成脱敏版总表
[2026-06-14 14:00:50] INFO [run_pipeline] [试运行] 跳过数据库持久化操作
[2026-06-14 14:00:50] INFO [identify_internal_transfers] 内部划转识别完成: 2 条记录, 识别出 0 对 (0 划出 + 0 划入), 涉及 0 个主体, 0 家银行
[2026-06-14 14:00:50] INFO [summarize_transactions] 主体维度汇总完成: 2 条记录, 1 个主体, 1 家银行, 1 个月份
[2026-06-14 14:00:50] INFO [export_subject_summary] 主体维度汇总分析已导出: /var*********************************************************************************************************
[2026-06-14 14:00:50] INFO [run_pipeline] 主体维度汇总分析已自动生成: /var*********************************************************************************************************
[2026-06-14 14:00:50] INFO [check_balance_continuity] 共 1 个账号待校验
[2026-06-14 14:00:50] DEBUG [check_balance_continuity] 校验账号: 0109年03月, 记录数: 2
[2026-06-14 14:00:50] INFO [check_balance_continuity] 余额连续性校验完成 - 总账号: 1, 已校验: 1, 跳过: 0, 异常笔数: 0, 异常账号: 0
[2026-06-14 14:00:50] INFO [export_balance_check_result] 余额连续性校验结果已导出: /var**********************************************************************************************************
[2026-06-14 14:00:50] INFO [run_pipeline] 余额连续性校验报告已自动生成: /var**********************************************************************************************************
[2026-06-14 14:00:50] INFO [detect_duplicates] 重复交易检测完成 - 总记录: 2, 疑似重复组: 0, 疑似重复记录: 0, 重复率: 0.00%
[2026-06-14 14:00:50] INFO [generate_duplicate_check_from_records] 未检测到重复交易，仍导出报告
[2026-06-14 14:00:50] INFO [export_duplicate_check_result] 重复交易检测结果已导出: /var*********************************************************************************************************
[2026-06-14 14:00:50] INFO [run_pipeline] 重复交易检测报告已自动生成: /var*********************************************************************************************************
[2026-06-14 14:00:50] INFO [filter_interest_fee_transactions] 筛选出 0 条利息手续费交易
[2026-06-14 14:00:50] INFO [summarize_by_period] 按month汇总生成 0 条期间汇总记录，异常 0 条
[2026-06-14 14:00:50] INFO [check_interest_fee] 利息手续费核对完成 - 总记录: 0 (利息: 0, 手续费: 0), 期间汇总: 0, 异常: 0
[2026-06-14 14:00:50] WARNING [generate_interest_fee_check_from_records] 未筛选到任何利息手续费交易，跳过报告生成
[2026-06-14 14:00:50] INFO [mark_non_workday_transactions] 非工作日交易标记完成: 总记录 2, 工作日 2, 周末 0, 法定节假日 0, 调休工作日 0
[2026-06-14 14:00:50] INFO [generate_holiday_check_from_records] 未发现非工作日交易，仍导出报告
[2026-06-14 14:00:50] INFO [export_holiday_check_result] 非工作日交易标记结果已导出: /var***********************************************************************************************************
[2026-06-14 14:00:50] INFO [run_pipeline] 非工作日交易标记报告已自动生成: /var***********************************************************************************************************
[2026-06-14 14:00:50] INFO [assign_accounting_period] 会计期间归属完成: 2 条记录, 1 个期间
[2026-06-14 14:00:50] INFO [export_accounting_period_summary] 会计期间总表已导出: /var*******************************************************************************************************（1 个期间）
[2026-06-14 14:00:50] INFO [run_pipeline] 会计期间总表已自动生成: /var*******************************************************************************************************
[2026-06-14 14:00:50] INFO [save_report] 性能剖析报告已保存: /var*****************************************************************************************************
[2026-06-14 14:00:50] INFO [save_report] 性能剖析数据已保存: /var*******************************************************************************************************
[2026-06-14 14:00:50] INFO [run_pipeline] 性能剖析报告已生成: /var*****************************************************************************************************
[2026-06-14 14:00:50] INFO [run_pipeline] [试运行] 跳过生成财务协同编辑模板
[2026-06-14 14:00:50] INFO [commit_pipeline_changes] ===== 开始提交试运行变更（正式写盘）=====
[2026-06-14 14:00:50] INFO [commit_pipeline_changes] [提交] 执行文件删除操作，待删除 1 个文件
[2026-06-14 14:00:50] DEBUG [delete_processed_files] 已删除文件: /var*******************************************************************************************
[2026-06-14 14:00:50] INFO [commit_pipeline_changes] [提交] 执行全量覆盖写总表：共 2 条记录
[2026-06-14 14:00:50] INFO [commit_pipeline_changes] [提交] 总表输出完成: /var***************************************************************************************
[2026-06-14 14:00:50] INFO [commit_pipeline_changes] [提交] 生成脱敏版总表
[2026-06-14 14:00:50] INFO [export_masked_summary] 脱敏版总表输出完成: /var*******************************************************************************************（共 2 条记录）
[2026-06-14 14:00:50] INFO [commit_pipeline_changes] [提交] 执行数据库持久化
[2026-06-14 14:00:50] DEBUG [init_schema] 数据库表结构初始化完成
[2026-06-14 14:00:50] INFO [connect] SQLite 数据库已连接: /Use************************************************************************************
[2026-06-14 14:00:50] INFO [insert_records] 已加载 25 个历史匹配键用于去重
[2026-06-14 14:00:50] INFO [insert_records] 批量导入完成: 批次 BATC***************, 共 2 条, 新增 0 条, 重复 2 条
[2026-06-14 14:00:50] INFO [disconnect] SQLite 数据库已断开
[2026-06-14 14:00:50] INFO [commit_pipeline_changes] [提交] 数据库持久化完成: 插入 0 条, 去重跳过 2 条
[2026-06-14 14:00:50] INFO [commit_pipeline_changes] [提交] 生成财务协同编辑模板
[2026-06-14 14:00:50] INFO [generate_collab_template] 财务协同编辑模板生成完成: /var***************************************************************************************************************（可编辑列: 凭证号, 凭证日期, 会计科目编码, 会计科目名称, 备注, 制单人）
[2026-06-14 14:00:50] INFO [commit_pipeline_changes] ===== 试运行变更提交完成 =====
[2026-06-14 14:00:50] INFO [setup_logging] 日志系统初始化完成，日志文件: /Use*******************************************************************************************************
[2026-06-14 14:00:50] INFO [setup_logging] 未检测到 tkinter，将使用命令行交互模式
[2026-06-14 14:00:50] INFO [run_pipeline] ===== 试运行模式已启用（不执行删除与写盘操作）=====
[2026-06-14 14:00:50] INFO [find_lookup_file] 精确匹配到主体查找表: /var**************************************************************************************
[2026-06-14 14:00:50] INFO [run_pipeline] 正在预加载主体查找表...
[2026-06-14 14:00:50] DEBUG [detect_excel_format] 文件 /var************************************************************************************** Magic Bytes 检测为 xlsx 格式 (ZIP/OOXML)
[2026-06-14 14:00:50] INFO [load_lookup_table] 查找表加载完成：共 2 条条目，2 个唯一账号，0 个扩展字段
[2026-06-14 14:00:50] INFO [run_pipeline] 主体查找表预加载完成
[2026-06-14 14:00:50] INFO [load_existing_keys] 未找到历史总表，将以全量模式运行
[2026-06-14 14:00:50] INFO [run_pipeline] 无历史数据，将以全量模式运行
[2026-06-14 14:00:50] INFO [run_pipeline] 已复制文件夹为＋检验版: /var******************************************************************************
[2026-06-14 14:00:50] DEBUG [scan_excel_files] 发现 Excel 文件: /var*******************************************************************************************
[2026-06-14 14:00:50] DEBUG [scan_excel_files] 发现 Excel 文件: /var*******************************************************************************************
[2026-06-14 14:00:50] INFO [scan_excel_files] 共扫描到 2 个 Excel 文件
[2026-06-14 14:00:50] WARNING [identify_bank] 文件「未知银行_流水.xlsx」无法识别银行类型
[2026-06-14 14:00:50] INFO [identify_bank] 文件「北京银行_流水.xlsx」通过前缀匹配识别为: 北京银行
[2026-06-14 14:00:50] INFO [parse] 开始处理北京银行文件: /var*******************************************************************************************
[2026-06-14 14:00:50] DEBUG [detect_excel_format] 文件 /var******************************************************************************************* Magic Bytes 检测为 xlsx 格式 (ZIP/OOXML)
[2026-06-14 14:00:50] INFO [validate_headers] 北京银行文件工作表「交易明细」表头校验通过，7 个字段均匹配
[2026-06-14 14:00:50] DEBUG [get_subject_info] 银行账号「0109年03月」匹配到主体: 北********司（优先级: 0）
[2026-06-14 14:00:50] INFO [_parse_sheet] 北京银行文件工作表「交易明细」提取 2 条记录
[2026-06-14 14:00:50] INFO [parse] 北京银行文件处理完成，共提取 2 条记录
[2026-06-14 14:00:50] INFO [run_pipeline] 成功处理文件: /var*******************************************************************************************（2 条记录）
[2026-06-14 14:00:50] INFO [run_pipeline] [试运行] 跳过删除文件操作，待删除文件 1 个
[2026-06-14 14:00:50] INFO [run_pipeline] [试运行] 跳过总表写盘，模式=全量覆盖，共 2 条记录
[2026-06-14 14:00:50] INFO [apply_counterparty_rules] 对方户名规则匹配完成: 总记录 2, 命中 0, 黑名单 0, 白名单 0
[2026-06-14 14:00:50] INFO [run_pipeline] [试运行] 跳过生成脱敏版总表
[2026-06-14 14:00:50] INFO [run_pipeline] [试运行] 跳过数据库持久化操作
[2026-06-14 14:00:50] INFO [identify_internal_transfers] 内部划转识别完成: 2 条记录, 识别出 0 对 (0 划出 + 0 划入), 涉及 0 个主体, 0 家银行
[2026-06-14 14:00:50] INFO [summarize_transactions] 主体维度汇总完成: 2 条记录, 1 个主体, 1 家银行, 1 个月份
[2026-06-14 14:00:50] INFO [export_subject_summary] 主体维度汇总分析已导出: /var*********************************************************************************************************
[2026-06-14 14:00:50] INFO [run_pipeline] 主体维度汇总分析已自动生成: /var*********************************************************************************************************
[2026-06-14 14:00:50] INFO [check_balance_continuity] 共 1 个账号待校验
[2026-06-14 14:00:50] DEBUG [check_balance_continuity] 校验账号: 0109年03月, 记录数: 2
[2026-06-14 14:00:50] INFO [check_balance_continuity] 余额连续性校验完成 - 总账号: 1, 已校验: 1, 跳过: 0, 异常笔数: 0, 异常账号: 0
[2026-06-14 14:00:50] INFO [export_balance_check_result] 余额连续性校验结果已导出: /var**********************************************************************************************************
[2026-06-14 14:00:50] INFO [run_pipeline] 余额连续性校验报告已自动生成: /var**********************************************************************************************************
[2026-06-14 14:00:50] INFO [detect_duplicates] 重复交易检测完成 - 总记录: 2, 疑似重复组: 0, 疑似重复记录: 0, 重复率: 0.00%
[2026-06-14 14:00:50] INFO [generate_duplicate_check_from_records] 未检测到重复交易，仍导出报告
[2026-06-14 14:00:50] INFO [export_duplicate_check_result] 重复交易检测结果已导出: /var*********************************************************************************************************
[2026-06-14 14:00:50] INFO [run_pipeline] 重复交易检测报告已自动生成: /var*********************************************************************************************************
[2026-06-14 14:00:50] INFO [filter_interest_fee_transactions] 筛选出 0 条利息手续费交易
[2026-06-14 14:00:50] INFO [summarize_by_period] 按month汇总生成 0 条期间汇总记录，异常 0 条
[2026-06-14 14:00:50] INFO [check_interest_fee] 利息手续费核对完成 - 总记录: 0 (利息: 0, 手续费: 0), 期间汇总: 0, 异常: 0
[2026-06-14 14:00:50] WARNING [generate_interest_fee_check_from_records] 未筛选到任何利息手续费交易，跳过报告生成
[2026-06-14 14:00:50] INFO [mark_non_workday_transactions] 非工作日交易标记完成: 总记录 2, 工作日 2, 周末 0, 法定节假日 0, 调休工作日 0
[2026-06-14 14:00:50] INFO [generate_holiday_check_from_records] 未发现非工作日交易，仍导出报告
[2026-06-14 14:00:50] INFO [export_holiday_check_result] 非工作日交易标记结果已导出: /var***********************************************************************************************************
[2026-06-14 14:00:50] INFO [run_pipeline] 非工作日交易标记报告已自动生成: /var***********************************************************************************************************
[2026-06-14 14:00:50] INFO [assign_accounting_period] 会计期间归属完成: 2 条记录, 1 个期间
[2026-06-14 14:00:50] INFO [export_accounting_period_summary] 会计期间总表已导出: /var*******************************************************************************************************（1 个期间）
[2026-06-14 14:00:50] INFO [run_pipeline] 会计期间总表已自动生成: /var*******************************************************************************************************
[2026-06-14 14:00:50] INFO [save_report] 性能剖析报告已保存: /var*****************************************************************************************************
[2026-06-14 14:00:50] INFO [save_report] 性能剖析数据已保存: /var*******************************************************************************************************
[2026-06-14 14:00:50] INFO [run_pipeline] 性能剖析报告已生成: /var*****************************************************************************************************
[2026-06-14 14:00:50] INFO [run_pipeline] [试运行] 跳过生成财务协同编辑模板
[2026-06-14 14:00:50] INFO [commit_pipeline_changes] ===== 开始提交试运行变更（正式写盘）=====
[2026-06-14 14:00:50] INFO [commit_pipeline_changes] [提交] 执行文件删除操作，待删除 1 个文件
[2026-06-14 14:00:50] DEBUG [delete_processed_files] 已删除文件: /var*******************************************************************************************
[2026-06-14 14:00:50] INFO [commit_pipeline_changes] [提交] 执行全量覆盖写总表：共 2 条记录
[2026-06-14 14:00:50] INFO [commit_pipeline_changes] [提交] 总表输出完成: /var***************************************************************************************
[2026-06-14 14:00:50] INFO [commit_pipeline_changes] [提交] 生成脱敏版总表
[2026-06-14 14:00:50] INFO [export_masked_summary] 脱敏版总表输出完成: /var*******************************************************************************************（共 2 条记录）
[2026-06-14 14:00:50] INFO [commit_pipeline_changes] [提交] 执行数据库持久化
[2026-06-14 14:00:50] DEBUG [init_schema] 数据库表结构初始化完成
[2026-06-14 14:00:50] INFO [connect] SQLite 数据库已连接: /Use************************************************************************************
[2026-06-14 14:00:50] INFO [disconnect] SQLite 数据库已断开
[2026-06-14 14:00:50] ERROR [persist_transactions] 数据库持久化失败: UNIQUE constraint failed: import_batches.batch_id
Traceback (most recent call last):
  File "/Users/zhangchengcheng/work/ai-project/Trea/solo0605/label-02552/tests/../backend/database.py", line 1612, in persist_transactions
    insert_count, duplicate_count = db.insert_records(
                                    ~~~~~~~~~~~~~~~~~^
        transaction_records,
        ^^^^^^^^^^^^^^^^^^^^
        batch_id=batch_id,
        ^^^^^^^^^^^^^^^^^^
        deduplicate=deduplicate,
        ^^^^^^^^^^^^^^^^^^^^^^^^
    )
    ^
  File "/Users/zhangchengcheng/work/ai-project/Trea/solo0605/label-02552/tests/../backend/database.py", line 554, in insert_records
    cursor.execute('''
    ~~~~~~~~~~~~~~^^^^
        INSERT INTO import_batches (
        ^^^^^^^^^^^^^^^^^^^^^^^^^^^^
            batch_id, total_records, started_at, status
            ^^^^^^^^^^^^^^^^^^^^^^^^^^^^^^^^^^^^^^^^^^^
        ) VALUES (?, ?, ?, ?)
        ^^^^^^^^^^^^^^^^^^^^^
    ''', (batch_id, len(records), started_at, 'processing'))
    ^^^^^^^^^^^^^^^^^^^^^^^^^^^^^^^^^^^^^^^^^^^^^^^^^^^^^^^^
sqlite3.IntegrityError: UNIQUE constraint failed: import_batches.batch_id
[2026-06-14 14:00:50] INFO [commit_pipeline_changes] [提交] 数据库持久化完成: 插入 0 条, 去重跳过 0 条
[2026-06-14 14:00:50] INFO [commit_pipeline_changes] [提交] 生成财务协同编辑模板
[2026-06-14 14:00:50] INFO [generate_collab_template] 财务协同编辑模板生成完成: /var***************************************************************************************************************（可编辑列: 凭证号, 凭证日期, 会计科目编码, 会计科目名称, 备注, 制单人）
[2026-06-14 14:00:50] INFO [commit_pipeline_changes] ===== 试运行变更提交完成 =====
[2026-06-14 14:00:50] DEBUG [scan_excel_files] 发现 Excel 文件: /var*******************************************************************************************
[2026-06-14 14:00:50] INFO [scan_excel_files] 共扫描到 1 个 Excel 文件
[2026-06-14 14:00:50] INFO [setup_logging] 日志系统初始化完成，日志文件: /Use*******************************************************************************************************
[2026-06-14 14:00:50] INFO [setup_logging] 未检测到 tkinter，将使用命令行交互模式
[2026-06-14 14:00:50] INFO [run_pipeline] ===== 试运行模式已启用（不执行删除与写盘操作）=====
[2026-06-14 14:00:50] INFO [find_lookup_file] 精确匹配到主体查找表: /var**************************************************************************************
[2026-06-14 14:00:50] INFO [run_pipeline] 正在预加载主体查找表...
[2026-06-14 14:00:50] DEBUG [detect_excel_format] 文件 /var************************************************************************************** Magic Bytes 检测为 xlsx 格式 (ZIP/OOXML)
[2026-06-14 14:00:50] INFO [load_lookup_table] 查找表加载完成：共 2 条条目，2 个唯一账号，0 个扩展字段
[2026-06-14 14:00:50] INFO [run_pipeline] 主体查找表预加载完成
[2026-06-14 14:00:50] INFO [load_existing_keys] 未找到历史总表，将以全量模式运行
[2026-06-14 14:00:50] INFO [run_pipeline] 无历史数据，将以全量模式运行
[2026-06-14 14:00:50] INFO [run_pipeline] 已复制文件夹为＋检验版: /var******************************************************************************
[2026-06-14 14:00:50] DEBUG [scan_excel_files] 发现 Excel 文件: /var*******************************************************************************************
[2026-06-14 14:00:50] INFO [scan_excel_files] 共扫描到 1 个 Excel 文件
[2026-06-14 14:00:50] INFO [identify_bank] 文件「北京银行_流水.xlsx」通过前缀匹配识别为: 北京银行
[2026-06-14 14:00:50] INFO [parse] 开始处理北京银行文件: /var*******************************************************************************************
[2026-06-14 14:00:50] DEBUG [detect_excel_format] 文件 /var******************************************************************************************* Magic Bytes 检测为 xlsx 格式 (ZIP/OOXML)
[2026-06-14 14:00:50] INFO [validate_headers] 北京银行文件工作表「交易明细」表头校验通过，7 个字段均匹配
[2026-06-14 14:00:50] DEBUG [get_subject_info] 银行账号「0109年03月」匹配到主体: 北********司（优先级: 0）
[2026-06-14 14:00:50] INFO [_parse_sheet] 北京银行文件工作表「交易明细」提取 2 条记录
[2026-06-14 14:00:50] INFO [parse] 北京银行文件处理完成，共提取 2 条记录
[2026-06-14 14:00:50] INFO [run_pipeline] 成功处理文件: /var*******************************************************************************************（2 条记录）
[2026-06-14 14:00:50] INFO [run_pipeline] [试运行] 跳过删除文件操作，待删除文件 1 个
[2026-06-14 14:00:50] INFO [run_pipeline] [试运行] 跳过总表写盘，模式=全量覆盖，共 2 条记录
[2026-06-14 14:00:50] INFO [apply_counterparty_rules] 对方户名规则匹配完成: 总记录 2, 命中 0, 黑名单 0, 白名单 0
[2026-06-14 14:00:50] INFO [run_pipeline] [试运行] 跳过生成脱敏版总表
[2026-06-14 14:00:50] INFO [run_pipeline] [试运行] 跳过数据库持久化操作
[2026-06-14 14:00:50] INFO [identify_internal_transfers] 内部划转识别完成: 2 条记录, 识别出 0 对 (0 划出 + 0 划入), 涉及 0 个主体, 0 家银行
[2026-06-14 14:00:50] INFO [summarize_transactions] 主体维度汇总完成: 2 条记录, 1 个主体, 1 家银行, 1 个月份
[2026-06-14 14:00:50] INFO [export_subject_summary] 主体维度汇总分析已导出: /var*********************************************************************************************************
[2026-06-14 14:00:50] INFO [run_pipeline] 主体维度汇总分析已自动生成: /var*********************************************************************************************************
[2026-06-14 14:00:50] INFO [check_balance_continuity] 共 1 个账号待校验
[2026-06-14 14:00:50] DEBUG [check_balance_continuity] 校验账号: 0109年03月, 记录数: 2
[2026-06-14 14:00:50] INFO [check_balance_continuity] 余额连续性校验完成 - 总账号: 1, 已校验: 1, 跳过: 0, 异常笔数: 0, 异常账号: 0
[2026-06-14 14:00:50] INFO [export_balance_check_result] 余额连续性校验结果已导出: /var**********************************************************************************************************
[2026-06-14 14:00:50] INFO [run_pipeline] 余额连续性校验报告已自动生成: /var**********************************************************************************************************
[2026-06-14 14:00:50] INFO [detect_duplicates] 重复交易检测完成 - 总记录: 2, 疑似重复组: 0, 疑似重复记录: 0, 重复率: 0.00%
[2026-06-14 14:00:50] INFO [generate_duplicate_check_from_records] 未检测到重复交易，仍导出报告
[2026-06-14 14:00:50] INFO [export_duplicate_check_result] 重复交易检测结果已导出: /var*********************************************************************************************************
[2026-06-14 14:00:50] INFO [run_pipeline] 重复交易检测报告已自动生成: /var*********************************************************************************************************
[2026-06-14 14:00:50] INFO [filter_interest_fee_transactions] 筛选出 0 条利息手续费交易
[2026-06-14 14:00:50] INFO [summarize_by_period] 按month汇总生成 0 条期间汇总记录，异常 0 条
[2026-06-14 14:00:50] INFO [check_interest_fee] 利息手续费核对完成 - 总记录: 0 (利息: 0, 手续费: 0), 期间汇总: 0, 异常: 0
[2026-06-14 14:00:50] WARNING [generate_interest_fee_check_from_records] 未筛选到任何利息手续费交易，跳过报告生成
[2026-06-14 14:00:50] INFO [mark_non_workday_transactions] 非工作日交易标记完成: 总记录 2, 工作日 2, 周末 0, 法定节假日 0, 调休工作日 0
[2026-06-14 14:00:50] INFO [generate_holiday_check_from_records] 未发现非工作日交易，仍导出报告
[2026-06-14 14:00:50] INFO [export_holiday_check_result] 非工作日交易标记结果已导出: /var***********************************************************************************************************
[2026-06-14 14:00:50] INFO [run_pipeline] 非工作日交易标记报告已自动生成: /var***********************************************************************************************************
[2026-06-14 14:00:50] INFO [assign_accounting_period] 会计期间归属完成: 2 条记录, 1 个期间
[2026-06-14 14:00:50] INFO [export_accounting_period_summary] 会计期间总表已导出: /var*******************************************************************************************************（1 个期间）
[2026-06-14 14:00:50] INFO [run_pipeline] 会计期间总表已自动生成: /var*******************************************************************************************************
[2026-06-14 14:00:50] INFO [save_report] 性能剖析报告已保存: /var*****************************************************************************************************
[2026-06-14 14:00:50] INFO [save_report] 性能剖析数据已保存: /var*******************************************************************************************************
[2026-06-14 14:00:50] INFO [run_pipeline] 性能剖析报告已生成: /var*****************************************************************************************************
[2026-06-14 14:00:50] INFO [run_pipeline] [试运行] 跳过生成财务协同编辑模板
[2026-06-14 14:00:50] INFO [commit_pipeline_changes] ===== 开始提交试运行变更（正式写盘）=====
[2026-06-14 14:00:50] INFO [commit_pipeline_changes] [提交] 执行文件删除操作，待删除 1 个文件
[2026-06-14 14:00:50] DEBUG [delete_processed_files] 已删除文件: /var*******************************************************************************************
[2026-06-14 14:00:50] INFO [commit_pipeline_changes] [提交] 执行全量覆盖写总表：共 2 条记录
[2026-06-14 14:00:50] INFO [commit_pipeline_changes] [提交] 总表输出完成: /var***************************************************************************************
[2026-06-14 14:00:50] INFO [commit_pipeline_changes] [提交] 生成脱敏版总表
[2026-06-14 14:00:50] INFO [export_masked_summary] 脱敏版总表输出完成: /var*******************************************************************************************（共 2 条记录）
[2026-06-14 14:00:50] INFO [commit_pipeline_changes] [提交] 执行数据库持久化
[2026-06-14 14:00:50] DEBUG [init_schema] 数据库表结构初始化完成
[2026-06-14 14:00:50] INFO [connect] SQLite 数据库已连接: /Use************************************************************************************
[2026-06-14 14:00:50] INFO [disconnect] SQLite 数据库已断开
[2026-06-14 14:00:50] ERROR [persist_transactions] 数据库持久化失败: UNIQUE constraint failed: import_batches.batch_id
Traceback (most recent call last):
  File "/Users/zhangchengcheng/work/ai-project/Trea/solo0605/label-02552/tests/../backend/database.py", line 1612, in persist_transactions
    insert_count, duplicate_count = db.insert_records(
                                    ~~~~~~~~~~~~~~~~~^
        transaction_records,
        ^^^^^^^^^^^^^^^^^^^^
        batch_id=batch_id,
        ^^^^^^^^^^^^^^^^^^
        deduplicate=deduplicate,
        ^^^^^^^^^^^^^^^^^^^^^^^^
    )
    ^
  File "/Users/zhangchengcheng/work/ai-project/Trea/solo0605/label-02552/tests/../backend/database.py", line 554, in insert_records
    cursor.execute('''
    ~~~~~~~~~~~~~~^^^^
        INSERT INTO import_batches (
        ^^^^^^^^^^^^^^^^^^^^^^^^^^^^
            batch_id, total_records, started_at, status
            ^^^^^^^^^^^^^^^^^^^^^^^^^^^^^^^^^^^^^^^^^^^
        ) VALUES (?, ?, ?, ?)
        ^^^^^^^^^^^^^^^^^^^^^
    ''', (batch_id, len(records), started_at, 'processing'))
    ^^^^^^^^^^^^^^^^^^^^^^^^^^^^^^^^^^^^^^^^^^^^^^^^^^^^^^^^
sqlite3.IntegrityError: UNIQUE constraint failed: import_batches.batch_id
[2026-06-14 14:00:50] INFO [commit_pipeline_changes] [提交] 数据库持久化完成: 插入 0 条, 去重跳过 0 条
[2026-06-14 14:00:50] INFO [commit_pipeline_changes] [提交] 生成财务协同编辑模板
[2026-06-14 14:00:50] INFO [generate_collab_template] 财务协同编辑模板生成完成: /var***************************************************************************************************************（可编辑列: 凭证号, 凭证日期, 会计科目编码, 会计科目名称, 备注, 制单人）
[2026-06-14 14:00:50] INFO [commit_pipeline_changes] ===== 试运行变更提交完成 =====
[2026-06-14 14:00:50] INFO [setup_logging] 日志系统初始化完成，日志文件: /Use*******************************************************************************************************
[2026-06-14 14:00:50] INFO [setup_logging] 未检测到 tkinter，将使用命令行交互模式
[2026-06-14 14:00:50] INFO [run_pipeline] ===== 试运行模式已启用（不执行删除与写盘操作）=====
[2026-06-14 14:00:50] INFO [find_lookup_file] 精确匹配到主体查找表: /var**************************************************************************************
[2026-06-14 14:00:50] INFO [run_pipeline] 正在预加载主体查找表...
[2026-06-14 14:00:50] DEBUG [detect_excel_format] 文件 /var************************************************************************************** Magic Bytes 检测为 xlsx 格式 (ZIP/OOXML)
[2026-06-14 14:00:50] INFO [load_lookup_table] 查找表加载完成：共 2 条条目，2 个唯一账号，0 个扩展字段
[2026-06-14 14:00:50] INFO [run_pipeline] 主体查找表预加载完成
[2026-06-14 14:00:50] INFO [load_existing_keys] 未找到历史总表，将以全量模式运行
[2026-06-14 14:00:50] INFO [run_pipeline] 无历史数据，将以全量模式运行
[2026-06-14 14:00:50] INFO [run_pipeline] 已复制文件夹为＋检验版: /var******************************************************************************
[2026-06-14 14:00:50] DEBUG [scan_excel_files] 发现 Excel 文件: /var*******************************************************************************************
[2026-06-14 14:00:50] INFO [scan_excel_files] 共扫描到 1 个 Excel 文件
[2026-06-14 14:00:50] INFO [identify_bank] 文件「北京银行_流水.xlsx」通过前缀匹配识别为: 北京银行
[2026-06-14 14:00:50] INFO [parse] 开始处理北京银行文件: /var*******************************************************************************************
[2026-06-14 14:00:50] DEBUG [detect_excel_format] 文件 /var******************************************************************************************* Magic Bytes 检测为 xlsx 格式 (ZIP/OOXML)
[2026-06-14 14:00:50] INFO [validate_headers] 北京银行文件工作表「交易明细」表头校验通过，7 个字段均匹配
[2026-06-14 14:00:50] DEBUG [get_subject_info] 银行账号「0109年03月」匹配到主体: 北********司（优先级: 0）
[2026-06-14 14:00:50] INFO [_parse_sheet] 北京银行文件工作表「交易明细」提取 2 条记录
[2026-06-14 14:00:50] INFO [parse] 北京银行文件处理完成，共提取 2 条记录
[2026-06-14 14:00:50] INFO [run_pipeline] 成功处理文件: /var*******************************************************************************************（2 条记录）
[2026-06-14 14:00:50] INFO [run_pipeline] [试运行] 跳过删除文件操作，待删除文件 1 个
[2026-06-14 14:00:50] INFO [run_pipeline] [试运行] 跳过总表写盘，模式=全量覆盖，共 2 条记录
[2026-06-14 14:00:50] INFO [apply_counterparty_rules] 对方户名规则匹配完成: 总记录 2, 命中 0, 黑名单 0, 白名单 0
[2026-06-14 14:00:50] INFO [run_pipeline] [试运行] 跳过生成脱敏版总表
[2026-06-14 14:00:50] INFO [run_pipeline] [试运行] 跳过数据库持久化操作
[2026-06-14 14:00:50] INFO [identify_internal_transfers] 内部划转识别完成: 2 条记录, 识别出 0 对 (0 划出 + 0 划入), 涉及 0 个主体, 0 家银行
[2026-06-14 14:00:50] INFO [summarize_transactions] 主体维度汇总完成: 2 条记录, 1 个主体, 1 家银行, 1 个月份
[2026-06-14 14:00:50] INFO [export_subject_summary] 主体维度汇总分析已导出: /var*********************************************************************************************************
[2026-06-14 14:00:50] INFO [run_pipeline] 主体维度汇总分析已自动生成: /var*********************************************************************************************************
[2026-06-14 14:00:50] INFO [check_balance_continuity] 共 1 个账号待校验
[2026-06-14 14:00:50] DEBUG [check_balance_continuity] 校验账号: 0109年03月, 记录数: 2
[2026-06-14 14:00:50] INFO [check_balance_continuity] 余额连续性校验完成 - 总账号: 1, 已校验: 1, 跳过: 0, 异常笔数: 0, 异常账号: 0
[2026-06-14 14:00:50] INFO [export_balance_check_result] 余额连续性校验结果已导出: /var**********************************************************************************************************
[2026-06-14 14:00:50] INFO [run_pipeline] 余额连续性校验报告已自动生成: /var**********************************************************************************************************
[2026-06-14 14:00:50] INFO [detect_duplicates] 重复交易检测完成 - 总记录: 2, 疑似重复组: 0, 疑似重复记录: 0, 重复率: 0.00%
[2026-06-14 14:00:50] INFO [generate_duplicate_check_from_records] 未检测到重复交易，仍导出报告
[2026-06-14 14:00:50] INFO [export_duplicate_check_result] 重复交易检测结果已导出: /var*********************************************************************************************************
[2026-06-14 14:00:50] INFO [run_pipeline] 重复交易检测报告已自动生成: /var*********************************************************************************************************
[2026-06-14 14:00:50] INFO [filter_interest_fee_transactions] 筛选出 0 条利息手续费交易
[2026-06-14 14:00:50] INFO [summarize_by_period] 按month汇总生成 0 条期间汇总记录，异常 0 条
[2026-06-14 14:00:50] INFO [check_interest_fee] 利息手续费核对完成 - 总记录: 0 (利息: 0, 手续费: 0), 期间汇总: 0, 异常: 0
[2026-06-14 14:00:50] WARNING [generate_interest_fee_check_from_records] 未筛选到任何利息手续费交易，跳过报告生成
[2026-06-14 14:00:50] INFO [mark_non_workday_transactions] 非工作日交易标记完成: 总记录 2, 工作日 2, 周末 0, 法定节假日 0, 调休工作日 0
[2026-06-14 14:00:50] INFO [generate_holiday_check_from_records] 未发现非工作日交易，仍导出报告
[2026-06-14 14:00:50] INFO [export_holiday_check_result] 非工作日交易标记结果已导出: /var***********************************************************************************************************
[2026-06-14 14:00:50] INFO [run_pipeline] 非工作日交易标记报告已自动生成: /var***********************************************************************************************************
[2026-06-14 14:00:50] INFO [assign_accounting_period] 会计期间归属完成: 2 条记录, 1 个期间
[2026-06-14 14:00:50] INFO [export_accounting_period_summary] 会计期间总表已导出: /var*******************************************************************************************************（1 个期间）
[2026-06-14 14:00:50] INFO [run_pipeline] 会计期间总表已自动生成: /var*******************************************************************************************************
[2026-06-14 14:00:50] INFO [save_report] 性能剖析报告已保存: /var*****************************************************************************************************
[2026-06-14 14:00:50] INFO [save_report] 性能剖析数据已保存: /var*******************************************************************************************************
[2026-06-14 14:00:50] INFO [run_pipeline] 性能剖析报告已生成: /var*****************************************************************************************************
[2026-06-14 14:00:50] INFO [run_pipeline] [试运行] 跳过生成财务协同编辑模板
[2026-06-14 14:00:50] INFO [commit_pipeline_changes] ===== 开始提交试运行变更（正式写盘）=====
[2026-06-14 14:00:50] INFO [commit_pipeline_changes] [提交] 执行文件删除操作，待删除 1 个文件
[2026-06-14 14:00:50] DEBUG [delete_processed_files] 已删除文件: /var*******************************************************************************************
[2026-06-14 14:00:50] INFO [commit_pipeline_changes] [提交] 执行全量覆盖写总表：共 2 条记录
[2026-06-14 14:00:50] INFO [commit_pipeline_changes] [提交] 总表输出完成: /var***************************************************************************************
[2026-06-14 14:00:50] INFO [commit_pipeline_changes] [提交] 生成脱敏版总表
[2026-06-14 14:00:50] INFO [export_masked_summary] 脱敏版总表输出完成: /var*******************************************************************************************（共 2 条记录）
[2026-06-14 14:00:50] INFO [commit_pipeline_changes] [提交] 执行数据库持久化
[2026-06-14 14:00:50] DEBUG [init_schema] 数据库表结构初始化完成
[2026-06-14 14:00:50] INFO [connect] SQLite 数据库已连接: /Use************************************************************************************
[2026-06-14 14:00:50] INFO [disconnect] SQLite 数据库已断开
[2026-06-14 14:00:50] ERROR [persist_transactions] 数据库持久化失败: UNIQUE constraint failed: import_batches.batch_id
Traceback (most recent call last):
  File "/Users/zhangchengcheng/work/ai-project/Trea/solo0605/label-02552/tests/../backend/database.py", line 1612, in persist_transactions
    insert_count, duplicate_count = db.insert_records(
                                    ~~~~~~~~~~~~~~~~~^
        transaction_records,
        ^^^^^^^^^^^^^^^^^^^^
        batch_id=batch_id,
        ^^^^^^^^^^^^^^^^^^
        deduplicate=deduplicate,
        ^^^^^^^^^^^^^^^^^^^^^^^^
    )
    ^
  File "/Users/zhangchengcheng/work/ai-project/Trea/solo0605/label-02552/tests/../backend/database.py", line 554, in insert_records
    cursor.execute('''
    ~~~~~~~~~~~~~~^^^^
        INSERT INTO import_batches (
        ^^^^^^^^^^^^^^^^^^^^^^^^^^^^
            batch_id, total_records, started_at, status
            ^^^^^^^^^^^^^^^^^^^^^^^^^^^^^^^^^^^^^^^^^^^
        ) VALUES (?, ?, ?, ?)
        ^^^^^^^^^^^^^^^^^^^^^
    ''', (batch_id, len(records), started_at, 'processing'))
    ^^^^^^^^^^^^^^^^^^^^^^^^^^^^^^^^^^^^^^^^^^^^^^^^^^^^^^^^
sqlite3.IntegrityError: UNIQUE constraint failed: import_batches.batch_id
[2026-06-14 14:00:50] INFO [commit_pipeline_changes] [提交] 数据库持久化完成: 插入 0 条, 去重跳过 0 条
[2026-06-14 14:00:50] INFO [commit_pipeline_changes] [提交] 生成财务协同编辑模板
[2026-06-14 14:00:50] INFO [generate_collab_template] 财务协同编辑模板生成完成: /var***************************************************************************************************************（可编辑列: 凭证号, 凭证日期, 会计科目编码, 会计科目名称, 备注, 制单人）
[2026-06-14 14:00:50] INFO [commit_pipeline_changes] ===== 试运行变更提交完成 =====
[2026-06-14 14:00:50] INFO [setup_logging] 日志系统初始化完成，日志文件: /Use*******************************************************************************************************
[2026-06-14 14:00:50] INFO [setup_logging] 未检测到 tkinter，将使用命令行交互模式
[2026-06-14 14:00:50] INFO [run_pipeline] ===== 试运行模式已启用（不执行删除与写盘操作）=====
[2026-06-14 14:00:50] INFO [find_lookup_file] 精确匹配到主体查找表: /var**************************************************************************************
[2026-06-14 14:00:50] INFO [run_pipeline] 正在预加载主体查找表...
[2026-06-14 14:00:50] DEBUG [detect_excel_format] 文件 /var************************************************************************************** Magic Bytes 检测为 xlsx 格式 (ZIP/OOXML)
[2026-06-14 14:00:50] INFO [load_lookup_table] 查找表加载完成：共 2 条条目，2 个唯一账号，0 个扩展字段
[2026-06-14 14:00:50] INFO [run_pipeline] 主体查找表预加载完成
[2026-06-14 14:00:50] INFO [load_existing_keys] 未找到历史总表，将以全量模式运行
[2026-06-14 14:00:50] INFO [run_pipeline] 无历史数据，将以全量模式运行
[2026-06-14 14:00:50] INFO [run_pipeline] 已复制文件夹为＋检验版: /var******************************************************************************
[2026-06-14 14:00:50] DEBUG [scan_excel_files] 发现 Excel 文件: /var*******************************************************************************************
[2026-06-14 14:00:50] INFO [scan_excel_files] 共扫描到 1 个 Excel 文件
[2026-06-14 14:00:50] INFO [identify_bank] 文件「北京银行_流水.xlsx」通过前缀匹配识别为: 北京银行
[2026-06-14 14:00:50] INFO [parse] 开始处理北京银行文件: /var*******************************************************************************************
[2026-06-14 14:00:50] DEBUG [detect_excel_format] 文件 /var******************************************************************************************* Magic Bytes 检测为 xlsx 格式 (ZIP/OOXML)
[2026-06-14 14:00:50] INFO [validate_headers] 北京银行文件工作表「交易明细」表头校验通过，7 个字段均匹配
[2026-06-14 14:00:50] DEBUG [get_subject_info] 银行账号「0109年03月」匹配到主体: 北********司（优先级: 0）
[2026-06-14 14:00:50] INFO [_parse_sheet] 北京银行文件工作表「交易明细」提取 2 条记录
[2026-06-14 14:00:50] INFO [parse] 北京银行文件处理完成，共提取 2 条记录
[2026-06-14 14:00:50] INFO [run_pipeline] 成功处理文件: /var*******************************************************************************************（2 条记录）
[2026-06-14 14:00:50] INFO [run_pipeline] [试运行] 跳过删除文件操作，待删除文件 1 个
[2026-06-14 14:00:50] INFO [run_pipeline] [试运行] 跳过总表写盘，模式=全量覆盖，共 2 条记录
[2026-06-14 14:00:50] INFO [apply_counterparty_rules] 对方户名规则匹配完成: 总记录 2, 命中 0, 黑名单 0, 白名单 0
[2026-06-14 14:00:50] INFO [run_pipeline] [试运行] 跳过生成脱敏版总表
[2026-06-14 14:00:50] INFO [run_pipeline] [试运行] 跳过数据库持久化操作
[2026-06-14 14:00:50] INFO [identify_internal_transfers] 内部划转识别完成: 2 条记录, 识别出 0 对 (0 划出 + 0 划入), 涉及 0 个主体, 0 家银行
[2026-06-14 14:00:50] INFO [summarize_transactions] 主体维度汇总完成: 2 条记录, 1 个主体, 1 家银行, 1 个月份
[2026-06-14 14:00:50] INFO [export_subject_summary] 主体维度汇总分析已导出: /var*********************************************************************************************************
[2026-06-14 14:00:50] INFO [run_pipeline] 主体维度汇总分析已自动生成: /var*********************************************************************************************************
[2026-06-14 14:00:50] INFO [check_balance_continuity] 共 1 个账号待校验
[2026-06-14 14:00:50] DEBUG [check_balance_continuity] 校验账号: 0109年03月, 记录数: 2
[2026-06-14 14:00:50] INFO [check_balance_continuity] 余额连续性校验完成 - 总账号: 1, 已校验: 1, 跳过: 0, 异常笔数: 0, 异常账号: 0
[2026-06-14 14:00:50] INFO [export_balance_check_result] 余额连续性校验结果已导出: /var**********************************************************************************************************
[2026-06-14 14:00:50] INFO [run_pipeline] 余额连续性校验报告已自动生成: /var**********************************************************************************************************
[2026-06-14 14:00:50] INFO [detect_duplicates] 重复交易检测完成 - 总记录: 2, 疑似重复组: 0, 疑似重复记录: 0, 重复率: 0.00%
[2026-06-14 14:00:50] INFO [generate_duplicate_check_from_records] 未检测到重复交易，仍导出报告
[2026-06-14 14:00:50] INFO [export_duplicate_check_result] 重复交易检测结果已导出: /var*********************************************************************************************************
[2026-06-14 14:00:50] INFO [run_pipeline] 重复交易检测报告已自动生成: /var*********************************************************************************************************
[2026-06-14 14:00:50] INFO [filter_interest_fee_transactions] 筛选出 0 条利息手续费交易
[2026-06-14 14:00:50] INFO [summarize_by_period] 按month汇总生成 0 条期间汇总记录，异常 0 条
[2026-06-14 14:00:50] INFO [check_interest_fee] 利息手续费核对完成 - 总记录: 0 (利息: 0, 手续费: 0), 期间汇总: 0, 异常: 0
[2026-06-14 14:00:50] WARNING [generate_interest_fee_check_from_records] 未筛选到任何利息手续费交易，跳过报告生成
[2026-06-14 14:00:50] INFO [mark_non_workday_transactions] 非工作日交易标记完成: 总记录 2, 工作日 2, 周末 0, 法定节假日 0, 调休工作日 0
[2026-06-14 14:00:50] INFO [generate_holiday_check_from_records] 未发现非工作日交易，仍导出报告
[2026-06-14 14:00:50] INFO [export_holiday_check_result] 非工作日交易标记结果已导出: /var***********************************************************************************************************
[2026-06-14 14:00:50] INFO [run_pipeline] 非工作日交易标记报告已自动生成: /var***********************************************************************************************************
[2026-06-14 14:00:50] INFO [assign_accounting_period] 会计期间归属完成: 2 条记录, 1 个期间
[2026-06-14 14:00:50] INFO [export_accounting_period_summary] 会计期间总表已导出: /var*******************************************************************************************************（1 个期间）
[2026-06-14 14:00:50] INFO [run_pipeline] 会计期间总表已自动生成: /var*******************************************************************************************************
[2026-06-14 14:00:50] INFO [save_report] 性能剖析报告已保存: /var*****************************************************************************************************
[2026-06-14 14:00:50] INFO [save_report] 性能剖析数据已保存: /var*******************************************************************************************************
[2026-06-14 14:00:50] INFO [run_pipeline] 性能剖析报告已生成: /var*****************************************************************************************************
[2026-06-14 14:00:50] INFO [run_pipeline] [试运行] 跳过生成财务协同编辑模板
[2026-06-14 14:00:50] INFO [commit_pipeline_changes] ===== 开始提交试运行变更（正式写盘）=====
[2026-06-14 14:00:50] INFO [commit_pipeline_changes] [提交] 执行文件删除操作，待删除 1 个文件
[2026-06-14 14:00:50] DEBUG [delete_processed_files] 已删除文件: /var*******************************************************************************************
[2026-06-14 14:00:50] INFO [commit_pipeline_changes] [提交] 执行全量覆盖写总表：共 2 条记录
[2026-06-14 14:00:50] INFO [commit_pipeline_changes] [提交] 总表输出完成: /var***************************************************************************************
[2026-06-14 14:00:50] INFO [commit_pipeline_changes] [提交] 生成脱敏版总表
[2026-06-14 14:00:50] INFO [export_masked_summary] 脱敏版总表输出完成: /var*******************************************************************************************（共 2 条记录）
[2026-06-14 14:00:50] INFO [commit_pipeline_changes] [提交] 执行数据库持久化
[2026-06-14 14:00:50] DEBUG [init_schema] 数据库表结构初始化完成
[2026-06-14 14:00:50] INFO [connect] SQLite 数据库已连接: /Use************************************************************************************
[2026-06-14 14:00:50] INFO [disconnect] SQLite 数据库已断开
[2026-06-14 14:00:50] ERROR [persist_transactions] 数据库持久化失败: UNIQUE constraint failed: import_batches.batch_id
Traceback (most recent call last):
  File "/Users/zhangchengcheng/work/ai-project/Trea/solo0605/label-02552/tests/../backend/database.py", line 1612, in persist_transactions
    insert_count, duplicate_count = db.insert_records(
                                    ~~~~~~~~~~~~~~~~~^
        transaction_records,
        ^^^^^^^^^^^^^^^^^^^^
        batch_id=batch_id,
        ^^^^^^^^^^^^^^^^^^
        deduplicate=deduplicate,
        ^^^^^^^^^^^^^^^^^^^^^^^^
    )
    ^
  File "/Users/zhangchengcheng/work/ai-project/Trea/solo0605/label-02552/tests/../backend/database.py", line 554, in insert_records
    cursor.execute('''
    ~~~~~~~~~~~~~~^^^^
        INSERT INTO import_batches (
        ^^^^^^^^^^^^^^^^^^^^^^^^^^^^
            batch_id, total_records, started_at, status
            ^^^^^^^^^^^^^^^^^^^^^^^^^^^^^^^^^^^^^^^^^^^
        ) VALUES (?, ?, ?, ?)
        ^^^^^^^^^^^^^^^^^^^^^
    ''', (batch_id, len(records), started_at, 'processing'))
    ^^^^^^^^^^^^^^^^^^^^^^^^^^^^^^^^^^^^^^^^^^^^^^^^^^^^^^^^
sqlite3.IntegrityError: UNIQUE constraint failed: import_batches.batch_id
[2026-06-14 14:00:50] INFO [commit_pipeline_changes] [提交] 数据库持久化完成: 插入 0 条, 去重跳过 0 条
[2026-06-14 14:00:50] INFO [commit_pipeline_changes] [提交] 生成财务协同编辑模板
[2026-06-14 14:00:50] INFO [generate_collab_template] 财务协同编辑模板生成完成: /var***************************************************************************************************************（可编辑列: 凭证号, 凭证日期, 会计科目编码, 会计科目名称, 备注, 制单人）
[2026-06-14 14:00:50] INFO [commit_pipeline_changes] ===== 试运行变更提交完成 =====
[2026-06-14 14:00:50] WARNING [commit_pipeline_changes] commit_pipeline_changes: 结果不是试运行模式（dry_run=False），无需提交
[2026-06-14 14:00:50] INFO [setup_logging] 日志系统初始化完成，日志文件: /Use*******************************************************************************************************
[2026-06-14 14:00:50] INFO [setup_logging] 未检测到 tkinter，将使用命令行交互模式
[2026-06-14 14:00:50] INFO [find_lookup_file] 精确匹配到主体查找表: /var**************************************************************************************
[2026-06-14 14:00:50] INFO [run_pipeline] 正在预加载主体查找表...
[2026-06-14 14:00:50] DEBUG [detect_excel_format] 文件 /var************************************************************************************** Magic Bytes 检测为 xlsx 格式 (ZIP/OOXML)
[2026-06-14 14:00:50] INFO [load_lookup_table] 查找表加载完成：共 2 条条目，2 个唯一账号，0 个扩展字段
[2026-06-14 14:00:50] INFO [run_pipeline] 主体查找表预加载完成
[2026-06-14 14:00:50] INFO [load_existing_keys] 未找到历史总表，将以全量模式运行
[2026-06-14 14:00:50] INFO [run_pipeline] 无历史数据，将以全量模式运行
[2026-06-14 14:00:50] INFO [run_pipeline] 已复制文件夹为＋检验版: /var******************************************************************************
[2026-06-14 14:00:50] DEBUG [scan_excel_files] 发现 Excel 文件: /var*******************************************************************************************
[2026-06-14 14:00:50] INFO [scan_excel_files] 共扫描到 1 个 Excel 文件
[2026-06-14 14:00:50] INFO [identify_bank] 文件「北京银行_流水.xlsx」通过前缀匹配识别为: 北京银行
[2026-06-14 14:00:50] INFO [parse] 开始处理北京银行文件: /var*******************************************************************************************
[2026-06-14 14:00:50] DEBUG [detect_excel_format] 文件 /var******************************************************************************************* Magic Bytes 检测为 xlsx 格式 (ZIP/OOXML)
[2026-06-14 14:00:50] INFO [validate_headers] 北京银行文件工作表「交易明细」表头校验通过，7 个字段均匹配
[2026-06-14 14:00:50] DEBUG [get_subject_info] 银行账号「0109年03月」匹配到主体: 北********司（优先级: 0）
[2026-06-14 14:00:50] INFO [_parse_sheet] 北京银行文件工作表「交易明细」提取 2 条记录
[2026-06-14 14:00:50] INFO [parse] 北京银行文件处理完成，共提取 2 条记录
[2026-06-14 14:00:50] INFO [run_pipeline] 成功处理文件: /var*******************************************************************************************（2 条记录）
[2026-06-14 14:00:50] DEBUG [delete_processed_files] 已删除文件: /var*******************************************************************************************
[2026-06-14 14:00:50] INFO [run_pipeline] 总表输出完成: /var***************************************************************************************（共 2 条记录）
[2026-06-14 14:00:50] INFO [apply_counterparty_rules] 对方户名规则匹配完成: 总记录 2, 命中 0, 黑名单 0, 白名单 0
[2026-06-14 14:00:50] INFO [export_masked_summary] 脱敏版总表输出完成: /var*******************************************************************************************（共 2 条记录）
[2026-06-14 14:00:50] DEBUG [init_schema] 数据库表结构初始化完成
[2026-06-14 14:00:50] INFO [connect] SQLite 数据库已连接: /Use************************************************************************************
[2026-06-14 14:00:50] INFO [disconnect] SQLite 数据库已断开
[2026-06-14 14:00:50] ERROR [persist_transactions] 数据库持久化失败: UNIQUE constraint failed: import_batches.batch_id
Traceback (most recent call last):
  File "/Users/zhangchengcheng/work/ai-project/Trea/solo0605/label-02552/tests/../backend/database.py", line 1612, in persist_transactions
    insert_count, duplicate_count = db.insert_records(
                                    ~~~~~~~~~~~~~~~~~^
        transaction_records,
        ^^^^^^^^^^^^^^^^^^^^
        batch_id=batch_id,
        ^^^^^^^^^^^^^^^^^^
        deduplicate=deduplicate,
        ^^^^^^^^^^^^^^^^^^^^^^^^
    )
    ^
  File "/Users/zhangchengcheng/work/ai-project/Trea/solo0605/label-02552/tests/../backend/database.py", line 554, in insert_records
    cursor.execute('''
    ~~~~~~~~~~~~~~^^^^
        INSERT INTO import_batches (
        ^^^^^^^^^^^^^^^^^^^^^^^^^^^^
            batch_id, total_records, started_at, status
            ^^^^^^^^^^^^^^^^^^^^^^^^^^^^^^^^^^^^^^^^^^^
        ) VALUES (?, ?, ?, ?)
        ^^^^^^^^^^^^^^^^^^^^^
    ''', (batch_id, len(records), started_at, 'processing'))
    ^^^^^^^^^^^^^^^^^^^^^^^^^^^^^^^^^^^^^^^^^^^^^^^^^^^^^^^^
sqlite3.IntegrityError: UNIQUE constraint failed: import_batches.batch_id
[2026-06-14 14:00:50] INFO [run_pipeline] 数据库持久化完成: 批次 BATC***************, 插入 0 条, 去重跳过 0 条
[2026-06-14 14:00:50] INFO [identify_internal_transfers] 内部划转识别完成: 2 条记录, 识别出 0 对 (0 划出 + 0 划入), 涉及 0 个主体, 0 家银行
[2026-06-14 14:00:50] INFO [summarize_transactions] 主体维度汇总完成: 2 条记录, 1 个主体, 1 家银行, 1 个月份
[2026-06-14 14:00:50] INFO [export_subject_summary] 主体维度汇总分析已导出: /var*********************************************************************************************************
[2026-06-14 14:00:50] INFO [run_pipeline] 主体维度汇总分析已自动生成: /var*********************************************************************************************************
[2026-06-14 14:00:50] INFO [check_balance_continuity] 共 1 个账号待校验
[2026-06-14 14:00:50] DEBUG [check_balance_continuity] 校验账号: 0109年03月, 记录数: 2
[2026-06-14 14:00:50] INFO [check_balance_continuity] 余额连续性校验完成 - 总账号: 1, 已校验: 1, 跳过: 0, 异常笔数: 0, 异常账号: 0
[2026-06-14 14:00:50] INFO [export_balance_check_result] 余额连续性校验结果已导出: /var**********************************************************************************************************
[2026-06-14 14:00:50] INFO [run_pipeline] 余额连续性校验报告已自动生成: /var**********************************************************************************************************
[2026-06-14 14:00:50] INFO [detect_duplicates] 重复交易检测完成 - 总记录: 2, 疑似重复组: 0, 疑似重复记录: 0, 重复率: 0.00%
[2026-06-14 14:00:50] INFO [generate_duplicate_check_from_records] 未检测到重复交易，仍导出报告
[2026-06-14 14:00:50] INFO [export_duplicate_check_result] 重复交易检测结果已导出: /var*********************************************************************************************************
[2026-06-14 14:00:50] INFO [run_pipeline] 重复交易检测报告已自动生成: /var*********************************************************************************************************
[2026-06-14 14:00:50] INFO [filter_interest_fee_transactions] 筛选出 0 条利息手续费交易
[2026-06-14 14:00:50] INFO [summarize_by_period] 按month汇总生成 0 条期间汇总记录，异常 0 条
[2026-06-14 14:00:50] INFO [check_interest_fee] 利息手续费核对完成 - 总记录: 0 (利息: 0, 手续费: 0), 期间汇总: 0, 异常: 0
[2026-06-14 14:00:50] WARNING [generate_interest_fee_check_from_records] 未筛选到任何利息手续费交易，跳过报告生成
[2026-06-14 14:00:50] INFO [mark_non_workday_transactions] 非工作日交易标记完成: 总记录 2, 工作日 2, 周末 0, 法定节假日 0, 调休工作日 0
[2026-06-14 14:00:50] INFO [generate_holiday_check_from_records] 未发现非工作日交易，仍导出报告
[2026-06-14 14:00:50] INFO [export_holiday_check_result] 非工作日交易标记结果已导出: /var***********************************************************************************************************
[2026-06-14 14:00:50] INFO [run_pipeline] 非工作日交易标记报告已自动生成: /var***********************************************************************************************************
[2026-06-14 14:00:50] INFO [assign_accounting_period] 会计期间归属完成: 2 条记录, 1 个期间
[2026-06-14 14:00:50] INFO [export_accounting_period_summary] 会计期间总表已导出: /var*******************************************************************************************************（1 个期间）
[2026-06-14 14:00:50] INFO [run_pipeline] 会计期间总表已自动生成: /var*******************************************************************************************************
[2026-06-14 14:00:50] INFO [save_report] 性能剖析报告已保存: /var*****************************************************************************************************
[2026-06-14 14:00:50] INFO [save_report] 性能剖析数据已保存: /var*******************************************************************************************************
[2026-06-14 14:00:50] INFO [run_pipeline] 性能剖析报告已生成: /var*****************************************************************************************************
[2026-06-14 14:00:50] INFO [generate_collab_template] 财务协同编辑模板生成完成: /var***************************************************************************************************************（可编辑列: 凭证号, 凭证日期, 会计科目编码, 会计科目名称, 备注, 制单人）
[2026-06-14 14:00:50] INFO [run_pipeline] 财务协同编辑模板已自动生成: /var***************************************************************************************************************
[2026-06-14 14:00:50] WARNING [commit_pipeline_changes] commit_pipeline_changes: 结果不是试运行模式（dry_run=False），无需提交
[2026-06-14 14:00:50] INFO [setup_logging] 日志系统初始化完成，日志文件: /Use*******************************************************************************************************
[2026-06-14 14:00:50] INFO [setup_logging] 未检测到 tkinter，将使用命令行交互模式
[2026-06-14 14:00:50] INFO [run_pipeline] ===== 试运行模式已启用（不执行删除与写盘操作）=====
[2026-06-14 14:00:50] INFO [find_lookup_file] 精确匹配到主体查找表: /var**************************************************************************************
[2026-06-14 14:00:50] INFO [run_pipeline] 正在预加载主体查找表...
[2026-06-14 14:00:50] DEBUG [detect_excel_format] 文件 /var************************************************************************************** Magic Bytes 检测为 xlsx 格式 (ZIP/OOXML)
[2026-06-14 14:00:50] INFO [load_lookup_table] 查找表加载完成：共 2 条条目，2 个唯一账号，0 个扩展字段
[2026-06-14 14:00:50] INFO [run_pipeline] 主体查找表预加载完成
[2026-06-14 14:00:50] INFO [load_existing_keys] 未找到历史总表，将以全量模式运行
[2026-06-14 14:00:50] INFO [run_pipeline] 无历史数据，将以全量模式运行
[2026-06-14 14:00:50] INFO [run_pipeline] 已复制文件夹为＋检验版: /var******************************************************************************
[2026-06-14 14:00:50] DEBUG [scan_excel_files] 发现 Excel 文件: /var*******************************************************************************************
[2026-06-14 14:00:50] INFO [scan_excel_files] 共扫描到 1 个 Excel 文件
[2026-06-14 14:00:50] INFO [identify_bank] 文件「北京银行_流水.xlsx」通过前缀匹配识别为: 北京银行
[2026-06-14 14:00:50] INFO [parse] 开始处理北京银行文件: /var*******************************************************************************************
[2026-06-14 14:00:50] DEBUG [detect_excel_format] 文件 /var******************************************************************************************* Magic Bytes 检测为 xlsx 格式 (ZIP/OOXML)
[2026-06-14 14:00:50] INFO [validate_headers] 北京银行文件工作表「交易明细」表头校验通过，7 个字段均匹配
[2026-06-14 14:00:50] DEBUG [get_subject_info] 银行账号「0109年03月」匹配到主体: 北********司（优先级: 0）
[2026-06-14 14:00:50] INFO [_parse_sheet] 北京银行文件工作表「交易明细」提取 2 条记录
[2026-06-14 14:00:50] INFO [parse] 北京银行文件处理完成，共提取 2 条记录
[2026-06-14 14:00:50] INFO [run_pipeline] 成功处理文件: /var*******************************************************************************************（2 条记录）
[2026-06-14 14:00:50] INFO [run_pipeline] [试运行] 跳过删除文件操作，待删除文件 1 个
[2026-06-14 14:00:50] INFO [run_pipeline] [试运行] 跳过总表写盘，模式=全量覆盖，共 2 条记录
[2026-06-14 14:00:50] INFO [apply_counterparty_rules] 对方户名规则匹配完成: 总记录 2, 命中 0, 黑名单 0, 白名单 0
[2026-06-14 14:00:50] INFO [run_pipeline] [试运行] 跳过生成脱敏版总表
[2026-06-14 14:00:50] INFO [run_pipeline] [试运行] 跳过数据库持久化操作
[2026-06-14 14:00:50] INFO [identify_internal_transfers] 内部划转识别完成: 2 条记录, 识别出 0 对 (0 划出 + 0 划入), 涉及 0 个主体, 0 家银行
[2026-06-14 14:00:50] INFO [summarize_transactions] 主体维度汇总完成: 2 条记录, 1 个主体, 1 家银行, 1 个月份
[2026-06-14 14:00:50] INFO [export_subject_summary] 主体维度汇总分析已导出: /var*********************************************************************************************************
[2026-06-14 14:00:50] INFO [run_pipeline] 主体维度汇总分析已自动生成: /var*********************************************************************************************************
[2026-06-14 14:00:50] INFO [check_balance_continuity] 共 1 个账号待校验
[2026-06-14 14:00:50] DEBUG [check_balance_continuity] 校验账号: 0109年03月, 记录数: 2
[2026-06-14 14:00:50] INFO [check_balance_continuity] 余额连续性校验完成 - 总账号: 1, 已校验: 1, 跳过: 0, 异常笔数: 0, 异常账号: 0
[2026-06-14 14:00:50] INFO [export_balance_check_result] 余额连续性校验结果已导出: /var**********************************************************************************************************
[2026-06-14 14:00:50] INFO [run_pipeline] 余额连续性校验报告已自动生成: /var**********************************************************************************************************
[2026-06-14 14:00:50] INFO [detect_duplicates] 重复交易检测完成 - 总记录: 2, 疑似重复组: 0, 疑似重复记录: 0, 重复率: 0.00%
[2026-06-14 14:00:50] INFO [generate_duplicate_check_from_records] 未检测到重复交易，仍导出报告
[2026-06-14 14:00:50] INFO [export_duplicate_check_result] 重复交易检测结果已导出: /var*********************************************************************************************************
[2026-06-14 14:00:50] INFO [run_pipeline] 重复交易检测报告已自动生成: /var*********************************************************************************************************
[2026-06-14 14:00:50] INFO [filter_interest_fee_transactions] 筛选出 0 条利息手续费交易
[2026-06-14 14:00:50] INFO [summarize_by_period] 按month汇总生成 0 条期间汇总记录，异常 0 条
[2026-06-14 14:00:50] INFO [check_interest_fee] 利息手续费核对完成 - 总记录: 0 (利息: 0, 手续费: 0), 期间汇总: 0, 异常: 0
[2026-06-14 14:00:50] WARNING [generate_interest_fee_check_from_records] 未筛选到任何利息手续费交易，跳过报告生成
[2026-06-14 14:00:50] INFO [mark_non_workday_transactions] 非工作日交易标记完成: 总记录 2, 工作日 2, 周末 0, 法定节假日 0, 调休工作日 0
[2026-06-14 14:00:50] INFO [generate_holiday_check_from_records] 未发现非工作日交易，仍导出报告
[2026-06-14 14:00:50] INFO [export_holiday_check_result] 非工作日交易标记结果已导出: /var***********************************************************************************************************
[2026-06-14 14:00:50] INFO [run_pipeline] 非工作日交易标记报告已自动生成: /var***********************************************************************************************************
[2026-06-14 14:00:50] INFO [assign_accounting_period] 会计期间归属完成: 2 条记录, 1 个期间
[2026-06-14 14:00:50] INFO [export_accounting_period_summary] 会计期间总表已导出: /var*******************************************************************************************************（1 个期间）
[2026-06-14 14:00:50] INFO [run_pipeline] 会计期间总表已自动生成: /var*******************************************************************************************************
[2026-06-14 14:00:50] INFO [save_report] 性能剖析报告已保存: /var*****************************************************************************************************
[2026-06-14 14:00:50] INFO [save_report] 性能剖析数据已保存: /var*******************************************************************************************************
[2026-06-14 14:00:50] INFO [run_pipeline] 性能剖析报告已生成: /var*****************************************************************************************************
[2026-06-14 14:00:50] INFO [run_pipeline] [试运行] 跳过生成财务协同编辑模板
[2026-06-14 14:00:51] INFO [setup_logging] 日志系统初始化完成，日志文件: /Use*******************************************************************************************************
[2026-06-14 14:00:51] INFO [setup_logging] 未检测到 tkinter，将使用命令行交互模式
[2026-06-14 14:00:51] INFO [run_pipeline] ===== 试运行模式已启用（不执行删除与写盘操作）=====
[2026-06-14 14:00:51] INFO [find_lookup_file] 精确匹配到主体查找表: /var**************************************************************************************
[2026-06-14 14:00:51] INFO [run_pipeline] 正在预加载主体查找表...
[2026-06-14 14:00:51] DEBUG [detect_excel_format] 文件 /var************************************************************************************** Magic Bytes 检测为 xlsx 格式 (ZIP/OOXML)
[2026-06-14 14:00:51] INFO [load_lookup_table] 查找表加载完成：共 2 条条目，2 个唯一账号，0 个扩展字段
[2026-06-14 14:00:51] INFO [run_pipeline] 主体查找表预加载完成
[2026-06-14 14:00:51] INFO [load_existing_keys] 未找到历史总表，将以全量模式运行
[2026-06-14 14:00:51] INFO [run_pipeline] 无历史数据，将以全量模式运行
[2026-06-14 14:00:51] INFO [run_pipeline] 已复制文件夹为＋检验版: /var******************************************************************************
[2026-06-14 14:00:51] DEBUG [scan_excel_files] 发现 Excel 文件: /var*******************************************************************************************
[2026-06-14 14:00:51] DEBUG [scan_excel_files] 发现 Excel 文件: /var*******************************************************************************************
[2026-06-14 14:00:51] INFO [scan_excel_files] 共扫描到 2 个 Excel 文件
[2026-06-14 14:00:51] WARNING [identify_bank] 文件「未知银行_流水.xlsx」无法识别银行类型
[2026-06-14 14:00:51] INFO [identify_bank] 文件「北京银行_流水.xlsx」通过前缀匹配识别为: 北京银行
[2026-06-14 14:00:51] INFO [parse] 开始处理北京银行文件: /var*******************************************************************************************
[2026-06-14 14:00:51] DEBUG [detect_excel_format] 文件 /var******************************************************************************************* Magic Bytes 检测为 xlsx 格式 (ZIP/OOXML)
[2026-06-14 14:00:51] INFO [validate_headers] 北京银行文件工作表「交易明细」表头校验通过，7 个字段均匹配
[2026-06-14 14:00:51] DEBUG [get_subject_info] 银行账号「0109年03月」匹配到主体: 北********司（优先级: 0）
[2026-06-14 14:00:51] INFO [_parse_sheet] 北京银行文件工作表「交易明细」提取 2 条记录
[2026-06-14 14:00:51] INFO [parse] 北京银行文件处理完成，共提取 2 条记录
[2026-06-14 14:00:51] INFO [run_pipeline] 成功处理文件: /var*******************************************************************************************（2 条记录）
[2026-06-14 14:00:51] INFO [run_pipeline] [试运行] 跳过删除文件操作，待删除文件 1 个
[2026-06-14 14:00:51] INFO [run_pipeline] [试运行] 跳过总表写盘，模式=全量覆盖，共 2 条记录
[2026-06-14 14:00:51] INFO [apply_counterparty_rules] 对方户名规则匹配完成: 总记录 2, 命中 0, 黑名单 0, 白名单 0
[2026-06-14 14:00:51] INFO [run_pipeline] [试运行] 跳过生成脱敏版总表
[2026-06-14 14:00:51] INFO [run_pipeline] [试运行] 跳过数据库持久化操作
[2026-06-14 14:00:51] INFO [identify_internal_transfers] 内部划转识别完成: 2 条记录, 识别出 0 对 (0 划出 + 0 划入), 涉及 0 个主体, 0 家银行
[2026-06-14 14:00:51] INFO [summarize_transactions] 主体维度汇总完成: 2 条记录, 1 个主体, 1 家银行, 1 个月份
[2026-06-14 14:00:51] INFO [export_subject_summary] 主体维度汇总分析已导出: /var*********************************************************************************************************
[2026-06-14 14:00:51] INFO [run_pipeline] 主体维度汇总分析已自动生成: /var*********************************************************************************************************
[2026-06-14 14:00:51] INFO [check_balance_continuity] 共 1 个账号待校验
[2026-06-14 14:00:51] DEBUG [check_balance_continuity] 校验账号: 0109年03月, 记录数: 2
[2026-06-14 14:00:51] INFO [check_balance_continuity] 余额连续性校验完成 - 总账号: 1, 已校验: 1, 跳过: 0, 异常笔数: 0, 异常账号: 0
[2026-06-14 14:00:51] INFO [export_balance_check_result] 余额连续性校验结果已导出: /var**********************************************************************************************************
[2026-06-14 14:00:51] INFO [run_pipeline] 余额连续性校验报告已自动生成: /var**********************************************************************************************************
[2026-06-14 14:00:51] INFO [detect_duplicates] 重复交易检测完成 - 总记录: 2, 疑似重复组: 0, 疑似重复记录: 0, 重复率: 0.00%
[2026-06-14 14:00:51] INFO [generate_duplicate_check_from_records] 未检测到重复交易，仍导出报告
[2026-06-14 14:00:51] INFO [export_duplicate_check_result] 重复交易检测结果已导出: /var*********************************************************************************************************
[2026-06-14 14:00:51] INFO [run_pipeline] 重复交易检测报告已自动生成: /var*********************************************************************************************************
[2026-06-14 14:00:51] INFO [filter_interest_fee_transactions] 筛选出 0 条利息手续费交易
[2026-06-14 14:00:51] INFO [summarize_by_period] 按month汇总生成 0 条期间汇总记录，异常 0 条
[2026-06-14 14:00:51] INFO [check_interest_fee] 利息手续费核对完成 - 总记录: 0 (利息: 0, 手续费: 0), 期间汇总: 0, 异常: 0
[2026-06-14 14:00:51] WARNING [generate_interest_fee_check_from_records] 未筛选到任何利息手续费交易，跳过报告生成
[2026-06-14 14:00:51] INFO [mark_non_workday_transactions] 非工作日交易标记完成: 总记录 2, 工作日 2, 周末 0, 法定节假日 0, 调休工作日 0
[2026-06-14 14:00:51] INFO [generate_holiday_check_from_records] 未发现非工作日交易，仍导出报告
[2026-06-14 14:00:51] INFO [export_holiday_check_result] 非工作日交易标记结果已导出: /var***********************************************************************************************************
[2026-06-14 14:00:51] INFO [run_pipeline] 非工作日交易标记报告已自动生成: /var***********************************************************************************************************
[2026-06-14 14:00:51] INFO [assign_accounting_period] 会计期间归属完成: 2 条记录, 1 个期间
[2026-06-14 14:00:51] INFO [export_accounting_period_summary] 会计期间总表已导出: /var*******************************************************************************************************（1 个期间）
[2026-06-14 14:00:51] INFO [run_pipeline] 会计期间总表已自动生成: /var*******************************************************************************************************
[2026-06-14 14:00:51] INFO [save_report] 性能剖析报告已保存: /var*****************************************************************************************************
[2026-06-14 14:00:51] INFO [save_report] 性能剖析数据已保存: /var*******************************************************************************************************
[2026-06-14 14:00:51] INFO [run_pipeline] 性能剖析报告已生成: /var*****************************************************************************************************
[2026-06-14 14:00:51] INFO [run_pipeline] [试运行] 跳过生成财务协同编辑模板
[2026-06-14 14:00:51] INFO [setup_logging] 日志系统初始化完成，日志文件: /Use*******************************************************************************************************
[2026-06-14 14:00:51] INFO [setup_logging] 未检测到 tkinter，将使用命令行交互模式
[2026-06-14 14:00:51] INFO [run_pipeline] ===== 试运行模式已启用（不执行删除与写盘操作）=====
[2026-06-14 14:00:51] INFO [find_lookup_file] 精确匹配到主体查找表: /var**************************************************************************************
[2026-06-14 14:00:51] INFO [run_pipeline] 正在预加载主体查找表...
[2026-06-14 14:00:51] DEBUG [detect_excel_format] 文件 /var************************************************************************************** Magic Bytes 检测为 xlsx 格式 (ZIP/OOXML)
[2026-06-14 14:00:51] INFO [load_lookup_table] 查找表加载完成：共 2 条条目，2 个唯一账号，0 个扩展字段
[2026-06-14 14:00:51] INFO [run_pipeline] 主体查找表预加载完成
[2026-06-14 14:00:51] INFO [load_existing_keys] 未找到历史总表，将以全量模式运行
[2026-06-14 14:00:51] INFO [run_pipeline] 无历史数据，将以全量模式运行
[2026-06-14 14:00:51] INFO [run_pipeline] 已复制文件夹为＋检验版: /var*****************************************************************************
[2026-06-14 14:00:51] INFO [scan_excel_files] 共扫描到 0 个 Excel 文件
[2026-06-14 14:00:51] WARNING [run_pipeline] 检验版文件夹中未发现任何 Excel 或 PDF 文件
[2026-06-14 14:00:51] WARNING [commit_pipeline_changes] commit_pipeline_changes: 试运行结果为空文件夹，无需提交
[2026-06-14 14:00:51] INFO [setup_logging] 日志系统初始化完成，日志文件: /Use*******************************************************************************************************
[2026-06-14 14:00:51] INFO [setup_logging] 未检测到 tkinter，将使用命令行交互模式
[2026-06-14 14:00:51] INFO [find_lookup_file] 精确匹配到主体查找表: /var**************************************************************************************
[2026-06-14 14:00:51] INFO [run_pipeline] 正在预加载主体查找表...
[2026-06-14 14:00:51] DEBUG [detect_excel_format] 文件 /var************************************************************************************** Magic Bytes 检测为 xlsx 格式 (ZIP/OOXML)
[2026-06-14 14:00:51] INFO [load_lookup_table] 查找表加载完成：共 2 条条目，2 个唯一账号，0 个扩展字段
[2026-06-14 14:00:51] INFO [run_pipeline] 主体查找表预加载完成
[2026-06-14 14:00:51] INFO [load_existing_keys] 未找到历史总表，将以全量模式运行
[2026-06-14 14:00:51] INFO [run_pipeline] 无历史数据，将以全量模式运行
[2026-06-14 14:00:51] INFO [run_pipeline] 已复制文件夹为＋检验版: /var******************************************************************************
[2026-06-14 14:00:51] DEBUG [scan_excel_files] 发现 Excel 文件: /var*******************************************************************************************
[2026-06-14 14:00:51] INFO [scan_excel_files] 共扫描到 1 个 Excel 文件
[2026-06-14 14:00:51] INFO [identify_bank] 文件「北京银行_流水.xlsx」通过前缀匹配识别为: 北京银行
[2026-06-14 14:00:51] INFO [parse] 开始处理北京银行文件: /var*******************************************************************************************
[2026-06-14 14:00:51] DEBUG [detect_excel_format] 文件 /var******************************************************************************************* Magic Bytes 检测为 xlsx 格式 (ZIP/OOXML)
[2026-06-14 14:00:51] INFO [validate_headers] 北京银行文件工作表「交易明细」表头校验通过，7 个字段均匹配
[2026-06-14 14:00:51] DEBUG [get_subject_info] 银行账号「0109年03月」匹配到主体: 北********司（优先级: 0）
[2026-06-14 14:00:51] INFO [_parse_sheet] 北京银行文件工作表「交易明细」提取 2 条记录
[2026-06-14 14:00:51] INFO [parse] 北京银行文件处理完成，共提取 2 条记录
[2026-06-14 14:00:51] INFO [run_pipeline] 成功处理文件: /var*******************************************************************************************（2 条记录）
[2026-06-14 14:00:51] DEBUG [delete_processed_files] 已删除文件: /var*******************************************************************************************
[2026-06-14 14:00:51] INFO [run_pipeline] 总表输出完成: /var***************************************************************************************（共 2 条记录）
[2026-06-14 14:00:51] INFO [apply_counterparty_rules] 对方户名规则匹配完成: 总记录 2, 命中 0, 黑名单 0, 白名单 0
[2026-06-14 14:00:51] INFO [export_masked_summary] 脱敏版总表输出完成: /var*******************************************************************************************（共 2 条记录）
[2026-06-14 14:00:51] DEBUG [init_schema] 数据库表结构初始化完成
[2026-06-14 14:00:51] INFO [connect] SQLite 数据库已连接: /Use************************************************************************************
[2026-06-14 14:00:51] INFO [insert_records] 已加载 25 个历史匹配键用于去重
[2026-06-14 14:00:51] INFO [insert_records] 批量导入完成: 批次 BATC***************, 共 2 条, 新增 0 条, 重复 2 条
[2026-06-14 14:00:51] INFO [disconnect] SQLite 数据库已断开
[2026-06-14 14:00:51] INFO [run_pipeline] 数据库持久化完成: 批次 BATC***************, 插入 0 条, 去重跳过 2 条
[2026-06-14 14:00:51] INFO [identify_internal_transfers] 内部划转识别完成: 2 条记录, 识别出 0 对 (0 划出 + 0 划入), 涉及 0 个主体, 0 家银行
[2026-06-14 14:00:51] INFO [summarize_transactions] 主体维度汇总完成: 2 条记录, 1 个主体, 1 家银行, 1 个月份
[2026-06-14 14:00:51] INFO [export_subject_summary] 主体维度汇总分析已导出: /var*********************************************************************************************************
[2026-06-14 14:00:51] INFO [run_pipeline] 主体维度汇总分析已自动生成: /var*********************************************************************************************************
[2026-06-14 14:00:51] INFO [check_balance_continuity] 共 1 个账号待校验
[2026-06-14 14:00:51] DEBUG [check_balance_continuity] 校验账号: 0109年03月, 记录数: 2
[2026-06-14 14:00:51] INFO [check_balance_continuity] 余额连续性校验完成 - 总账号: 1, 已校验: 1, 跳过: 0, 异常笔数: 0, 异常账号: 0
[2026-06-14 14:00:51] INFO [export_balance_check_result] 余额连续性校验结果已导出: /var**********************************************************************************************************
[2026-06-14 14:00:51] INFO [run_pipeline] 余额连续性校验报告已自动生成: /var**********************************************************************************************************
[2026-06-14 14:00:51] INFO [detect_duplicates] 重复交易检测完成 - 总记录: 2, 疑似重复组: 0, 疑似重复记录: 0, 重复率: 0.00%
[2026-06-14 14:00:51] INFO [generate_duplicate_check_from_records] 未检测到重复交易，仍导出报告
[2026-06-14 14:00:51] INFO [export_duplicate_check_result] 重复交易检测结果已导出: /var*********************************************************************************************************
[2026-06-14 14:00:51] INFO [run_pipeline] 重复交易检测报告已自动生成: /var*********************************************************************************************************
[2026-06-14 14:00:51] INFO [filter_interest_fee_transactions] 筛选出 0 条利息手续费交易
[2026-06-14 14:00:51] INFO [summarize_by_period] 按month汇总生成 0 条期间汇总记录，异常 0 条
[2026-06-14 14:00:51] INFO [check_interest_fee] 利息手续费核对完成 - 总记录: 0 (利息: 0, 手续费: 0), 期间汇总: 0, 异常: 0
[2026-06-14 14:00:51] WARNING [generate_interest_fee_check_from_records] 未筛选到任何利息手续费交易，跳过报告生成
[2026-06-14 14:00:51] INFO [mark_non_workday_transactions] 非工作日交易标记完成: 总记录 2, 工作日 2, 周末 0, 法定节假日 0, 调休工作日 0
[2026-06-14 14:00:51] INFO [generate_holiday_check_from_records] 未发现非工作日交易，仍导出报告
[2026-06-14 14:00:51] INFO [export_holiday_check_result] 非工作日交易标记结果已导出: /var***********************************************************************************************************
[2026-06-14 14:00:51] INFO [run_pipeline] 非工作日交易标记报告已自动生成: /var***********************************************************************************************************
[2026-06-14 14:00:51] INFO [assign_accounting_period] 会计期间归属完成: 2 条记录, 1 个期间
[2026-06-14 14:00:51] INFO [export_accounting_period_summary] 会计期间总表已导出: /var*******************************************************************************************************（1 个期间）
[2026-06-14 14:00:51] INFO [run_pipeline] 会计期间总表已自动生成: /var*******************************************************************************************************
[2026-06-14 14:00:51] INFO [save_report] 性能剖析报告已保存: /var*****************************************************************************************************
[2026-06-14 14:00:51] INFO [save_report] 性能剖析数据已保存: /var*******************************************************************************************************
[2026-06-14 14:00:51] INFO [run_pipeline] 性能剖析报告已生成: /var*****************************************************************************************************
[2026-06-14 14:00:51] INFO [generate_collab_template] 财务协同编辑模板生成完成: /var***************************************************************************************************************（可编辑列: 凭证号, 凭证日期, 会计科目编码, 会计科目名称, 备注, 制单人）
[2026-06-14 14:00:51] INFO [run_pipeline] 财务协同编辑模板已自动生成: /var***************************************************************************************************************
[2026-06-14 14:00:51] INFO [run_pipeline] ===== 试运行模式已启用（不执行删除与写盘操作）=====
[2026-06-14 14:00:51] INFO [find_lookup_file] 精确匹配到主体查找表: /var**************************************************************************************
[2026-06-14 14:00:51] INFO [run_pipeline] 正在预加载主体查找表...
[2026-06-14 14:00:51] DEBUG [detect_excel_format] 文件 /var************************************************************************************** Magic Bytes 检测为 xlsx 格式 (ZIP/OOXML)
[2026-06-14 14:00:51] INFO [load_lookup_table] 查找表加载完成：共 2 条条目，2 个唯一账号，0 个扩展字段
[2026-06-14 14:00:51] INFO [run_pipeline] 主体查找表预加载完成
[2026-06-14 14:00:51] INFO [load_existing_keys] 已加载历史总表，共 2 条记录，2 个唯一匹配键
[2026-06-14 14:00:51] INFO [run_pipeline] ===== 增量合并模式已启用 =====
[2026-06-14 14:00:51] INFO [run_pipeline] 已复制文件夹为＋检验版: /var*******************************************************************************
[2026-06-14 14:00:51] DEBUG [scan_excel_files] 发现 Excel 文件: /var********************************************************************************************
[2026-06-14 14:00:51] DEBUG [scan_excel_files] 发现 Excel 文件: /var********************************************************************************************
[2026-06-14 14:00:51] INFO [scan_excel_files] 共扫描到 2 个 Excel 文件
[2026-06-14 14:00:51] INFO [identify_bank] 文件「东亚银行_流水.xlsx」通过前缀匹配识别为: 东亚银行
[2026-06-14 14:00:51] INFO [parse] 开始处理东亚银行文件: /var********************************************************************************************
[2026-06-14 14:00:51] DEBUG [detect_excel_format] 文件 /var******************************************************************************************** Magic Bytes 检测为 xlsx 格式 (ZIP/OOXML)
[2026-06-14 14:00:51] INFO [validate_headers] 东亚银行文件工作表「交易明细」表头校验通过，7 个字段均匹配
[2026-06-14 14:00:51] DEBUG [get_subject_info] 银行账号「3881年23月」匹配到主体: 上********司（优先级: 0）
[2026-06-14 14:00:51] INFO [_parse_sheet] 东亚银行文件工作表「交易明细」提取 2 条记录
[2026-06-14 14:00:51] INFO [parse] 东亚银行文件处理完成，共提取 2 条记录
[2026-06-14 14:00:51] INFO [run_pipeline] 成功处理文件: /var********************************************************************************************（2 条记录）
[2026-06-14 14:00:51] INFO [identify_bank] 文件「北京银行_流水.xlsx」通过前缀匹配识别为: 北京银行
[2026-06-14 14:00:51] INFO [parse] 开始处理北京银行文件: /var********************************************************************************************
[2026-06-14 14:00:51] DEBUG [detect_excel_format] 文件 /var******************************************************************************************** Magic Bytes 检测为 xlsx 格式 (ZIP/OOXML)
[2026-06-14 14:00:51] INFO [validate_headers] 北京银行文件工作表「交易明细」表头校验通过，7 个字段均匹配
[2026-06-14 14:00:51] DEBUG [get_subject_info] 银行账号「0109年03月」匹配到主体: 北********司（优先级: 0）
[2026-06-14 14:00:51] INFO [_parse_sheet] 北京银行文件工作表「交易明细」提取 2 条记录
[2026-06-14 14:00:51] INFO [parse] 北京银行文件处理完成，共提取 2 条记录
[2026-06-14 14:00:51] INFO [run_pipeline] 成功处理文件: /var********************************************************************************************（2 条记录）
[2026-06-14 14:00:51] INFO [run_pipeline] [试运行] 跳过删除文件操作，待删除文件 2 个
[2026-06-14 14:00:51] DEBUG [filter_incremental_records] 检测到重复记录，匹配键: [匹配键已隐藏]
[2026-06-14 14:00:51] DEBUG [filter_incremental_records] 检测到重复记录，匹配键: [匹配键已隐藏]
[2026-06-14 14:00:51] INFO [filter_incremental_records] 增量过滤完成: 新记录 4 条，重复 2 条，实际新增 2 条
[2026-06-14 14:00:51] INFO [run_pipeline] [试运行] 跳过总表写盘，模式=增量合并，历史 2 条 + 新增 2 条
[2026-06-14 14:00:51] INFO [apply_counterparty_rules] 对方户名规则匹配完成: 总记录 4, 命中 0, 黑名单 0, 白名单 0
[2026-06-14 14:00:51] INFO [run_pipeline] [试运行] 跳过生成脱敏版总表
[2026-06-14 14:00:51] INFO [run_pipeline] [试运行] 跳过数据库持久化操作
[2026-06-14 14:00:51] INFO [identify_internal_transfers] 内部划转识别完成: 4 条记录, 识别出 0 对 (0 划出 + 0 划入), 涉及 0 个主体, 0 家银行
[2026-06-14 14:00:51] INFO [summarize_transactions] 主体维度汇总完成: 4 条记录, 2 个主体, 2 家银行, 1 个月份
[2026-06-14 14:00:51] INFO [export_subject_summary] 主体维度汇总分析已导出: /var*********************************************************************************************************
[2026-06-14 14:00:51] INFO [run_pipeline] 主体维度汇总分析已自动生成: /var*********************************************************************************************************
[2026-06-14 14:00:51] INFO [check_balance_continuity] 共 2 个账号待校验
[2026-06-14 14:00:51] DEBUG [check_balance_continuity] 校验账号: 1090年31月, 记录数: 2
[2026-06-14 14:00:51] DEBUG [check_balance_continuity] 校验账号: 3881年23月, 记录数: 2
[2026-06-14 14:00:51] INFO [check_balance_continuity] 余额连续性校验完成 - 总账号: 2, 已校验: 2, 跳过: 0, 异常笔数: 0, 异常账号: 0
[2026-06-14 14:00:51] INFO [export_balance_check_result] 余额连续性校验结果已导出: /var**********************************************************************************************************
[2026-06-14 14:00:51] INFO [run_pipeline] 余额连续性校验报告已自动生成: /var**********************************************************************************************************
[2026-06-14 14:00:51] INFO [detect_duplicates] 重复交易检测完成 - 总记录: 4, 疑似重复组: 0, 疑似重复记录: 0, 重复率: 0.00%
[2026-06-14 14:00:51] INFO [generate_duplicate_check_from_records] 未检测到重复交易，仍导出报告
[2026-06-14 14:00:51] INFO [export_duplicate_check_result] 重复交易检测结果已导出: /var*********************************************************************************************************
[2026-06-14 14:00:51] INFO [run_pipeline] 重复交易检测报告已自动生成: /var*********************************************************************************************************
[2026-06-14 14:00:51] INFO [filter_interest_fee_transactions] 筛选出 1 条利息手续费交易
[2026-06-14 14:00:51] INFO [summarize_by_period] 按month汇总生成 1 条期间汇总记录，异常 1 条
[2026-06-14 14:00:51] INFO [check_interest_fee] 利息手续费核对完成 - 总记录: 1 (利息: 0, 手续费: 1), 期间汇总: 1, 异常: 1
[2026-06-14 14:00:51] INFO [export_interest_fee_check_result] 利息手续费核对结果已导出: /var**********************************************************************************************************
[2026-06-14 14:00:51] INFO [run_pipeline] Interest & Fee check report auto-generated: /var/folders/8t/8rw7_pg16cx2c2mkh_cvpz8m0000gn/T/bankcheck_test_zrnt4p5s/script/利息手续费核对报告_20260614_140051.xlsx
[2026-06-14 14:00:51] INFO [mark_non_workday_transactions] 非工作日交易标记完成: 总记录 4, 工作日 4, 周末 0, 法定节假日 0, 调休工作日 0
[2026-06-14 14:00:51] INFO [generate_holiday_check_from_records] 未发现非工作日交易，仍导出报告
[2026-06-14 14:00:51] INFO [export_holiday_check_result] 非工作日交易标记结果已导出: /var***********************************************************************************************************
[2026-06-14 14:00:51] INFO [run_pipeline] 非工作日交易标记报告已自动生成: /var***********************************************************************************************************
[2026-06-14 14:00:51] INFO [assign_accounting_period] 会计期间归属完成: 4 条记录, 1 个期间
[2026-06-14 14:00:51] INFO [export_accounting_period_summary] 会计期间总表已导出: /var*******************************************************************************************************（1 个期间）
[2026-06-14 14:00:51] INFO [run_pipeline] 会计期间总表已自动生成: /var*******************************************************************************************************
[2026-06-14 14:00:51] INFO [save_report] 性能剖析报告已保存: /var*****************************************************************************************************
[2026-06-14 14:00:51] INFO [save_report] 性能剖析数据已保存: /var*******************************************************************************************************
[2026-06-14 14:00:51] INFO [run_pipeline] 性能剖析报告已生成: /var*****************************************************************************************************
[2026-06-14 14:00:51] INFO [run_pipeline] [试运行] 跳过生成财务协同编辑模板
[2026-06-14 14:00:51] INFO [commit_pipeline_changes] ===== 开始提交试运行变更（正式写盘）=====
[2026-06-14 14:00:51] INFO [commit_pipeline_changes] [提交] 执行文件删除操作，待删除 2 个文件
[2026-06-14 14:00:51] DEBUG [delete_processed_files] 已删除文件: /var********************************************************************************************
[2026-06-14 14:00:51] DEBUG [delete_processed_files] 已删除文件: /var********************************************************************************************
[2026-06-14 14:00:51] INFO [commit_pipeline_changes] [提交] 执行增量合并写总表：历史 2 条 + 新增 2 条
[2026-06-14 14:00:51] INFO [merge_and_export_summary] 总表输出完成: /var***************************************************************************************（历史 2 条 + 新增 2 条 = 共 4 条）
[2026-06-14 14:00:51] INFO [commit_pipeline_changes] [提交] 生成脱敏版总表
[2026-06-14 14:00:51] INFO [export_masked_summary] 脱敏版总表输出完成: /var*******************************************************************************************（共 4 条记录）
[2026-06-14 14:00:51] INFO [commit_pipeline_changes] [提交] 执行数据库持久化
[2026-06-14 14:00:51] DEBUG [init_schema] 数据库表结构初始化完成
[2026-06-14 14:00:51] INFO [connect] SQLite 数据库已连接: /Use************************************************************************************
[2026-06-14 14:00:51] INFO [disconnect] SQLite 数据库已断开
[2026-06-14 14:00:51] ERROR [persist_transactions] 数据库持久化失败: UNIQUE constraint failed: import_batches.batch_id
Traceback (most recent call last):
  File "/Users/zhangchengcheng/work/ai-project/Trea/solo0605/label-02552/tests/../backend/database.py", line 1612, in persist_transactions
    insert_count, duplicate_count = db.insert_records(
                                    ~~~~~~~~~~~~~~~~~^
        transaction_records,
        ^^^^^^^^^^^^^^^^^^^^
        batch_id=batch_id,
        ^^^^^^^^^^^^^^^^^^
        deduplicate=deduplicate,
        ^^^^^^^^^^^^^^^^^^^^^^^^
    )
    ^
  File "/Users/zhangchengcheng/work/ai-project/Trea/solo0605/label-02552/tests/../backend/database.py", line 554, in insert_records
    cursor.execute('''
    ~~~~~~~~~~~~~~^^^^
        INSERT INTO import_batches (
        ^^^^^^^^^^^^^^^^^^^^^^^^^^^^
            batch_id, total_records, started_at, status
            ^^^^^^^^^^^^^^^^^^^^^^^^^^^^^^^^^^^^^^^^^^^
        ) VALUES (?, ?, ?, ?)
        ^^^^^^^^^^^^^^^^^^^^^
    ''', (batch_id, len(records), started_at, 'processing'))
    ^^^^^^^^^^^^^^^^^^^^^^^^^^^^^^^^^^^^^^^^^^^^^^^^^^^^^^^^
sqlite3.IntegrityError: UNIQUE constraint failed: import_batches.batch_id
[2026-06-14 14:00:51] INFO [commit_pipeline_changes] [提交] 数据库持久化完成: 插入 0 条, 去重跳过 0 条
[2026-06-14 14:00:51] INFO [commit_pipeline_changes] [提交] 生成财务协同编辑模板
[2026-06-14 14:00:51] INFO [generate_collab_template] 财务协同编辑模板生成完成: /var***************************************************************************************************************（可编辑列: 凭证号, 凭证日期, 会计科目编码, 会计科目名称, 备注, 制单人）
[2026-06-14 14:00:51] INFO [commit_pipeline_changes] ===== 试运行变更提交完成 =====
[2026-06-14 14:00:51] INFO [setup_logging] 日志系统初始化完成，日志文件: /Use*******************************************************************************************************
[2026-06-14 14:00:51] INFO [setup_logging] 未检测到 tkinter，将使用命令行交互模式
[2026-06-14 14:00:51] INFO [setup_logging] 日志系统初始化完成，日志文件: /Use*******************************************************************************************************
[2026-06-14 14:00:51] INFO [setup_logging] 未检测到 tkinter，将使用命令行交互模式
[2026-06-14 14:00:51] INFO [setup_logging] 日志系统初始化完成，日志文件: /Use*******************************************************************************************************
[2026-06-14 14:00:51] INFO [setup_logging] 未检测到 tkinter，将使用命令行交互模式
