[2026-06-15 02:30:01] INFO [setup_logging] 日志系统初始化完成，日志文件: /Use*******************************************************************************************************
[2026-06-15 02:30:01] INFO [setup_logging] 未检测到 tkinter，将使用命令行交互模式
[2026-06-15 02:30:01] INFO [find_lookup_file] 精确匹配到主体查找表: /var**************************************************************************************
[2026-06-15 02:30:01] INFO [run_pipeline] 正在预加载主体查找表...
[2026-06-15 02:30:01] DEBUG [detect_file_format] 文件 /var************************************************************************************** Magic Bytes 检测为 xlsx 格式 (ZIP/OOXML)
[2026-06-15 02:30:01] INFO [load_lookup_table] 查找表加载完成：共 2 条条目，2 个唯一账号，0 个扩展字段
[2026-06-15 02:30:01] INFO [run_pipeline] 主体查找表预加载完成
[2026-06-15 02:30:01] INFO [load_existing_keys] 未找到历史总表，将以全量模式运行
[2026-06-15 02:30:01] INFO [run_pipeline] 无历史数据，将以全量模式运行
[2026-06-15 02:30:01] INFO [prepare_working_folder] 已复制文件夹到同级目录: /var******************************************************************************
[2026-06-15 02:30:01] DEBUG [scan_bank_files] 发现银行导出文件: /var*******************************************************************************************
[2026-06-15 02:30:01] INFO [scan_bank_files] 共扫描到 1 个银行导出文件
[2026-06-15 02:30:01] DEBUG [detect_file_format] 文件 /var******************************************************************************************* Magic Bytes 检测为 xlsx 格式 (ZIP/OOXML)
[2026-06-15 02:30:01] INFO [identify_bank] 文件「北京银行_流水.xlsx」通过前缀匹配识别为: 北京银行
[2026-06-15 02:30:01] INFO [parse] 开始处理北京银行文件: /var*******************************************************************************************
[2026-06-15 02:30:01] DEBUG [detect_file_format] 文件 /var******************************************************************************************* Magic Bytes 检测为 xlsx 格式 (ZIP/OOXML)
[2026-06-15 02:30:01] INFO [validate_headers] 北京银行文件工作表「交易明细」表头校验通过，7 个字段均匹配
[2026-06-15 02:30:01] DEBUG [get_subject_info] 银行账号「0109年03月」匹配到主体: 北********司（优先级: 0）
[2026-06-15 02:30:01] INFO [_parse_sheet] 北京银行文件工作表「交易明细」提取 2 条记录
[2026-06-15 02:30:01] INFO [parse] 北京银行文件处理完成，共提取 2 条记录
[2026-06-15 02:30:01] INFO [run_pipeline] 成功处理文件: /var*******************************************************************************************（2 条记录）
[2026-06-15 02:30:01] DEBUG [delete_processed_files] 已删除文件: /var*******************************************************************************************
[2026-06-15 02:30:01] INFO [run_pipeline] 总表输出完成: /var***************************************************************************************（共 2 条记录）
[2026-06-15 02:30:01] INFO [apply_amount_anomaly_detection] 开始金额异常检测，单笔阈值: [金额已隐藏] 元
[2026-06-15 02:30:01] INFO [apply_amount_anomaly_detection] 金额异常检测完成：共 2 条记录，0 条异常 (0.00%)
[2026-06-15 02:30:01] INFO [save_config] 对方户名规则配置已保存: /var***************************************************************************************************
[2026-06-15 02:30:01] INFO [apply_counterparty_rules] 对方户名规则匹配完成: 总记录 2, 命中 0, 黑名单 0, 白名单 0
[2026-06-15 02:30:01] INFO [export_masked_summary] 脱敏版总表输出完成: /var*******************************************************************************************（共 2 条记录）
[2026-06-15 02:30:01] DEBUG [init_schema] 数据库表结构初始化完成
[2026-06-15 02:30:01] INFO [connect] SQLite 数据库已连接: /Use************************************************************************************
[2026-06-15 02:30:01] INFO [insert_records] 已加载 25 个历史匹配键用于去重
[2026-06-15 02:30:01] INFO [insert_records] 批量导入完成: 批次 BATC***************, 共 2 条, 新增 0 条, 重复 2 条
[2026-06-15 02:30:01] INFO [disconnect] SQLite 数据库已断开
[2026-06-15 02:30:01] INFO [run_pipeline] 数据库持久化完成: 批次 BATC***************, 插入 0 条, 去重跳过 2 条
[2026-06-15 02:30:01] INFO [identify_internal_transfers] 内部划转识别完成: 2 条记录, 识别出 0 对 (0 划出 + 0 划入), 涉及 0 个主体, 0 家银行
[2026-06-15 02:30:01] INFO [summarize_transactions] 主体维度汇总完成: 2 条记录, 1 个主体, 1 家银行, 1 个月份, 0 个未匹配账号
[2026-06-15 02:30:01] INFO [export_subject_summary] 主体维度汇总分析已导出: /var*********************************************************************************************************
[2026-06-15 02:30:01] INFO [run_pipeline] 主体维度汇总分析已自动生成: /var*********************************************************************************************************
[2026-06-15 02:30:01] INFO [check_balance_continuity] 共 1 个账号待校验
[2026-06-15 02:30:01] DEBUG [check_balance_continuity] 校验账号: 0109年03月, 记录数: 2
[2026-06-15 02:30:01] INFO [check_balance_continuity] 余额连续性校验完成 - 总账号: 1, 已校验: 1, 跳过: 0, 异常笔数: 0, 异常账号: 0
[2026-06-15 02:30:01] INFO [export_balance_check_result] 余额连续性校验结果已导出: /var**********************************************************************************************************
[2026-06-15 02:30:01] INFO [run_pipeline] 余额连续性校验报告已自动生成: /var**********************************************************************************************************
[2026-06-15 02:30:01] INFO [detect_duplicates] 重复交易检测完成 - 总记录: 2, 疑似重复组: 0, 疑似重复记录: 0, 重复率: 0.00%
[2026-06-15 02:30:01] INFO [generate_duplicate_check_from_records] 未检测到重复交易，仍导出报告
[2026-06-15 02:30:01] INFO [export_duplicate_check_result] 重复交易检测结果已导出: /var*********************************************************************************************************
[2026-06-15 02:30:01] INFO [run_pipeline] 重复交易检测报告已自动生成: /var*********************************************************************************************************
[2026-06-15 02:30:01] INFO [filter_interest_fee_transactions] 筛选出 0 条利息手续费交易
[2026-06-15 02:30:01] INFO [summarize_by_period] 按month汇总生成 0 条期间汇总记录，异常 0 条
[2026-06-15 02:30:01] INFO [check_interest_fee] 利息手续费核对完成 - 总记录: 0 (利息: 0, 手续费: 0), 期间汇总: 0, 异常: 0
[2026-06-15 02:30:01] WARNING [generate_interest_fee_check_from_records] 未筛选到任何利息手续费交易，跳过报告生成
[2026-06-15 02:30:01] INFO [mark_non_workday_transactions] 非工作日交易标记完成: 总记录 2, 工作日 2, 周末 0, 法定节假日 0, 调休工作日 0
[2026-06-15 02:30:01] INFO [generate_holiday_check_from_records] 未发现非工作日交易，仍导出报告
[2026-06-15 02:30:01] INFO [export_holiday_check_result] 非工作日交易标记结果已导出: /var***********************************************************************************************************
[2026-06-15 02:30:01] INFO [run_pipeline] 非工作日交易标记报告已自动生成: /var***********************************************************************************************************
[2026-06-15 02:30:01] INFO [load_config] 会计期间配置已加载: period_type=monthly, cutoff_day=25, fiscal_year_start_month=1, format=YYYY-MM
[2026-06-15 02:30:01] INFO [assign_accounting_period] 会计期间归属完成: 2 条记录, 1 个期间
[2026-06-15 02:30:01] INFO [export_accounting_period_summary] 会计期间总表已导出: /var*******************************************************************************************************（1 个期间）
[2026-06-15 02:30:01] INFO [run_pipeline] 会计期间总表已自动生成: /var*******************************************************************************************************
[2026-06-15 02:30:01] INFO [save_report] 性能剖析报告已保存: /var*****************************************************************************************************
[2026-06-15 02:30:01] INFO [save_report] 性能剖析数据已保存: /var*******************************************************************************************************
[2026-06-15 02:30:01] INFO [run_pipeline] 性能剖析报告已生成: /var*****************************************************************************************************
[2026-06-15 02:30:01] INFO [generate_collab_template] 财务协同编辑模板生成完成: /var***************************************************************************************************************（可编辑列: 凭证号, 凭证日期, 会计科目编码, 会计科目名称, 备注, 制单人）
[2026-06-15 02:30:01] INFO [run_pipeline] 财务协同编辑模板已自动生成: /var***************************************************************************************************************
[2026-06-15 02:30:01] INFO [setup_logging] 日志系统初始化完成，日志文件: /Use*******************************************************************************************************
[2026-06-15 02:30:01] INFO [setup_logging] 未检测到 tkinter，将使用命令行交互模式
[2026-06-15 02:30:01] INFO [find_lookup_file] 精确匹配到主体查找表: /var**************************************************************************************
[2026-06-15 02:30:01] INFO [run_pipeline] 正在预加载主体查找表...
[2026-06-15 02:30:01] DEBUG [detect_file_format] 文件 /var************************************************************************************** Magic Bytes 检测为 xlsx 格式 (ZIP/OOXML)
[2026-06-15 02:30:01] INFO [load_lookup_table] 查找表加载完成：共 2 条条目，2 个唯一账号，0 个扩展字段
[2026-06-15 02:30:01] INFO [run_pipeline] 主体查找表预加载完成
[2026-06-15 02:30:01] INFO [load_existing_keys] 未找到历史总表，将以全量模式运行
[2026-06-15 02:30:01] INFO [run_pipeline] 无历史数据，将以全量模式运行
[2026-06-15 02:30:01] INFO [prepare_working_folder] 已复制文件夹到同级目录: /var******************************************************************************
[2026-06-15 02:30:01] DEBUG [scan_bank_files] 发现银行导出文件: /var*******************************************************************************************
[2026-06-15 02:30:01] INFO [scan_bank_files] 共扫描到 1 个银行导出文件
[2026-06-15 02:30:01] DEBUG [detect_file_format] 文件 /var******************************************************************************************* Magic Bytes 检测为 xlsx 格式 (ZIP/OOXML)
[2026-06-15 02:30:01] INFO [identify_bank] 文件「东亚银行_流水.xlsx」通过前缀匹配识别为: 东亚银行
[2026-06-15 02:30:01] INFO [parse] 开始处理东亚银行文件: /var*******************************************************************************************
[2026-06-15 02:30:01] DEBUG [detect_file_format] 文件 /var******************************************************************************************* Magic Bytes 检测为 xlsx 格式 (ZIP/OOXML)
[2026-06-15 02:30:01] INFO [validate_headers] 东亚银行文件工作表「交易明细」表头校验通过，7 个字段均匹配
[2026-06-15 02:30:01] DEBUG [get_subject_info] 银行账号「3881年23月」匹配到主体: 上********司（优先级: 0）
[2026-06-15 02:30:01] INFO [_parse_sheet] 东亚银行文件工作表「交易明细」提取 2 条记录
[2026-06-15 02:30:01] INFO [parse] 东亚银行文件处理完成，共提取 2 条记录
[2026-06-15 02:30:01] INFO [run_pipeline] 成功处理文件: /var*******************************************************************************************（2 条记录）
[2026-06-15 02:30:01] DEBUG [delete_processed_files] 已删除文件: /var*******************************************************************************************
[2026-06-15 02:30:01] INFO [run_pipeline] 总表输出完成: /var***************************************************************************************（共 2 条记录）
[2026-06-15 02:30:01] INFO [apply_amount_anomaly_detection] 开始金额异常检测，单笔阈值: [金额已隐藏] 元
[2026-06-15 02:30:01] INFO [apply_amount_anomaly_detection] 金额异常检测完成：共 2 条记录，0 条异常 (0.00%)
[2026-06-15 02:30:01] INFO [apply_counterparty_rules] 对方户名规则匹配完成: 总记录 2, 命中 0, 黑名单 0, 白名单 0
[2026-06-15 02:30:01] INFO [export_masked_summary] 脱敏版总表输出完成: /var*******************************************************************************************（共 2 条记录）
[2026-06-15 02:30:01] DEBUG [init_schema] 数据库表结构初始化完成
[2026-06-15 02:30:01] INFO [connect] SQLite 数据库已连接: /Use************************************************************************************
[2026-06-15 02:30:01] INFO [disconnect] SQLite 数据库已断开
[2026-06-15 02:30:01] ERROR [persist_transactions] 数据库持久化失败: UNIQUE constraint failed: import_batches.batch_id
Traceback (most recent call last):
  File "/Users/zhangchengcheng/work/ai-project/Trea/solo0605/label-02552/tests/../backend/database.py", line 1612, in persist_transactions
    insert_count, duplicate_count = db.insert_records(
                                    ~~~~~~~~~~~~~~~~~^
        transaction_records,
        ^^^^^^^^^^^^^^^^^^^^
        batch_id=batch_id,
        ^^^^^^^^^^^^^^^^^^
        deduplicate=deduplicate,
        ^^^^^^^^^^^^^^^^^^^^^^^^
    )
    ^
  File "/Users/zhangchengcheng/work/ai-project/Trea/solo0605/label-02552/tests/../backend/database.py", line 554, in insert_records
    cursor.execute('''
    ~~~~~~~~~~~~~~^^^^
        INSERT INTO import_batches (
        ^^^^^^^^^^^^^^^^^^^^^^^^^^^^
            batch_id, total_records, started_at, status
            ^^^^^^^^^^^^^^^^^^^^^^^^^^^^^^^^^^^^^^^^^^^
        ) VALUES (?, ?, ?, ?)
        ^^^^^^^^^^^^^^^^^^^^^
    ''', (batch_id, len(records), started_at, 'processing'))
    ^^^^^^^^^^^^^^^^^^^^^^^^^^^^^^^^^^^^^^^^^^^^^^^^^^^^^^^^
sqlite3.IntegrityError: UNIQUE constraint failed: import_batches.batch_id
[2026-06-15 02:30:01] INFO [run_pipeline] 数据库持久化完成: 批次 BATC***************, 插入 0 条, 去重跳过 0 条
[2026-06-15 02:30:01] INFO [identify_internal_transfers] 内部划转识别完成: 2 条记录, 识别出 0 对 (0 划出 + 0 划入), 涉及 0 个主体, 0 家银行
[2026-06-15 02:30:01] INFO [summarize_transactions] 主体维度汇总完成: 2 条记录, 1 个主体, 1 家银行, 1 个月份, 0 个未匹配账号
[2026-06-15 02:30:01] INFO [export_subject_summary] 主体维度汇总分析已导出: /var*********************************************************************************************************
[2026-06-15 02:30:01] INFO [run_pipeline] 主体维度汇总分析已自动生成: /var*********************************************************************************************************
[2026-06-15 02:30:01] INFO [check_balance_continuity] 共 1 个账号待校验
[2026-06-15 02:30:01] DEBUG [check_balance_continuity] 校验账号: 3881年23月, 记录数: 2
[2026-06-15 02:30:01] INFO [check_balance_continuity] 余额连续性校验完成 - 总账号: 1, 已校验: 1, 跳过: 0, 异常笔数: 0, 异常账号: 0
[2026-06-15 02:30:01] INFO [export_balance_check_result] 余额连续性校验结果已导出: /var**********************************************************************************************************
[2026-06-15 02:30:01] INFO [run_pipeline] 余额连续性校验报告已自动生成: /var**********************************************************************************************************
[2026-06-15 02:30:01] INFO [detect_duplicates] 重复交易检测完成 - 总记录: 2, 疑似重复组: 0, 疑似重复记录: 0, 重复率: 0.00%
[2026-06-15 02:30:01] INFO [generate_duplicate_check_from_records] 未检测到重复交易，仍导出报告
[2026-06-15 02:30:01] INFO [export_duplicate_check_result] 重复交易检测结果已导出: /var*********************************************************************************************************
[2026-06-15 02:30:01] INFO [run_pipeline] 重复交易检测报告已自动生成: /var*********************************************************************************************************
[2026-06-15 02:30:01] INFO [filter_interest_fee_transactions] 筛选出 1 条利息手续费交易
[2026-06-15 02:30:01] INFO [summarize_by_period] 按month汇总生成 1 条期间汇总记录，异常 1 条
[2026-06-15 02:30:01] INFO [check_interest_fee] 利息手续费核对完成 - 总记录: 1 (利息: 0, 手续费: 1), 期间汇总: 1, 异常: 1
[2026-06-15 02:30:01] INFO [export_interest_fee_check_result] 利息手续费核对结果已导出: /var**********************************************************************************************************
[2026-06-15 02:30:01] INFO [run_pipeline] Interest & Fee check report auto-generated: /var/folders/8t/8rw7_pg16cx2c2mkh_cvpz8m0000gn/T/bankcheck_test_vbk3_szv/script/利息手续费核对报告_20260615_023001.xlsx
[2026-06-15 02:30:01] INFO [mark_non_workday_transactions] 非工作日交易标记完成: 总记录 2, 工作日 2, 周末 0, 法定节假日 0, 调休工作日 0
[2026-06-15 02:30:01] INFO [generate_holiday_check_from_records] 未发现非工作日交易，仍导出报告
[2026-06-15 02:30:01] INFO [export_holiday_check_result] 非工作日交易标记结果已导出: /var***********************************************************************************************************
[2026-06-15 02:30:01] INFO [run_pipeline] 非工作日交易标记报告已自动生成: /var***********************************************************************************************************
[2026-06-15 02:30:01] INFO [assign_accounting_period] 会计期间归属完成: 2 条记录, 1 个期间
[2026-06-15 02:30:01] INFO [export_accounting_period_summary] 会计期间总表已导出: /var*******************************************************************************************************（1 个期间）
[2026-06-15 02:30:01] INFO [run_pipeline] 会计期间总表已自动生成: /var*******************************************************************************************************
[2026-06-15 02:30:01] INFO [save_report] 性能剖析报告已保存: /var*****************************************************************************************************
[2026-06-15 02:30:01] INFO [save_report] 性能剖析数据已保存: /var*******************************************************************************************************
[2026-06-15 02:30:01] INFO [run_pipeline] 性能剖析报告已生成: /var*****************************************************************************************************
[2026-06-15 02:30:01] INFO [generate_collab_template] 财务协同编辑模板生成完成: /var***************************************************************************************************************（可编辑列: 凭证号, 凭证日期, 会计科目编码, 会计科目名称, 备注, 制单人）
[2026-06-15 02:30:01] INFO [run_pipeline] 财务协同编辑模板已自动生成: /var***************************************************************************************************************
[2026-06-15 02:30:01] INFO [setup_logging] 日志系统初始化完成，日志文件: /Use*******************************************************************************************************
[2026-06-15 02:30:01] INFO [setup_logging] 未检测到 tkinter，将使用命令行交互模式
[2026-06-15 02:30:01] INFO [find_lookup_file] 精确匹配到主体查找表: /var**************************************************************************************
[2026-06-15 02:30:01] INFO [run_pipeline] 正在预加载主体查找表...
[2026-06-15 02:30:01] DEBUG [detect_file_format] 文件 /var************************************************************************************** Magic Bytes 检测为 xlsx 格式 (ZIP/OOXML)
[2026-06-15 02:30:01] INFO [load_lookup_table] 查找表加载完成：共 2 条条目，2 个唯一账号，0 个扩展字段
[2026-06-15 02:30:01] INFO [run_pipeline] 主体查找表预加载完成
[2026-06-15 02:30:01] INFO [load_existing_keys] 未找到历史总表，将以全量模式运行
[2026-06-15 02:30:01] INFO [run_pipeline] 无历史数据，将以全量模式运行
[2026-06-15 02:30:01] INFO [prepare_working_folder] 已复制文件夹到同级目录: /var******************************************************************************
[2026-06-15 02:30:01] DEBUG [scan_bank_files] 发现银行导出文件: /var*******************************************************************************************
[2026-06-15 02:30:01] DEBUG [scan_bank_files] 发现银行导出文件: /var*******************************************************************************************
[2026-06-15 02:30:01] INFO [scan_bank_files] 共扫描到 2 个银行导出文件
[2026-06-15 02:30:01] DEBUG [detect_file_format] 文件 /var******************************************************************************************* Magic Bytes 检测为 xlsx 格式 (ZIP/OOXML)
[2026-06-15 02:30:01] DEBUG [detect_file_format] 文件 /var******************************************************************************************* Magic Bytes 检测为 xlsx 格式 (ZIP/OOXML)
[2026-06-15 02:30:01] INFO [identify_bank] 文件「东亚银行_流水.xlsx」通过前缀匹配识别为: 东亚银行
[2026-06-15 02:30:01] INFO [parse] 开始处理东亚银行文件: /var*******************************************************************************************
[2026-06-15 02:30:01] DEBUG [detect_file_format] 文件 /var******************************************************************************************* Magic Bytes 检测为 xlsx 格式 (ZIP/OOXML)
[2026-06-15 02:30:01] INFO [validate_headers] 东亚银行文件工作表「交易明细」表头校验通过，7 个字段均匹配
[2026-06-15 02:30:01] DEBUG [get_subject_info] 银行账号「3881年23月」匹配到主体: 上********司（优先级: 0）
[2026-06-15 02:30:01] INFO [_parse_sheet] 东亚银行文件工作表「交易明细」提取 2 条记录
[2026-06-15 02:30:01] INFO [parse] 东亚银行文件处理完成，共提取 2 条记录
[2026-06-15 02:30:01] INFO [run_pipeline] 成功处理文件: /var*******************************************************************************************（2 条记录）
[2026-06-15 02:30:01] INFO [identify_bank] 文件「北京银行_流水.xlsx」通过前缀匹配识别为: 北京银行
[2026-06-15 02:30:01] INFO [parse] 开始处理北京银行文件: /var*******************************************************************************************
[2026-06-15 02:30:01] DEBUG [detect_file_format] 文件 /var******************************************************************************************* Magic Bytes 检测为 xlsx 格式 (ZIP/OOXML)
[2026-06-15 02:30:01] INFO [validate_headers] 北京银行文件工作表「交易明细」表头校验通过，7 个字段均匹配
[2026-06-15 02:30:01] DEBUG [get_subject_info] 银行账号「0109年03月」匹配到主体: 北********司（优先级: 0）
[2026-06-15 02:30:01] INFO [_parse_sheet] 北京银行文件工作表「交易明细」提取 2 条记录
[2026-06-15 02:30:01] INFO [parse] 北京银行文件处理完成，共提取 2 条记录
[2026-06-15 02:30:01] INFO [run_pipeline] 成功处理文件: /var*******************************************************************************************（2 条记录）
[2026-06-15 02:30:01] DEBUG [delete_processed_files] 已删除文件: /var*******************************************************************************************
[2026-06-15 02:30:01] DEBUG [delete_processed_files] 已删除文件: /var*******************************************************************************************
[2026-06-15 02:30:01] INFO [run_pipeline] 总表输出完成: /var***************************************************************************************（共 4 条记录）
[2026-06-15 02:30:01] INFO [apply_amount_anomaly_detection] 开始金额异常检测，单笔阈值: [金额已隐藏] 元
[2026-06-15 02:30:01] INFO [apply_amount_anomaly_detection] 金额异常检测完成：共 4 条记录，0 条异常 (0.00%)
[2026-06-15 02:30:01] INFO [apply_counterparty_rules] 对方户名规则匹配完成: 总记录 4, 命中 0, 黑名单 0, 白名单 0
[2026-06-15 02:30:01] INFO [export_masked_summary] 脱敏版总表输出完成: /var*******************************************************************************************（共 4 条记录）
[2026-06-15 02:30:01] DEBUG [init_schema] 数据库表结构初始化完成
[2026-06-15 02:30:01] INFO [connect] SQLite 数据库已连接: /Use************************************************************************************
[2026-06-15 02:30:01] INFO [disconnect] SQLite 数据库已断开
[2026-06-15 02:30:01] ERROR [persist_transactions] 数据库持久化失败: UNIQUE constraint failed: import_batches.batch_id
Traceback (most recent call last):
  File "/Users/zhangchengcheng/work/ai-project/Trea/solo0605/label-02552/tests/../backend/database.py", line 1612, in persist_transactions
    insert_count, duplicate_count = db.insert_records(
                                    ~~~~~~~~~~~~~~~~~^
        transaction_records,
        ^^^^^^^^^^^^^^^^^^^^
        batch_id=batch_id,
        ^^^^^^^^^^^^^^^^^^
        deduplicate=deduplicate,
        ^^^^^^^^^^^^^^^^^^^^^^^^
    )
    ^
  File "/Users/zhangchengcheng/work/ai-project/Trea/solo0605/label-02552/tests/../backend/database.py", line 554, in insert_records
    cursor.execute('''
    ~~~~~~~~~~~~~~^^^^
        INSERT INTO import_batches (
        ^^^^^^^^^^^^^^^^^^^^^^^^^^^^
            batch_id, total_records, started_at, status
            ^^^^^^^^^^^^^^^^^^^^^^^^^^^^^^^^^^^^^^^^^^^
        ) VALUES (?, ?, ?, ?)
        ^^^^^^^^^^^^^^^^^^^^^
    ''', (batch_id, len(records), started_at, 'processing'))
    ^^^^^^^^^^^^^^^^^^^^^^^^^^^^^^^^^^^^^^^^^^^^^^^^^^^^^^^^
sqlite3.IntegrityError: UNIQUE constraint failed: import_batches.batch_id
[2026-06-15 02:30:01] INFO [run_pipeline] 数据库持久化完成: 批次 BATC***************, 插入 0 条, 去重跳过 0 条
[2026-06-15 02:30:01] INFO [identify_internal_transfers] 内部划转识别完成: 4 条记录, 识别出 0 对 (0 划出 + 0 划入), 涉及 0 个主体, 0 家银行
[2026-06-15 02:30:01] INFO [summarize_transactions] 主体维度汇总完成: 4 条记录, 2 个主体, 2 家银行, 1 个月份, 0 个未匹配账号
[2026-06-15 02:30:01] INFO [export_subject_summary] 主体维度汇总分析已导出: /var*********************************************************************************************************
[2026-06-15 02:30:01] INFO [run_pipeline] 主体维度汇总分析已自动生成: /var*********************************************************************************************************
[2026-06-15 02:30:01] INFO [check_balance_continuity] 共 2 个账号待校验
[2026-06-15 02:30:01] DEBUG [check_balance_continuity] 校验账号: 3881年23月, 记录数: 2
[2026-06-15 02:30:01] DEBUG [check_balance_continuity] 校验账号: 0109年03月, 记录数: 2
[2026-06-15 02:30:01] INFO [check_balance_continuity] 余额连续性校验完成 - 总账号: 2, 已校验: 2, 跳过: 0, 异常笔数: 0, 异常账号: 0
[2026-06-15 02:30:01] INFO [export_balance_check_result] 余额连续性校验结果已导出: /var**********************************************************************************************************
[2026-06-15 02:30:01] INFO [run_pipeline] 余额连续性校验报告已自动生成: /var**********************************************************************************************************
[2026-06-15 02:30:01] INFO [detect_duplicates] 重复交易检测完成 - 总记录: 4, 疑似重复组: 0, 疑似重复记录: 0, 重复率: 0.00%
[2026-06-15 02:30:01] INFO [generate_duplicate_check_from_records] 未检测到重复交易，仍导出报告
[2026-06-15 02:30:01] INFO [export_duplicate_check_result] 重复交易检测结果已导出: /var*********************************************************************************************************
[2026-06-15 02:30:01] INFO [run_pipeline] 重复交易检测报告已自动生成: /var*********************************************************************************************************
[2026-06-15 02:30:01] INFO [filter_interest_fee_transactions] 筛选出 1 条利息手续费交易
[2026-06-15 02:30:01] INFO [summarize_by_period] 按month汇总生成 1 条期间汇总记录，异常 1 条
[2026-06-15 02:30:01] INFO [check_interest_fee] 利息手续费核对完成 - 总记录: 1 (利息: 0, 手续费: 1), 期间汇总: 1, 异常: 1
[2026-06-15 02:30:01] INFO [export_interest_fee_check_result] 利息手续费核对结果已导出: /var**********************************************************************************************************
[2026-06-15 02:30:01] INFO [run_pipeline] Interest & Fee check report auto-generated: /var/folders/8t/8rw7_pg16cx2c2mkh_cvpz8m0000gn/T/bankcheck_test_d7qzeel5/script/利息手续费核对报告_20260615_023001.xlsx
[2026-06-15 02:30:01] INFO [mark_non_workday_transactions] 非工作日交易标记完成: 总记录 4, 工作日 4, 周末 0, 法定节假日 0, 调休工作日 0
[2026-06-15 02:30:01] INFO [generate_holiday_check_from_records] 未发现非工作日交易，仍导出报告
[2026-06-15 02:30:01] INFO [export_holiday_check_result] 非工作日交易标记结果已导出: /var***********************************************************************************************************
[2026-06-15 02:30:01] INFO [run_pipeline] 非工作日交易标记报告已自动生成: /var***********************************************************************************************************
[2026-06-15 02:30:01] INFO [assign_accounting_period] 会计期间归属完成: 4 条记录, 1 个期间
[2026-06-15 02:30:01] INFO [export_accounting_period_summary] 会计期间总表已导出: /var*******************************************************************************************************（1 个期间）
[2026-06-15 02:30:01] INFO [run_pipeline] 会计期间总表已自动生成: /var*******************************************************************************************************
[2026-06-15 02:30:01] INFO [save_report] 性能剖析报告已保存: /var*****************************************************************************************************
[2026-06-15 02:30:01] INFO [save_report] 性能剖析数据已保存: /var*******************************************************************************************************
[2026-06-15 02:30:01] INFO [run_pipeline] 性能剖析报告已生成: /var*****************************************************************************************************
[2026-06-15 02:30:01] INFO [generate_collab_template] 财务协同编辑模板生成完成: /var***************************************************************************************************************（可编辑列: 凭证号, 凭证日期, 会计科目编码, 会计科目名称, 备注, 制单人）
[2026-06-15 02:30:01] INFO [run_pipeline] 财务协同编辑模板已自动生成: /var***************************************************************************************************************
[2026-06-15 02:30:01] INFO [setup_logging] 日志系统初始化完成，日志文件: /Use*******************************************************************************************************
[2026-06-15 02:30:01] INFO [setup_logging] 未检测到 tkinter，将使用命令行交互模式
[2026-06-15 02:30:01] INFO [find_lookup_file] 精确匹配到主体查找表: /var**************************************************************************************
[2026-06-15 02:30:01] INFO [run_pipeline] 正在预加载主体查找表...
[2026-06-15 02:30:01] DEBUG [detect_file_format] 文件 /var************************************************************************************** Magic Bytes 检测为 xlsx 格式 (ZIP/OOXML)
[2026-06-15 02:30:01] INFO [load_lookup_table] 查找表加载完成：共 2 条条目，2 个唯一账号，0 个扩展字段
[2026-06-15 02:30:01] INFO [run_pipeline] 主体查找表预加载完成
[2026-06-15 02:30:01] INFO [load_existing_keys] 未找到历史总表，将以全量模式运行
[2026-06-15 02:30:01] INFO [run_pipeline] 无历史数据，将以全量模式运行
[2026-06-15 02:30:01] INFO [prepare_working_folder] 已复制文件夹到同级目录: /var******************************************************************************
[2026-06-15 02:30:01] DEBUG [scan_bank_files] 发现银行导出文件: /var*******************************************************************************************
[2026-06-15 02:30:01] DEBUG [scan_bank_files] 发现银行导出文件: /var*******************************************************************************************
[2026-06-15 02:30:01] INFO [scan_bank_files] 共扫描到 2 个银行导出文件
[2026-06-15 02:30:01] DEBUG [detect_file_format] 文件 /var******************************************************************************************* Magic Bytes 检测为 xlsx 格式 (ZIP/OOXML)
[2026-06-15 02:30:01] DEBUG [detect_file_format] 文件 /var******************************************************************************************* Magic Bytes 检测为 xlsx 格式 (ZIP/OOXML)
[2026-06-15 02:30:01] INFO [identify_bank] 文件「东亚银行_流水.xlsx」通过前缀匹配识别为: 东亚银行
[2026-06-15 02:30:01] INFO [parse] 开始处理东亚银行文件: /var*******************************************************************************************
[2026-06-15 02:30:01] DEBUG [detect_file_format] 文件 /var******************************************************************************************* Magic Bytes 检测为 xlsx 格式 (ZIP/OOXML)
[2026-06-15 02:30:01] INFO [validate_headers] 东亚银行文件工作表「交易明细」表头校验通过，7 个字段均匹配
[2026-06-15 02:30:01] DEBUG [get_subject_info] 银行账号「3881年23月」匹配到主体: 上********司（优先级: 0）
[2026-06-15 02:30:01] INFO [_parse_sheet] 东亚银行文件工作表「交易明细」提取 2 条记录
[2026-06-15 02:30:01] INFO [parse] 东亚银行文件处理完成，共提取 2 条记录
[2026-06-15 02:30:01] INFO [run_pipeline] 成功处理文件: /var*******************************************************************************************（2 条记录）
[2026-06-15 02:30:01] INFO [identify_bank] 文件「北京银行_流水.xlsx」通过前缀匹配识别为: 北京银行
[2026-06-15 02:30:01] INFO [parse] 开始处理北京银行文件: /var*******************************************************************************************
[2026-06-15 02:30:01] DEBUG [detect_file_format] 文件 /var******************************************************************************************* Magic Bytes 检测为 xlsx 格式 (ZIP/OOXML)
[2026-06-15 02:30:01] INFO [validate_headers] 北京银行文件工作表「交易明细」表头校验通过，7 个字段均匹配
[2026-06-15 02:30:01] DEBUG [get_subject_info] 银行账号「0109年03月」匹配到主体: 北********司（优先级: 0）
[2026-06-15 02:30:01] INFO [_parse_sheet] 北京银行文件工作表「交易明细」提取 2 条记录
[2026-06-15 02:30:01] INFO [parse] 北京银行文件处理完成，共提取 2 条记录
[2026-06-15 02:30:01] INFO [run_pipeline] 成功处理文件: /var*******************************************************************************************（2 条记录）
[2026-06-15 02:30:01] DEBUG [delete_processed_files] 已删除文件: /var*******************************************************************************************
[2026-06-15 02:30:01] DEBUG [delete_processed_files] 已删除文件: /var*******************************************************************************************
[2026-06-15 02:30:01] INFO [run_pipeline] 总表输出完成: /var***************************************************************************************（共 4 条记录）
[2026-06-15 02:30:01] INFO [apply_amount_anomaly_detection] 开始金额异常检测，单笔阈值: [金额已隐藏] 元
[2026-06-15 02:30:01] INFO [apply_amount_anomaly_detection] 金额异常检测完成：共 4 条记录，0 条异常 (0.00%)
[2026-06-15 02:30:01] INFO [apply_counterparty_rules] 对方户名规则匹配完成: 总记录 4, 命中 0, 黑名单 0, 白名单 0
[2026-06-15 02:30:01] INFO [export_masked_summary] 脱敏版总表输出完成: /var*******************************************************************************************（共 4 条记录）
[2026-06-15 02:30:01] DEBUG [init_schema] 数据库表结构初始化完成
[2026-06-15 02:30:01] INFO [connect] SQLite 数据库已连接: /Use************************************************************************************
[2026-06-15 02:30:01] INFO [disconnect] SQLite 数据库已断开
[2026-06-15 02:30:01] ERROR [persist_transactions] 数据库持久化失败: UNIQUE constraint failed: import_batches.batch_id
Traceback (most recent call last):
  File "/Users/zhangchengcheng/work/ai-project/Trea/solo0605/label-02552/tests/../backend/database.py", line 1612, in persist_transactions
    insert_count, duplicate_count = db.insert_records(
                                    ~~~~~~~~~~~~~~~~~^
        transaction_records,
        ^^^^^^^^^^^^^^^^^^^^
        batch_id=batch_id,
        ^^^^^^^^^^^^^^^^^^
        deduplicate=deduplicate,
        ^^^^^^^^^^^^^^^^^^^^^^^^
    )
    ^
  File "/Users/zhangchengcheng/work/ai-project/Trea/solo0605/label-02552/tests/../backend/database.py", line 554, in insert_records
    cursor.execute('''
    ~~~~~~~~~~~~~~^^^^
        INSERT INTO import_batches (
        ^^^^^^^^^^^^^^^^^^^^^^^^^^^^
            batch_id, total_records, started_at, status
            ^^^^^^^^^^^^^^^^^^^^^^^^^^^^^^^^^^^^^^^^^^^
        ) VALUES (?, ?, ?, ?)
        ^^^^^^^^^^^^^^^^^^^^^
    ''', (batch_id, len(records), started_at, 'processing'))
    ^^^^^^^^^^^^^^^^^^^^^^^^^^^^^^^^^^^^^^^^^^^^^^^^^^^^^^^^
sqlite3.IntegrityError: UNIQUE constraint failed: import_batches.batch_id
[2026-06-15 02:30:01] INFO [run_pipeline] 数据库持久化完成: 批次 BATC***************, 插入 0 条, 去重跳过 0 条
[2026-06-15 02:30:01] INFO [identify_internal_transfers] 内部划转识别完成: 4 条记录, 识别出 0 对 (0 划出 + 0 划入), 涉及 0 个主体, 0 家银行
[2026-06-15 02:30:01] INFO [summarize_transactions] 主体维度汇总完成: 4 条记录, 2 个主体, 2 家银行, 1 个月份, 0 个未匹配账号
[2026-06-15 02:30:01] INFO [export_subject_summary] 主体维度汇总分析已导出: /var*********************************************************************************************************
[2026-06-15 02:30:01] INFO [run_pipeline] 主体维度汇总分析已自动生成: /var*********************************************************************************************************
[2026-06-15 02:30:01] INFO [check_balance_continuity] 共 2 个账号待校验
[2026-06-15 02:30:01] DEBUG [check_balance_continuity] 校验账号: 3881年23月, 记录数: 2
[2026-06-15 02:30:01] DEBUG [check_balance_continuity] 校验账号: 0109年03月, 记录数: 2
[2026-06-15 02:30:01] INFO [check_balance_continuity] 余额连续性校验完成 - 总账号: 2, 已校验: 2, 跳过: 0, 异常笔数: 0, 异常账号: 0
[2026-06-15 02:30:01] INFO [export_balance_check_result] 余额连续性校验结果已导出: /var**********************************************************************************************************
[2026-06-15 02:30:01] INFO [run_pipeline] 余额连续性校验报告已自动生成: /var**********************************************************************************************************
[2026-06-15 02:30:01] INFO [detect_duplicates] 重复交易检测完成 - 总记录: 4, 疑似重复组: 0, 疑似重复记录: 0, 重复率: 0.00%
[2026-06-15 02:30:01] INFO [generate_duplicate_check_from_records] 未检测到重复交易，仍导出报告
[2026-06-15 02:30:01] INFO [export_duplicate_check_result] 重复交易检测结果已导出: /var*********************************************************************************************************
[2026-06-15 02:30:01] INFO [run_pipeline] 重复交易检测报告已自动生成: /var*********************************************************************************************************
[2026-06-15 02:30:01] INFO [filter_interest_fee_transactions] 筛选出 1 条利息手续费交易
[2026-06-15 02:30:01] INFO [summarize_by_period] 按month汇总生成 1 条期间汇总记录，异常 1 条
[2026-06-15 02:30:01] INFO [check_interest_fee] 利息手续费核对完成 - 总记录: 1 (利息: 0, 手续费: 1), 期间汇总: 1, 异常: 1
[2026-06-15 02:30:01] INFO [export_interest_fee_check_result] 利息手续费核对结果已导出: /var**********************************************************************************************************
[2026-06-15 02:30:01] INFO [run_pipeline] Interest & Fee check report auto-generated: /var/folders/8t/8rw7_pg16cx2c2mkh_cvpz8m0000gn/T/bankcheck_test_5id9bnac/script/利息手续费核对报告_20260615_023001.xlsx
[2026-06-15 02:30:01] INFO [mark_non_workday_transactions] 非工作日交易标记完成: 总记录 4, 工作日 4, 周末 0, 法定节假日 0, 调休工作日 0
[2026-06-15 02:30:01] INFO [generate_holiday_check_from_records] 未发现非工作日交易，仍导出报告
[2026-06-15 02:30:01] INFO [export_holiday_check_result] 非工作日交易标记结果已导出: /var***********************************************************************************************************
[2026-06-15 02:30:01] INFO [run_pipeline] 非工作日交易标记报告已自动生成: /var***********************************************************************************************************
[2026-06-15 02:30:01] INFO [assign_accounting_period] 会计期间归属完成: 4 条记录, 1 个期间
[2026-06-15 02:30:01] INFO [export_accounting_period_summary] 会计期间总表已导出: /var*******************************************************************************************************（1 个期间）
[2026-06-15 02:30:01] INFO [run_pipeline] 会计期间总表已自动生成: /var*******************************************************************************************************
[2026-06-15 02:30:01] INFO [save_report] 性能剖析报告已保存: /var*****************************************************************************************************
[2026-06-15 02:30:01] INFO [save_report] 性能剖析数据已保存: /var*******************************************************************************************************
[2026-06-15 02:30:01] INFO [run_pipeline] 性能剖析报告已生成: /var*****************************************************************************************************
[2026-06-15 02:30:01] INFO [generate_collab_template] 财务协同编辑模板生成完成: /var***************************************************************************************************************（可编辑列: 凭证号, 凭证日期, 会计科目编码, 会计科目名称, 备注, 制单人）
[2026-06-15 02:30:01] INFO [run_pipeline] 财务协同编辑模板已自动生成: /var***************************************************************************************************************
[2026-06-15 02:30:01] INFO [setup_logging] 日志系统初始化完成，日志文件: /Use*******************************************************************************************************
[2026-06-15 02:30:01] INFO [setup_logging] 未检测到 tkinter，将使用命令行交互模式
[2026-06-15 02:30:01] INFO [find_lookup_file] 精确匹配到主体查找表: /var**************************************************************************************
[2026-06-15 02:30:01] INFO [run_pipeline] 正在预加载主体查找表...
[2026-06-15 02:30:01] DEBUG [detect_file_format] 文件 /var************************************************************************************** Magic Bytes 检测为 xlsx 格式 (ZIP/OOXML)
[2026-06-15 02:30:01] INFO [load_lookup_table] 查找表加载完成：共 2 条条目，2 个唯一账号，0 个扩展字段
[2026-06-15 02:30:01] INFO [run_pipeline] 主体查找表预加载完成
[2026-06-15 02:30:01] INFO [load_existing_keys] 未找到历史总表，将以全量模式运行
[2026-06-15 02:30:01] INFO [run_pipeline] 无历史数据，将以全量模式运行
[2026-06-15 02:30:01] INFO [prepare_working_folder] 已复制文件夹到同级目录: /var******************************************************************************
[2026-06-15 02:30:01] DEBUG [scan_bank_files] 发现银行导出文件: /var*******************************************************************************************
[2026-06-15 02:30:01] DEBUG [scan_bank_files] 发现银行导出文件: /var*******************************************************************************************
[2026-06-15 02:30:01] INFO [scan_bank_files] 共扫描到 2 个银行导出文件
[2026-06-15 02:30:01] DEBUG [detect_file_format] 文件 /var******************************************************************************************* Magic Bytes 检测为 xlsx 格式 (ZIP/OOXML)
[2026-06-15 02:30:01] DEBUG [detect_file_format] 文件 /var******************************************************************************************* Magic Bytes 检测为 xlsx 格式 (ZIP/OOXML)
[2026-06-15 02:30:01] INFO [identify_bank] 文件「北京银行_流水.xlsx」通过前缀匹配识别为: 北京银行
[2026-06-15 02:30:01] INFO [parse] 开始处理北京银行文件: /var*******************************************************************************************
[2026-06-15 02:30:01] DEBUG [detect_file_format] 文件 /var******************************************************************************************* Magic Bytes 检测为 xlsx 格式 (ZIP/OOXML)
[2026-06-15 02:30:01] INFO [validate_headers] 北京银行文件工作表「交易明细」表头校验通过，7 个字段均匹配
[2026-06-15 02:30:01] DEBUG [get_subject_info] 银行账号「0109年03月」匹配到主体: 北********司（优先级: 0）
[2026-06-15 02:30:01] INFO [_parse_sheet] 北京银行文件工作表「交易明细」提取 2 条记录
[2026-06-15 02:30:01] INFO [parse] 北京银行文件处理完成，共提取 2 条记录
[2026-06-15 02:30:01] INFO [run_pipeline] 成功处理文件: /var*******************************************************************************************（2 条记录）
[2026-06-15 02:30:01] DEBUG [detect_file_format] 文件 /var******************************************************************************************* Magic Bytes 检测为 xlsx 格式 (ZIP/OOXML)
[2026-06-15 02:30:01] WARNING [identify_bank] 文件「未知银行_流水.xlsx」无法识别银行类型
[2026-06-15 02:30:01] DEBUG [detect_file_format] 文件 /var******************************************************************************************* Magic Bytes 检测为 xlsx 格式 (ZIP/OOXML)
[2026-06-15 02:30:01] DEBUG [identify_bank] 收集银行识别失败调试信息时出错: %d format: a real number is required, not str
[2026-06-15 02:30:01] DEBUG [delete_processed_files] 已删除文件: /var*******************************************************************************************
[2026-06-15 02:30:01] INFO [run_pipeline] 总表输出完成: /var***************************************************************************************（共 2 条记录）
[2026-06-15 02:30:01] INFO [apply_amount_anomaly_detection] 开始金额异常检测，单笔阈值: [金额已隐藏] 元
[2026-06-15 02:30:01] INFO [apply_amount_anomaly_detection] 金额异常检测完成：共 2 条记录，0 条异常 (0.00%)
[2026-06-15 02:30:01] INFO [apply_counterparty_rules] 对方户名规则匹配完成: 总记录 2, 命中 0, 黑名单 0, 白名单 0
[2026-06-15 02:30:01] INFO [export_masked_summary] 脱敏版总表输出完成: /var*******************************************************************************************（共 2 条记录）
[2026-06-15 02:30:01] DEBUG [init_schema] 数据库表结构初始化完成
[2026-06-15 02:30:01] INFO [connect] SQLite 数据库已连接: /Use************************************************************************************
[2026-06-15 02:30:01] INFO [disconnect] SQLite 数据库已断开
[2026-06-15 02:30:01] ERROR [persist_transactions] 数据库持久化失败: UNIQUE constraint failed: import_batches.batch_id
Traceback (most recent call last):
  File "/Users/zhangchengcheng/work/ai-project/Trea/solo0605/label-02552/tests/../backend/database.py", line 1612, in persist_transactions
    insert_count, duplicate_count = db.insert_records(
                                    ~~~~~~~~~~~~~~~~~^
        transaction_records,
        ^^^^^^^^^^^^^^^^^^^^
        batch_id=batch_id,
        ^^^^^^^^^^^^^^^^^^
        deduplicate=deduplicate,
        ^^^^^^^^^^^^^^^^^^^^^^^^
    )
    ^
  File "/Users/zhangchengcheng/work/ai-project/Trea/solo0605/label-02552/tests/../backend/database.py", line 554, in insert_records
    cursor.execute('''
    ~~~~~~~~~~~~~~^^^^
        INSERT INTO import_batches (
        ^^^^^^^^^^^^^^^^^^^^^^^^^^^^
            batch_id, total_records, started_at, status
            ^^^^^^^^^^^^^^^^^^^^^^^^^^^^^^^^^^^^^^^^^^^
        ) VALUES (?, ?, ?, ?)
        ^^^^^^^^^^^^^^^^^^^^^
    ''', (batch_id, len(records), started_at, 'processing'))
    ^^^^^^^^^^^^^^^^^^^^^^^^^^^^^^^^^^^^^^^^^^^^^^^^^^^^^^^^
sqlite3.IntegrityError: UNIQUE constraint failed: import_batches.batch_id
[2026-06-15 02:30:01] INFO [run_pipeline] 数据库持久化完成: 批次 BATC***************, 插入 0 条, 去重跳过 0 条
[2026-06-15 02:30:01] INFO [identify_internal_transfers] 内部划转识别完成: 2 条记录, 识别出 0 对 (0 划出 + 0 划入), 涉及 0 个主体, 0 家银行
[2026-06-15 02:30:01] INFO [summarize_transactions] 主体维度汇总完成: 2 条记录, 1 个主体, 1 家银行, 1 个月份, 0 个未匹配账号
[2026-06-15 02:30:01] INFO [export_subject_summary] 主体维度汇总分析已导出: /var*********************************************************************************************************
[2026-06-15 02:30:01] INFO [run_pipeline] 主体维度汇总分析已自动生成: /var*********************************************************************************************************
[2026-06-15 02:30:01] INFO [check_balance_continuity] 共 1 个账号待校验
[2026-06-15 02:30:01] DEBUG [check_balance_continuity] 校验账号: 0109年03月, 记录数: 2
[2026-06-15 02:30:01] INFO [check_balance_continuity] 余额连续性校验完成 - 总账号: 1, 已校验: 1, 跳过: 0, 异常笔数: 0, 异常账号: 0
[2026-06-15 02:30:01] INFO [export_balance_check_result] 余额连续性校验结果已导出: /var**********************************************************************************************************
[2026-06-15 02:30:01] INFO [run_pipeline] 余额连续性校验报告已自动生成: /var**********************************************************************************************************
[2026-06-15 02:30:01] INFO [detect_duplicates] 重复交易检测完成 - 总记录: 2, 疑似重复组: 0, 疑似重复记录: 0, 重复率: 0.00%
[2026-06-15 02:30:01] INFO [generate_duplicate_check_from_records] 未检测到重复交易，仍导出报告
[2026-06-15 02:30:01] INFO [export_duplicate_check_result] 重复交易检测结果已导出: /var*********************************************************************************************************
[2026-06-15 02:30:01] INFO [run_pipeline] 重复交易检测报告已自动生成: /var*********************************************************************************************************
[2026-06-15 02:30:01] INFO [filter_interest_fee_transactions] 筛选出 0 条利息手续费交易
[2026-06-15 02:30:01] INFO [summarize_by_period] 按month汇总生成 0 条期间汇总记录，异常 0 条
[2026-06-15 02:30:01] INFO [check_interest_fee] 利息手续费核对完成 - 总记录: 0 (利息: 0, 手续费: 0), 期间汇总: 0, 异常: 0
[2026-06-15 02:30:01] WARNING [generate_interest_fee_check_from_records] 未筛选到任何利息手续费交易，跳过报告生成
[2026-06-15 02:30:01] INFO [mark_non_workday_transactions] 非工作日交易标记完成: 总记录 2, 工作日 2, 周末 0, 法定节假日 0, 调休工作日 0
[2026-06-15 02:30:01] INFO [generate_holiday_check_from_records] 未发现非工作日交易，仍导出报告
[2026-06-15 02:30:01] INFO [export_holiday_check_result] 非工作日交易标记结果已导出: /var***********************************************************************************************************
[2026-06-15 02:30:01] INFO [run_pipeline] 非工作日交易标记报告已自动生成: /var***********************************************************************************************************
[2026-06-15 02:30:01] INFO [assign_accounting_period] 会计期间归属完成: 2 条记录, 1 个期间
[2026-06-15 02:30:01] INFO [export_accounting_period_summary] 会计期间总表已导出: /var*******************************************************************************************************（1 个期间）
[2026-06-15 02:30:01] INFO [run_pipeline] 会计期间总表已自动生成: /var*******************************************************************************************************
[2026-06-15 02:30:01] INFO [save_report] 性能剖析报告已保存: /var*****************************************************************************************************
[2026-06-15 02:30:01] INFO [save_report] 性能剖析数据已保存: /var*******************************************************************************************************
[2026-06-15 02:30:01] INFO [run_pipeline] 性能剖析报告已生成: /var*****************************************************************************************************
[2026-06-15 02:30:01] INFO [generate_collab_template] 财务协同编辑模板生成完成: /var***************************************************************************************************************（可编辑列: 凭证号, 凭证日期, 会计科目编码, 会计科目名称, 备注, 制单人）
[2026-06-15 02:30:01] INFO [run_pipeline] 财务协同编辑模板已自动生成: /var***************************************************************************************************************
[2026-06-15 02:30:01] INFO [generate_pending_list_xlsx] 待处理清单已生成: /var******************************************************************************************************（共 1 条记录）
[2026-06-15 02:30:01] INFO [setup_logging] 日志系统初始化完成，日志文件: /Use*******************************************************************************************************
[2026-06-15 02:30:01] INFO [setup_logging] 未检测到 tkinter，将使用命令行交互模式
[2026-06-15 02:30:01] INFO [find_lookup_file] 精确匹配到主体查找表: /var**************************************************************************************
[2026-06-15 02:30:01] INFO [run_pipeline] 正在预加载主体查找表...
[2026-06-15 02:30:01] DEBUG [detect_file_format] 文件 /var************************************************************************************** Magic Bytes 检测为 xlsx 格式 (ZIP/OOXML)
[2026-06-15 02:30:01] INFO [load_lookup_table] 查找表加载完成：共 2 条条目，2 个唯一账号，0 个扩展字段
[2026-06-15 02:30:01] INFO [run_pipeline] 主体查找表预加载完成
[2026-06-15 02:30:01] INFO [load_existing_keys] 未找到历史总表，将以全量模式运行
[2026-06-15 02:30:01] INFO [run_pipeline] 无历史数据，将以全量模式运行
[2026-06-15 02:30:01] INFO [prepare_working_folder] 已复制文件夹到同级目录: /var******************************************************************************
[2026-06-15 02:30:01] DEBUG [scan_bank_files] 发现银行导出文件: /var*******************************************************************************************
[2026-06-15 02:30:01] DEBUG [scan_bank_files] 发现银行导出文件: /var*******************************************************************************************
[2026-06-15 02:30:01] INFO [scan_bank_files] 共扫描到 2 个银行导出文件
[2026-06-15 02:30:01] DEBUG [detect_file_format] 文件 /var******************************************************************************************* Magic Bytes 检测为 xlsx 格式 (ZIP/OOXML)
[2026-06-15 02:30:01] DEBUG [detect_file_format] 文件 /var******************************************************************************************* Magic Bytes 检测为 xlsx 格式 (ZIP/OOXML)
[2026-06-15 02:30:01] INFO [identify_bank] 文件「北京银行_流水.xlsx」通过前缀匹配识别为: 北京银行
[2026-06-15 02:30:01] INFO [parse] 开始处理北京银行文件: /var*******************************************************************************************
[2026-06-15 02:30:01] DEBUG [detect_file_format] 文件 /var******************************************************************************************* Magic Bytes 检测为 xlsx 格式 (ZIP/OOXML)
[2026-06-15 02:30:01] INFO [validate_headers] 北京银行文件工作表「交易明细」表头校验通过，7 个字段均匹配
[2026-06-15 02:30:01] DEBUG [get_subject_info] 银行账号「0109年03月」匹配到主体: 北********司（优先级: 0）
[2026-06-15 02:30:01] INFO [_parse_sheet] 北京银行文件工作表「交易明细」提取 2 条记录
[2026-06-15 02:30:01] INFO [parse] 北京银行文件处理完成，共提取 2 条记录
[2026-06-15 02:30:01] INFO [run_pipeline] 成功处理文件: /var*******************************************************************************************（2 条记录）
[2026-06-15 02:30:01] DEBUG [detect_file_format] 文件 /var******************************************************************************************* Magic Bytes 检测为 xlsx 格式 (ZIP/OOXML)
[2026-06-15 02:30:01] WARNING [identify_bank] 文件「未知银行_流水.xlsx」无法识别银行类型
[2026-06-15 02:30:01] DEBUG [detect_file_format] 文件 /var******************************************************************************************* Magic Bytes 检测为 xlsx 格式 (ZIP/OOXML)
[2026-06-15 02:30:01] DEBUG [identify_bank] 收集银行识别失败调试信息时出错: %d format: a real number is required, not str
[2026-06-15 02:30:01] DEBUG [delete_processed_files] 已删除文件: /var*******************************************************************************************
[2026-06-15 02:30:02] INFO [run_pipeline] 总表输出完成: /var***************************************************************************************（共 2 条记录）
[2026-06-15 02:30:02] INFO [apply_amount_anomaly_detection] 开始金额异常检测，单笔阈值: [金额已隐藏] 元
[2026-06-15 02:30:02] INFO [apply_amount_anomaly_detection] 金额异常检测完成：共 2 条记录，0 条异常 (0.00%)
[2026-06-15 02:30:02] INFO [apply_counterparty_rules] 对方户名规则匹配完成: 总记录 2, 命中 0, 黑名单 0, 白名单 0
[2026-06-15 02:30:02] INFO [export_masked_summary] 脱敏版总表输出完成: /var*******************************************************************************************（共 2 条记录）
[2026-06-15 02:30:02] DEBUG [init_schema] 数据库表结构初始化完成
[2026-06-15 02:30:02] INFO [connect] SQLite 数据库已连接: /Use************************************************************************************
[2026-06-15 02:30:02] INFO [insert_records] 已加载 25 个历史匹配键用于去重
[2026-06-15 02:30:02] INFO [insert_records] 批量导入完成: 批次 BATC***************, 共 2 条, 新增 0 条, 重复 2 条
[2026-06-15 02:30:02] INFO [disconnect] SQLite 数据库已断开
[2026-06-15 02:30:02] INFO [run_pipeline] 数据库持久化完成: 批次 BATC***************, 插入 0 条, 去重跳过 2 条
[2026-06-15 02:30:02] INFO [identify_internal_transfers] 内部划转识别完成: 2 条记录, 识别出 0 对 (0 划出 + 0 划入), 涉及 0 个主体, 0 家银行
[2026-06-15 02:30:02] INFO [summarize_transactions] 主体维度汇总完成: 2 条记录, 1 个主体, 1 家银行, 1 个月份, 0 个未匹配账号
[2026-06-15 02:30:02] INFO [export_subject_summary] 主体维度汇总分析已导出: /var*********************************************************************************************************
[2026-06-15 02:30:02] INFO [run_pipeline] 主体维度汇总分析已自动生成: /var*********************************************************************************************************
[2026-06-15 02:30:02] INFO [check_balance_continuity] 共 1 个账号待校验
[2026-06-15 02:30:02] DEBUG [check_balance_continuity] 校验账号: 0109年03月, 记录数: 2
[2026-06-15 02:30:02] INFO [check_balance_continuity] 余额连续性校验完成 - 总账号: 1, 已校验: 1, 跳过: 0, 异常笔数: 0, 异常账号: 0
[2026-06-15 02:30:02] INFO [export_balance_check_result] 余额连续性校验结果已导出: /var**********************************************************************************************************
[2026-06-15 02:30:02] INFO [run_pipeline] 余额连续性校验报告已自动生成: /var**********************************************************************************************************
[2026-06-15 02:30:02] INFO [detect_duplicates] 重复交易检测完成 - 总记录: 2, 疑似重复组: 0, 疑似重复记录: 0, 重复率: 0.00%
[2026-06-15 02:30:02] INFO [generate_duplicate_check_from_records] 未检测到重复交易，仍导出报告
[2026-06-15 02:30:02] INFO [export_duplicate_check_result] 重复交易检测结果已导出: /var*********************************************************************************************************
[2026-06-15 02:30:02] INFO [run_pipeline] 重复交易检测报告已自动生成: /var*********************************************************************************************************
[2026-06-15 02:30:02] INFO [filter_interest_fee_transactions] 筛选出 0 条利息手续费交易
[2026-06-15 02:30:02] INFO [summarize_by_period] 按month汇总生成 0 条期间汇总记录，异常 0 条
[2026-06-15 02:30:02] INFO [check_interest_fee] 利息手续费核对完成 - 总记录: 0 (利息: 0, 手续费: 0), 期间汇总: 0, 异常: 0
[2026-06-15 02:30:02] WARNING [generate_interest_fee_check_from_records] 未筛选到任何利息手续费交易，跳过报告生成
[2026-06-15 02:30:02] INFO [mark_non_workday_transactions] 非工作日交易标记完成: 总记录 2, 工作日 2, 周末 0, 法定节假日 0, 调休工作日 0
[2026-06-15 02:30:02] INFO [generate_holiday_check_from_records] 未发现非工作日交易，仍导出报告
[2026-06-15 02:30:02] INFO [export_holiday_check_result] 非工作日交易标记结果已导出: /var***********************************************************************************************************
[2026-06-15 02:30:02] INFO [run_pipeline] 非工作日交易标记报告已自动生成: /var***********************************************************************************************************
[2026-06-15 02:30:02] INFO [assign_accounting_period] 会计期间归属完成: 2 条记录, 1 个期间
[2026-06-15 02:30:02] INFO [export_accounting_period_summary] 会计期间总表已导出: /var*******************************************************************************************************（1 个期间）
[2026-06-15 02:30:02] INFO [run_pipeline] 会计期间总表已自动生成: /var*******************************************************************************************************
[2026-06-15 02:30:02] INFO [save_report] 性能剖析报告已保存: /var*****************************************************************************************************
[2026-06-15 02:30:02] INFO [save_report] 性能剖析数据已保存: /var*******************************************************************************************************
[2026-06-15 02:30:02] INFO [run_pipeline] 性能剖析报告已生成: /var*****************************************************************************************************
[2026-06-15 02:30:02] INFO [generate_collab_template] 财务协同编辑模板生成完成: /var***************************************************************************************************************（可编辑列: 凭证号, 凭证日期, 会计科目编码, 会计科目名称, 备注, 制单人）
[2026-06-15 02:30:02] INFO [run_pipeline] 财务协同编辑模板已自动生成: /var***************************************************************************************************************
[2026-06-15 02:30:02] INFO [generate_pending_list_xlsx] 待处理清单已生成: /var******************************************************************************************************（共 1 条记录）
[2026-06-15 02:30:02] DEBUG [scan_bank_files] 发现银行导出文件: /var*******************************************************************************************
[2026-06-15 02:30:02] INFO [scan_bank_files] 共扫描到 1 个银行导出文件
[2026-06-15 02:30:02] INFO [setup_logging] 日志系统初始化完成，日志文件: /Use*******************************************************************************************************
[2026-06-15 02:30:02] INFO [setup_logging] 未检测到 tkinter，将使用命令行交互模式
[2026-06-15 02:30:02] INFO [find_lookup_file] 精确匹配到主体查找表: /var**************************************************************************************
[2026-06-15 02:30:02] INFO [run_pipeline] 正在预加载主体查找表...
[2026-06-15 02:30:02] DEBUG [detect_file_format] 文件 /var************************************************************************************** Magic Bytes 检测为 xlsx 格式 (ZIP/OOXML)
[2026-06-15 02:30:02] INFO [load_lookup_table] 查找表加载完成：共 2 条条目，2 个唯一账号，0 个扩展字段
[2026-06-15 02:30:02] INFO [run_pipeline] 主体查找表预加载完成
[2026-06-15 02:30:02] INFO [load_existing_keys] 未找到历史总表，将以全量模式运行
[2026-06-15 02:30:02] INFO [run_pipeline] 无历史数据，将以全量模式运行
[2026-06-15 02:30:02] INFO [prepare_working_folder] 已复制文件夹到同级目录: /var******************************************************************************
[2026-06-15 02:30:02] DEBUG [scan_bank_files] 发现银行导出文件: /var*******************************************************************************************
[2026-06-15 02:30:02] INFO [scan_bank_files] 共扫描到 1 个银行导出文件
[2026-06-15 02:30:02] DEBUG [detect_file_format] 文件 /var******************************************************************************************* Magic Bytes 检测为 xlsx 格式 (ZIP/OOXML)
[2026-06-15 02:30:02] INFO [identify_bank] 文件「北京银行_流水.xlsx」通过前缀匹配识别为: 北京银行
[2026-06-15 02:30:02] INFO [parse] 开始处理北京银行文件: /var*******************************************************************************************
[2026-06-15 02:30:02] DEBUG [detect_file_format] 文件 /var******************************************************************************************* Magic Bytes 检测为 xlsx 格式 (ZIP/OOXML)
[2026-06-15 02:30:02] INFO [validate_headers] 北京银行文件工作表「交易明细」表头校验通过，7 个字段均匹配
[2026-06-15 02:30:02] DEBUG [get_subject_info] 银行账号「0109年03月」匹配到主体: 北********司（优先级: 0）
[2026-06-15 02:30:02] INFO [_parse_sheet] 北京银行文件工作表「交易明细」提取 2 条记录
[2026-06-15 02:30:02] INFO [parse] 北京银行文件处理完成，共提取 2 条记录
[2026-06-15 02:30:02] INFO [run_pipeline] 成功处理文件: /var*******************************************************************************************（2 条记录）
[2026-06-15 02:30:02] DEBUG [delete_processed_files] 已删除文件: /var*******************************************************************************************
[2026-06-15 02:30:02] INFO [run_pipeline] 总表输出完成: /var***************************************************************************************（共 2 条记录）
[2026-06-15 02:30:02] INFO [apply_amount_anomaly_detection] 开始金额异常检测，单笔阈值: [金额已隐藏] 元
[2026-06-15 02:30:02] INFO [apply_amount_anomaly_detection] 金额异常检测完成：共 2 条记录，0 条异常 (0.00%)
[2026-06-15 02:30:02] INFO [apply_counterparty_rules] 对方户名规则匹配完成: 总记录 2, 命中 0, 黑名单 0, 白名单 0
[2026-06-15 02:30:02] INFO [export_masked_summary] 脱敏版总表输出完成: /var*******************************************************************************************（共 2 条记录）
[2026-06-15 02:30:02] DEBUG [init_schema] 数据库表结构初始化完成
[2026-06-15 02:30:02] INFO [connect] SQLite 数据库已连接: /Use************************************************************************************
[2026-06-15 02:30:02] INFO [disconnect] SQLite 数据库已断开
[2026-06-15 02:30:02] ERROR [persist_transactions] 数据库持久化失败: UNIQUE constraint failed: import_batches.batch_id
Traceback (most recent call last):
  File "/Users/zhangchengcheng/work/ai-project/Trea/solo0605/label-02552/tests/../backend/database.py", line 1612, in persist_transactions
    insert_count, duplicate_count = db.insert_records(
                                    ~~~~~~~~~~~~~~~~~^
        transaction_records,
        ^^^^^^^^^^^^^^^^^^^^
        batch_id=batch_id,
        ^^^^^^^^^^^^^^^^^^
        deduplicate=deduplicate,
        ^^^^^^^^^^^^^^^^^^^^^^^^
    )
    ^
  File "/Users/zhangchengcheng/work/ai-project/Trea/solo0605/label-02552/tests/../backend/database.py", line 554, in insert_records
    cursor.execute('''
    ~~~~~~~~~~~~~~^^^^
        INSERT INTO import_batches (
        ^^^^^^^^^^^^^^^^^^^^^^^^^^^^
            batch_id, total_records, started_at, status
            ^^^^^^^^^^^^^^^^^^^^^^^^^^^^^^^^^^^^^^^^^^^
        ) VALUES (?, ?, ?, ?)
        ^^^^^^^^^^^^^^^^^^^^^
    ''', (batch_id, len(records), started_at, 'processing'))
    ^^^^^^^^^^^^^^^^^^^^^^^^^^^^^^^^^^^^^^^^^^^^^^^^^^^^^^^^
sqlite3.IntegrityError: UNIQUE constraint failed: import_batches.batch_id
[2026-06-15 02:30:02] INFO [run_pipeline] 数据库持久化完成: 批次 BATC***************, 插入 0 条, 去重跳过 0 条
[2026-06-15 02:30:02] INFO [identify_internal_transfers] 内部划转识别完成: 2 条记录, 识别出 0 对 (0 划出 + 0 划入), 涉及 0 个主体, 0 家银行
[2026-06-15 02:30:02] INFO [summarize_transactions] 主体维度汇总完成: 2 条记录, 1 个主体, 1 家银行, 1 个月份, 0 个未匹配账号
[2026-06-15 02:30:02] INFO [export_subject_summary] 主体维度汇总分析已导出: /var*********************************************************************************************************
[2026-06-15 02:30:02] INFO [run_pipeline] 主体维度汇总分析已自动生成: /var*********************************************************************************************************
[2026-06-15 02:30:02] INFO [check_balance_continuity] 共 1 个账号待校验
[2026-06-15 02:30:02] DEBUG [check_balance_continuity] 校验账号: 0109年03月, 记录数: 2
[2026-06-15 02:30:02] INFO [check_balance_continuity] 余额连续性校验完成 - 总账号: 1, 已校验: 1, 跳过: 0, 异常笔数: 0, 异常账号: 0
[2026-06-15 02:30:02] INFO [export_balance_check_result] 余额连续性校验结果已导出: /var**********************************************************************************************************
[2026-06-15 02:30:02] INFO [run_pipeline] 余额连续性校验报告已自动生成: /var**********************************************************************************************************
[2026-06-15 02:30:02] INFO [detect_duplicates] 重复交易检测完成 - 总记录: 2, 疑似重复组: 0, 疑似重复记录: 0, 重复率: 0.00%
[2026-06-15 02:30:02] INFO [generate_duplicate_check_from_records] 未检测到重复交易，仍导出报告
[2026-06-15 02:30:02] INFO [export_duplicate_check_result] 重复交易检测结果已导出: /var*********************************************************************************************************
[2026-06-15 02:30:02] INFO [run_pipeline] 重复交易检测报告已自动生成: /var*********************************************************************************************************
[2026-06-15 02:30:02] INFO [filter_interest_fee_transactions] 筛选出 0 条利息手续费交易
[2026-06-15 02:30:02] INFO [summarize_by_period] 按month汇总生成 0 条期间汇总记录，异常 0 条
[2026-06-15 02:30:02] INFO [check_interest_fee] 利息手续费核对完成 - 总记录: 0 (利息: 0, 手续费: 0), 期间汇总: 0, 异常: 0
[2026-06-15 02:30:02] WARNING [generate_interest_fee_check_from_records] 未筛选到任何利息手续费交易，跳过报告生成
[2026-06-15 02:30:02] INFO [mark_non_workday_transactions] 非工作日交易标记完成: 总记录 2, 工作日 2, 周末 0, 法定节假日 0, 调休工作日 0
[2026-06-15 02:30:02] INFO [generate_holiday_check_from_records] 未发现非工作日交易，仍导出报告
[2026-06-15 02:30:02] INFO [export_holiday_check_result] 非工作日交易标记结果已导出: /var***********************************************************************************************************
[2026-06-15 02:30:02] INFO [run_pipeline] 非工作日交易标记报告已自动生成: /var***********************************************************************************************************
[2026-06-15 02:30:02] INFO [assign_accounting_period] 会计期间归属完成: 2 条记录, 1 个期间
[2026-06-15 02:30:02] INFO [export_accounting_period_summary] 会计期间总表已导出: /var*******************************************************************************************************（1 个期间）
[2026-06-15 02:30:02] INFO [run_pipeline] 会计期间总表已自动生成: /var*******************************************************************************************************
[2026-06-15 02:30:02] INFO [save_report] 性能剖析报告已保存: /var*****************************************************************************************************
[2026-06-15 02:30:02] INFO [save_report] 性能剖析数据已保存: /var*******************************************************************************************************
[2026-06-15 02:30:02] INFO [run_pipeline] 性能剖析报告已生成: /var*****************************************************************************************************
[2026-06-15 02:30:02] INFO [generate_collab_template] 财务协同编辑模板生成完成: /var***************************************************************************************************************（可编辑列: 凭证号, 凭证日期, 会计科目编码, 会计科目名称, 备注, 制单人）
[2026-06-15 02:30:02] INFO [run_pipeline] 财务协同编辑模板已自动生成: /var***************************************************************************************************************
[2026-06-15 02:30:02] INFO [setup_logging] 日志系统初始化完成，日志文件: /Use*******************************************************************************************************
[2026-06-15 02:30:02] INFO [setup_logging] 未检测到 tkinter，将使用命令行交互模式
[2026-06-15 02:30:02] INFO [find_lookup_file] 精确匹配到主体查找表: /var**************************************************************************************
[2026-06-15 02:30:02] INFO [run_pipeline] 正在预加载主体查找表...
[2026-06-15 02:30:02] DEBUG [detect_file_format] 文件 /var************************************************************************************** Magic Bytes 检测为 xlsx 格式 (ZIP/OOXML)
[2026-06-15 02:30:02] INFO [load_lookup_table] 查找表加载完成：共 2 条条目，2 个唯一账号，0 个扩展字段
[2026-06-15 02:30:02] INFO [run_pipeline] 主体查找表预加载完成
[2026-06-15 02:30:02] INFO [load_existing_keys] 未找到历史总表，将以全量模式运行
[2026-06-15 02:30:02] INFO [run_pipeline] 无历史数据，将以全量模式运行
[2026-06-15 02:30:02] INFO [prepare_working_folder] 已复制文件夹到同级目录: /var*****************************************************************************
[2026-06-15 02:30:02] INFO [scan_bank_files] 共扫描到 0 个银行导出文件
[2026-06-15 02:30:02] WARNING [run_pipeline] 工作文件夹中未发现任何 Excel 或 PDF 文件
[2026-06-15 02:30:02] INFO [setup_logging] 日志系统初始化完成，日志文件: /Use*******************************************************************************************************
[2026-06-15 02:30:02] INFO [setup_logging] 未检测到 tkinter，将使用命令行交互模式
[2026-06-15 02:30:02] WARNING [find_lookup_file] 程序目录下未找到任何 Excel 文件作为主体查找表
[2026-06-15 02:30:02] WARNING [run_pipeline] 未找到主体查找表，"主体"列将为空
[2026-06-15 02:30:02] WARNING [load_lookup_table] 主体查找表不存在或未指定，返回空查找表结构
[2026-06-15 02:30:02] INFO [load_existing_keys] 未找到历史总表，将以全量模式运行
[2026-06-15 02:30:02] INFO [run_pipeline] 无历史数据，将以全量模式运行
[2026-06-15 02:30:02] INFO [prepare_working_folder] 已复制文件夹到同级目录: /var******************************************************************************
[2026-06-15 02:30:02] DEBUG [scan_bank_files] 发现银行导出文件: /var*******************************************************************************************
[2026-06-15 02:30:02] INFO [scan_bank_files] 共扫描到 1 个银行导出文件
[2026-06-15 02:30:02] DEBUG [detect_file_format] 文件 /var******************************************************************************************* Magic Bytes 检测为 xlsx 格式 (ZIP/OOXML)
[2026-06-15 02:30:02] INFO [identify_bank] 文件「北京银行_流水.xlsx」通过前缀匹配识别为: 北京银行
[2026-06-15 02:30:02] INFO [parse] 开始处理北京银行文件: /var*******************************************************************************************
[2026-06-15 02:30:02] DEBUG [detect_file_format] 文件 /var******************************************************************************************* Magic Bytes 检测为 xlsx 格式 (ZIP/OOXML)
[2026-06-15 02:30:02] INFO [validate_headers] 北京银行文件工作表「交易明细」表头校验通过，7 个字段均匹配
[2026-06-15 02:30:02] WARNING [get_subject_info] 主体查找表不存在或未指定，银行账号「0109年03月」的主体将为空
[2026-06-15 02:30:02] INFO [_parse_sheet] 北京银行文件工作表「交易明细」提取 2 条记录
[2026-06-15 02:30:02] INFO [parse] 北京银行文件处理完成，共提取 2 条记录
[2026-06-15 02:30:02] INFO [run_pipeline] 成功处理文件: /var*******************************************************************************************（2 条记录）
[2026-06-15 02:30:02] DEBUG [delete_processed_files] 已删除文件: /var*******************************************************************************************
[2026-06-15 02:30:02] INFO [run_pipeline] 总表输出完成: /var***************************************************************************************（共 2 条记录）
[2026-06-15 02:30:02] INFO [apply_amount_anomaly_detection] 开始金额异常检测，单笔阈值: [金额已隐藏] 元
[2026-06-15 02:30:02] INFO [apply_amount_anomaly_detection] 金额异常检测完成：共 2 条记录，0 条异常 (0.00%)
[2026-06-15 02:30:02] INFO [apply_counterparty_rules] 对方户名规则匹配完成: 总记录 2, 命中 0, 黑名单 0, 白名单 0
[2026-06-15 02:30:02] INFO [export_masked_summary] 脱敏版总表输出完成: /var*******************************************************************************************（共 2 条记录）
[2026-06-15 02:30:02] DEBUG [init_schema] 数据库表结构初始化完成
[2026-06-15 02:30:02] INFO [connect] SQLite 数据库已连接: /Use************************************************************************************
[2026-06-15 02:30:02] INFO [disconnect] SQLite 数据库已断开
[2026-06-15 02:30:02] ERROR [persist_transactions] 数据库持久化失败: UNIQUE constraint failed: import_batches.batch_id
Traceback (most recent call last):
  File "/Users/zhangchengcheng/work/ai-project/Trea/solo0605/label-02552/tests/../backend/database.py", line 1612, in persist_transactions
    insert_count, duplicate_count = db.insert_records(
                                    ~~~~~~~~~~~~~~~~~^
        transaction_records,
        ^^^^^^^^^^^^^^^^^^^^
        batch_id=batch_id,
        ^^^^^^^^^^^^^^^^^^
        deduplicate=deduplicate,
        ^^^^^^^^^^^^^^^^^^^^^^^^
    )
    ^
  File "/Users/zhangchengcheng/work/ai-project/Trea/solo0605/label-02552/tests/../backend/database.py", line 554, in insert_records
    cursor.execute('''
    ~~~~~~~~~~~~~~^^^^
        INSERT INTO import_batches (
        ^^^^^^^^^^^^^^^^^^^^^^^^^^^^
            batch_id, total_records, started_at, status
            ^^^^^^^^^^^^^^^^^^^^^^^^^^^^^^^^^^^^^^^^^^^
        ) VALUES (?, ?, ?, ?)
        ^^^^^^^^^^^^^^^^^^^^^
    ''', (batch_id, len(records), started_at, 'processing'))
    ^^^^^^^^^^^^^^^^^^^^^^^^^^^^^^^^^^^^^^^^^^^^^^^^^^^^^^^^
sqlite3.IntegrityError: UNIQUE constraint failed: import_batches.batch_id
[2026-06-15 02:30:02] INFO [run_pipeline] 数据库持久化完成: 批次 BATC***************, 插入 0 条, 去重跳过 0 条
[2026-06-15 02:30:02] INFO [identify_internal_transfers] 内部划转识别完成: 2 条记录, 识别出 0 对 (0 划出 + 0 划入), 涉及 0 个主体, 0 家银行
[2026-06-15 02:30:02] INFO [summarize_transactions] 主体维度汇总完成: 2 条记录, 1 个主体, 1 家银行, 1 个月份, 1 个未匹配账号
[2026-06-15 02:30:02] INFO [export_subject_summary] 主体维度汇总分析已导出: /var*********************************************************************************************************
[2026-06-15 02:30:02] INFO [run_pipeline] 主体维度汇总分析已自动生成: /var*********************************************************************************************************
[2026-06-15 02:30:02] INFO [check_balance_continuity] 共 1 个账号待校验
[2026-06-15 02:30:02] DEBUG [check_balance_continuity] 校验账号: 0109年03月, 记录数: 2
[2026-06-15 02:30:02] INFO [check_balance_continuity] 余额连续性校验完成 - 总账号: 1, 已校验: 1, 跳过: 0, 异常笔数: 0, 异常账号: 0
[2026-06-15 02:30:02] INFO [export_balance_check_result] 余额连续性校验结果已导出: /var**********************************************************************************************************
[2026-06-15 02:30:02] INFO [run_pipeline] 余额连续性校验报告已自动生成: /var**********************************************************************************************************
[2026-06-15 02:30:02] INFO [detect_duplicates] 重复交易检测完成 - 总记录: 2, 疑似重复组: 0, 疑似重复记录: 0, 重复率: 0.00%
[2026-06-15 02:30:02] INFO [generate_duplicate_check_from_records] 未检测到重复交易，仍导出报告
[2026-06-15 02:30:02] INFO [export_duplicate_check_result] 重复交易检测结果已导出: /var*********************************************************************************************************
[2026-06-15 02:30:02] INFO [run_pipeline] 重复交易检测报告已自动生成: /var*********************************************************************************************************
[2026-06-15 02:30:02] INFO [filter_interest_fee_transactions] 筛选出 0 条利息手续费交易
[2026-06-15 02:30:02] INFO [summarize_by_period] 按month汇总生成 0 条期间汇总记录，异常 0 条
[2026-06-15 02:30:02] INFO [check_interest_fee] 利息手续费核对完成 - 总记录: 0 (利息: 0, 手续费: 0), 期间汇总: 0, 异常: 0
[2026-06-15 02:30:02] WARNING [generate_interest_fee_check_from_records] 未筛选到任何利息手续费交易，跳过报告生成
[2026-06-15 02:30:02] INFO [mark_non_workday_transactions] 非工作日交易标记完成: 总记录 2, 工作日 2, 周末 0, 法定节假日 0, 调休工作日 0
[2026-06-15 02:30:02] INFO [generate_holiday_check_from_records] 未发现非工作日交易，仍导出报告
[2026-06-15 02:30:02] INFO [export_holiday_check_result] 非工作日交易标记结果已导出: /var***********************************************************************************************************
[2026-06-15 02:30:02] INFO [run_pipeline] 非工作日交易标记报告已自动生成: /var***********************************************************************************************************
[2026-06-15 02:30:02] INFO [assign_accounting_period] 会计期间归属完成: 2 条记录, 1 个期间
[2026-06-15 02:30:02] INFO [export_accounting_period_summary] 会计期间总表已导出: /var*******************************************************************************************************（1 个期间）
[2026-06-15 02:30:02] INFO [run_pipeline] 会计期间总表已自动生成: /var*******************************************************************************************************
[2026-06-15 02:30:02] INFO [save_report] 性能剖析报告已保存: /var*****************************************************************************************************
[2026-06-15 02:30:02] INFO [save_report] 性能剖析数据已保存: /var*******************************************************************************************************
[2026-06-15 02:30:02] INFO [run_pipeline] 性能剖析报告已生成: /var*****************************************************************************************************
[2026-06-15 02:30:02] INFO [generate_collab_template] 财务协同编辑模板生成完成: /var***************************************************************************************************************（可编辑列: 凭证号, 凭证日期, 会计科目编码, 会计科目名称, 备注, 制单人）
[2026-06-15 02:30:02] INFO [run_pipeline] 财务协同编辑模板已自动生成: /var***************************************************************************************************************
[2026-06-15 02:30:02] INFO [setup_logging] 日志系统初始化完成，日志文件: /Use*******************************************************************************************************
[2026-06-15 02:30:02] INFO [setup_logging] 未检测到 tkinter，将使用命令行交互模式
[2026-06-15 02:30:02] INFO [find_lookup_file] 精确匹配到主体查找表: /var**************************************************************************************
[2026-06-15 02:30:02] INFO [run_pipeline] 正在预加载主体查找表...
[2026-06-15 02:30:02] DEBUG [detect_file_format] 文件 /var************************************************************************************** Magic Bytes 检测为 xlsx 格式 (ZIP/OOXML)
[2026-06-15 02:30:02] INFO [load_lookup_table] 查找表加载完成：共 2 条条目，2 个唯一账号，0 个扩展字段
[2026-06-15 02:30:02] INFO [run_pipeline] 主体查找表预加载完成
[2026-06-15 02:30:02] INFO [load_existing_keys] 未找到历史总表，将以全量模式运行
[2026-06-15 02:30:02] INFO [run_pipeline] 无历史数据，将以全量模式运行
[2026-06-15 02:30:02] INFO [prepare_working_folder] 已复制文件夹到同级目录: /var******************************************************************************
[2026-06-15 02:30:02] DEBUG [scan_bank_files] 发现银行导出文件: /var******************************************************************************************
[2026-06-15 02:30:02] INFO [scan_bank_files] 共扫描到 1 个银行导出文件
[2026-06-15 02:30:02] DEBUG [detect_file_format] 文件 /var****************************************************************************************** 未识别的 Magic Bytes: 6e6f****
[2026-06-15 02:30:02] INFO [identify_bank] 文件「北京银行_坏.xlsx」通过前缀匹配识别为: 北京银行
[2026-06-15 02:30:02] INFO [parse] 开始处理北京银行文件: /var******************************************************************************************
[2026-06-15 02:30:02] DEBUG [detect_file_format] 文件 /var****************************************************************************************** 未识别的 Magic Bytes: 6e6f****
[2026-06-15 02:30:02] ERROR [run_pipeline] 处理文件「/var******************************************************************************************」时发生错误: File is not a zip file
Traceback (most recent call last):
  File "/Users/zhangchengcheng/work/ai-project/Trea/solo0605/label-02552/tests/../backend/bankcheck.py", line 4421, in run_pipeline
    rows = processor(filepath, lookup_data)
  File "/Users/zhangchengcheng/work/ai-project/Trea/solo0605/label-02552/tests/../backend/bankcheck.py", line 2832, in processor
    return parser.parse(filepath, lookup_source)
           ~~~~~~~~~~~~^^^^^^^^^^^^^^^^^^^^^^^^^
  File "/Users/zhangchengcheng/work/ai-project/Trea/solo0605/label-02552/tests/../backend/bankcheck.py", line 2799, in parse
    wb, tmp_path = open_workbook_compat(filepath)
                   ~~~~~~~~~~~~~~~~~~~~^^^^^^^^^^
  File "/Users/zhangchengcheng/work/ai-project/Trea/solo0605/label-02552/tests/../backend/bankcheck.py", line 1408, in open_workbook_compat
    wb = openpyxl.load_workbook(filepath, **load_kwargs)
  File "/opt/homebrew/lib/python3.14/site-packages/openpyxl/reader/excel.py", line 346, in load_workbook
    reader = ExcelReader(filename, read_only, keep_vba,
                         data_only, keep_links, rich_text)
  File "/opt/homebrew/lib/python3.14/site-packages/openpyxl/reader/excel.py", line 123, in __init__
    self.archive = _validate_archive(fn)
                   ~~~~~~~~~~~~~~~~~^^^^
  File "/opt/homebrew/lib/python3.14/site-packages/openpyxl/reader/excel.py", line 95, in _validate_archive
    archive = ZipFile(filename, 'r')
  File "/opt/homebrew/Cellar/python@3.14/3.14.4_1/Frameworks/Python.framework/Versions/3.14/lib/python3.14/zipfile/__init__.py", line 1471, in __init__
    self._RealGetContents()
    ~~~~~~~~~~~~~~~~~~~~~^^
  File "/opt/homebrew/Cellar/python@3.14/3.14.4_1/Frameworks/Python.framework/Versions/3.14/lib/python3.14/zipfile/__init__.py", line 1538, in _RealGetContents
    raise BadZipFile("File is not a zip file")
zipfile.BadZipFile: File is not a zip file
[2026-06-15 02:30:02] WARNING [run_pipeline] 未提取到任何银行流水记录
[2026-06-15 02:30:02] INFO [save_report] 性能剖析报告已保存: /var*****************************************************************************************************
[2026-06-15 02:30:02] INFO [save_report] 性能剖析数据已保存: /var*******************************************************************************************************
[2026-06-15 02:30:02] INFO [run_pipeline] 性能剖析报告已生成: /var*****************************************************************************************************
[2026-06-15 02:30:02] INFO [generate_pending_list_xlsx] 待处理清单已生成: /var******************************************************************************************************（共 1 条记录）
[2026-06-15 02:30:02] DEBUG [scan_bank_files] 发现银行导出文件: /var******************************************************************************************
[2026-06-15 02:30:02] INFO [scan_bank_files] 共扫描到 1 个银行导出文件
[2026-06-15 02:30:02] INFO [setup_logging] 日志系统初始化完成，日志文件: /Use*******************************************************************************************************
[2026-06-15 02:30:02] INFO [setup_logging] 未检测到 tkinter，将使用命令行交互模式
[2026-06-15 02:30:02] INFO [find_lookup_file] 精确匹配到主体查找表: /var**************************************************************************************
[2026-06-15 02:30:02] INFO [run_pipeline] 正在预加载主体查找表...
[2026-06-15 02:30:02] DEBUG [detect_file_format] 文件 /var************************************************************************************** Magic Bytes 检测为 xlsx 格式 (ZIP/OOXML)
[2026-06-15 02:30:02] INFO [load_lookup_table] 查找表加载完成：共 2 条条目，2 个唯一账号，0 个扩展字段
[2026-06-15 02:30:02] INFO [run_pipeline] 主体查找表预加载完成
[2026-06-15 02:30:02] INFO [load_existing_keys] 未找到历史总表，将以全量模式运行
[2026-06-15 02:30:02] INFO [run_pipeline] 无历史数据，将以全量模式运行
[2026-06-15 02:30:02] INFO [prepare_working_folder] 已复制文件夹到同级目录: /var******************************************************************************
[2026-06-15 02:30:02] DEBUG [scan_bank_files] 发现银行导出文件: /var*******************************************************************************************
[2026-06-15 02:30:02] DEBUG [scan_bank_files] 发现银行导出文件: /var*******************************************************************************************
[2026-06-15 02:30:02] DEBUG [scan_bank_files] 发现银行导出文件: /var******************************************************************************************
[2026-06-15 02:30:02] INFO [scan_bank_files] 共扫描到 3 个银行导出文件
[2026-06-15 02:30:02] DEBUG [detect_file_format] 文件 /var****************************************************************************************** 未识别的 Magic Bytes: 636f****
[2026-06-15 02:30:02] DEBUG [detect_file_format] 文件 /var******************************************************************************************* Magic Bytes 检测为 xlsx 格式 (ZIP/OOXML)
[2026-06-15 02:30:02] DEBUG [detect_file_format] 文件 /var******************************************************************************************* Magic Bytes 检测为 xlsx 格式 (ZIP/OOXML)
[2026-06-15 02:30:02] INFO [identify_bank] 文件「北京银行_坏.xlsx」通过前缀匹配识别为: 北京银行
[2026-06-15 02:30:02] INFO [parse] 开始处理北京银行文件: /var******************************************************************************************
[2026-06-15 02:30:02] DEBUG [detect_file_format] 文件 /var****************************************************************************************** 未识别的 Magic Bytes: 636f****
[2026-06-15 02:30:02] ERROR [run_pipeline] 处理文件「/var******************************************************************************************」时发生错误: File is not a zip file
Traceback (most recent call last):
  File "/Users/zhangchengcheng/work/ai-project/Trea/solo0605/label-02552/tests/../backend/bankcheck.py", line 4421, in run_pipeline
    rows = processor(filepath, lookup_data)
  File "/Users/zhangchengcheng/work/ai-project/Trea/solo0605/label-02552/tests/../backend/bankcheck.py", line 2832, in processor
    return parser.parse(filepath, lookup_source)
           ~~~~~~~~~~~~^^^^^^^^^^^^^^^^^^^^^^^^^
  File "/Users/zhangchengcheng/work/ai-project/Trea/solo0605/label-02552/tests/../backend/bankcheck.py", line 2799, in parse
    wb, tmp_path = open_workbook_compat(filepath)
                   ~~~~~~~~~~~~~~~~~~~~^^^^^^^^^^
  File "/Users/zhangchengcheng/work/ai-project/Trea/solo0605/label-02552/tests/../backend/bankcheck.py", line 1408, in open_workbook_compat
    wb = openpyxl.load_workbook(filepath, **load_kwargs)
  File "/opt/homebrew/lib/python3.14/site-packages/openpyxl/reader/excel.py", line 346, in load_workbook
    reader = ExcelReader(filename, read_only, keep_vba,
                         data_only, keep_links, rich_text)
  File "/opt/homebrew/lib/python3.14/site-packages/openpyxl/reader/excel.py", line 123, in __init__
    self.archive = _validate_archive(fn)
                   ~~~~~~~~~~~~~~~~~^^^^
  File "/opt/homebrew/lib/python3.14/site-packages/openpyxl/reader/excel.py", line 95, in _validate_archive
    archive = ZipFile(filename, 'r')
  File "/opt/homebrew/Cellar/python@3.14/3.14.4_1/Frameworks/Python.framework/Versions/3.14/lib/python3.14/zipfile/__init__.py", line 1471, in __init__
    self._RealGetContents()
    ~~~~~~~~~~~~~~~~~~~~~^^
  File "/opt/homebrew/Cellar/python@3.14/3.14.4_1/Frameworks/Python.framework/Versions/3.14/lib/python3.14/zipfile/__init__.py", line 1538, in _RealGetContents
    raise BadZipFile("File is not a zip file")
zipfile.BadZipFile: File is not a zip file
[2026-06-15 02:30:02] INFO [identify_bank] 文件「北京银行_正常.xlsx」通过前缀匹配识别为: 北京银行
[2026-06-15 02:30:02] INFO [parse] 开始处理北京银行文件: /var*******************************************************************************************
[2026-06-15 02:30:02] DEBUG [detect_file_format] 文件 /var******************************************************************************************* Magic Bytes 检测为 xlsx 格式 (ZIP/OOXML)
[2026-06-15 02:30:02] INFO [validate_headers] 北京银行文件工作表「交易明细」表头校验通过，7 个字段均匹配
[2026-06-15 02:30:02] DEBUG [get_subject_info] 银行账号「0109年03月」匹配到主体: 北********司（优先级: 0）
[2026-06-15 02:30:02] INFO [_parse_sheet] 北京银行文件工作表「交易明细」提取 2 条记录
[2026-06-15 02:30:02] INFO [parse] 北京银行文件处理完成，共提取 2 条记录
[2026-06-15 02:30:02] INFO [run_pipeline] 成功处理文件: /var*******************************************************************************************（2 条记录）
[2026-06-15 02:30:02] DEBUG [detect_file_format] 文件 /var******************************************************************************************* Magic Bytes 检测为 xlsx 格式 (ZIP/OOXML)
[2026-06-15 02:30:02] WARNING [identify_bank] 文件「未知银行_流水.xlsx」无法识别银行类型
[2026-06-15 02:30:02] DEBUG [detect_file_format] 文件 /var******************************************************************************************* Magic Bytes 检测为 xlsx 格式 (ZIP/OOXML)
[2026-06-15 02:30:02] DEBUG [identify_bank] 收集银行识别失败调试信息时出错: %d format: a real number is required, not str
[2026-06-15 02:30:02] DEBUG [delete_processed_files] 已删除文件: /var*******************************************************************************************
[2026-06-15 02:30:02] INFO [run_pipeline] 总表输出完成: /var***************************************************************************************（共 2 条记录）
[2026-06-15 02:30:02] INFO [apply_amount_anomaly_detection] 开始金额异常检测，单笔阈值: [金额已隐藏] 元
[2026-06-15 02:30:02] INFO [apply_amount_anomaly_detection] 金额异常检测完成：共 2 条记录，0 条异常 (0.00%)
[2026-06-15 02:30:02] INFO [apply_counterparty_rules] 对方户名规则匹配完成: 总记录 2, 命中 0, 黑名单 0, 白名单 0
[2026-06-15 02:30:02] INFO [export_masked_summary] 脱敏版总表输出完成: /var*******************************************************************************************（共 2 条记录）
[2026-06-15 02:30:02] DEBUG [init_schema] 数据库表结构初始化完成
[2026-06-15 02:30:02] INFO [connect] SQLite 数据库已连接: /Use************************************************************************************
[2026-06-15 02:30:02] INFO [disconnect] SQLite 数据库已断开
[2026-06-15 02:30:02] ERROR [persist_transactions] 数据库持久化失败: UNIQUE constraint failed: import_batches.batch_id
Traceback (most recent call last):
  File "/Users/zhangchengcheng/work/ai-project/Trea/solo0605/label-02552/tests/../backend/database.py", line 1612, in persist_transactions
    insert_count, duplicate_count = db.insert_records(
                                    ~~~~~~~~~~~~~~~~~^
        transaction_records,
        ^^^^^^^^^^^^^^^^^^^^
        batch_id=batch_id,
        ^^^^^^^^^^^^^^^^^^
        deduplicate=deduplicate,
        ^^^^^^^^^^^^^^^^^^^^^^^^
    )
    ^
  File "/Users/zhangchengcheng/work/ai-project/Trea/solo0605/label-02552/tests/../backend/database.py", line 554, in insert_records
    cursor.execute('''
    ~~~~~~~~~~~~~~^^^^
        INSERT INTO import_batches (
        ^^^^^^^^^^^^^^^^^^^^^^^^^^^^
            batch_id, total_records, started_at, status
            ^^^^^^^^^^^^^^^^^^^^^^^^^^^^^^^^^^^^^^^^^^^
        ) VALUES (?, ?, ?, ?)
        ^^^^^^^^^^^^^^^^^^^^^
    ''', (batch_id, len(records), started_at, 'processing'))
    ^^^^^^^^^^^^^^^^^^^^^^^^^^^^^^^^^^^^^^^^^^^^^^^^^^^^^^^^
sqlite3.IntegrityError: UNIQUE constraint failed: import_batches.batch_id
[2026-06-15 02:30:02] INFO [run_pipeline] 数据库持久化完成: 批次 BATC***************, 插入 0 条, 去重跳过 0 条
[2026-06-15 02:30:02] INFO [identify_internal_transfers] 内部划转识别完成: 2 条记录, 识别出 0 对 (0 划出 + 0 划入), 涉及 0 个主体, 0 家银行
[2026-06-15 02:30:02] INFO [summarize_transactions] 主体维度汇总完成: 2 条记录, 1 个主体, 1 家银行, 1 个月份, 0 个未匹配账号
[2026-06-15 02:30:02] INFO [export_subject_summary] 主体维度汇总分析已导出: /var*********************************************************************************************************
[2026-06-15 02:30:02] INFO [run_pipeline] 主体维度汇总分析已自动生成: /var*********************************************************************************************************
[2026-06-15 02:30:02] INFO [check_balance_continuity] 共 1 个账号待校验
[2026-06-15 02:30:02] DEBUG [check_balance_continuity] 校验账号: 0109年03月, 记录数: 2
[2026-06-15 02:30:02] INFO [check_balance_continuity] 余额连续性校验完成 - 总账号: 1, 已校验: 1, 跳过: 0, 异常笔数: 0, 异常账号: 0
[2026-06-15 02:30:02] INFO [export_balance_check_result] 余额连续性校验结果已导出: /var**********************************************************************************************************
[2026-06-15 02:30:02] INFO [run_pipeline] 余额连续性校验报告已自动生成: /var**********************************************************************************************************
[2026-06-15 02:30:02] INFO [detect_duplicates] 重复交易检测完成 - 总记录: 2, 疑似重复组: 0, 疑似重复记录: 0, 重复率: 0.00%
[2026-06-15 02:30:02] INFO [generate_duplicate_check_from_records] 未检测到重复交易，仍导出报告
[2026-06-15 02:30:02] INFO [export_duplicate_check_result] 重复交易检测结果已导出: /var*********************************************************************************************************
[2026-06-15 02:30:02] INFO [run_pipeline] 重复交易检测报告已自动生成: /var*********************************************************************************************************
[2026-06-15 02:30:02] INFO [filter_interest_fee_transactions] 筛选出 0 条利息手续费交易
[2026-06-15 02:30:02] INFO [summarize_by_period] 按month汇总生成 0 条期间汇总记录，异常 0 条
[2026-06-15 02:30:02] INFO [check_interest_fee] 利息手续费核对完成 - 总记录: 0 (利息: 0, 手续费: 0), 期间汇总: 0, 异常: 0
[2026-06-15 02:30:02] WARNING [generate_interest_fee_check_from_records] 未筛选到任何利息手续费交易，跳过报告生成
[2026-06-15 02:30:02] INFO [mark_non_workday_transactions] 非工作日交易标记完成: 总记录 2, 工作日 2, 周末 0, 法定节假日 0, 调休工作日 0
[2026-06-15 02:30:02] INFO [generate_holiday_check_from_records] 未发现非工作日交易，仍导出报告
[2026-06-15 02:30:02] INFO [export_holiday_check_result] 非工作日交易标记结果已导出: /var***********************************************************************************************************
[2026-06-15 02:30:02] INFO [run_pipeline] 非工作日交易标记报告已自动生成: /var***********************************************************************************************************
[2026-06-15 02:30:02] INFO [assign_accounting_period] 会计期间归属完成: 2 条记录, 1 个期间
[2026-06-15 02:30:02] INFO [export_accounting_period_summary] 会计期间总表已导出: /var*******************************************************************************************************（1 个期间）
[2026-06-15 02:30:02] INFO [run_pipeline] 会计期间总表已自动生成: /var*******************************************************************************************************
[2026-06-15 02:30:02] INFO [save_report] 性能剖析报告已保存: /var*****************************************************************************************************
[2026-06-15 02:30:02] INFO [save_report] 性能剖析数据已保存: /var*******************************************************************************************************
[2026-06-15 02:30:02] INFO [run_pipeline] 性能剖析报告已生成: /var*****************************************************************************************************
[2026-06-15 02:30:02] INFO [generate_collab_template] 财务协同编辑模板生成完成: /var***************************************************************************************************************（可编辑列: 凭证号, 凭证日期, 会计科目编码, 会计科目名称, 备注, 制单人）
[2026-06-15 02:30:02] INFO [run_pipeline] 财务协同编辑模板已自动生成: /var***************************************************************************************************************
[2026-06-15 02:30:02] INFO [generate_pending_list_xlsx] 待处理清单已生成: /var******************************************************************************************************（共 2 条记录）
[2026-06-15 02:30:02] DEBUG [scan_bank_files] 发现银行导出文件: /var*******************************************************************************************
[2026-06-15 02:30:02] DEBUG [scan_bank_files] 发现银行导出文件: /var******************************************************************************************
[2026-06-15 02:30:02] INFO [scan_bank_files] 共扫描到 2 个银行导出文件
[2026-06-15 02:30:02] INFO [setup_logging] 日志系统初始化完成，日志文件: /Use*******************************************************************************************************
[2026-06-15 02:30:02] INFO [setup_logging] 未检测到 tkinter，将使用命令行交互模式
[2026-06-15 02:30:02] INFO [setup_logging] 日志系统初始化完成，日志文件: /Use*******************************************************************************************************
[2026-06-15 02:30:02] INFO [setup_logging] 未检测到 tkinter，将使用命令行交互模式
[2026-06-15 02:30:02] INFO [find_lookup_file] 精确匹配到主体查找表: /Use****************************************************************************************
[2026-06-15 02:30:02] INFO [parse] 开始处理北京银行文件: /Use********************************************************************************************
[2026-06-15 02:30:02] DEBUG [detect_file_format] 文件 /Use******************************************************************************************** Magic Bytes 检测为 xlsx 格式 (ZIP/OOXML)
[2026-06-15 02:30:02] INFO [validate_headers] 北京银行文件工作表「交易明细」表头校验通过，7 个字段均匹配
[2026-06-15 02:30:02] DEBUG [detect_file_format] 文件 /Use**************************************************************************************** Magic Bytes 检测为 xlsx 格式 (ZIP/OOXML)
[2026-06-15 02:30:02] INFO [load_lookup_table] 查找表加载完成：共 2 条条目，2 个唯一账号，0 个扩展字段
[2026-06-15 02:30:02] DEBUG [get_subject_info] 银行账号「0109年03月」匹配到主体: 北********司（优先级: 0）
[2026-06-15 02:30:02] INFO [_parse_sheet] 北京银行文件工作表「交易明细」提取 2 条记录
[2026-06-15 02:30:02] INFO [parse] 北京银行文件处理完成，共提取 2 条记录
[2026-06-15 02:30:02] INFO [parse] 开始处理东亚银行文件: /Use********************************************************************************************
[2026-06-15 02:30:02] DEBUG [detect_file_format] 文件 /Use******************************************************************************************** Magic Bytes 检测为 xlsx 格式 (ZIP/OOXML)
[2026-06-15 02:30:02] INFO [validate_headers] 东亚银行文件工作表「交易明细」表头校验通过，7 个字段均匹配
[2026-06-15 02:30:02] DEBUG [detect_file_format] 文件 /Use**************************************************************************************** Magic Bytes 检测为 xlsx 格式 (ZIP/OOXML)
[2026-06-15 02:30:02] INFO [load_lookup_table] 查找表加载完成：共 2 条条目，2 个唯一账号，0 个扩展字段
[2026-06-15 02:30:02] DEBUG [get_subject_info] 银行账号「3881年23月」匹配到主体: 上********司（优先级: 0）
[2026-06-15 02:30:02] INFO [_parse_sheet] 东亚银行文件工作表「交易明细」提取 2 条记录
[2026-06-15 02:30:02] INFO [parse] 东亚银行文件处理完成，共提取 2 条记录
[2026-06-15 02:30:02] INFO [setup_logging] 日志系统初始化完成，日志文件: /Use*******************************************************************************************************
[2026-06-15 02:30:02] INFO [setup_logging] 未检测到 tkinter，将使用命令行交互模式
[2026-06-15 02:30:02] INFO [setup_logging] 日志系统初始化完成，日志文件: /Use*******************************************************************************************************
[2026-06-15 02:30:02] INFO [setup_logging] 未检测到 tkinter，将使用命令行交互模式
[2026-06-15 02:30:02] INFO [setup_logging] 日志系统初始化完成，日志文件: /Use*******************************************************************************************************
[2026-06-15 02:30:02] INFO [setup_logging] 未检测到 tkinter，将使用命令行交互模式
[2026-06-15 02:30:02] INFO [setup_logging] 日志系统初始化完成，日志文件: /Use*******************************************************************************************************
[2026-06-15 02:30:02] INFO [setup_logging] 未检测到 tkinter，将使用命令行交互模式
[2026-06-15 02:30:02] INFO [setup_logging] 日志系统初始化完成，日志文件: /Use*******************************************************************************************************
[2026-06-15 02:30:02] INFO [setup_logging] 未检测到 tkinter，将使用命令行交互模式
[2026-06-15 02:30:02] INFO [setup_logging] 日志系统初始化完成，日志文件: /Use*******************************************************************************************************
[2026-06-15 02:30:02] INFO [setup_logging] 未检测到 tkinter，将使用命令行交互模式
[2026-06-15 02:30:02] INFO [setup_logging] 日志系统初始化完成，日志文件: /Use*******************************************************************************************************
[2026-06-15 02:30:02] INFO [setup_logging] 未检测到 tkinter，将使用命令行交互模式
[2026-06-15 02:30:02] INFO [setup_logging] 日志系统初始化完成，日志文件: /Use*******************************************************************************************************
[2026-06-15 02:30:02] INFO [setup_logging] 未检测到 tkinter，将使用命令行交互模式
[2026-06-15 02:30:02] INFO [setup_logging] 日志系统初始化完成，日志文件: /Use*******************************************************************************************************
[2026-06-15 02:30:02] INFO [setup_logging] 未检测到 tkinter，将使用命令行交互模式
[2026-06-15 02:30:02] INFO [setup_logging] 日志系统初始化完成，日志文件: /Use*******************************************************************************************************
[2026-06-15 02:30:02] INFO [setup_logging] 未检测到 tkinter，将使用命令行交互模式
[2026-06-15 02:30:02] INFO [setup_logging] 日志系统初始化完成，日志文件: /Use*******************************************************************************************************
[2026-06-15 02:30:02] INFO [setup_logging] 未检测到 tkinter，将使用命令行交互模式
[2026-06-15 02:30:02] INFO [setup_logging] 日志系统初始化完成，日志文件: /Use*******************************************************************************************************
[2026-06-15 02:30:02] INFO [setup_logging] 未检测到 tkinter，将使用命令行交互模式
[2026-06-15 02:30:02] INFO [setup_logging] 日志系统初始化完成，日志文件: /Use*******************************************************************************************************
[2026-06-15 02:30:02] INFO [setup_logging] 未检测到 tkinter，将使用命令行交互模式
[2026-06-15 02:30:02] INFO [setup_logging] 日志系统初始化完成，日志文件: /Use*******************************************************************************************************
[2026-06-15 02:30:02] INFO [setup_logging] 未检测到 tkinter，将使用命令行交互模式
[2026-06-15 02:30:02] INFO [setup_logging] 日志系统初始化完成，日志文件: /Use*******************************************************************************************************
[2026-06-15 02:30:02] INFO [setup_logging] 未检测到 tkinter，将使用命令行交互模式
[2026-06-15 02:30:02] INFO [setup_logging] 日志系统初始化完成，日志文件: /Use*******************************************************************************************************
[2026-06-15 02:30:02] INFO [setup_logging] 未检测到 tkinter，将使用命令行交互模式
[2026-06-15 02:30:02] INFO [generate_pending_list_xlsx] 待处理清单已生成: /var******************************************************************************************************（共 4 条记录）
[2026-06-15 02:30:02] INFO [setup_logging] 日志系统初始化完成，日志文件: /Use*******************************************************************************************************
[2026-06-15 02:30:02] INFO [setup_logging] 未检测到 tkinter，将使用命令行交互模式
[2026-06-15 02:30:02] INFO [generate_pending_list_xlsx] 没有待处理的文件，无需生成待处理清单
[2026-06-15 02:30:02] INFO [setup_logging] 日志系统初始化完成，日志文件: /Use*******************************************************************************************************
[2026-06-15 02:30:02] INFO [setup_logging] 未检测到 tkinter，将使用命令行交互模式
[2026-06-15 02:30:02] INFO [generate_pending_list_xlsx] 待处理清单已生成: /var******************************************************************************************************（共 1 条记录）
[2026-06-15 02:30:02] INFO [setup_logging] 日志系统初始化完成，日志文件: /Use*******************************************************************************************************
[2026-06-15 02:30:02] INFO [setup_logging] 未检测到 tkinter，将使用命令行交互模式
[2026-06-15 02:30:02] INFO [generate_pending_list_xlsx] 待处理清单已生成: /var******************************************************************************************************（共 1 条记录）
[2026-06-15 02:30:02] INFO [setup_logging] 日志系统初始化完成，日志文件: /Use*******************************************************************************************************
[2026-06-15 02:30:02] INFO [setup_logging] 未检测到 tkinter，将使用命令行交互模式
[2026-06-15 02:30:02] INFO [generate_pending_list_xlsx] 待处理清单已生成: /var******************************************************************************************************（共 1 条记录）
[2026-06-15 02:30:02] INFO [setup_logging] 日志系统初始化完成，日志文件: /Use*******************************************************************************************************
[2026-06-15 02:30:02] INFO [setup_logging] 未检测到 tkinter，将使用命令行交互模式
[2026-06-15 02:30:02] INFO [find_lookup_file] 精确匹配到主体查找表: /var**************************************************************************************
[2026-06-15 02:30:02] INFO [run_pipeline] 正在预加载主体查找表...
[2026-06-15 02:30:02] DEBUG [detect_file_format] 文件 /var************************************************************************************** Magic Bytes 检测为 xlsx 格式 (ZIP/OOXML)
[2026-06-15 02:30:02] INFO [load_lookup_table] 查找表加载完成：共 2 条条目，2 个唯一账号，0 个扩展字段
[2026-06-15 02:30:02] INFO [run_pipeline] 主体查找表预加载完成
[2026-06-15 02:30:02] INFO [load_existing_keys] 未找到历史总表，将以全量模式运行
[2026-06-15 02:30:02] INFO [run_pipeline] 无历史数据，将以全量模式运行
[2026-06-15 02:30:02] INFO [prepare_working_folder] 已复制文件夹到同级目录: /var******************************************************************************
[2026-06-15 02:30:02] DEBUG [scan_bank_files] 发现银行导出文件: /var******************************************************************************************
[2026-06-15 02:30:02] INFO [scan_bank_files] 共扫描到 1 个银行导出文件
[2026-06-15 02:30:02] DEBUG [detect_file_format] 文件 /var****************************************************************************************** 未识别的 Magic Bytes: 6e6f****
[2026-06-15 02:30:02] INFO [identify_bank] 文件「北京银行_坏.xlsx」通过前缀匹配识别为: 北京银行
[2026-06-15 02:30:02] INFO [parse] 开始处理北京银行文件: /var******************************************************************************************
[2026-06-15 02:30:02] DEBUG [detect_file_format] 文件 /var****************************************************************************************** 未识别的 Magic Bytes: 6e6f****
[2026-06-15 02:30:02] ERROR [run_pipeline] 处理文件「/var******************************************************************************************」时发生错误: File is not a zip file
Traceback (most recent call last):
  File "/Users/zhangchengcheng/work/ai-project/Trea/solo0605/label-02552/tests/../backend/bankcheck.py", line 4421, in run_pipeline
    rows = processor(filepath, lookup_data)
  File "/Users/zhangchengcheng/work/ai-project/Trea/solo0605/label-02552/tests/../backend/bankcheck.py", line 2832, in processor
    return parser.parse(filepath, lookup_source)
           ~~~~~~~~~~~~^^^^^^^^^^^^^^^^^^^^^^^^^
  File "/Users/zhangchengcheng/work/ai-project/Trea/solo0605/label-02552/tests/../backend/bankcheck.py", line 2799, in parse
    wb, tmp_path = open_workbook_compat(filepath)
                   ~~~~~~~~~~~~~~~~~~~~^^^^^^^^^^
  File "/Users/zhangchengcheng/work/ai-project/Trea/solo0605/label-02552/tests/../backend/bankcheck.py", line 1408, in open_workbook_compat
    wb = openpyxl.load_workbook(filepath, **load_kwargs)
  File "/opt/homebrew/lib/python3.14/site-packages/openpyxl/reader/excel.py", line 346, in load_workbook
    reader = ExcelReader(filename, read_only, keep_vba,
                         data_only, keep_links, rich_text)
  File "/opt/homebrew/lib/python3.14/site-packages/openpyxl/reader/excel.py", line 123, in __init__
    self.archive = _validate_archive(fn)
                   ~~~~~~~~~~~~~~~~~^^^^
  File "/opt/homebrew/lib/python3.14/site-packages/openpyxl/reader/excel.py", line 95, in _validate_archive
    archive = ZipFile(filename, 'r')
  File "/opt/homebrew/Cellar/python@3.14/3.14.4_1/Frameworks/Python.framework/Versions/3.14/lib/python3.14/zipfile/__init__.py", line 1471, in __init__
    self._RealGetContents()
    ~~~~~~~~~~~~~~~~~~~~~^^
  File "/opt/homebrew/Cellar/python@3.14/3.14.4_1/Frameworks/Python.framework/Versions/3.14/lib/python3.14/zipfile/__init__.py", line 1538, in _RealGetContents
    raise BadZipFile("File is not a zip file")
zipfile.BadZipFile: File is not a zip file
[2026-06-15 02:30:02] WARNING [run_pipeline] 未提取到任何银行流水记录
[2026-06-15 02:30:02] INFO [save_report] 性能剖析报告已保存: /var*****************************************************************************************************
[2026-06-15 02:30:02] INFO [save_report] 性能剖析数据已保存: /var*******************************************************************************************************
[2026-06-15 02:30:02] INFO [run_pipeline] 性能剖析报告已生成: /var*****************************************************************************************************
[2026-06-15 02:30:02] INFO [generate_pending_list_xlsx] 待处理清单已生成: /var******************************************************************************************************（共 1 条记录）
[2026-06-15 02:30:02] INFO [setup_logging] 日志系统初始化完成，日志文件: /Use*******************************************************************************************************
[2026-06-15 02:30:02] INFO [setup_logging] 未检测到 tkinter，将使用命令行交互模式
[2026-06-15 02:30:02] INFO [find_lookup_file] 精确匹配到主体查找表: /var**************************************************************************************
[2026-06-15 02:30:02] INFO [run_pipeline] 正在预加载主体查找表...
[2026-06-15 02:30:02] DEBUG [detect_file_format] 文件 /var************************************************************************************** Magic Bytes 检测为 xlsx 格式 (ZIP/OOXML)
[2026-06-15 02:30:02] INFO [load_lookup_table] 查找表加载完成：共 2 条条目，2 个唯一账号，0 个扩展字段
[2026-06-15 02:30:02] INFO [run_pipeline] 主体查找表预加载完成
[2026-06-15 02:30:02] INFO [load_existing_keys] 未找到历史总表，将以全量模式运行
[2026-06-15 02:30:02] INFO [run_pipeline] 无历史数据，将以全量模式运行
[2026-06-15 02:30:02] INFO [prepare_working_folder] 已复制文件夹到同级目录: /var******************************************************************************
[2026-06-15 02:30:02] DEBUG [scan_bank_files] 发现银行导出文件: /var*******************************************************************************************
[2026-06-15 02:30:02] INFO [scan_bank_files] 共扫描到 1 个银行导出文件
[2026-06-15 02:30:02] DEBUG [detect_file_format] 文件 /var******************************************************************************************* Magic Bytes 检测为 xlsx 格式 (ZIP/OOXML)
[2026-06-15 02:30:02] DEBUG [detect_file_format] 文件 /var******************************************************************************************* Magic Bytes 检测为 xlsx 格式 (ZIP/OOXML)
[2026-06-15 02:30:02] WARNING [identify_bank] 文件「未知银行_流水.xlsx」无法识别银行类型
[2026-06-15 02:30:02] DEBUG [detect_file_format] 文件 /var******************************************************************************************* Magic Bytes 检测为 xlsx 格式 (ZIP/OOXML)
[2026-06-15 02:30:02] DEBUG [identify_bank] 收集银行识别失败调试信息时出错: %d format: a real number is required, not str
[2026-06-15 02:30:02] WARNING [run_pipeline] 未提取到任何银行流水记录
[2026-06-15 02:30:02] INFO [save_report] 性能剖析报告已保存: /var*****************************************************************************************************
[2026-06-15 02:30:02] INFO [save_report] 性能剖析数据已保存: /var*******************************************************************************************************
[2026-06-15 02:30:02] INFO [run_pipeline] 性能剖析报告已生成: /var*****************************************************************************************************
[2026-06-15 02:30:02] INFO [generate_pending_list_xlsx] 待处理清单已生成: /var******************************************************************************************************（共 1 条记录）
[2026-06-15 02:30:02] INFO [setup_logging] 日志系统初始化完成，日志文件: /Use*******************************************************************************************************
[2026-06-15 02:30:02] INFO [setup_logging] 未检测到 tkinter，将使用命令行交互模式
[2026-06-15 02:30:02] INFO [find_lookup_file] 精确匹配到主体查找表: /var**************************************************************************************
[2026-06-15 02:30:02] INFO [run_pipeline] 正在预加载主体查找表...
[2026-06-15 02:30:02] DEBUG [detect_file_format] 文件 /var************************************************************************************** Magic Bytes 检测为 xlsx 格式 (ZIP/OOXML)
[2026-06-15 02:30:02] INFO [load_lookup_table] 查找表加载完成：共 2 条条目，2 个唯一账号，0 个扩展字段
[2026-06-15 02:30:02] INFO [run_pipeline] 主体查找表预加载完成
[2026-06-15 02:30:02] INFO [load_existing_keys] 未找到历史总表，将以全量模式运行
[2026-06-15 02:30:02] INFO [run_pipeline] 无历史数据，将以全量模式运行
[2026-06-15 02:30:02] INFO [prepare_working_folder] 已复制文件夹到同级目录: /var******************************************************************************
[2026-06-15 02:30:02] DEBUG [scan_bank_files] 发现银行导出文件: /var*******************************************************************************************
[2026-06-15 02:30:02] DEBUG [scan_bank_files] 发现银行导出文件: /var*******************************************************************************************
[2026-06-15 02:30:02] DEBUG [scan_bank_files] 发现银行导出文件: /var******************************************************************************************
[2026-06-15 02:30:02] INFO [scan_bank_files] 共扫描到 3 个银行导出文件
[2026-06-15 02:30:02] DEBUG [detect_file_format] 文件 /var****************************************************************************************** 未识别的 Magic Bytes: 636f****
[2026-06-15 02:30:02] DEBUG [detect_file_format] 文件 /var******************************************************************************************* Magic Bytes 检测为 xlsx 格式 (ZIP/OOXML)
[2026-06-15 02:30:02] DEBUG [detect_file_format] 文件 /var******************************************************************************************* Magic Bytes 检测为 xlsx 格式 (ZIP/OOXML)
[2026-06-15 02:30:02] INFO [identify_bank] 文件「北京银行_坏.xlsx」通过前缀匹配识别为: 北京银行
[2026-06-15 02:30:02] INFO [parse] 开始处理北京银行文件: /var******************************************************************************************
[2026-06-15 02:30:02] DEBUG [detect_file_format] 文件 /var****************************************************************************************** 未识别的 Magic Bytes: 636f****
[2026-06-15 02:30:02] ERROR [run_pipeline] 处理文件「/var******************************************************************************************」时发生错误: File is not a zip file
Traceback (most recent call last):
  File "/Users/zhangchengcheng/work/ai-project/Trea/solo0605/label-02552/tests/../backend/bankcheck.py", line 4421, in run_pipeline
    rows = processor(filepath, lookup_data)
  File "/Users/zhangchengcheng/work/ai-project/Trea/solo0605/label-02552/tests/../backend/bankcheck.py", line 2832, in processor
    return parser.parse(filepath, lookup_source)
           ~~~~~~~~~~~~^^^^^^^^^^^^^^^^^^^^^^^^^
  File "/Users/zhangchengcheng/work/ai-project/Trea/solo0605/label-02552/tests/../backend/bankcheck.py", line 2799, in parse
    wb, tmp_path = open_workbook_compat(filepath)
                   ~~~~~~~~~~~~~~~~~~~~^^^^^^^^^^
  File "/Users/zhangchengcheng/work/ai-project/Trea/solo0605/label-02552/tests/../backend/bankcheck.py", line 1408, in open_workbook_compat
    wb = openpyxl.load_workbook(filepath, **load_kwargs)
  File "/opt/homebrew/lib/python3.14/site-packages/openpyxl/reader/excel.py", line 346, in load_workbook
    reader = ExcelReader(filename, read_only, keep_vba,
                         data_only, keep_links, rich_text)
  File "/opt/homebrew/lib/python3.14/site-packages/openpyxl/reader/excel.py", line 123, in __init__
    self.archive = _validate_archive(fn)
                   ~~~~~~~~~~~~~~~~~^^^^
  File "/opt/homebrew/lib/python3.14/site-packages/openpyxl/reader/excel.py", line 95, in _validate_archive
    archive = ZipFile(filename, 'r')
  File "/opt/homebrew/Cellar/python@3.14/3.14.4_1/Frameworks/Python.framework/Versions/3.14/lib/python3.14/zipfile/__init__.py", line 1471, in __init__
    self._RealGetContents()
    ~~~~~~~~~~~~~~~~~~~~~^^
  File "/opt/homebrew/Cellar/python@3.14/3.14.4_1/Frameworks/Python.framework/Versions/3.14/lib/python3.14/zipfile/__init__.py", line 1538, in _RealGetContents
    raise BadZipFile("File is not a zip file")
zipfile.BadZipFile: File is not a zip file
[2026-06-15 02:30:02] INFO [identify_bank] 文件「北京银行_正常.xlsx」通过前缀匹配识别为: 北京银行
[2026-06-15 02:30:02] INFO [parse] 开始处理北京银行文件: /var*******************************************************************************************
[2026-06-15 02:30:02] DEBUG [detect_file_format] 文件 /var******************************************************************************************* Magic Bytes 检测为 xlsx 格式 (ZIP/OOXML)
[2026-06-15 02:30:02] INFO [validate_headers] 北京银行文件工作表「交易明细」表头校验通过，7 个字段均匹配
[2026-06-15 02:30:02] DEBUG [get_subject_info] 银行账号「0109年03月」匹配到主体: 北********司（优先级: 0）
[2026-06-15 02:30:02] INFO [_parse_sheet] 北京银行文件工作表「交易明细」提取 2 条记录
[2026-06-15 02:30:02] INFO [parse] 北京银行文件处理完成，共提取 2 条记录
[2026-06-15 02:30:02] INFO [run_pipeline] 成功处理文件: /var*******************************************************************************************（2 条记录）
[2026-06-15 02:30:02] DEBUG [detect_file_format] 文件 /var******************************************************************************************* Magic Bytes 检测为 xlsx 格式 (ZIP/OOXML)
[2026-06-15 02:30:02] WARNING [identify_bank] 文件「未知银行_流水.xlsx」无法识别银行类型
[2026-06-15 02:30:02] DEBUG [detect_file_format] 文件 /var******************************************************************************************* Magic Bytes 检测为 xlsx 格式 (ZIP/OOXML)
[2026-06-15 02:30:02] DEBUG [identify_bank] 收集银行识别失败调试信息时出错: %d format: a real number is required, not str
[2026-06-15 02:30:02] DEBUG [delete_processed_files] 已删除文件: /var*******************************************************************************************
[2026-06-15 02:30:02] INFO [run_pipeline] 总表输出完成: /var***************************************************************************************（共 2 条记录）
[2026-06-15 02:30:02] INFO [apply_amount_anomaly_detection] 开始金额异常检测，单笔阈值: [金额已隐藏] 元
[2026-06-15 02:30:02] INFO [apply_amount_anomaly_detection] 金额异常检测完成：共 2 条记录，0 条异常 (0.00%)
[2026-06-15 02:30:02] INFO [apply_counterparty_rules] 对方户名规则匹配完成: 总记录 2, 命中 0, 黑名单 0, 白名单 0
[2026-06-15 02:30:02] INFO [export_masked_summary] 脱敏版总表输出完成: /var*******************************************************************************************（共 2 条记录）
[2026-06-15 02:30:02] DEBUG [init_schema] 数据库表结构初始化完成
[2026-06-15 02:30:02] INFO [connect] SQLite 数据库已连接: /Use************************************************************************************
[2026-06-15 02:30:02] INFO [disconnect] SQLite 数据库已断开
[2026-06-15 02:30:02] ERROR [persist_transactions] 数据库持久化失败: UNIQUE constraint failed: import_batches.batch_id
Traceback (most recent call last):
  File "/Users/zhangchengcheng/work/ai-project/Trea/solo0605/label-02552/tests/../backend/database.py", line 1612, in persist_transactions
    insert_count, duplicate_count = db.insert_records(
                                    ~~~~~~~~~~~~~~~~~^
        transaction_records,
        ^^^^^^^^^^^^^^^^^^^^
        batch_id=batch_id,
        ^^^^^^^^^^^^^^^^^^
        deduplicate=deduplicate,
        ^^^^^^^^^^^^^^^^^^^^^^^^
    )
    ^
  File "/Users/zhangchengcheng/work/ai-project/Trea/solo0605/label-02552/tests/../backend/database.py", line 554, in insert_records
    cursor.execute('''
    ~~~~~~~~~~~~~~^^^^
        INSERT INTO import_batches (
        ^^^^^^^^^^^^^^^^^^^^^^^^^^^^
            batch_id, total_records, started_at, status
            ^^^^^^^^^^^^^^^^^^^^^^^^^^^^^^^^^^^^^^^^^^^
        ) VALUES (?, ?, ?, ?)
        ^^^^^^^^^^^^^^^^^^^^^
    ''', (batch_id, len(records), started_at, 'processing'))
    ^^^^^^^^^^^^^^^^^^^^^^^^^^^^^^^^^^^^^^^^^^^^^^^^^^^^^^^^
sqlite3.IntegrityError: UNIQUE constraint failed: import_batches.batch_id
[2026-06-15 02:30:02] INFO [run_pipeline] 数据库持久化完成: 批次 BATC***************, 插入 0 条, 去重跳过 0 条
[2026-06-15 02:30:02] INFO [identify_internal_transfers] 内部划转识别完成: 2 条记录, 识别出 0 对 (0 划出 + 0 划入), 涉及 0 个主体, 0 家银行
[2026-06-15 02:30:02] INFO [summarize_transactions] 主体维度汇总完成: 2 条记录, 1 个主体, 1 家银行, 1 个月份, 0 个未匹配账号
[2026-06-15 02:30:02] INFO [export_subject_summary] 主体维度汇总分析已导出: /var*********************************************************************************************************
[2026-06-15 02:30:02] INFO [run_pipeline] 主体维度汇总分析已自动生成: /var*********************************************************************************************************
[2026-06-15 02:30:02] INFO [check_balance_continuity] 共 1 个账号待校验
[2026-06-15 02:30:02] DEBUG [check_balance_continuity] 校验账号: 0109年03月, 记录数: 2
[2026-06-15 02:30:02] INFO [check_balance_continuity] 余额连续性校验完成 - 总账号: 1, 已校验: 1, 跳过: 0, 异常笔数: 0, 异常账号: 0
[2026-06-15 02:30:02] INFO [export_balance_check_result] 余额连续性校验结果已导出: /var**********************************************************************************************************
[2026-06-15 02:30:02] INFO [run_pipeline] 余额连续性校验报告已自动生成: /var**********************************************************************************************************
[2026-06-15 02:30:02] INFO [detect_duplicates] 重复交易检测完成 - 总记录: 2, 疑似重复组: 0, 疑似重复记录: 0, 重复率: 0.00%
[2026-06-15 02:30:02] INFO [generate_duplicate_check_from_records] 未检测到重复交易，仍导出报告
[2026-06-15 02:30:02] INFO [export_duplicate_check_result] 重复交易检测结果已导出: /var*********************************************************************************************************
[2026-06-15 02:30:02] INFO [run_pipeline] 重复交易检测报告已自动生成: /var*********************************************************************************************************
[2026-06-15 02:30:02] INFO [filter_interest_fee_transactions] 筛选出 0 条利息手续费交易
[2026-06-15 02:30:02] INFO [summarize_by_period] 按month汇总生成 0 条期间汇总记录，异常 0 条
[2026-06-15 02:30:02] INFO [check_interest_fee] 利息手续费核对完成 - 总记录: 0 (利息: 0, 手续费: 0), 期间汇总: 0, 异常: 0
[2026-06-15 02:30:02] WARNING [generate_interest_fee_check_from_records] 未筛选到任何利息手续费交易，跳过报告生成
[2026-06-15 02:30:02] INFO [mark_non_workday_transactions] 非工作日交易标记完成: 总记录 2, 工作日 2, 周末 0, 法定节假日 0, 调休工作日 0
[2026-06-15 02:30:02] INFO [generate_holiday_check_from_records] 未发现非工作日交易，仍导出报告
[2026-06-15 02:30:02] INFO [export_holiday_check_result] 非工作日交易标记结果已导出: /var***********************************************************************************************************
[2026-06-15 02:30:02] INFO [run_pipeline] 非工作日交易标记报告已自动生成: /var***********************************************************************************************************
[2026-06-15 02:30:02] INFO [assign_accounting_period] 会计期间归属完成: 2 条记录, 1 个期间
[2026-06-15 02:30:02] INFO [export_accounting_period_summary] 会计期间总表已导出: /var*******************************************************************************************************（1 个期间）
[2026-06-15 02:30:02] INFO [run_pipeline] 会计期间总表已自动生成: /var*******************************************************************************************************
[2026-06-15 02:30:02] INFO [save_report] 性能剖析报告已保存: /var*****************************************************************************************************
[2026-06-15 02:30:02] INFO [save_report] 性能剖析数据已保存: /var*******************************************************************************************************
[2026-06-15 02:30:02] INFO [run_pipeline] 性能剖析报告已生成: /var*****************************************************************************************************
[2026-06-15 02:30:02] INFO [generate_collab_template] 财务协同编辑模板生成完成: /var***************************************************************************************************************（可编辑列: 凭证号, 凭证日期, 会计科目编码, 会计科目名称, 备注, 制单人）
[2026-06-15 02:30:02] INFO [run_pipeline] 财务协同编辑模板已自动生成: /var***************************************************************************************************************
[2026-06-15 02:30:02] INFO [generate_pending_list_xlsx] 待处理清单已生成: /var******************************************************************************************************（共 2 条记录）
[2026-06-15 02:30:02] INFO [setup_logging] 日志系统初始化完成，日志文件: /Use*******************************************************************************************************
[2026-06-15 02:30:02] INFO [setup_logging] 未检测到 tkinter，将使用命令行交互模式
[2026-06-15 02:30:02] INFO [find_lookup_file] 精确匹配到主体查找表: /var**************************************************************************************
[2026-06-15 02:30:02] INFO [run_pipeline] 正在预加载主体查找表...
[2026-06-15 02:30:02] DEBUG [detect_file_format] 文件 /var************************************************************************************** Magic Bytes 检测为 xlsx 格式 (ZIP/OOXML)
[2026-06-15 02:30:02] INFO [load_lookup_table] 查找表加载完成：共 2 条条目，2 个唯一账号，0 个扩展字段
[2026-06-15 02:30:02] INFO [run_pipeline] 主体查找表预加载完成
[2026-06-15 02:30:02] INFO [load_existing_keys] 未找到历史总表，将以全量模式运行
[2026-06-15 02:30:02] INFO [run_pipeline] 无历史数据，将以全量模式运行
[2026-06-15 02:30:02] INFO [prepare_working_folder] 已复制文件夹到同级目录: /var******************************************************************************
[2026-06-15 02:30:02] DEBUG [scan_bank_files] 发现银行导出文件: /var*******************************************************************************************
[2026-06-15 02:30:02] INFO [scan_bank_files] 共扫描到 1 个银行导出文件
[2026-06-15 02:30:02] DEBUG [detect_file_format] 文件 /var******************************************************************************************* Magic Bytes 检测为 xlsx 格式 (ZIP/OOXML)
[2026-06-15 02:30:02] INFO [identify_bank] 文件「北京银行_正常.xlsx」通过前缀匹配识别为: 北京银行
[2026-06-15 02:30:02] INFO [parse] 开始处理北京银行文件: /var*******************************************************************************************
[2026-06-15 02:30:02] DEBUG [detect_file_format] 文件 /var******************************************************************************************* Magic Bytes 检测为 xlsx 格式 (ZIP/OOXML)
[2026-06-15 02:30:02] INFO [validate_headers] 北京银行文件工作表「交易明细」表头校验通过，7 个字段均匹配
[2026-06-15 02:30:02] DEBUG [get_subject_info] 银行账号「0109年03月」匹配到主体: 北********司（优先级: 0）
[2026-06-15 02:30:02] INFO [_parse_sheet] 北京银行文件工作表「交易明细」提取 2 条记录
[2026-06-15 02:30:02] INFO [parse] 北京银行文件处理完成，共提取 2 条记录
[2026-06-15 02:30:02] INFO [run_pipeline] 成功处理文件: /var*******************************************************************************************（2 条记录）
[2026-06-15 02:30:02] DEBUG [delete_processed_files] 已删除文件: /var*******************************************************************************************
[2026-06-15 02:30:02] INFO [run_pipeline] 总表输出完成: /var***************************************************************************************（共 2 条记录）
[2026-06-15 02:30:02] INFO [apply_amount_anomaly_detection] 开始金额异常检测，单笔阈值: [金额已隐藏] 元
[2026-06-15 02:30:02] INFO [apply_amount_anomaly_detection] 金额异常检测完成：共 2 条记录，0 条异常 (0.00%)
[2026-06-15 02:30:02] INFO [apply_counterparty_rules] 对方户名规则匹配完成: 总记录 2, 命中 0, 黑名单 0, 白名单 0
[2026-06-15 02:30:02] INFO [export_masked_summary] 脱敏版总表输出完成: /var*******************************************************************************************（共 2 条记录）
[2026-06-15 02:30:02] DEBUG [init_schema] 数据库表结构初始化完成
[2026-06-15 02:30:02] INFO [connect] SQLite 数据库已连接: /Use************************************************************************************
[2026-06-15 02:30:02] INFO [disconnect] SQLite 数据库已断开
[2026-06-15 02:30:02] ERROR [persist_transactions] 数据库持久化失败: UNIQUE constraint failed: import_batches.batch_id
Traceback (most recent call last):
  File "/Users/zhangchengcheng/work/ai-project/Trea/solo0605/label-02552/tests/../backend/database.py", line 1612, in persist_transactions
    insert_count, duplicate_count = db.insert_records(
                                    ~~~~~~~~~~~~~~~~~^
        transaction_records,
        ^^^^^^^^^^^^^^^^^^^^
        batch_id=batch_id,
        ^^^^^^^^^^^^^^^^^^
        deduplicate=deduplicate,
        ^^^^^^^^^^^^^^^^^^^^^^^^
    )
    ^
  File "/Users/zhangchengcheng/work/ai-project/Trea/solo0605/label-02552/tests/../backend/database.py", line 554, in insert_records
    cursor.execute('''
    ~~~~~~~~~~~~~~^^^^
        INSERT INTO import_batches (
        ^^^^^^^^^^^^^^^^^^^^^^^^^^^^
            batch_id, total_records, started_at, status
            ^^^^^^^^^^^^^^^^^^^^^^^^^^^^^^^^^^^^^^^^^^^
        ) VALUES (?, ?, ?, ?)
        ^^^^^^^^^^^^^^^^^^^^^
    ''', (batch_id, len(records), started_at, 'processing'))
    ^^^^^^^^^^^^^^^^^^^^^^^^^^^^^^^^^^^^^^^^^^^^^^^^^^^^^^^^
sqlite3.IntegrityError: UNIQUE constraint failed: import_batches.batch_id
[2026-06-15 02:30:02] INFO [run_pipeline] 数据库持久化完成: 批次 BATC***************, 插入 0 条, 去重跳过 0 条
[2026-06-15 02:30:02] INFO [identify_internal_transfers] 内部划转识别完成: 2 条记录, 识别出 0 对 (0 划出 + 0 划入), 涉及 0 个主体, 0 家银行
[2026-06-15 02:30:02] INFO [summarize_transactions] 主体维度汇总完成: 2 条记录, 1 个主体, 1 家银行, 1 个月份, 0 个未匹配账号
[2026-06-15 02:30:02] INFO [export_subject_summary] 主体维度汇总分析已导出: /var*********************************************************************************************************
[2026-06-15 02:30:02] INFO [run_pipeline] 主体维度汇总分析已自动生成: /var*********************************************************************************************************
[2026-06-15 02:30:02] INFO [check_balance_continuity] 共 1 个账号待校验
[2026-06-15 02:30:02] DEBUG [check_balance_continuity] 校验账号: 0109年03月, 记录数: 2
[2026-06-15 02:30:02] INFO [check_balance_continuity] 余额连续性校验完成 - 总账号: 1, 已校验: 1, 跳过: 0, 异常笔数: 0, 异常账号: 0
[2026-06-15 02:30:02] INFO [export_balance_check_result] 余额连续性校验结果已导出: /var**********************************************************************************************************
[2026-06-15 02:30:02] INFO [run_pipeline] 余额连续性校验报告已自动生成: /var**********************************************************************************************************
[2026-06-15 02:30:02] INFO [detect_duplicates] 重复交易检测完成 - 总记录: 2, 疑似重复组: 0, 疑似重复记录: 0, 重复率: 0.00%
[2026-06-15 02:30:02] INFO [generate_duplicate_check_from_records] 未检测到重复交易，仍导出报告
[2026-06-15 02:30:02] INFO [export_duplicate_check_result] 重复交易检测结果已导出: /var*********************************************************************************************************
[2026-06-15 02:30:02] INFO [run_pipeline] 重复交易检测报告已自动生成: /var*********************************************************************************************************
[2026-06-15 02:30:02] INFO [filter_interest_fee_transactions] 筛选出 0 条利息手续费交易
[2026-06-15 02:30:02] INFO [summarize_by_period] 按month汇总生成 0 条期间汇总记录，异常 0 条
[2026-06-15 02:30:02] INFO [check_interest_fee] 利息手续费核对完成 - 总记录: 0 (利息: 0, 手续费: 0), 期间汇总: 0, 异常: 0
[2026-06-15 02:30:02] WARNING [generate_interest_fee_check_from_records] 未筛选到任何利息手续费交易，跳过报告生成
[2026-06-15 02:30:02] INFO [mark_non_workday_transactions] 非工作日交易标记完成: 总记录 2, 工作日 2, 周末 0, 法定节假日 0, 调休工作日 0
[2026-06-15 02:30:02] INFO [generate_holiday_check_from_records] 未发现非工作日交易，仍导出报告
[2026-06-15 02:30:02] INFO [export_holiday_check_result] 非工作日交易标记结果已导出: /var***********************************************************************************************************
[2026-06-15 02:30:02] INFO [run_pipeline] 非工作日交易标记报告已自动生成: /var***********************************************************************************************************
[2026-06-15 02:30:02] INFO [assign_accounting_period] 会计期间归属完成: 2 条记录, 1 个期间
[2026-06-15 02:30:02] INFO [export_accounting_period_summary] 会计期间总表已导出: /var*******************************************************************************************************（1 个期间）
[2026-06-15 02:30:02] INFO [run_pipeline] 会计期间总表已自动生成: /var*******************************************************************************************************
[2026-06-15 02:30:02] INFO [save_report] 性能剖析报告已保存: /var*****************************************************************************************************
[2026-06-15 02:30:02] INFO [save_report] 性能剖析数据已保存: /var*******************************************************************************************************
[2026-06-15 02:30:02] INFO [run_pipeline] 性能剖析报告已生成: /var*****************************************************************************************************
[2026-06-15 02:30:02] INFO [generate_collab_template] 财务协同编辑模板生成完成: /var***************************************************************************************************************（可编辑列: 凭证号, 凭证日期, 会计科目编码, 会计科目名称, 备注, 制单人）
[2026-06-15 02:30:02] INFO [run_pipeline] 财务协同编辑模板已自动生成: /var***************************************************************************************************************
[2026-06-15 02:30:02] INFO [setup_logging] 日志系统初始化完成，日志文件: /Use*******************************************************************************************************
[2026-06-15 02:30:02] INFO [setup_logging] 未检测到 tkinter，将使用命令行交互模式
[2026-06-15 02:30:02] DEBUG [delete_processed_files] 已删除文件: /var*********************************************************************************
[2026-06-15 02:30:02] INFO [setup_logging] 日志系统初始化完成，日志文件: /Use*******************************************************************************************************
[2026-06-15 02:30:02] INFO [setup_logging] 未检测到 tkinter，将使用命令行交互模式
[2026-06-15 02:30:02] DEBUG [delete_processed_files] 已删除文件: /var*********************************************************************************
[2026-06-15 02:30:02] INFO [setup_logging] 日志系统初始化完成，日志文件: /Use*******************************************************************************************************
[2026-06-15 02:30:02] INFO [setup_logging] 未检测到 tkinter，将使用命令行交互模式
[2026-06-15 02:30:02] DEBUG [delete_processed_files] 保留策略 keep_all：跳过所有文件操作
[2026-06-15 02:30:02] INFO [setup_logging] 日志系统初始化完成，日志文件: /Use*******************************************************************************************************
[2026-06-15 02:30:02] INFO [setup_logging] 未检测到 tkinter，将使用命令行交互模式
[2026-06-15 02:30:02] DEBUG [delete_processed_files] 已删除文件: /var*********************************************************************************
[2026-06-15 02:30:02] DEBUG [delete_processed_files] 已删除文件: /var********************************************************************************
[2026-06-15 02:30:02] DEBUG [delete_processed_files] 已删除文件: /var****************************************************************************
[2026-06-15 02:30:02] INFO [setup_logging] 日志系统初始化完成，日志文件: /Use*******************************************************************************************************
[2026-06-15 02:30:02] INFO [setup_logging] 未检测到 tkinter，将使用命令行交互模式
[2026-06-15 02:30:02] DEBUG [delete_processed_files] 已归档文件: /var********************************************************************************* -> /var***************************************************************************************
[2026-06-15 02:30:02] INFO [setup_logging] 日志系统初始化完成，日志文件: /Use*******************************************************************************************************
[2026-06-15 02:30:02] INFO [setup_logging] 未检测到 tkinter，将使用命令行交互模式
[2026-06-15 02:30:02] DEBUG [delete_processed_files] 已归档文件: /var********************************************************************************* -> /var**************************************************************************************************
[2026-06-15 02:30:02] INFO [setup_logging] 日志系统初始化完成，日志文件: /Use*******************************************************************************************************
[2026-06-15 02:30:02] INFO [setup_logging] 未检测到 tkinter，将使用命令行交互模式
[2026-06-15 02:30:02] DEBUG [delete_processed_files] 已归档文件: /var********************************************************************************* -> /var*****************************************************************************************
[2026-06-15 02:30:02] DEBUG [delete_processed_files] 已归档文件: /var************************************************************************************* -> /var*******************************************************************************************
[2026-06-15 02:30:02] INFO [setup_logging] 日志系统初始化完成，日志文件: /Use*******************************************************************************************************
[2026-06-15 02:30:02] INFO [setup_logging] 未检测到 tkinter，将使用命令行交互模式
[2026-06-15 02:30:02] INFO [setup_logging] 日志系统初始化完成，日志文件: /Use*******************************************************************************************************
[2026-06-15 02:30:02] INFO [setup_logging] 未检测到 tkinter，将使用命令行交互模式
[2026-06-15 02:30:02] WARNING [delete_processed_files] 未知的保留策略「invalid_strategy_xyz」，回退到默认 keep_unprocessed
[2026-06-15 02:30:02] DEBUG [delete_processed_files] 已删除文件: /var*********************************************************************************
[2026-06-15 02:30:02] INFO [setup_logging] 日志系统初始化完成，日志文件: /Use*******************************************************************************************************
[2026-06-15 02:30:02] INFO [setup_logging] 未检测到 tkinter，将使用命令行交互模式
[2026-06-15 02:30:02] INFO [setup_logging] 日志系统初始化完成，日志文件: /Use*******************************************************************************************************
[2026-06-15 02:30:02] INFO [setup_logging] 未检测到 tkinter，将使用命令行交互模式
[2026-06-15 02:30:02] INFO [setup_logging] 日志系统初始化完成，日志文件: /Use*******************************************************************************************************
[2026-06-15 02:30:02] INFO [setup_logging] 未检测到 tkinter，将使用命令行交互模式
[2026-06-15 02:30:02] DEBUG [delete_processed_files] 保留策略 keep_all：跳过所有文件操作
[2026-06-15 02:30:02] INFO [setup_logging] 日志系统初始化完成，日志文件: /Use*******************************************************************************************************
[2026-06-15 02:30:02] INFO [setup_logging] 未检测到 tkinter，将使用命令行交互模式
[2026-06-15 02:30:02] DEBUG [delete_processed_files] 已归档文件: /var********************************************************************************* -> /var***************************************************************************************
[2026-06-15 02:30:02] INFO [setup_logging] 日志系统初始化完成，日志文件: /Use*******************************************************************************************************
[2026-06-15 02:30:02] INFO [setup_logging] 未检测到 tkinter，将使用命令行交互模式
[2026-06-15 02:30:02] DEBUG [delete_processed_files] 已归档文件: /var******************************************************************************** -> /var**************************************************************************************
[2026-06-15 02:30:02] DEBUG [delete_processed_files] 已归档文件: /var******************************************************************************** -> /var**************************************************************************************
[2026-06-15 02:30:02] DEBUG [delete_processed_files] 已归档文件: /var******************************************************************************** -> /var**************************************************************************************
[2026-06-15 02:30:02] INFO [setup_logging] 日志系统初始化完成，日志文件: /Use*******************************************************************************************************
[2026-06-15 02:30:02] INFO [setup_logging] 未检测到 tkinter，将使用命令行交互模式
[2026-06-15 02:30:02] INFO [setup_logging] 日志系统初始化完成，日志文件: /Use*******************************************************************************************************
[2026-06-15 02:30:02] INFO [setup_logging] 未检测到 tkinter，将使用命令行交互模式
[2026-06-15 02:30:02] INFO [setup_logging] 日志系统初始化完成，日志文件: /Use*******************************************************************************************************
[2026-06-15 02:30:02] INFO [setup_logging] 未检测到 tkinter，将使用命令行交互模式
[2026-06-15 02:30:02] INFO [setup_logging] 日志系统初始化完成，日志文件: /Use*******************************************************************************************************
[2026-06-15 02:30:02] INFO [setup_logging] 未检测到 tkinter，将使用命令行交互模式
[2026-06-15 02:30:02] INFO [setup_logging] 日志系统初始化完成，日志文件: /Use*******************************************************************************************************
[2026-06-15 02:30:02] INFO [setup_logging] 未检测到 tkinter，将使用命令行交互模式
[2026-06-15 02:30:02] INFO [setup_logging] 日志系统初始化完成，日志文件: /Use*******************************************************************************************************
[2026-06-15 02:30:02] INFO [setup_logging] 未检测到 tkinter，将使用命令行交互模式
[2026-06-15 02:30:02] INFO [setup_logging] 日志系统初始化完成，日志文件: /Use*******************************************************************************************************
[2026-06-15 02:30:02] INFO [setup_logging] 未检测到 tkinter，将使用命令行交互模式
[2026-06-15 02:30:02] INFO [setup_logging] 日志系统初始化完成，日志文件: /Use*******************************************************************************************************
[2026-06-15 02:30:02] INFO [setup_logging] 未检测到 tkinter，将使用命令行交互模式
[2026-06-15 02:30:02] INFO [setup_logging] 日志系统初始化完成，日志文件: /Use*******************************************************************************************************
[2026-06-15 02:30:02] INFO [setup_logging] 未检测到 tkinter，将使用命令行交互模式
[2026-06-15 02:30:03] INFO [setup_logging] 日志系统初始化完成，日志文件: /Use*******************************************************************************************************
[2026-06-15 02:30:03] INFO [setup_logging] 未检测到 tkinter，将使用命令行交互模式
[2026-06-15 02:30:03] INFO [setup_logging] 日志系统初始化完成，日志文件: /Use*******************************************************************************************************
[2026-06-15 02:30:03] INFO [setup_logging] 未检测到 tkinter，将使用命令行交互模式
[2026-06-15 02:30:03] INFO [find_lookup_file] 精确匹配到主体查找表: /var**************************************************************************************
[2026-06-15 02:30:03] INFO [run_pipeline] 正在预加载主体查找表...
[2026-06-15 02:30:03] DEBUG [detect_file_format] 文件 /var************************************************************************************** Magic Bytes 检测为 xlsx 格式 (ZIP/OOXML)
[2026-06-15 02:30:03] INFO [load_lookup_table] 查找表加载完成：共 2 条条目，2 个唯一账号，0 个扩展字段
[2026-06-15 02:30:03] INFO [run_pipeline] 主体查找表预加载完成
[2026-06-15 02:30:03] INFO [load_existing_keys] 未找到历史总表，将以全量模式运行
[2026-06-15 02:30:03] INFO [run_pipeline] 无历史数据，将以全量模式运行
[2026-06-15 02:30:03] INFO [prepare_working_folder] 已复制文件夹到同级目录: /var******************************************************************************
[2026-06-15 02:30:03] DEBUG [scan_bank_files] 发现银行导出文件: /var*******************************************************************************************
[2026-06-15 02:30:03] DEBUG [scan_bank_files] 发现银行导出文件: /var*******************************************************************************************
[2026-06-15 02:30:03] INFO [scan_bank_files] 共扫描到 2 个银行导出文件
[2026-06-15 02:30:03] DEBUG [detect_file_format] 文件 /var******************************************************************************************* Magic Bytes 检测为 xlsx 格式 (ZIP/OOXML)
[2026-06-15 02:30:03] DEBUG [detect_file_format] 文件 /var******************************************************************************************* Magic Bytes 检测为 xlsx 格式 (ZIP/OOXML)
[2026-06-15 02:30:03] INFO [identify_bank] 文件「北京银行_流水.xlsx」通过前缀匹配识别为: 北京银行
[2026-06-15 02:30:03] INFO [parse] 开始处理北京银行文件: /var*******************************************************************************************
[2026-06-15 02:30:03] DEBUG [detect_file_format] 文件 /var******************************************************************************************* Magic Bytes 检测为 xlsx 格式 (ZIP/OOXML)
[2026-06-15 02:30:03] INFO [validate_headers] 北京银行文件工作表「交易明细」表头校验通过，7 个字段均匹配
[2026-06-15 02:30:03] DEBUG [get_subject_info] 银行账号「0109年03月」匹配到主体: 北********司（优先级: 0）
[2026-06-15 02:30:03] INFO [_parse_sheet] 北京银行文件工作表「交易明细」提取 2 条记录
[2026-06-15 02:30:03] INFO [parse] 北京银行文件处理完成，共提取 2 条记录
[2026-06-15 02:30:03] INFO [run_pipeline] 成功处理文件: /var*******************************************************************************************（2 条记录）
[2026-06-15 02:30:03] DEBUG [detect_file_format] 文件 /var******************************************************************************************* Magic Bytes 检测为 xlsx 格式 (ZIP/OOXML)
[2026-06-15 02:30:03] WARNING [identify_bank] 文件「未知银行_流水.xlsx」无法识别银行类型
[2026-06-15 02:30:03] DEBUG [detect_file_format] 文件 /var******************************************************************************************* Magic Bytes 检测为 xlsx 格式 (ZIP/OOXML)
[2026-06-15 02:30:03] DEBUG [identify_bank] 收集银行识别失败调试信息时出错: %d format: a real number is required, not str
[2026-06-15 02:30:03] DEBUG [delete_processed_files] 保留策略 keep_all：跳过所有文件操作
[2026-06-15 02:30:03] INFO [run_pipeline] 总表输出完成: /var***************************************************************************************（共 2 条记录）
[2026-06-15 02:30:03] INFO [apply_amount_anomaly_detection] 开始金额异常检测，单笔阈值: [金额已隐藏] 元
[2026-06-15 02:30:03] INFO [apply_amount_anomaly_detection] 金额异常检测完成：共 2 条记录，0 条异常 (0.00%)
[2026-06-15 02:30:03] INFO [apply_counterparty_rules] 对方户名规则匹配完成: 总记录 2, 命中 0, 黑名单 0, 白名单 0
[2026-06-15 02:30:03] INFO [export_masked_summary] 脱敏版总表输出完成: /var*******************************************************************************************（共 2 条记录）
[2026-06-15 02:30:03] DEBUG [init_schema] 数据库表结构初始化完成
[2026-06-15 02:30:03] INFO [connect] SQLite 数据库已连接: /Use************************************************************************************
[2026-06-15 02:30:03] INFO [insert_records] 已加载 25 个历史匹配键用于去重
[2026-06-15 02:30:03] INFO [insert_records] 批量导入完成: 批次 BATC***************, 共 2 条, 新增 0 条, 重复 2 条
[2026-06-15 02:30:03] INFO [disconnect] SQLite 数据库已断开
[2026-06-15 02:30:03] INFO [run_pipeline] 数据库持久化完成: 批次 BATC***************, 插入 0 条, 去重跳过 2 条
[2026-06-15 02:30:03] INFO [identify_internal_transfers] 内部划转识别完成: 2 条记录, 识别出 0 对 (0 划出 + 0 划入), 涉及 0 个主体, 0 家银行
[2026-06-15 02:30:03] INFO [summarize_transactions] 主体维度汇总完成: 2 条记录, 1 个主体, 1 家银行, 1 个月份, 0 个未匹配账号
[2026-06-15 02:30:03] INFO [export_subject_summary] 主体维度汇总分析已导出: /var*********************************************************************************************************
[2026-06-15 02:30:03] INFO [run_pipeline] 主体维度汇总分析已自动生成: /var*********************************************************************************************************
[2026-06-15 02:30:03] INFO [check_balance_continuity] 共 1 个账号待校验
[2026-06-15 02:30:03] DEBUG [check_balance_continuity] 校验账号: 0109年03月, 记录数: 2
[2026-06-15 02:30:03] INFO [check_balance_continuity] 余额连续性校验完成 - 总账号: 1, 已校验: 1, 跳过: 0, 异常笔数: 0, 异常账号: 0
[2026-06-15 02:30:03] INFO [export_balance_check_result] 余额连续性校验结果已导出: /var**********************************************************************************************************
[2026-06-15 02:30:03] INFO [run_pipeline] 余额连续性校验报告已自动生成: /var**********************************************************************************************************
[2026-06-15 02:30:03] INFO [detect_duplicates] 重复交易检测完成 - 总记录: 2, 疑似重复组: 0, 疑似重复记录: 0, 重复率: 0.00%
[2026-06-15 02:30:03] INFO [generate_duplicate_check_from_records] 未检测到重复交易，仍导出报告
[2026-06-15 02:30:03] INFO [export_duplicate_check_result] 重复交易检测结果已导出: /var*********************************************************************************************************
[2026-06-15 02:30:03] INFO [run_pipeline] 重复交易检测报告已自动生成: /var*********************************************************************************************************
[2026-06-15 02:30:03] INFO [filter_interest_fee_transactions] 筛选出 0 条利息手续费交易
[2026-06-15 02:30:03] INFO [summarize_by_period] 按month汇总生成 0 条期间汇总记录，异常 0 条
[2026-06-15 02:30:03] INFO [check_interest_fee] 利息手续费核对完成 - 总记录: 0 (利息: 0, 手续费: 0), 期间汇总: 0, 异常: 0
[2026-06-15 02:30:03] WARNING [generate_interest_fee_check_from_records] 未筛选到任何利息手续费交易，跳过报告生成
[2026-06-15 02:30:03] INFO [mark_non_workday_transactions] 非工作日交易标记完成: 总记录 2, 工作日 2, 周末 0, 法定节假日 0, 调休工作日 0
[2026-06-15 02:30:03] INFO [generate_holiday_check_from_records] 未发现非工作日交易，仍导出报告
[2026-06-15 02:30:03] INFO [export_holiday_check_result] 非工作日交易标记结果已导出: /var***********************************************************************************************************
[2026-06-15 02:30:03] INFO [run_pipeline] 非工作日交易标记报告已自动生成: /var***********************************************************************************************************
[2026-06-15 02:30:03] INFO [assign_accounting_period] 会计期间归属完成: 2 条记录, 1 个期间
[2026-06-15 02:30:03] INFO [export_accounting_period_summary] 会计期间总表已导出: /var*******************************************************************************************************（1 个期间）
[2026-06-15 02:30:03] INFO [run_pipeline] 会计期间总表已自动生成: /var*******************************************************************************************************
[2026-06-15 02:30:03] INFO [save_report] 性能剖析报告已保存: /var*****************************************************************************************************
[2026-06-15 02:30:03] INFO [save_report] 性能剖析数据已保存: /var*******************************************************************************************************
[2026-06-15 02:30:03] INFO [run_pipeline] 性能剖析报告已生成: /var*****************************************************************************************************
[2026-06-15 02:30:03] INFO [generate_collab_template] 财务协同编辑模板生成完成: /var***************************************************************************************************************（可编辑列: 凭证号, 凭证日期, 会计科目编码, 会计科目名称, 备注, 制单人）
[2026-06-15 02:30:03] INFO [run_pipeline] 财务协同编辑模板已自动生成: /var***************************************************************************************************************
[2026-06-15 02:30:03] INFO [generate_pending_list_xlsx] 待处理清单已生成: /var******************************************************************************************************（共 1 条记录）
[2026-06-15 02:30:03] DEBUG [scan_bank_files] 发现银行导出文件: /var*******************************************************************************************
[2026-06-15 02:30:03] DEBUG [scan_bank_files] 发现银行导出文件: /var*******************************************************************************************
[2026-06-15 02:30:03] INFO [scan_bank_files] 共扫描到 2 个银行导出文件
[2026-06-15 02:30:03] INFO [setup_logging] 日志系统初始化完成，日志文件: /Use*******************************************************************************************************
[2026-06-15 02:30:03] INFO [setup_logging] 未检测到 tkinter，将使用命令行交互模式
[2026-06-15 02:30:03] INFO [find_lookup_file] 精确匹配到主体查找表: /var**************************************************************************************
[2026-06-15 02:30:03] INFO [run_pipeline] 正在预加载主体查找表...
[2026-06-15 02:30:03] DEBUG [detect_file_format] 文件 /var************************************************************************************** Magic Bytes 检测为 xlsx 格式 (ZIP/OOXML)
[2026-06-15 02:30:03] INFO [load_lookup_table] 查找表加载完成：共 2 条条目，2 个唯一账号，0 个扩展字段
[2026-06-15 02:30:03] INFO [run_pipeline] 主体查找表预加载完成
[2026-06-15 02:30:03] INFO [load_existing_keys] 未找到历史总表，将以全量模式运行
[2026-06-15 02:30:03] INFO [run_pipeline] 无历史数据，将以全量模式运行
[2026-06-15 02:30:03] INFO [prepare_working_folder] 已复制文件夹到同级目录: /var******************************************************************************
[2026-06-15 02:30:03] DEBUG [scan_bank_files] 发现银行导出文件: /var*******************************************************************************************
[2026-06-15 02:30:03] DEBUG [scan_bank_files] 发现银行导出文件: /var*******************************************************************************************
[2026-06-15 02:30:03] INFO [scan_bank_files] 共扫描到 2 个银行导出文件
[2026-06-15 02:30:03] DEBUG [detect_file_format] 文件 /var******************************************************************************************* Magic Bytes 检测为 xlsx 格式 (ZIP/OOXML)
[2026-06-15 02:30:03] DEBUG [detect_file_format] 文件 /var******************************************************************************************* Magic Bytes 检测为 xlsx 格式 (ZIP/OOXML)
[2026-06-15 02:30:03] INFO [identify_bank] 文件「北京银行_流水.xlsx」通过前缀匹配识别为: 北京银行
[2026-06-15 02:30:03] INFO [parse] 开始处理北京银行文件: /var*******************************************************************************************
[2026-06-15 02:30:03] DEBUG [detect_file_format] 文件 /var******************************************************************************************* Magic Bytes 检测为 xlsx 格式 (ZIP/OOXML)
[2026-06-15 02:30:03] INFO [validate_headers] 北京银行文件工作表「交易明细」表头校验通过，7 个字段均匹配
[2026-06-15 02:30:03] DEBUG [get_subject_info] 银行账号「0109年03月」匹配到主体: 北********司（优先级: 0）
[2026-06-15 02:30:03] INFO [_parse_sheet] 北京银行文件工作表「交易明细」提取 2 条记录
[2026-06-15 02:30:03] INFO [parse] 北京银行文件处理完成，共提取 2 条记录
[2026-06-15 02:30:03] INFO [run_pipeline] 成功处理文件: /var*******************************************************************************************（2 条记录）
[2026-06-15 02:30:03] DEBUG [detect_file_format] 文件 /var******************************************************************************************* Magic Bytes 检测为 xlsx 格式 (ZIP/OOXML)
[2026-06-15 02:30:03] WARNING [identify_bank] 文件「未知银行_流水.xlsx」无法识别银行类型
[2026-06-15 02:30:03] DEBUG [detect_file_format] 文件 /var******************************************************************************************* Magic Bytes 检测为 xlsx 格式 (ZIP/OOXML)
[2026-06-15 02:30:03] DEBUG [identify_bank] 收集银行识别失败调试信息时出错: %d format: a real number is required, not str
[2026-06-15 02:30:03] DEBUG [delete_processed_files] 已归档文件: /var******************************************************************************************* -> /var*************************************************************************************************
[2026-06-15 02:30:03] INFO [run_pipeline] 总表输出完成: /var***************************************************************************************（共 2 条记录）
[2026-06-15 02:30:03] INFO [apply_amount_anomaly_detection] 开始金额异常检测，单笔阈值: [金额已隐藏] 元
[2026-06-15 02:30:03] INFO [apply_amount_anomaly_detection] 金额异常检测完成：共 2 条记录，0 条异常 (0.00%)
[2026-06-15 02:30:03] INFO [apply_counterparty_rules] 对方户名规则匹配完成: 总记录 2, 命中 0, 黑名单 0, 白名单 0
[2026-06-15 02:30:03] INFO [export_masked_summary] 脱敏版总表输出完成: /var*******************************************************************************************（共 2 条记录）
[2026-06-15 02:30:03] DEBUG [init_schema] 数据库表结构初始化完成
[2026-06-15 02:30:03] INFO [connect] SQLite 数据库已连接: /Use************************************************************************************
[2026-06-15 02:30:03] INFO [disconnect] SQLite 数据库已断开
[2026-06-15 02:30:03] ERROR [persist_transactions] 数据库持久化失败: UNIQUE constraint failed: import_batches.batch_id
Traceback (most recent call last):
  File "/Users/zhangchengcheng/work/ai-project/Trea/solo0605/label-02552/tests/../backend/database.py", line 1612, in persist_transactions
    insert_count, duplicate_count = db.insert_records(
                                    ~~~~~~~~~~~~~~~~~^
        transaction_records,
        ^^^^^^^^^^^^^^^^^^^^
        batch_id=batch_id,
        ^^^^^^^^^^^^^^^^^^
        deduplicate=deduplicate,
        ^^^^^^^^^^^^^^^^^^^^^^^^
    )
    ^
  File "/Users/zhangchengcheng/work/ai-project/Trea/solo0605/label-02552/tests/../backend/database.py", line 554, in insert_records
    cursor.execute('''
    ~~~~~~~~~~~~~~^^^^
        INSERT INTO import_batches (
        ^^^^^^^^^^^^^^^^^^^^^^^^^^^^
            batch_id, total_records, started_at, status
            ^^^^^^^^^^^^^^^^^^^^^^^^^^^^^^^^^^^^^^^^^^^
        ) VALUES (?, ?, ?, ?)
        ^^^^^^^^^^^^^^^^^^^^^
    ''', (batch_id, len(records), started_at, 'processing'))
    ^^^^^^^^^^^^^^^^^^^^^^^^^^^^^^^^^^^^^^^^^^^^^^^^^^^^^^^^
sqlite3.IntegrityError: UNIQUE constraint failed: import_batches.batch_id
[2026-06-15 02:30:03] INFO [run_pipeline] 数据库持久化完成: 批次 BATC***************, 插入 0 条, 去重跳过 0 条
[2026-06-15 02:30:03] INFO [identify_internal_transfers] 内部划转识别完成: 2 条记录, 识别出 0 对 (0 划出 + 0 划入), 涉及 0 个主体, 0 家银行
[2026-06-15 02:30:03] INFO [summarize_transactions] 主体维度汇总完成: 2 条记录, 1 个主体, 1 家银行, 1 个月份, 0 个未匹配账号
[2026-06-15 02:30:03] INFO [export_subject_summary] 主体维度汇总分析已导出: /var*********************************************************************************************************
[2026-06-15 02:30:03] INFO [run_pipeline] 主体维度汇总分析已自动生成: /var*********************************************************************************************************
[2026-06-15 02:30:03] INFO [check_balance_continuity] 共 1 个账号待校验
[2026-06-15 02:30:03] DEBUG [check_balance_continuity] 校验账号: 0109年03月, 记录数: 2
[2026-06-15 02:30:03] INFO [check_balance_continuity] 余额连续性校验完成 - 总账号: 1, 已校验: 1, 跳过: 0, 异常笔数: 0, 异常账号: 0
[2026-06-15 02:30:03] INFO [export_balance_check_result] 余额连续性校验结果已导出: /var**********************************************************************************************************
[2026-06-15 02:30:03] INFO [run_pipeline] 余额连续性校验报告已自动生成: /var**********************************************************************************************************
[2026-06-15 02:30:03] INFO [detect_duplicates] 重复交易检测完成 - 总记录: 2, 疑似重复组: 0, 疑似重复记录: 0, 重复率: 0.00%
[2026-06-15 02:30:03] INFO [generate_duplicate_check_from_records] 未检测到重复交易，仍导出报告
[2026-06-15 02:30:03] INFO [export_duplicate_check_result] 重复交易检测结果已导出: /var*********************************************************************************************************
[2026-06-15 02:30:03] INFO [run_pipeline] 重复交易检测报告已自动生成: /var*********************************************************************************************************
[2026-06-15 02:30:03] INFO [filter_interest_fee_transactions] 筛选出 0 条利息手续费交易
[2026-06-15 02:30:03] INFO [summarize_by_period] 按month汇总生成 0 条期间汇总记录，异常 0 条
[2026-06-15 02:30:03] INFO [check_interest_fee] 利息手续费核对完成 - 总记录: 0 (利息: 0, 手续费: 0), 期间汇总: 0, 异常: 0
[2026-06-15 02:30:03] WARNING [generate_interest_fee_check_from_records] 未筛选到任何利息手续费交易，跳过报告生成
[2026-06-15 02:30:03] INFO [mark_non_workday_transactions] 非工作日交易标记完成: 总记录 2, 工作日 2, 周末 0, 法定节假日 0, 调休工作日 0
[2026-06-15 02:30:03] INFO [generate_holiday_check_from_records] 未发现非工作日交易，仍导出报告
[2026-06-15 02:30:03] INFO [export_holiday_check_result] 非工作日交易标记结果已导出: /var***********************************************************************************************************
[2026-06-15 02:30:03] INFO [run_pipeline] 非工作日交易标记报告已自动生成: /var***********************************************************************************************************
[2026-06-15 02:30:03] INFO [assign_accounting_period] 会计期间归属完成: 2 条记录, 1 个期间
[2026-06-15 02:30:03] INFO [export_accounting_period_summary] 会计期间总表已导出: /var*******************************************************************************************************（1 个期间）
[2026-06-15 02:30:03] INFO [run_pipeline] 会计期间总表已自动生成: /var*******************************************************************************************************
[2026-06-15 02:30:03] INFO [save_report] 性能剖析报告已保存: /var*****************************************************************************************************
[2026-06-15 02:30:03] INFO [save_report] 性能剖析数据已保存: /var*******************************************************************************************************
[2026-06-15 02:30:03] INFO [run_pipeline] 性能剖析报告已生成: /var*****************************************************************************************************
[2026-06-15 02:30:03] INFO [generate_collab_template] 财务协同编辑模板生成完成: /var***************************************************************************************************************（可编辑列: 凭证号, 凭证日期, 会计科目编码, 会计科目名称, 备注, 制单人）
[2026-06-15 02:30:03] INFO [run_pipeline] 财务协同编辑模板已自动生成: /var***************************************************************************************************************
[2026-06-15 02:30:03] INFO [generate_pending_list_xlsx] 待处理清单已生成: /var******************************************************************************************************（共 1 条记录）
[2026-06-15 02:30:03] INFO [setup_logging] 日志系统初始化完成，日志文件: /Use*******************************************************************************************************
[2026-06-15 02:30:03] INFO [setup_logging] 未检测到 tkinter，将使用命令行交互模式
[2026-06-15 02:30:03] INFO [find_lookup_file] 精确匹配到主体查找表: /var**************************************************************************************
[2026-06-15 02:30:03] INFO [run_pipeline] 正在预加载主体查找表...
[2026-06-15 02:30:03] DEBUG [detect_file_format] 文件 /var************************************************************************************** Magic Bytes 检测为 xlsx 格式 (ZIP/OOXML)
[2026-06-15 02:30:03] INFO [load_lookup_table] 查找表加载完成：共 2 条条目，2 个唯一账号，0 个扩展字段
[2026-06-15 02:30:03] INFO [run_pipeline] 主体查找表预加载完成
[2026-06-15 02:30:03] INFO [load_existing_keys] 未找到历史总表，将以全量模式运行
[2026-06-15 02:30:03] INFO [run_pipeline] 无历史数据，将以全量模式运行
[2026-06-15 02:30:03] INFO [prepare_working_folder] 已复制文件夹到同级目录: /var******************************************************************************
[2026-06-15 02:30:03] DEBUG [scan_bank_files] 发现银行导出文件: /var*******************************************************************************************
[2026-06-15 02:30:03] DEBUG [scan_bank_files] 发现银行导出文件: /var*******************************************************************************************
[2026-06-15 02:30:03] INFO [scan_bank_files] 共扫描到 2 个银行导出文件
[2026-06-15 02:30:03] DEBUG [detect_file_format] 文件 /var******************************************************************************************* Magic Bytes 检测为 xlsx 格式 (ZIP/OOXML)
[2026-06-15 02:30:03] DEBUG [detect_file_format] 文件 /var******************************************************************************************* Magic Bytes 检测为 xlsx 格式 (ZIP/OOXML)
[2026-06-15 02:30:03] INFO [identify_bank] 文件「北京银行_流水.xlsx」通过前缀匹配识别为: 北京银行
[2026-06-15 02:30:03] INFO [parse] 开始处理北京银行文件: /var*******************************************************************************************
[2026-06-15 02:30:03] DEBUG [detect_file_format] 文件 /var******************************************************************************************* Magic Bytes 检测为 xlsx 格式 (ZIP/OOXML)
[2026-06-15 02:30:03] INFO [validate_headers] 北京银行文件工作表「交易明细」表头校验通过，7 个字段均匹配
[2026-06-15 02:30:03] DEBUG [get_subject_info] 银行账号「0109年03月」匹配到主体: 北********司（优先级: 0）
[2026-06-15 02:30:03] INFO [_parse_sheet] 北京银行文件工作表「交易明细」提取 2 条记录
[2026-06-15 02:30:03] INFO [parse] 北京银行文件处理完成，共提取 2 条记录
[2026-06-15 02:30:03] INFO [run_pipeline] 成功处理文件: /var*******************************************************************************************（2 条记录）
[2026-06-15 02:30:03] DEBUG [detect_file_format] 文件 /var******************************************************************************************* Magic Bytes 检测为 xlsx 格式 (ZIP/OOXML)
[2026-06-15 02:30:03] WARNING [identify_bank] 文件「未知银行_流水.xlsx」无法识别银行类型
[2026-06-15 02:30:03] DEBUG [detect_file_format] 文件 /var******************************************************************************************* Magic Bytes 检测为 xlsx 格式 (ZIP/OOXML)
[2026-06-15 02:30:03] DEBUG [identify_bank] 收集银行识别失败调试信息时出错: %d format: a real number is required, not str
[2026-06-15 02:30:03] DEBUG [delete_processed_files] 已删除文件: /var*******************************************************************************************
[2026-06-15 02:30:03] DEBUG [delete_processed_files] 已删除文件: /var*******************************************************************************************
[2026-06-15 02:30:03] INFO [run_pipeline] 总表输出完成: /var***************************************************************************************（共 2 条记录）
[2026-06-15 02:30:03] INFO [apply_amount_anomaly_detection] 开始金额异常检测，单笔阈值: [金额已隐藏] 元
[2026-06-15 02:30:03] INFO [apply_amount_anomaly_detection] 金额异常检测完成：共 2 条记录，0 条异常 (0.00%)
[2026-06-15 02:30:03] INFO [apply_counterparty_rules] 对方户名规则匹配完成: 总记录 2, 命中 0, 黑名单 0, 白名单 0
[2026-06-15 02:30:03] INFO [export_masked_summary] 脱敏版总表输出完成: /var*******************************************************************************************（共 2 条记录）
[2026-06-15 02:30:03] DEBUG [init_schema] 数据库表结构初始化完成
[2026-06-15 02:30:03] INFO [connect] SQLite 数据库已连接: /Use************************************************************************************
[2026-06-15 02:30:03] INFO [disconnect] SQLite 数据库已断开
[2026-06-15 02:30:03] ERROR [persist_transactions] 数据库持久化失败: UNIQUE constraint failed: import_batches.batch_id
Traceback (most recent call last):
  File "/Users/zhangchengcheng/work/ai-project/Trea/solo0605/label-02552/tests/../backend/database.py", line 1612, in persist_transactions
    insert_count, duplicate_count = db.insert_records(
                                    ~~~~~~~~~~~~~~~~~^
        transaction_records,
        ^^^^^^^^^^^^^^^^^^^^
        batch_id=batch_id,
        ^^^^^^^^^^^^^^^^^^
        deduplicate=deduplicate,
        ^^^^^^^^^^^^^^^^^^^^^^^^
    )
    ^
  File "/Users/zhangchengcheng/work/ai-project/Trea/solo0605/label-02552/tests/../backend/database.py", line 554, in insert_records
    cursor.execute('''
    ~~~~~~~~~~~~~~^^^^
        INSERT INTO import_batches (
        ^^^^^^^^^^^^^^^^^^^^^^^^^^^^
            batch_id, total_records, started_at, status
            ^^^^^^^^^^^^^^^^^^^^^^^^^^^^^^^^^^^^^^^^^^^
        ) VALUES (?, ?, ?, ?)
        ^^^^^^^^^^^^^^^^^^^^^
    ''', (batch_id, len(records), started_at, 'processing'))
    ^^^^^^^^^^^^^^^^^^^^^^^^^^^^^^^^^^^^^^^^^^^^^^^^^^^^^^^^
sqlite3.IntegrityError: UNIQUE constraint failed: import_batches.batch_id
[2026-06-15 02:30:03] INFO [run_pipeline] 数据库持久化完成: 批次 BATC***************, 插入 0 条, 去重跳过 0 条
[2026-06-15 02:30:03] INFO [identify_internal_transfers] 内部划转识别完成: 2 条记录, 识别出 0 对 (0 划出 + 0 划入), 涉及 0 个主体, 0 家银行
[2026-06-15 02:30:03] INFO [summarize_transactions] 主体维度汇总完成: 2 条记录, 1 个主体, 1 家银行, 1 个月份, 0 个未匹配账号
[2026-06-15 02:30:03] INFO [export_subject_summary] 主体维度汇总分析已导出: /var*********************************************************************************************************
[2026-06-15 02:30:03] INFO [run_pipeline] 主体维度汇总分析已自动生成: /var*********************************************************************************************************
[2026-06-15 02:30:03] INFO [check_balance_continuity] 共 1 个账号待校验
[2026-06-15 02:30:03] DEBUG [check_balance_continuity] 校验账号: 0109年03月, 记录数: 2
[2026-06-15 02:30:03] INFO [check_balance_continuity] 余额连续性校验完成 - 总账号: 1, 已校验: 1, 跳过: 0, 异常笔数: 0, 异常账号: 0
[2026-06-15 02:30:03] INFO [export_balance_check_result] 余额连续性校验结果已导出: /var**********************************************************************************************************
[2026-06-15 02:30:03] INFO [run_pipeline] 余额连续性校验报告已自动生成: /var**********************************************************************************************************
[2026-06-15 02:30:03] INFO [detect_duplicates] 重复交易检测完成 - 总记录: 2, 疑似重复组: 0, 疑似重复记录: 0, 重复率: 0.00%
[2026-06-15 02:30:03] INFO [generate_duplicate_check_from_records] 未检测到重复交易，仍导出报告
[2026-06-15 02:30:03] INFO [export_duplicate_check_result] 重复交易检测结果已导出: /var*********************************************************************************************************
[2026-06-15 02:30:03] INFO [run_pipeline] 重复交易检测报告已自动生成: /var*********************************************************************************************************
[2026-06-15 02:30:03] INFO [filter_interest_fee_transactions] 筛选出 0 条利息手续费交易
[2026-06-15 02:30:03] INFO [summarize_by_period] 按month汇总生成 0 条期间汇总记录，异常 0 条
[2026-06-15 02:30:03] INFO [check_interest_fee] 利息手续费核对完成 - 总记录: 0 (利息: 0, 手续费: 0), 期间汇总: 0, 异常: 0
[2026-06-15 02:30:03] WARNING [generate_interest_fee_check_from_records] 未筛选到任何利息手续费交易，跳过报告生成
[2026-06-15 02:30:03] INFO [mark_non_workday_transactions] 非工作日交易标记完成: 总记录 2, 工作日 2, 周末 0, 法定节假日 0, 调休工作日 0
[2026-06-15 02:30:03] INFO [generate_holiday_check_from_records] 未发现非工作日交易，仍导出报告
[2026-06-15 02:30:03] INFO [export_holiday_check_result] 非工作日交易标记结果已导出: /var***********************************************************************************************************
[2026-06-15 02:30:03] INFO [run_pipeline] 非工作日交易标记报告已自动生成: /var***********************************************************************************************************
[2026-06-15 02:30:03] INFO [assign_accounting_period] 会计期间归属完成: 2 条记录, 1 个期间
[2026-06-15 02:30:03] INFO [export_accounting_period_summary] 会计期间总表已导出: /var*******************************************************************************************************（1 个期间）
[2026-06-15 02:30:03] INFO [run_pipeline] 会计期间总表已自动生成: /var*******************************************************************************************************
[2026-06-15 02:30:03] INFO [save_report] 性能剖析报告已保存: /var*****************************************************************************************************
[2026-06-15 02:30:03] INFO [save_report] 性能剖析数据已保存: /var*******************************************************************************************************
[2026-06-15 02:30:03] INFO [run_pipeline] 性能剖析报告已生成: /var*****************************************************************************************************
[2026-06-15 02:30:03] INFO [generate_collab_template] 财务协同编辑模板生成完成: /var***************************************************************************************************************（可编辑列: 凭证号, 凭证日期, 会计科目编码, 会计科目名称, 备注, 制单人）
[2026-06-15 02:30:03] INFO [run_pipeline] 财务协同编辑模板已自动生成: /var***************************************************************************************************************
[2026-06-15 02:30:03] INFO [generate_pending_list_xlsx] 待处理清单已生成: /var******************************************************************************************************（共 1 条记录）
[2026-06-15 02:30:03] INFO [scan_bank_files] 共扫描到 0 个银行导出文件
[2026-06-15 02:30:03] INFO [setup_logging] 日志系统初始化完成，日志文件: /Use*******************************************************************************************************
[2026-06-15 02:30:03] INFO [setup_logging] 未检测到 tkinter，将使用命令行交互模式
[2026-06-15 02:30:03] INFO [find_lookup_file] 精确匹配到主体查找表: /var**************************************************************************************
[2026-06-15 02:30:03] INFO [run_pipeline] 正在预加载主体查找表...
[2026-06-15 02:30:03] DEBUG [detect_file_format] 文件 /var************************************************************************************** Magic Bytes 检测为 xlsx 格式 (ZIP/OOXML)
[2026-06-15 02:30:03] INFO [load_lookup_table] 查找表加载完成：共 2 条条目，2 个唯一账号，0 个扩展字段
[2026-06-15 02:30:03] INFO [run_pipeline] 主体查找表预加载完成
[2026-06-15 02:30:03] INFO [load_existing_keys] 未找到历史总表，将以全量模式运行
[2026-06-15 02:30:03] INFO [run_pipeline] 无历史数据，将以全量模式运行
[2026-06-15 02:30:03] INFO [prepare_working_folder] 已复制文件夹到同级目录: /var******************************************************************************
[2026-06-15 02:30:03] DEBUG [scan_bank_files] 发现银行导出文件: /var*******************************************************************************************
[2026-06-15 02:30:03] DEBUG [scan_bank_files] 发现银行导出文件: /var*******************************************************************************************
[2026-06-15 02:30:03] INFO [scan_bank_files] 共扫描到 2 个银行导出文件
[2026-06-15 02:30:03] DEBUG [detect_file_format] 文件 /var******************************************************************************************* Magic Bytes 检测为 xlsx 格式 (ZIP/OOXML)
[2026-06-15 02:30:03] DEBUG [detect_file_format] 文件 /var******************************************************************************************* Magic Bytes 检测为 xlsx 格式 (ZIP/OOXML)
[2026-06-15 02:30:03] INFO [identify_bank] 文件「北京银行_流水.xlsx」通过前缀匹配识别为: 北京银行
[2026-06-15 02:30:03] INFO [parse] 开始处理北京银行文件: /var*******************************************************************************************
[2026-06-15 02:30:03] DEBUG [detect_file_format] 文件 /var******************************************************************************************* Magic Bytes 检测为 xlsx 格式 (ZIP/OOXML)
[2026-06-15 02:30:03] INFO [validate_headers] 北京银行文件工作表「交易明细」表头校验通过，7 个字段均匹配
[2026-06-15 02:30:03] DEBUG [get_subject_info] 银行账号「0109年03月」匹配到主体: 北********司（优先级: 0）
[2026-06-15 02:30:03] INFO [_parse_sheet] 北京银行文件工作表「交易明细」提取 2 条记录
[2026-06-15 02:30:03] INFO [parse] 北京银行文件处理完成，共提取 2 条记录
[2026-06-15 02:30:03] INFO [run_pipeline] 成功处理文件: /var*******************************************************************************************（2 条记录）
[2026-06-15 02:30:03] DEBUG [detect_file_format] 文件 /var******************************************************************************************* Magic Bytes 检测为 xlsx 格式 (ZIP/OOXML)
[2026-06-15 02:30:03] WARNING [identify_bank] 文件「未知银行_流水.xlsx」无法识别银行类型
[2026-06-15 02:30:03] DEBUG [detect_file_format] 文件 /var******************************************************************************************* Magic Bytes 检测为 xlsx 格式 (ZIP/OOXML)
[2026-06-15 02:30:03] DEBUG [identify_bank] 收集银行识别失败调试信息时出错: %d format: a real number is required, not str
[2026-06-15 02:30:03] DEBUG [delete_processed_files] 已删除文件: /var*******************************************************************************************
[2026-06-15 02:30:03] INFO [run_pipeline] 总表输出完成: /var***************************************************************************************（共 2 条记录）
[2026-06-15 02:30:03] INFO [apply_amount_anomaly_detection] 开始金额异常检测，单笔阈值: [金额已隐藏] 元
[2026-06-15 02:30:03] INFO [apply_amount_anomaly_detection] 金额异常检测完成：共 2 条记录，0 条异常 (0.00%)
[2026-06-15 02:30:03] INFO [apply_counterparty_rules] 对方户名规则匹配完成: 总记录 2, 命中 0, 黑名单 0, 白名单 0
[2026-06-15 02:30:03] INFO [export_masked_summary] 脱敏版总表输出完成: /var*******************************************************************************************（共 2 条记录）
[2026-06-15 02:30:03] DEBUG [init_schema] 数据库表结构初始化完成
[2026-06-15 02:30:03] INFO [connect] SQLite 数据库已连接: /Use************************************************************************************
[2026-06-15 02:30:03] INFO [disconnect] SQLite 数据库已断开
[2026-06-15 02:30:03] ERROR [persist_transactions] 数据库持久化失败: UNIQUE constraint failed: import_batches.batch_id
Traceback (most recent call last):
  File "/Users/zhangchengcheng/work/ai-project/Trea/solo0605/label-02552/tests/../backend/database.py", line 1612, in persist_transactions
    insert_count, duplicate_count = db.insert_records(
                                    ~~~~~~~~~~~~~~~~~^
        transaction_records,
        ^^^^^^^^^^^^^^^^^^^^
        batch_id=batch_id,
        ^^^^^^^^^^^^^^^^^^
        deduplicate=deduplicate,
        ^^^^^^^^^^^^^^^^^^^^^^^^
    )
    ^
  File "/Users/zhangchengcheng/work/ai-project/Trea/solo0605/label-02552/tests/../backend/database.py", line 554, in insert_records
    cursor.execute('''
    ~~~~~~~~~~~~~~^^^^
        INSERT INTO import_batches (
        ^^^^^^^^^^^^^^^^^^^^^^^^^^^^
            batch_id, total_records, started_at, status
            ^^^^^^^^^^^^^^^^^^^^^^^^^^^^^^^^^^^^^^^^^^^
        ) VALUES (?, ?, ?, ?)
        ^^^^^^^^^^^^^^^^^^^^^
    ''', (batch_id, len(records), started_at, 'processing'))
    ^^^^^^^^^^^^^^^^^^^^^^^^^^^^^^^^^^^^^^^^^^^^^^^^^^^^^^^^
sqlite3.IntegrityError: UNIQUE constraint failed: import_batches.batch_id
[2026-06-15 02:30:03] INFO [run_pipeline] 数据库持久化完成: 批次 BATC***************, 插入 0 条, 去重跳过 0 条
[2026-06-15 02:30:03] INFO [identify_internal_transfers] 内部划转识别完成: 2 条记录, 识别出 0 对 (0 划出 + 0 划入), 涉及 0 个主体, 0 家银行
[2026-06-15 02:30:03] INFO [summarize_transactions] 主体维度汇总完成: 2 条记录, 1 个主体, 1 家银行, 1 个月份, 0 个未匹配账号
[2026-06-15 02:30:03] INFO [export_subject_summary] 主体维度汇总分析已导出: /var*********************************************************************************************************
[2026-06-15 02:30:03] INFO [run_pipeline] 主体维度汇总分析已自动生成: /var*********************************************************************************************************
[2026-06-15 02:30:03] INFO [check_balance_continuity] 共 1 个账号待校验
[2026-06-15 02:30:03] DEBUG [check_balance_continuity] 校验账号: 0109年03月, 记录数: 2
[2026-06-15 02:30:03] INFO [check_balance_continuity] 余额连续性校验完成 - 总账号: 1, 已校验: 1, 跳过: 0, 异常笔数: 0, 异常账号: 0
[2026-06-15 02:30:03] INFO [export_balance_check_result] 余额连续性校验结果已导出: /var**********************************************************************************************************
[2026-06-15 02:30:03] INFO [run_pipeline] 余额连续性校验报告已自动生成: /var**********************************************************************************************************
[2026-06-15 02:30:03] INFO [detect_duplicates] 重复交易检测完成 - 总记录: 2, 疑似重复组: 0, 疑似重复记录: 0, 重复率: 0.00%
[2026-06-15 02:30:03] INFO [generate_duplicate_check_from_records] 未检测到重复交易，仍导出报告
[2026-06-15 02:30:03] INFO [export_duplicate_check_result] 重复交易检测结果已导出: /var*********************************************************************************************************
[2026-06-15 02:30:03] INFO [run_pipeline] 重复交易检测报告已自动生成: /var*********************************************************************************************************
[2026-06-15 02:30:03] INFO [filter_interest_fee_transactions] 筛选出 0 条利息手续费交易
[2026-06-15 02:30:03] INFO [summarize_by_period] 按month汇总生成 0 条期间汇总记录，异常 0 条
[2026-06-15 02:30:03] INFO [check_interest_fee] 利息手续费核对完成 - 总记录: 0 (利息: 0, 手续费: 0), 期间汇总: 0, 异常: 0
[2026-06-15 02:30:03] WARNING [generate_interest_fee_check_from_records] 未筛选到任何利息手续费交易，跳过报告生成
[2026-06-15 02:30:03] INFO [mark_non_workday_transactions] 非工作日交易标记完成: 总记录 2, 工作日 2, 周末 0, 法定节假日 0, 调休工作日 0
[2026-06-15 02:30:03] INFO [generate_holiday_check_from_records] 未发现非工作日交易，仍导出报告
[2026-06-15 02:30:03] INFO [export_holiday_check_result] 非工作日交易标记结果已导出: /var***********************************************************************************************************
[2026-06-15 02:30:03] INFO [run_pipeline] 非工作日交易标记报告已自动生成: /var***********************************************************************************************************
[2026-06-15 02:30:03] INFO [assign_accounting_period] 会计期间归属完成: 2 条记录, 1 个期间
[2026-06-15 02:30:03] INFO [export_accounting_period_summary] 会计期间总表已导出: /var*******************************************************************************************************（1 个期间）
[2026-06-15 02:30:03] INFO [run_pipeline] 会计期间总表已自动生成: /var*******************************************************************************************************
[2026-06-15 02:30:03] INFO [save_report] 性能剖析报告已保存: /var*****************************************************************************************************
[2026-06-15 02:30:03] INFO [save_report] 性能剖析数据已保存: /var*******************************************************************************************************
[2026-06-15 02:30:03] INFO [run_pipeline] 性能剖析报告已生成: /var*****************************************************************************************************
[2026-06-15 02:30:03] INFO [generate_collab_template] 财务协同编辑模板生成完成: /var***************************************************************************************************************（可编辑列: 凭证号, 凭证日期, 会计科目编码, 会计科目名称, 备注, 制单人）
[2026-06-15 02:30:03] INFO [run_pipeline] 财务协同编辑模板已自动生成: /var***************************************************************************************************************
[2026-06-15 02:30:03] INFO [generate_pending_list_xlsx] 待处理清单已生成: /var******************************************************************************************************（共 1 条记录）
[2026-06-15 02:30:03] DEBUG [scan_bank_files] 发现银行导出文件: /var*******************************************************************************************
[2026-06-15 02:30:03] INFO [scan_bank_files] 共扫描到 1 个银行导出文件
[2026-06-15 02:30:03] INFO [setup_logging] 日志系统初始化完成，日志文件: /Use*******************************************************************************************************
[2026-06-15 02:30:03] INFO [setup_logging] 未检测到 tkinter，将使用命令行交互模式
[2026-06-15 02:30:03] INFO [find_lookup_file] 精确匹配到主体查找表: /var**************************************************************************************
[2026-06-15 02:30:03] INFO [run_pipeline] 正在预加载主体查找表...
[2026-06-15 02:30:03] DEBUG [detect_file_format] 文件 /var************************************************************************************** Magic Bytes 检测为 xlsx 格式 (ZIP/OOXML)
[2026-06-15 02:30:03] INFO [load_lookup_table] 查找表加载完成：共 2 条条目，2 个唯一账号，0 个扩展字段
[2026-06-15 02:30:03] INFO [run_pipeline] 主体查找表预加载完成
[2026-06-15 02:30:03] INFO [load_existing_keys] 未找到历史总表，将以全量模式运行
[2026-06-15 02:30:03] INFO [run_pipeline] 无历史数据，将以全量模式运行
[2026-06-15 02:30:03] INFO [prepare_working_folder] 已复制文件夹到同级目录: /var******************************************************************************
[2026-06-15 02:30:03] DEBUG [scan_bank_files] 发现银行导出文件: /var*******************************************************************************************
[2026-06-15 02:30:03] INFO [scan_bank_files] 共扫描到 1 个银行导出文件
[2026-06-15 02:30:03] DEBUG [detect_file_format] 文件 /var******************************************************************************************* Magic Bytes 检测为 xlsx 格式 (ZIP/OOXML)
[2026-06-15 02:30:03] INFO [identify_bank] 文件「北京银行_流水.xlsx」通过前缀匹配识别为: 北京银行
[2026-06-15 02:30:03] INFO [parse] 开始处理北京银行文件: /var*******************************************************************************************
[2026-06-15 02:30:03] DEBUG [detect_file_format] 文件 /var******************************************************************************************* Magic Bytes 检测为 xlsx 格式 (ZIP/OOXML)
[2026-06-15 02:30:03] INFO [validate_headers] 北京银行文件工作表「交易明细」表头校验通过，7 个字段均匹配
[2026-06-15 02:30:03] DEBUG [get_subject_info] 银行账号「0109年03月」匹配到主体: 北********司（优先级: 0）
[2026-06-15 02:30:03] INFO [_parse_sheet] 北京银行文件工作表「交易明细」提取 8 条记录
[2026-06-15 02:30:03] INFO [parse] 北京银行文件处理完成，共提取 8 条记录
[2026-06-15 02:30:03] INFO [run_pipeline] 成功处理文件: /var*******************************************************************************************（8 条记录）
[2026-06-15 02:30:03] DEBUG [delete_processed_files] 已删除文件: /var*******************************************************************************************
[2026-06-15 02:30:03] INFO [run_pipeline] 总表输出完成: /var***************************************************************************************（共 8 条记录）
[2026-06-15 02:30:03] INFO [apply_amount_anomaly_detection] 开始金额异常检测，单笔阈值: [金额已隐藏] 元
[2026-06-15 02:30:03] INFO [apply_amount_anomaly_detection] 金额异常检测完成：共 8 条记录，0 条异常 (0.00%)
[2026-06-15 02:30:03] INFO [apply_counterparty_rules] 对方户名规则匹配完成: 总记录 8, 命中 0, 黑名单 0, 白名单 0
[2026-06-15 02:30:03] INFO [apply_holiday_tags] 非工作日交易打标: 总记录 8, 非工作日 2 (周末 1, 节假日 1)
[2026-06-15 02:30:03] INFO [run_pipeline] 非工作日交易打标: 总记录 8, 非工作日 2 (周末 1, 节假日 1)
[2026-06-15 02:30:03] INFO [run_pipeline] 已将非工作日打标结果回写到总表: /var***************************************************************************************
[2026-06-15 02:30:03] INFO [export_masked_summary] 脱敏版总表输出完成: /var*******************************************************************************************（共 8 条记录）
[2026-06-15 02:30:03] DEBUG [init_schema] 数据库表结构初始化完成
[2026-06-15 02:30:03] INFO [connect] SQLite 数据库已连接: /Use************************************************************************************
[2026-06-15 02:30:03] INFO [disconnect] SQLite 数据库已断开
[2026-06-15 02:30:03] ERROR [persist_transactions] 数据库持久化失败: UNIQUE constraint failed: import_batches.batch_id
Traceback (most recent call last):
  File "/Users/zhangchengcheng/work/ai-project/Trea/solo0605/label-02552/tests/../backend/database.py", line 1612, in persist_transactions
    insert_count, duplicate_count = db.insert_records(
                                    ~~~~~~~~~~~~~~~~~^
        transaction_records,
        ^^^^^^^^^^^^^^^^^^^^
        batch_id=batch_id,
        ^^^^^^^^^^^^^^^^^^
        deduplicate=deduplicate,
        ^^^^^^^^^^^^^^^^^^^^^^^^
    )
    ^
  File "/Users/zhangchengcheng/work/ai-project/Trea/solo0605/label-02552/tests/../backend/database.py", line 554, in insert_records
    cursor.execute('''
    ~~~~~~~~~~~~~~^^^^
        INSERT INTO import_batches (
        ^^^^^^^^^^^^^^^^^^^^^^^^^^^^
            batch_id, total_records, started_at, status
            ^^^^^^^^^^^^^^^^^^^^^^^^^^^^^^^^^^^^^^^^^^^
        ) VALUES (?, ?, ?, ?)
        ^^^^^^^^^^^^^^^^^^^^^
    ''', (batch_id, len(records), started_at, 'processing'))
    ^^^^^^^^^^^^^^^^^^^^^^^^^^^^^^^^^^^^^^^^^^^^^^^^^^^^^^^^
sqlite3.IntegrityError: UNIQUE constraint failed: import_batches.batch_id
[2026-06-15 02:30:03] INFO [run_pipeline] 数据库持久化完成: 批次 BATC***************, 插入 0 条, 去重跳过 0 条
[2026-06-15 02:30:03] INFO [identify_internal_transfers] 内部划转识别完成: 8 条记录, 识别出 0 对 (0 划出 + 0 划入), 涉及 0 个主体, 0 家银行
[2026-06-15 02:30:03] INFO [summarize_transactions] 主体维度汇总完成: 8 条记录, 1 个主体, 1 家银行, 3 个月份, 0 个未匹配账号
[2026-06-15 02:30:03] INFO [export_subject_summary] 主体维度汇总分析已导出: /var*********************************************************************************************************
[2026-06-15 02:30:03] INFO [run_pipeline] 主体维度汇总分析已自动生成: /var*********************************************************************************************************
[2026-06-15 02:30:03] INFO [check_balance_continuity] 共 1 个账号待校验
[2026-06-15 02:30:03] DEBUG [check_balance_continuity] 校验账号: 0109年03月, 记录数: 8
[2026-06-15 02:30:03] INFO [check_balance_continuity] 余额连续性校验完成 - 总账号: 1, 已校验: 1, 跳过: 0, 异常笔数: 0, 异常账号: 0
[2026-06-15 02:30:03] INFO [export_balance_check_result] 余额连续性校验结果已导出: /var**********************************************************************************************************
[2026-06-15 02:30:03] INFO [run_pipeline] 余额连续性校验报告已自动生成: /var**********************************************************************************************************
[2026-06-15 02:30:03] INFO [detect_duplicates] 重复交易检测完成 - 总记录: 8, 疑似重复组: 0, 疑似重复记录: 0, 重复率: 0.00%
[2026-06-15 02:30:03] INFO [generate_duplicate_check_from_records] 未检测到重复交易，仍导出报告
[2026-06-15 02:30:04] INFO [export_duplicate_check_result] 重复交易检测结果已导出: /var*********************************************************************************************************
[2026-06-15 02:30:04] INFO [run_pipeline] 重复交易检测报告已自动生成: /var*********************************************************************************************************
[2026-06-15 02:30:04] INFO [filter_interest_fee_transactions] 筛选出 6 条利息手续费交易
[2026-06-15 02:30:04] INFO [summarize_by_period] 按month汇总生成 6 条期间汇总记录，异常 2 条
[2026-06-15 02:30:04] INFO [check_interest_fee] 利息手续费核对完成 - 总记录: 6 (利息: 2, 手续费: 4), 期间汇总: 6, 异常: 2
[2026-06-15 02:30:04] INFO [export_interest_fee_check_result] 利息手续费核对结果已导出: /var**********************************************************************************************************
[2026-06-15 02:30:04] INFO [run_pipeline] Interest & Fee check report auto-generated: /var/folders/8t/8rw7_pg16cx2c2mkh_cvpz8m0000gn/T/bankcheck_test_rrkmyinx/script/利息手续费核对报告_20260615_023004.xlsx
[2026-06-15 02:30:04] INFO [mark_non_workday_transactions] 非工作日交易标记完成: 总记录 8, 工作日 6, 周末 1, 法定节假日 1, 调休工作日 0
[2026-06-15 02:30:04] INFO [export_holiday_check_result] 非工作日交易标记结果已导出: /var***********************************************************************************************************
[2026-06-15 02:30:04] INFO [run_pipeline] 非工作日交易标记报告已自动生成: /var***********************************************************************************************************
[2026-06-15 02:30:04] INFO [assign_accounting_period] 会计期间归属完成: 8 条记录, 3 个期间
[2026-06-15 02:30:04] INFO [export_accounting_period_summary] 会计期间总表已导出: /var*******************************************************************************************************（3 个期间）
[2026-06-15 02:30:04] INFO [run_pipeline] 会计期间总表已自动生成: /var*******************************************************************************************************
[2026-06-15 02:30:04] INFO [save_report] 性能剖析报告已保存: /var*****************************************************************************************************
[2026-06-15 02:30:04] INFO [save_report] 性能剖析数据已保存: /var*******************************************************************************************************
[2026-06-15 02:30:04] INFO [run_pipeline] 性能剖析报告已生成: /var*****************************************************************************************************
[2026-06-15 02:30:04] INFO [generate_collab_template] 财务协同编辑模板生成完成: /var***************************************************************************************************************（可编辑列: 凭证号, 凭证日期, 会计科目编码, 会计科目名称, 备注, 制单人）
[2026-06-15 02:30:04] INFO [run_pipeline] 财务协同编辑模板已自动生成: /var***************************************************************************************************************
[2026-06-15 02:30:04] INFO [setup_logging] 日志系统初始化完成，日志文件: /Use*******************************************************************************************************
[2026-06-15 02:30:04] INFO [setup_logging] 未检测到 tkinter，将使用命令行交互模式
[2026-06-15 02:30:04] INFO [find_lookup_file] 精确匹配到主体查找表: /var**************************************************************************************
[2026-06-15 02:30:04] INFO [run_pipeline] 正在预加载主体查找表...
[2026-06-15 02:30:04] DEBUG [detect_file_format] 文件 /var************************************************************************************** Magic Bytes 检测为 xlsx 格式 (ZIP/OOXML)
[2026-06-15 02:30:04] INFO [load_lookup_table] 查找表加载完成：共 2 条条目，2 个唯一账号，0 个扩展字段
[2026-06-15 02:30:04] INFO [run_pipeline] 主体查找表预加载完成
[2026-06-15 02:30:04] INFO [load_existing_keys] 未找到历史总表，将以全量模式运行
[2026-06-15 02:30:04] INFO [run_pipeline] 无历史数据，将以全量模式运行
[2026-06-15 02:30:04] INFO [prepare_working_folder] 已复制文件夹到同级目录: /var******************************************************************************
[2026-06-15 02:30:04] DEBUG [scan_bank_files] 发现银行导出文件: /var*******************************************************************************************
[2026-06-15 02:30:04] INFO [scan_bank_files] 共扫描到 1 个银行导出文件
[2026-06-15 02:30:04] DEBUG [detect_file_format] 文件 /var******************************************************************************************* Magic Bytes 检测为 xlsx 格式 (ZIP/OOXML)
[2026-06-15 02:30:04] INFO [identify_bank] 文件「北京银行_流水.xlsx」通过前缀匹配识别为: 北京银行
[2026-06-15 02:30:04] INFO [parse] 开始处理北京银行文件: /var*******************************************************************************************
[2026-06-15 02:30:04] DEBUG [detect_file_format] 文件 /var******************************************************************************************* Magic Bytes 检测为 xlsx 格式 (ZIP/OOXML)
[2026-06-15 02:30:04] INFO [validate_headers] 北京银行文件工作表「交易明细」表头校验通过，7 个字段均匹配
[2026-06-15 02:30:04] DEBUG [get_subject_info] 银行账号「0109年03月」匹配到主体: 北********司（优先级: 0）
[2026-06-15 02:30:04] INFO [_parse_sheet] 北京银行文件工作表「交易明细」提取 8 条记录
[2026-06-15 02:30:04] INFO [parse] 北京银行文件处理完成，共提取 8 条记录
[2026-06-15 02:30:04] INFO [run_pipeline] 成功处理文件: /var*******************************************************************************************（8 条记录）
[2026-06-15 02:30:04] DEBUG [delete_processed_files] 已删除文件: /var*******************************************************************************************
[2026-06-15 02:30:04] INFO [run_pipeline] 总表输出完成: /var***************************************************************************************（共 8 条记录）
[2026-06-15 02:30:04] INFO [apply_amount_anomaly_detection] 开始金额异常检测，单笔阈值: [金额已隐藏] 元
[2026-06-15 02:30:04] INFO [apply_amount_anomaly_detection] 金额异常检测完成：共 8 条记录，0 条异常 (0.00%)
[2026-06-15 02:30:04] INFO [apply_counterparty_rules] 对方户名规则匹配完成: 总记录 8, 命中 0, 黑名单 0, 白名单 0
[2026-06-15 02:30:04] INFO [apply_holiday_tags] 非工作日交易打标: 总记录 8, 非工作日 2 (周末 1, 节假日 1)
[2026-06-15 02:30:04] INFO [run_pipeline] 非工作日交易打标: 总记录 8, 非工作日 2 (周末 1, 节假日 1)
[2026-06-15 02:30:04] INFO [run_pipeline] 已将非工作日打标结果回写到总表: /var***************************************************************************************
[2026-06-15 02:30:04] INFO [export_masked_summary] 脱敏版总表输出完成: /var*******************************************************************************************（共 8 条记录）
[2026-06-15 02:30:04] DEBUG [init_schema] 数据库表结构初始化完成
[2026-06-15 02:30:04] INFO [connect] SQLite 数据库已连接: /Use************************************************************************************
[2026-06-15 02:30:04] INFO [insert_records] 已加载 25 个历史匹配键用于去重
[2026-06-15 02:30:04] INFO [insert_records] 批量导入完成: 批次 BATC***************, 共 8 条, 新增 0 条, 重复 8 条
[2026-06-15 02:30:04] INFO [disconnect] SQLite 数据库已断开
[2026-06-15 02:30:04] INFO [run_pipeline] 数据库持久化完成: 批次 BATC***************, 插入 0 条, 去重跳过 8 条
[2026-06-15 02:30:04] INFO [identify_internal_transfers] 内部划转识别完成: 8 条记录, 识别出 0 对 (0 划出 + 0 划入), 涉及 0 个主体, 0 家银行
[2026-06-15 02:30:04] INFO [summarize_transactions] 主体维度汇总完成: 8 条记录, 1 个主体, 1 家银行, 3 个月份, 0 个未匹配账号
[2026-06-15 02:30:04] INFO [export_subject_summary] 主体维度汇总分析已导出: /var*********************************************************************************************************
[2026-06-15 02:30:04] INFO [run_pipeline] 主体维度汇总分析已自动生成: /var*********************************************************************************************************
[2026-06-15 02:30:04] INFO [check_balance_continuity] 共 1 个账号待校验
[2026-06-15 02:30:04] DEBUG [check_balance_continuity] 校验账号: 0109年03月, 记录数: 8
[2026-06-15 02:30:04] INFO [check_balance_continuity] 余额连续性校验完成 - 总账号: 1, 已校验: 1, 跳过: 0, 异常笔数: 0, 异常账号: 0
[2026-06-15 02:30:04] INFO [export_balance_check_result] 余额连续性校验结果已导出: /var**********************************************************************************************************
[2026-06-15 02:30:04] INFO [run_pipeline] 余额连续性校验报告已自动生成: /var**********************************************************************************************************
[2026-06-15 02:30:04] INFO [detect_duplicates] 重复交易检测完成 - 总记录: 8, 疑似重复组: 0, 疑似重复记录: 0, 重复率: 0.00%
[2026-06-15 02:30:04] INFO [generate_duplicate_check_from_records] 未检测到重复交易，仍导出报告
[2026-06-15 02:30:04] INFO [export_duplicate_check_result] 重复交易检测结果已导出: /var*********************************************************************************************************
[2026-06-15 02:30:04] INFO [run_pipeline] 重复交易检测报告已自动生成: /var*********************************************************************************************************
[2026-06-15 02:30:04] INFO [filter_interest_fee_transactions] 筛选出 6 条利息手续费交易
[2026-06-15 02:30:04] INFO [summarize_by_period] 按month汇总生成 6 条期间汇总记录，异常 2 条
[2026-06-15 02:30:04] INFO [check_interest_fee] 利息手续费核对完成 - 总记录: 6 (利息: 2, 手续费: 4), 期间汇总: 6, 异常: 2
[2026-06-15 02:30:04] INFO [export_interest_fee_check_result] 利息手续费核对结果已导出: /var**********************************************************************************************************
[2026-06-15 02:30:04] INFO [run_pipeline] Interest & Fee check report auto-generated: /var/folders/8t/8rw7_pg16cx2c2mkh_cvpz8m0000gn/T/bankcheck_test_88hzsk_u/script/利息手续费核对报告_20260615_023004.xlsx
[2026-06-15 02:30:04] INFO [mark_non_workday_transactions] 非工作日交易标记完成: 总记录 8, 工作日 6, 周末 1, 法定节假日 1, 调休工作日 0
[2026-06-15 02:30:04] INFO [export_holiday_check_result] 非工作日交易标记结果已导出: /var***********************************************************************************************************
[2026-06-15 02:30:04] INFO [run_pipeline] 非工作日交易标记报告已自动生成: /var***********************************************************************************************************
[2026-06-15 02:30:04] INFO [assign_accounting_period] 会计期间归属完成: 8 条记录, 3 个期间
[2026-06-15 02:30:04] INFO [export_accounting_period_summary] 会计期间总表已导出: /var*******************************************************************************************************（3 个期间）
[2026-06-15 02:30:04] INFO [run_pipeline] 会计期间总表已自动生成: /var*******************************************************************************************************
[2026-06-15 02:30:04] INFO [save_report] 性能剖析报告已保存: /var*****************************************************************************************************
[2026-06-15 02:30:04] INFO [save_report] 性能剖析数据已保存: /var*******************************************************************************************************
[2026-06-15 02:30:04] INFO [run_pipeline] 性能剖析报告已生成: /var*****************************************************************************************************
[2026-06-15 02:30:04] INFO [generate_collab_template] 财务协同编辑模板生成完成: /var***************************************************************************************************************（可编辑列: 凭证号, 凭证日期, 会计科目编码, 会计科目名称, 备注, 制单人）
[2026-06-15 02:30:04] INFO [run_pipeline] 财务协同编辑模板已自动生成: /var***************************************************************************************************************
[2026-06-15 02:30:04] INFO [load_total_table] 加载总表成功，共 8 条记录
[2026-06-15 02:30:04] INFO [filter_interest_fee_transactions] 筛选出 6 条利息手续费交易
[2026-06-15 02:30:04] INFO [summarize_by_period] 按month汇总生成 6 条期间汇总记录，异常 2 条
[2026-06-15 02:30:04] INFO [check_interest_fee] 利息手续费核对完成 - 总记录: 6 (利息: 2, 手续费: 4), 期间汇总: 6, 异常: 2
[2026-06-15 02:30:04] INFO [export_interest_fee_check_result] 利息手续费核对结果已导出: /var***************************************************************************************************
[2026-06-15 02:30:04] INFO [setup_logging] 日志系统初始化完成，日志文件: /Use*******************************************************************************************************
[2026-06-15 02:30:04] INFO [setup_logging] 未检测到 tkinter，将使用命令行交互模式
[2026-06-15 02:30:04] INFO [find_lookup_file] 精确匹配到主体查找表: /var**************************************************************************************
[2026-06-15 02:30:04] INFO [run_pipeline] 正在预加载主体查找表...
[2026-06-15 02:30:04] DEBUG [detect_file_format] 文件 /var************************************************************************************** Magic Bytes 检测为 xlsx 格式 (ZIP/OOXML)
[2026-06-15 02:30:04] INFO [load_lookup_table] 查找表加载完成：共 2 条条目，2 个唯一账号，0 个扩展字段
[2026-06-15 02:30:04] INFO [run_pipeline] 主体查找表预加载完成
[2026-06-15 02:30:04] INFO [load_existing_keys] 未找到历史总表，将以全量模式运行
[2026-06-15 02:30:04] INFO [run_pipeline] 无历史数据，将以全量模式运行
[2026-06-15 02:30:04] INFO [prepare_working_folder] 已复制文件夹到同级目录: /var******************************************************************************
[2026-06-15 02:30:04] DEBUG [scan_bank_files] 发现银行导出文件: /var*******************************************************************************************
[2026-06-15 02:30:04] INFO [scan_bank_files] 共扫描到 1 个银行导出文件
[2026-06-15 02:30:04] DEBUG [detect_file_format] 文件 /var******************************************************************************************* Magic Bytes 检测为 xlsx 格式 (ZIP/OOXML)
[2026-06-15 02:30:04] INFO [identify_bank] 文件「北京银行_流水.xlsx」通过前缀匹配识别为: 北京银行
[2026-06-15 02:30:04] INFO [parse] 开始处理北京银行文件: /var*******************************************************************************************
[2026-06-15 02:30:04] DEBUG [detect_file_format] 文件 /var******************************************************************************************* Magic Bytes 检测为 xlsx 格式 (ZIP/OOXML)
[2026-06-15 02:30:04] INFO [validate_headers] 北京银行文件工作表「交易明细」表头校验通过，7 个字段均匹配
[2026-06-15 02:30:04] DEBUG [get_subject_info] 银行账号「0109年03月」匹配到主体: 北********司（优先级: 0）
[2026-06-15 02:30:04] INFO [_parse_sheet] 北京银行文件工作表「交易明细」提取 8 条记录
[2026-06-15 02:30:04] INFO [parse] 北京银行文件处理完成，共提取 8 条记录
[2026-06-15 02:30:04] INFO [run_pipeline] 成功处理文件: /var*******************************************************************************************（8 条记录）
[2026-06-15 02:30:04] DEBUG [delete_processed_files] 已删除文件: /var*******************************************************************************************
[2026-06-15 02:30:04] INFO [run_pipeline] 总表输出完成: /var***************************************************************************************（共 8 条记录）
[2026-06-15 02:30:04] INFO [apply_amount_anomaly_detection] 开始金额异常检测，单笔阈值: [金额已隐藏] 元
[2026-06-15 02:30:04] INFO [apply_amount_anomaly_detection] 金额异常检测完成：共 8 条记录，0 条异常 (0.00%)
[2026-06-15 02:30:04] INFO [apply_counterparty_rules] 对方户名规则匹配完成: 总记录 8, 命中 0, 黑名单 0, 白名单 0
[2026-06-15 02:30:04] INFO [apply_holiday_tags] 非工作日交易打标: 总记录 8, 非工作日 2 (周末 1, 节假日 1)
[2026-06-15 02:30:04] INFO [run_pipeline] 非工作日交易打标: 总记录 8, 非工作日 2 (周末 1, 节假日 1)
[2026-06-15 02:30:04] INFO [run_pipeline] 已将非工作日打标结果回写到总表: /var***************************************************************************************
[2026-06-15 02:30:04] INFO [export_masked_summary] 脱敏版总表输出完成: /var*******************************************************************************************（共 8 条记录）
[2026-06-15 02:30:04] DEBUG [init_schema] 数据库表结构初始化完成
[2026-06-15 02:30:04] INFO [connect] SQLite 数据库已连接: /Use************************************************************************************
[2026-06-15 02:30:04] INFO [disconnect] SQLite 数据库已断开
[2026-06-15 02:30:04] ERROR [persist_transactions] 数据库持久化失败: UNIQUE constraint failed: import_batches.batch_id
Traceback (most recent call last):
  File "/Users/zhangchengcheng/work/ai-project/Trea/solo0605/label-02552/tests/../backend/database.py", line 1612, in persist_transactions
    insert_count, duplicate_count = db.insert_records(
                                    ~~~~~~~~~~~~~~~~~^
        transaction_records,
        ^^^^^^^^^^^^^^^^^^^^
        batch_id=batch_id,
        ^^^^^^^^^^^^^^^^^^
        deduplicate=deduplicate,
        ^^^^^^^^^^^^^^^^^^^^^^^^
    )
    ^
  File "/Users/zhangchengcheng/work/ai-project/Trea/solo0605/label-02552/tests/../backend/database.py", line 554, in insert_records
    cursor.execute('''
    ~~~~~~~~~~~~~~^^^^
        INSERT INTO import_batches (
        ^^^^^^^^^^^^^^^^^^^^^^^^^^^^
            batch_id, total_records, started_at, status
            ^^^^^^^^^^^^^^^^^^^^^^^^^^^^^^^^^^^^^^^^^^^
        ) VALUES (?, ?, ?, ?)
        ^^^^^^^^^^^^^^^^^^^^^
    ''', (batch_id, len(records), started_at, 'processing'))
    ^^^^^^^^^^^^^^^^^^^^^^^^^^^^^^^^^^^^^^^^^^^^^^^^^^^^^^^^
sqlite3.IntegrityError: UNIQUE constraint failed: import_batches.batch_id
[2026-06-15 02:30:04] INFO [run_pipeline] 数据库持久化完成: 批次 BATC***************, 插入 0 条, 去重跳过 0 条
[2026-06-15 02:30:04] INFO [identify_internal_transfers] 内部划转识别完成: 8 条记录, 识别出 0 对 (0 划出 + 0 划入), 涉及 0 个主体, 0 家银行
[2026-06-15 02:30:04] INFO [summarize_transactions] 主体维度汇总完成: 8 条记录, 1 个主体, 1 家银行, 3 个月份, 0 个未匹配账号
[2026-06-15 02:30:04] INFO [export_subject_summary] 主体维度汇总分析已导出: /var*********************************************************************************************************
[2026-06-15 02:30:04] INFO [run_pipeline] 主体维度汇总分析已自动生成: /var*********************************************************************************************************
[2026-06-15 02:30:04] INFO [check_balance_continuity] 共 1 个账号待校验
[2026-06-15 02:30:04] DEBUG [check_balance_continuity] 校验账号: 0109年03月, 记录数: 8
[2026-06-15 02:30:04] INFO [check_balance_continuity] 余额连续性校验完成 - 总账号: 1, 已校验: 1, 跳过: 0, 异常笔数: 0, 异常账号: 0
[2026-06-15 02:30:04] INFO [export_balance_check_result] 余额连续性校验结果已导出: /var**********************************************************************************************************
[2026-06-15 02:30:04] INFO [run_pipeline] 余额连续性校验报告已自动生成: /var**********************************************************************************************************
[2026-06-15 02:30:04] INFO [detect_duplicates] 重复交易检测完成 - 总记录: 8, 疑似重复组: 0, 疑似重复记录: 0, 重复率: 0.00%
[2026-06-15 02:30:04] INFO [generate_duplicate_check_from_records] 未检测到重复交易，仍导出报告
[2026-06-15 02:30:04] INFO [export_duplicate_check_result] 重复交易检测结果已导出: /var*********************************************************************************************************
[2026-06-15 02:30:04] INFO [run_pipeline] 重复交易检测报告已自动生成: /var*********************************************************************************************************
[2026-06-15 02:30:04] INFO [filter_interest_fee_transactions] 筛选出 6 条利息手续费交易
[2026-06-15 02:30:04] INFO [summarize_by_period] 按month汇总生成 6 条期间汇总记录，异常 2 条
[2026-06-15 02:30:04] INFO [check_interest_fee] 利息手续费核对完成 - 总记录: 6 (利息: 2, 手续费: 4), 期间汇总: 6, 异常: 2
[2026-06-15 02:30:04] INFO [export_interest_fee_check_result] 利息手续费核对结果已导出: /var**********************************************************************************************************
[2026-06-15 02:30:04] INFO [run_pipeline] Interest & Fee check report auto-generated: /var/folders/8t/8rw7_pg16cx2c2mkh_cvpz8m0000gn/T/bankcheck_test_o692hdo1/script/利息手续费核对报告_20260615_023004.xlsx
[2026-06-15 02:30:04] INFO [mark_non_workday_transactions] 非工作日交易标记完成: 总记录 8, 工作日 6, 周末 1, 法定节假日 1, 调休工作日 0
[2026-06-15 02:30:04] INFO [export_holiday_check_result] 非工作日交易标记结果已导出: /var***********************************************************************************************************
[2026-06-15 02:30:04] INFO [run_pipeline] 非工作日交易标记报告已自动生成: /var***********************************************************************************************************
[2026-06-15 02:30:04] INFO [assign_accounting_period] 会计期间归属完成: 8 条记录, 3 个期间
[2026-06-15 02:30:04] INFO [export_accounting_period_summary] 会计期间总表已导出: /var*******************************************************************************************************（3 个期间）
[2026-06-15 02:30:04] INFO [run_pipeline] 会计期间总表已自动生成: /var*******************************************************************************************************
[2026-06-15 02:30:04] INFO [save_report] 性能剖析报告已保存: /var*****************************************************************************************************
[2026-06-15 02:30:04] INFO [save_report] 性能剖析数据已保存: /var*******************************************************************************************************
[2026-06-15 02:30:04] INFO [run_pipeline] 性能剖析报告已生成: /var*****************************************************************************************************
[2026-06-15 02:30:04] INFO [generate_collab_template] 财务协同编辑模板生成完成: /var***************************************************************************************************************（可编辑列: 凭证号, 凭证日期, 会计科目编码, 会计科目名称, 备注, 制单人）
[2026-06-15 02:30:04] INFO [run_pipeline] 财务协同编辑模板已自动生成: /var***************************************************************************************************************
[2026-06-15 02:30:04] INFO [load_total_table] 加载总表成功，共 8 条记录
[2026-06-15 02:30:04] INFO [filter_interest_fee_transactions] 筛选出 6 条利息手续费交易
[2026-06-15 02:30:04] INFO [summarize_by_period] 按quarter汇总生成 4 条期间汇总记录，异常 1 条
[2026-06-15 02:30:04] INFO [check_interest_fee] 利息手续费核对完成 - 总记录: 6 (利息: 2, 手续费: 4), 期间汇总: 4, 异常: 1
[2026-06-15 02:30:04] INFO [export_interest_fee_check_result] 利息手续费核对结果已导出: /var***************************************************************************************************
[2026-06-15 02:30:04] INFO [setup_logging] 日志系统初始化完成，日志文件: /Use*******************************************************************************************************
[2026-06-15 02:30:04] INFO [setup_logging] 未检测到 tkinter，将使用命令行交互模式
[2026-06-15 02:30:04] INFO [find_lookup_file] 精确匹配到主体查找表: /var**************************************************************************************
[2026-06-15 02:30:04] INFO [run_pipeline] 正在预加载主体查找表...
[2026-06-15 02:30:04] DEBUG [detect_file_format] 文件 /var************************************************************************************** Magic Bytes 检测为 xlsx 格式 (ZIP/OOXML)
[2026-06-15 02:30:04] INFO [load_lookup_table] 查找表加载完成：共 2 条条目，2 个唯一账号，0 个扩展字段
[2026-06-15 02:30:04] INFO [run_pipeline] 主体查找表预加载完成
[2026-06-15 02:30:04] INFO [load_existing_keys] 未找到历史总表，将以全量模式运行
[2026-06-15 02:30:04] INFO [run_pipeline] 无历史数据，将以全量模式运行
[2026-06-15 02:30:04] INFO [prepare_working_folder] 已复制文件夹到同级目录: /var******************************************************************************
[2026-06-15 02:30:04] DEBUG [scan_bank_files] 发现银行导出文件: /var*******************************************************************************************
[2026-06-15 02:30:04] INFO [scan_bank_files] 共扫描到 1 个银行导出文件
[2026-06-15 02:30:04] DEBUG [detect_file_format] 文件 /var******************************************************************************************* Magic Bytes 检测为 xlsx 格式 (ZIP/OOXML)
[2026-06-15 02:30:04] INFO [identify_bank] 文件「北京银行_流水.xlsx」通过前缀匹配识别为: 北京银行
[2026-06-15 02:30:04] INFO [parse] 开始处理北京银行文件: /var*******************************************************************************************
[2026-06-15 02:30:04] DEBUG [detect_file_format] 文件 /var******************************************************************************************* Magic Bytes 检测为 xlsx 格式 (ZIP/OOXML)
[2026-06-15 02:30:04] INFO [validate_headers] 北京银行文件工作表「交易明细」表头校验通过，7 个字段均匹配
[2026-06-15 02:30:04] DEBUG [get_subject_info] 银行账号「0109年03月」匹配到主体: 北********司（优先级: 0）
[2026-06-15 02:30:04] INFO [_parse_sheet] 北京银行文件工作表「交易明细」提取 2 条记录
[2026-06-15 02:30:04] INFO [parse] 北京银行文件处理完成，共提取 2 条记录
[2026-06-15 02:30:04] INFO [run_pipeline] 成功处理文件: /var*******************************************************************************************（2 条记录）
[2026-06-15 02:30:04] DEBUG [delete_processed_files] 已删除文件: /var*******************************************************************************************
[2026-06-15 02:30:04] INFO [run_pipeline] 总表输出完成: /var***************************************************************************************（共 2 条记录）
[2026-06-15 02:30:04] INFO [apply_amount_anomaly_detection] 开始金额异常检测，单笔阈值: [金额已隐藏] 元
[2026-06-15 02:30:04] INFO [apply_amount_anomaly_detection] 金额异常检测完成：共 2 条记录，0 条异常 (0.00%)
[2026-06-15 02:30:04] INFO [apply_counterparty_rules] 对方户名规则匹配完成: 总记录 2, 命中 0, 黑名单 0, 白名单 0
[2026-06-15 02:30:04] INFO [export_masked_summary] 脱敏版总表输出完成: /var*******************************************************************************************（共 2 条记录）
[2026-06-15 02:30:04] DEBUG [init_schema] 数据库表结构初始化完成
[2026-06-15 02:30:04] INFO [connect] SQLite 数据库已连接: /Use************************************************************************************
[2026-06-15 02:30:04] INFO [disconnect] SQLite 数据库已断开
[2026-06-15 02:30:04] ERROR [persist_transactions] 数据库持久化失败: UNIQUE constraint failed: import_batches.batch_id
Traceback (most recent call last):
  File "/Users/zhangchengcheng/work/ai-project/Trea/solo0605/label-02552/tests/../backend/database.py", line 1612, in persist_transactions
    insert_count, duplicate_count = db.insert_records(
                                    ~~~~~~~~~~~~~~~~~^
        transaction_records,
        ^^^^^^^^^^^^^^^^^^^^
        batch_id=batch_id,
        ^^^^^^^^^^^^^^^^^^
        deduplicate=deduplicate,
        ^^^^^^^^^^^^^^^^^^^^^^^^
    )
    ^
  File "/Users/zhangchengcheng/work/ai-project/Trea/solo0605/label-02552/tests/../backend/database.py", line 554, in insert_records
    cursor.execute('''
    ~~~~~~~~~~~~~~^^^^
        INSERT INTO import_batches (
        ^^^^^^^^^^^^^^^^^^^^^^^^^^^^
            batch_id, total_records, started_at, status
            ^^^^^^^^^^^^^^^^^^^^^^^^^^^^^^^^^^^^^^^^^^^
        ) VALUES (?, ?, ?, ?)
        ^^^^^^^^^^^^^^^^^^^^^
    ''', (batch_id, len(records), started_at, 'processing'))
    ^^^^^^^^^^^^^^^^^^^^^^^^^^^^^^^^^^^^^^^^^^^^^^^^^^^^^^^^
sqlite3.IntegrityError: UNIQUE constraint failed: import_batches.batch_id
[2026-06-15 02:30:04] INFO [run_pipeline] 数据库持久化完成: 批次 BATC***************, 插入 0 条, 去重跳过 0 条
[2026-06-15 02:30:04] INFO [identify_internal_transfers] 内部划转识别完成: 2 条记录, 识别出 0 对 (0 划出 + 0 划入), 涉及 0 个主体, 0 家银行
[2026-06-15 02:30:04] INFO [summarize_transactions] 主体维度汇总完成: 2 条记录, 1 个主体, 1 家银行, 1 个月份, 0 个未匹配账号
[2026-06-15 02:30:04] INFO [export_subject_summary] 主体维度汇总分析已导出: /var*********************************************************************************************************
[2026-06-15 02:30:04] INFO [run_pipeline] 主体维度汇总分析已自动生成: /var*********************************************************************************************************
[2026-06-15 02:30:04] INFO [check_balance_continuity] 共 1 个账号待校验
[2026-06-15 02:30:04] DEBUG [check_balance_continuity] 校验账号: 0109年03月, 记录数: 2
[2026-06-15 02:30:04] INFO [check_balance_continuity] 余额连续性校验完成 - 总账号: 1, 已校验: 1, 跳过: 0, 异常笔数: 0, 异常账号: 0
[2026-06-15 02:30:04] INFO [export_balance_check_result] 余额连续性校验结果已导出: /var**********************************************************************************************************
[2026-06-15 02:30:04] INFO [run_pipeline] 余额连续性校验报告已自动生成: /var**********************************************************************************************************
[2026-06-15 02:30:04] INFO [detect_duplicates] 重复交易检测完成 - 总记录: 2, 疑似重复组: 0, 疑似重复记录: 0, 重复率: 0.00%
[2026-06-15 02:30:04] INFO [generate_duplicate_check_from_records] 未检测到重复交易，仍导出报告
[2026-06-15 02:30:04] INFO [export_duplicate_check_result] 重复交易检测结果已导出: /var*********************************************************************************************************
[2026-06-15 02:30:04] INFO [run_pipeline] 重复交易检测报告已自动生成: /var*********************************************************************************************************
[2026-06-15 02:30:04] INFO [filter_interest_fee_transactions] 筛选出 0 条利息手续费交易
[2026-06-15 02:30:04] INFO [summarize_by_period] 按month汇总生成 0 条期间汇总记录，异常 0 条
[2026-06-15 02:30:04] INFO [check_interest_fee] 利息手续费核对完成 - 总记录: 0 (利息: 0, 手续费: 0), 期间汇总: 0, 异常: 0
[2026-06-15 02:30:04] WARNING [generate_interest_fee_check_from_records] 未筛选到任何利息手续费交易，跳过报告生成
[2026-06-15 02:30:04] INFO [mark_non_workday_transactions] 非工作日交易标记完成: 总记录 2, 工作日 2, 周末 0, 法定节假日 0, 调休工作日 0
[2026-06-15 02:30:04] INFO [generate_holiday_check_from_records] 未发现非工作日交易，仍导出报告
[2026-06-15 02:30:04] INFO [export_holiday_check_result] 非工作日交易标记结果已导出: /var***********************************************************************************************************
[2026-06-15 02:30:04] INFO [run_pipeline] 非工作日交易标记报告已自动生成: /var***********************************************************************************************************
[2026-06-15 02:30:04] INFO [assign_accounting_period] 会计期间归属完成: 2 条记录, 1 个期间
[2026-06-15 02:30:04] INFO [export_accounting_period_summary] 会计期间总表已导出: /var*******************************************************************************************************（1 个期间）
[2026-06-15 02:30:04] INFO [run_pipeline] 会计期间总表已自动生成: /var*******************************************************************************************************
[2026-06-15 02:30:04] INFO [save_report] 性能剖析报告已保存: /var*****************************************************************************************************
[2026-06-15 02:30:04] INFO [save_report] 性能剖析数据已保存: /var*******************************************************************************************************
[2026-06-15 02:30:04] INFO [run_pipeline] 性能剖析报告已生成: /var*****************************************************************************************************
[2026-06-15 02:30:04] INFO [generate_collab_template] 财务协同编辑模板生成完成: /var***************************************************************************************************************（可编辑列: 凭证号, 凭证日期, 会计科目编码, 会计科目名称, 备注, 制单人）
[2026-06-15 02:30:04] INFO [run_pipeline] 财务协同编辑模板已自动生成: /var***************************************************************************************************************
[2026-06-15 02:30:04] INFO [load_total_table] 加载总表成功，共 2 条记录
[2026-06-15 02:30:04] INFO [filter_interest_fee_transactions] 筛选出 0 条利息手续费交易
[2026-06-15 02:30:04] INFO [summarize_by_period] 按month汇总生成 0 条期间汇总记录，异常 0 条
[2026-06-15 02:30:04] INFO [check_interest_fee] 利息手续费核对完成 - 总记录: 0 (利息: 0, 手续费: 0), 期间汇总: 0, 异常: 0
[2026-06-15 02:30:04] WARNING [generate_interest_fee_check_from_records] 未筛选到任何利息手续费交易，跳过报告生成
[2026-06-15 02:30:04] INFO [setup_logging] 日志系统初始化完成，日志文件: /Use*******************************************************************************************************
[2026-06-15 02:30:04] INFO [setup_logging] 未检测到 tkinter，将使用命令行交互模式
[2026-06-15 02:30:04] INFO [find_lookup_file] 精确匹配到主体查找表: /var**************************************************************************************
[2026-06-15 02:30:04] INFO [run_pipeline] 正在预加载主体查找表...
[2026-06-15 02:30:04] DEBUG [detect_file_format] 文件 /var************************************************************************************** Magic Bytes 检测为 xlsx 格式 (ZIP/OOXML)
[2026-06-15 02:30:04] INFO [load_lookup_table] 查找表加载完成：共 2 条条目，2 个唯一账号，0 个扩展字段
[2026-06-15 02:30:04] INFO [run_pipeline] 主体查找表预加载完成
[2026-06-15 02:30:04] INFO [load_existing_keys] 未找到历史总表，将以全量模式运行
[2026-06-15 02:30:04] INFO [run_pipeline] 无历史数据，将以全量模式运行
[2026-06-15 02:30:04] INFO [prepare_working_folder] 已复制文件夹到同级目录: /var******************************************************************************
[2026-06-15 02:30:04] DEBUG [scan_bank_files] 发现银行导出文件: /var*******************************************************************************************
[2026-06-15 02:30:04] DEBUG [scan_bank_files] 发现银行导出文件: /var*******************************************************************************************
[2026-06-15 02:30:04] INFO [scan_bank_files] 共扫描到 2 个银行导出文件
[2026-06-15 02:30:04] DEBUG [detect_file_format] 文件 /var******************************************************************************************* Magic Bytes 检测为 xlsx 格式 (ZIP/OOXML)
[2026-06-15 02:30:04] DEBUG [detect_file_format] 文件 /var******************************************************************************************* Magic Bytes 检测为 xlsx 格式 (ZIP/OOXML)
[2026-06-15 02:30:04] INFO [identify_bank] 文件「东亚银行_流水.xlsx」通过前缀匹配识别为: 东亚银行
[2026-06-15 02:30:04] INFO [parse] 开始处理东亚银行文件: /var*******************************************************************************************
[2026-06-15 02:30:04] DEBUG [detect_file_format] 文件 /var******************************************************************************************* Magic Bytes 检测为 xlsx 格式 (ZIP/OOXML)
[2026-06-15 02:30:04] INFO [validate_headers] 东亚银行文件工作表「交易明细」表头校验通过，7 个字段均匹配
[2026-06-15 02:30:04] DEBUG [get_subject_info] 银行账号「3881年23月」匹配到主体: 上********司（优先级: 0）
[2026-06-15 02:30:04] INFO [_parse_sheet] 东亚银行文件工作表「交易明细」提取 2 条记录
[2026-06-15 02:30:04] INFO [parse] 东亚银行文件处理完成，共提取 2 条记录
[2026-06-15 02:30:04] INFO [run_pipeline] 成功处理文件: /var*******************************************************************************************（2 条记录）
[2026-06-15 02:30:04] INFO [identify_bank] 文件「北京银行_流水.xlsx」通过前缀匹配识别为: 北京银行
[2026-06-15 02:30:04] INFO [parse] 开始处理北京银行文件: /var*******************************************************************************************
[2026-06-15 02:30:04] DEBUG [detect_file_format] 文件 /var******************************************************************************************* Magic Bytes 检测为 xlsx 格式 (ZIP/OOXML)
[2026-06-15 02:30:04] INFO [validate_headers] 北京银行文件工作表「交易明细」表头校验通过，7 个字段均匹配
[2026-06-15 02:30:04] DEBUG [get_subject_info] 银行账号「0109年03月」匹配到主体: 北********司（优先级: 0）
[2026-06-15 02:30:04] INFO [_parse_sheet] 北京银行文件工作表「交易明细」提取 2 条记录
[2026-06-15 02:30:04] INFO [parse] 北京银行文件处理完成，共提取 2 条记录
[2026-06-15 02:30:04] INFO [run_pipeline] 成功处理文件: /var*******************************************************************************************（2 条记录）
[2026-06-15 02:30:04] DEBUG [delete_processed_files] 已删除文件: /var*******************************************************************************************
[2026-06-15 02:30:04] DEBUG [delete_processed_files] 已删除文件: /var*******************************************************************************************
[2026-06-15 02:30:04] INFO [run_pipeline] 总表输出完成: /var***************************************************************************************（共 4 条记录）
[2026-06-15 02:30:04] INFO [apply_amount_anomaly_detection] 开始金额异常检测，单笔阈值: [金额已隐藏] 元
[2026-06-15 02:30:04] INFO [apply_amount_anomaly_detection] 金额异常检测完成：共 4 条记录，0 条异常 (0.00%)
[2026-06-15 02:30:04] INFO [apply_counterparty_rules] 对方户名规则匹配完成: 总记录 4, 命中 0, 黑名单 0, 白名单 0
[2026-06-15 02:30:04] INFO [apply_holiday_tags] 非工作日交易打标: 总记录 4, 非工作日 1 (周末 1, 节假日 0)
[2026-06-15 02:30:04] INFO [run_pipeline] 非工作日交易打标: 总记录 4, 非工作日 1 (周末 1, 节假日 0)
[2026-06-15 02:30:04] INFO [run_pipeline] 已将非工作日打标结果回写到总表: /var***************************************************************************************
[2026-06-15 02:30:04] INFO [export_masked_summary] 脱敏版总表输出完成: /var*******************************************************************************************（共 4 条记录）
[2026-06-15 02:30:04] DEBUG [init_schema] 数据库表结构初始化完成
[2026-06-15 02:30:04] INFO [connect] SQLite 数据库已连接: /Use************************************************************************************
[2026-06-15 02:30:04] INFO [disconnect] SQLite 数据库已断开
[2026-06-15 02:30:04] ERROR [persist_transactions] 数据库持久化失败: UNIQUE constraint failed: import_batches.batch_id
Traceback (most recent call last):
  File "/Users/zhangchengcheng/work/ai-project/Trea/solo0605/label-02552/tests/../backend/database.py", line 1612, in persist_transactions
    insert_count, duplicate_count = db.insert_records(
                                    ~~~~~~~~~~~~~~~~~^
        transaction_records,
        ^^^^^^^^^^^^^^^^^^^^
        batch_id=batch_id,
        ^^^^^^^^^^^^^^^^^^
        deduplicate=deduplicate,
        ^^^^^^^^^^^^^^^^^^^^^^^^
    )
    ^
  File "/Users/zhangchengcheng/work/ai-project/Trea/solo0605/label-02552/tests/../backend/database.py", line 554, in insert_records
    cursor.execute('''
    ~~~~~~~~~~~~~~^^^^
        INSERT INTO import_batches (
        ^^^^^^^^^^^^^^^^^^^^^^^^^^^^
            batch_id, total_records, started_at, status
            ^^^^^^^^^^^^^^^^^^^^^^^^^^^^^^^^^^^^^^^^^^^
        ) VALUES (?, ?, ?, ?)
        ^^^^^^^^^^^^^^^^^^^^^
    ''', (batch_id, len(records), started_at, 'processing'))
    ^^^^^^^^^^^^^^^^^^^^^^^^^^^^^^^^^^^^^^^^^^^^^^^^^^^^^^^^
sqlite3.IntegrityError: UNIQUE constraint failed: import_batches.batch_id
[2026-06-15 02:30:04] INFO [run_pipeline] 数据库持久化完成: 批次 BATC***************, 插入 0 条, 去重跳过 0 条
[2026-06-15 02:30:04] INFO [identify_internal_transfers] 内部划转识别完成: 4 条记录, 识别出 0 对 (0 划出 + 0 划入), 涉及 0 个主体, 0 家银行
[2026-06-15 02:30:04] INFO [summarize_transactions] 主体维度汇总完成: 4 条记录, 2 个主体, 2 家银行, 1 个月份, 0 个未匹配账号
[2026-06-15 02:30:05] INFO [export_subject_summary] 主体维度汇总分析已导出: /var*********************************************************************************************************
[2026-06-15 02:30:05] INFO [run_pipeline] 主体维度汇总分析已自动生成: /var*********************************************************************************************************
[2026-06-15 02:30:05] INFO [check_balance_continuity] 共 2 个账号待校验
[2026-06-15 02:30:05] DEBUG [check_balance_continuity] 校验账号: 3881年23月, 记录数: 2
[2026-06-15 02:30:05] ERROR [run_pipeline] 自动生成余额连续性校验报告失败: must be real number, not str
Traceback (most recent call last):
  File "/Users/zhangchengcheng/work/ai-project/Trea/solo0605/label-02552/tests/../backend/bankcheck.py", line 4687, in run_pipeline
    balance_check_path = generate_balance_check_from_records(
        final_rows, output_dir, source_info
    )
  File "/Users/zhangchengcheng/work/ai-project/Trea/solo0605/label-02552/tests/../backend/bankcheck.py", line 16407, in generate_balance_check_from_records
    check_result = check_balance_continuity(records, tolerance=tolerance)
  File "/Users/zhangchengcheng/work/ai-project/Trea/solo0605/label-02552/tests/../backend/bankcheck.py", line 16188, in check_balance_continuity
    logger.debug(
    ~~~~~~~~~~~~^
        '余额断裂 - 账号: %s, 日期: %s, 预期: %.2f, 实际: %.2f, 差异: %.2f',
        ^^^^^^^^^^^^^^^^^^^^^^^^^^^^^^^^^^^^^^^^^^^^^^^^^^^^^^^^^^^^^^^^^^^^
        account, curr['_date'], expected_balance, actual_balance, actual_balance - expected_balance
        ^^^^^^^^^^^^^^^^^^^^^^^^^^^^^^^^^^^^^^^^^^^^^^^^^^^^^^^^^^^^^^^^^^^^^^^^^^^^^^^^^^^^^^^^^^^
    )
    ^
  File "/opt/homebrew/Cellar/python@3.14/3.14.4_1/Frameworks/Python.framework/Versions/3.14/lib/python3.14/logging/__init__.py", line 1508, in debug
    self._log(DEBUG, msg, args, **kwargs)
    ~~~~~~~~~^^^^^^^^^^^^^^^^^^^^^^^^^^^^
  File "/opt/homebrew/Cellar/python@3.14/3.14.4_1/Frameworks/Python.framework/Versions/3.14/lib/python3.14/logging/__init__.py", line 1665, in _log
    self.handle(record)
    ~~~~~~~~~~~^^^^^^^^
  File "/opt/homebrew/Cellar/python@3.14/3.14.4_1/Frameworks/Python.framework/Versions/3.14/lib/python3.14/logging/__init__.py", line 1681, in handle
    self.callHandlers(record)
    ~~~~~~~~~~~~~~~~~^^^^^^^^
  File "/opt/homebrew/Cellar/python@3.14/3.14.4_1/Frameworks/Python.framework/Versions/3.14/lib/python3.14/logging/__init__.py", line 1737, in callHandlers
    hdlr.handle(record)
    ~~~~~~~~~~~^^^^^^^^
  File "/opt/homebrew/Cellar/python@3.14/3.14.4_1/Frameworks/Python.framework/Versions/3.14/lib/python3.14/logging/__init__.py", line 1027, in handle
    self.emit(record)
    ~~~~~~~~~^^^^^^^^
  File "/opt/homebrew/lib/python3.14/site-packages/_pytest/logging.py", line 384, in emit
    super().emit(record)
    ~~~~~~~~~~~~^^^^^^^^
  File "/opt/homebrew/Cellar/python@3.14/3.14.4_1/Frameworks/Python.framework/Versions/3.14/lib/python3.14/logging/__init__.py", line 1159, in emit
    self.handleError(record)
    ~~~~~~~~~~~~~~~~^^^^^^^^
  File "/opt/homebrew/Cellar/python@3.14/3.14.4_1/Frameworks/Python.framework/Versions/3.14/lib/python3.14/logging/__init__.py", line 1151, in emit
    msg = self.format(record)
  File "/opt/homebrew/Cellar/python@3.14/3.14.4_1/Frameworks/Python.framework/Versions/3.14/lib/python3.14/logging/__init__.py", line 999, in format
    return fmt.format(record)
           ~~~~~~~~~~^^^^^^^^
  File "/opt/homebrew/lib/python3.14/site-packages/_pytest/logging.py", line 137, in format
    return super().format(record)
           ~~~~~~~~~~~~~~^^^^^^^^
  File "/opt/homebrew/Cellar/python@3.14/3.14.4_1/Frameworks/Python.framework/Versions/3.14/lib/python3.14/logging/__init__.py", line 712, in format
    record.message = record.getMessage()
                     ~~~~~~~~~~~~~~~~~^^
  File "/opt/homebrew/Cellar/python@3.14/3.14.4_1/Frameworks/Python.framework/Versions/3.14/lib/python3.14/logging/__init__.py", line 400, in getMessage
    msg = msg % self.args
          ~~~~^~~~~~~~~~~
TypeError: must be real number, not str
[2026-06-15 02:30:05] INFO [detect_duplicates] 重复交易检测完成 - 总记录: 4, 疑似重复组: 0, 疑似重复记录: 0, 重复率: 0.00%
[2026-06-15 02:30:05] INFO [generate_duplicate_check_from_records] 未检测到重复交易，仍导出报告
[2026-06-15 02:30:05] INFO [export_duplicate_check_result] 重复交易检测结果已导出: /var*********************************************************************************************************
[2026-06-15 02:30:05] INFO [run_pipeline] 重复交易检测报告已自动生成: /var*********************************************************************************************************
[2026-06-15 02:30:05] INFO [filter_interest_fee_transactions] 筛选出 4 条利息手续费交易
[2026-06-15 02:30:05] INFO [summarize_by_period] 按month汇总生成 4 条期间汇总记录，异常 1 条
[2026-06-15 02:30:05] INFO [check_interest_fee] 利息手续费核对完成 - 总记录: 4 (利息: 2, 手续费: 2), 期间汇总: 4, 异常: 1
[2026-06-15 02:30:05] INFO [export_interest_fee_check_result] 利息手续费核对结果已导出: /var**********************************************************************************************************
[2026-06-15 02:30:05] INFO [run_pipeline] Interest & Fee check report auto-generated: /var/folders/8t/8rw7_pg16cx2c2mkh_cvpz8m0000gn/T/bankcheck_test_pu4_i3t_/script/利息手续费核对报告_20260615_023005.xlsx
[2026-06-15 02:30:05] INFO [mark_non_workday_transactions] 非工作日交易标记完成: 总记录 4, 工作日 3, 周末 1, 法定节假日 0, 调休工作日 0
[2026-06-15 02:30:05] INFO [export_holiday_check_result] 非工作日交易标记结果已导出: /var***********************************************************************************************************
[2026-06-15 02:30:05] INFO [run_pipeline] 非工作日交易标记报告已自动生成: /var***********************************************************************************************************
[2026-06-15 02:30:05] INFO [assign_accounting_period] 会计期间归属完成: 4 条记录, 1 个期间
[2026-06-15 02:30:05] INFO [export_accounting_period_summary] 会计期间总表已导出: /var*******************************************************************************************************（1 个期间）
[2026-06-15 02:30:05] INFO [run_pipeline] 会计期间总表已自动生成: /var*******************************************************************************************************
[2026-06-15 02:30:05] INFO [save_report] 性能剖析报告已保存: /var*****************************************************************************************************
[2026-06-15 02:30:05] INFO [save_report] 性能剖析数据已保存: /var*******************************************************************************************************
[2026-06-15 02:30:05] INFO [run_pipeline] 性能剖析报告已生成: /var*****************************************************************************************************
[2026-06-15 02:30:05] INFO [generate_collab_template] 财务协同编辑模板生成完成: /var***************************************************************************************************************（可编辑列: 凭证号, 凭证日期, 会计科目编码, 会计科目名称, 备注, 制单人）
[2026-06-15 02:30:05] INFO [run_pipeline] 财务协同编辑模板已自动生成: /var***************************************************************************************************************
[2026-06-15 02:30:05] INFO [load_total_table] 加载总表成功，共 4 条记录
[2026-06-15 02:30:05] INFO [filter_interest_fee_transactions] 筛选出 4 条利息手续费交易
[2026-06-15 02:30:05] INFO [summarize_by_period] 按month汇总生成 4 条期间汇总记录，异常 1 条
[2026-06-15 02:30:05] INFO [check_interest_fee] 利息手续费核对完成 - 总记录: 4 (利息: 2, 手续费: 2), 期间汇总: 4, 异常: 1
[2026-06-15 02:30:05] INFO [export_interest_fee_check_result] 利息手续费核对结果已导出: /var***************************************************************************************************
[2026-06-15 02:30:05] INFO [setup_logging] 日志系统初始化完成，日志文件: /Use*******************************************************************************************************
[2026-06-15 02:30:05] INFO [setup_logging] 未检测到 tkinter，将使用命令行交互模式
[2026-06-15 02:30:05] INFO [find_lookup_file] 精确匹配到主体查找表: /var**************************************************************************************
[2026-06-15 02:30:05] INFO [run_pipeline] 正在预加载主体查找表...
[2026-06-15 02:30:05] DEBUG [detect_file_format] 文件 /var************************************************************************************** Magic Bytes 检测为 xlsx 格式 (ZIP/OOXML)
[2026-06-15 02:30:05] INFO [load_lookup_table] 查找表加载完成：共 2 条条目，2 个唯一账号，0 个扩展字段
[2026-06-15 02:30:05] INFO [run_pipeline] 主体查找表预加载完成
[2026-06-15 02:30:05] INFO [load_existing_keys] 未找到历史总表，将以全量模式运行
[2026-06-15 02:30:05] INFO [run_pipeline] 无历史数据，将以全量模式运行
[2026-06-15 02:30:05] INFO [prepare_working_folder] 已复制文件夹到同级目录: /var******************************************************************************
[2026-06-15 02:30:05] DEBUG [scan_bank_files] 发现银行导出文件: /var*******************************************************************************************
[2026-06-15 02:30:05] INFO [scan_bank_files] 共扫描到 1 个银行导出文件
[2026-06-15 02:30:05] DEBUG [detect_file_format] 文件 /var******************************************************************************************* Magic Bytes 检测为 xlsx 格式 (ZIP/OOXML)
[2026-06-15 02:30:05] INFO [identify_bank] 文件「北京银行_流水.xlsx」通过前缀匹配识别为: 北京银行
[2026-06-15 02:30:05] INFO [parse] 开始处理北京银行文件: /var*******************************************************************************************
[2026-06-15 02:30:05] DEBUG [detect_file_format] 文件 /var******************************************************************************************* Magic Bytes 检测为 xlsx 格式 (ZIP/OOXML)
[2026-06-15 02:30:05] INFO [validate_headers] 北京银行文件工作表「交易明细」表头校验通过，7 个字段均匹配
[2026-06-15 02:30:05] DEBUG [get_subject_info] 银行账号「0109年03月」匹配到主体: 北********司（优先级: 0）
[2026-06-15 02:30:05] INFO [_parse_sheet] 北京银行文件工作表「交易明细」提取 5 条记录
[2026-06-15 02:30:05] INFO [parse] 北京银行文件处理完成，共提取 5 条记录
[2026-06-15 02:30:05] INFO [run_pipeline] 成功处理文件: /var*******************************************************************************************（5 条记录）
[2026-06-15 02:30:05] DEBUG [delete_processed_files] 已删除文件: /var*******************************************************************************************
[2026-06-15 02:30:05] INFO [run_pipeline] 总表输出完成: /var***************************************************************************************（共 5 条记录）
[2026-06-15 02:30:05] INFO [apply_amount_anomaly_detection] 开始金额异常检测，单笔阈值: [金额已隐藏] 元
[2026-06-15 02:30:05] INFO [apply_amount_anomaly_detection] 金额异常检测完成：共 5 条记录，0 条异常 (0.00%)
[2026-06-15 02:30:05] INFO [apply_counterparty_rules] 对方户名规则匹配完成: 总记录 5, 命中 0, 黑名单 0, 白名单 0
[2026-06-15 02:30:05] INFO [apply_holiday_tags] 非工作日交易打标: 总记录 5, 非工作日 4 (周末 1, 节假日 2)
[2026-06-15 02:30:05] INFO [run_pipeline] 非工作日交易打标: 总记录 5, 非工作日 4 (周末 1, 节假日 2)
[2026-06-15 02:30:05] INFO [run_pipeline] 已将非工作日打标结果回写到总表: /var***************************************************************************************
[2026-06-15 02:30:05] INFO [export_masked_summary] 脱敏版总表输出完成: /var*******************************************************************************************（共 5 条记录）
[2026-06-15 02:30:05] DEBUG [init_schema] 数据库表结构初始化完成
[2026-06-15 02:30:05] INFO [connect] SQLite 数据库已连接: /Use************************************************************************************
[2026-06-15 02:30:05] INFO [insert_records] 已加载 25 个历史匹配键用于去重
[2026-06-15 02:30:05] INFO [insert_records] 批量导入完成: 批次 BATC***************, 共 5 条, 新增 0 条, 重复 5 条
[2026-06-15 02:30:05] INFO [disconnect] SQLite 数据库已断开
[2026-06-15 02:30:05] INFO [run_pipeline] 数据库持久化完成: 批次 BATC***************, 插入 0 条, 去重跳过 5 条
[2026-06-15 02:30:05] INFO [identify_internal_transfers] 内部划转识别完成: 5 条记录, 识别出 0 对 (0 划出 + 0 划入), 涉及 0 个主体, 0 家银行
[2026-06-15 02:30:05] INFO [summarize_transactions] 主体维度汇总完成: 5 条记录, 1 个主体, 1 家银行, 2 个月份, 0 个未匹配账号
[2026-06-15 02:30:05] INFO [export_subject_summary] 主体维度汇总分析已导出: /var*********************************************************************************************************
[2026-06-15 02:30:05] INFO [run_pipeline] 主体维度汇总分析已自动生成: /var*********************************************************************************************************
[2026-06-15 02:30:05] INFO [check_balance_continuity] 共 1 个账号待校验
[2026-06-15 02:30:05] DEBUG [check_balance_continuity] 校验账号: 0109年03月, 记录数: 5
[2026-06-15 02:30:05] ERROR [run_pipeline] 自动生成余额连续性校验报告失败: must be real number, not str
Traceback (most recent call last):
  File "/Users/zhangchengcheng/work/ai-project/Trea/solo0605/label-02552/tests/../backend/bankcheck.py", line 4687, in run_pipeline
    balance_check_path = generate_balance_check_from_records(
        final_rows, output_dir, source_info
    )
  File "/Users/zhangchengcheng/work/ai-project/Trea/solo0605/label-02552/tests/../backend/bankcheck.py", line 16407, in generate_balance_check_from_records
    check_result = check_balance_continuity(records, tolerance=tolerance)
  File "/Users/zhangchengcheng/work/ai-project/Trea/solo0605/label-02552/tests/../backend/bankcheck.py", line 16188, in check_balance_continuity
    logger.debug(
    ~~~~~~~~~~~~^
        '余额断裂 - 账号: %s, 日期: %s, 预期: %.2f, 实际: %.2f, 差异: %.2f',
        ^^^^^^^^^^^^^^^^^^^^^^^^^^^^^^^^^^^^^^^^^^^^^^^^^^^^^^^^^^^^^^^^^^^^
        account, curr['_date'], expected_balance, actual_balance, actual_balance - expected_balance
        ^^^^^^^^^^^^^^^^^^^^^^^^^^^^^^^^^^^^^^^^^^^^^^^^^^^^^^^^^^^^^^^^^^^^^^^^^^^^^^^^^^^^^^^^^^^
    )
    ^
  File "/opt/homebrew/Cellar/python@3.14/3.14.4_1/Frameworks/Python.framework/Versions/3.14/lib/python3.14/logging/__init__.py", line 1508, in debug
    self._log(DEBUG, msg, args, **kwargs)
    ~~~~~~~~~^^^^^^^^^^^^^^^^^^^^^^^^^^^^
  File "/opt/homebrew/Cellar/python@3.14/3.14.4_1/Frameworks/Python.framework/Versions/3.14/lib/python3.14/logging/__init__.py", line 1665, in _log
    self.handle(record)
    ~~~~~~~~~~~^^^^^^^^
  File "/opt/homebrew/Cellar/python@3.14/3.14.4_1/Frameworks/Python.framework/Versions/3.14/lib/python3.14/logging/__init__.py", line 1681, in handle
    self.callHandlers(record)
    ~~~~~~~~~~~~~~~~~^^^^^^^^
  File "/opt/homebrew/Cellar/python@3.14/3.14.4_1/Frameworks/Python.framework/Versions/3.14/lib/python3.14/logging/__init__.py", line 1737, in callHandlers
    hdlr.handle(record)
    ~~~~~~~~~~~^^^^^^^^
  File "/opt/homebrew/Cellar/python@3.14/3.14.4_1/Frameworks/Python.framework/Versions/3.14/lib/python3.14/logging/__init__.py", line 1027, in handle
    self.emit(record)
    ~~~~~~~~~^^^^^^^^
  File "/opt/homebrew/lib/python3.14/site-packages/_pytest/logging.py", line 384, in emit
    super().emit(record)
    ~~~~~~~~~~~~^^^^^^^^
  File "/opt/homebrew/Cellar/python@3.14/3.14.4_1/Frameworks/Python.framework/Versions/3.14/lib/python3.14/logging/__init__.py", line 1159, in emit
    self.handleError(record)
    ~~~~~~~~~~~~~~~~^^^^^^^^
  File "/opt/homebrew/Cellar/python@3.14/3.14.4_1/Frameworks/Python.framework/Versions/3.14/lib/python3.14/logging/__init__.py", line 1151, in emit
    msg = self.format(record)
  File "/opt/homebrew/Cellar/python@3.14/3.14.4_1/Frameworks/Python.framework/Versions/3.14/lib/python3.14/logging/__init__.py", line 999, in format
    return fmt.format(record)
           ~~~~~~~~~~^^^^^^^^
  File "/opt/homebrew/lib/python3.14/site-packages/_pytest/logging.py", line 137, in format
    return super().format(record)
           ~~~~~~~~~~~~~~^^^^^^^^
  File "/opt/homebrew/Cellar/python@3.14/3.14.4_1/Frameworks/Python.framework/Versions/3.14/lib/python3.14/logging/__init__.py", line 712, in format
    record.message = record.getMessage()
                     ~~~~~~~~~~~~~~~~~^^
  File "/opt/homebrew/Cellar/python@3.14/3.14.4_1/Frameworks/Python.framework/Versions/3.14/lib/python3.14/logging/__init__.py", line 400, in getMessage
    msg = msg % self.args
          ~~~~^~~~~~~~~~~
TypeError: must be real number, not str
[2026-06-15 02:30:05] INFO [detect_duplicates] 重复交易检测完成 - 总记录: 5, 疑似重复组: 0, 疑似重复记录: 0, 重复率: 0.00%
[2026-06-15 02:30:05] INFO [generate_duplicate_check_from_records] 未检测到重复交易，仍导出报告
[2026-06-15 02:30:05] INFO [export_duplicate_check_result] 重复交易检测结果已导出: /var*********************************************************************************************************
[2026-06-15 02:30:05] INFO [run_pipeline] 重复交易检测报告已自动生成: /var*********************************************************************************************************
[2026-06-15 02:30:05] INFO [filter_interest_fee_transactions] 筛选出 0 条利息手续费交易
[2026-06-15 02:30:05] INFO [summarize_by_period] 按month汇总生成 0 条期间汇总记录，异常 0 条
[2026-06-15 02:30:05] INFO [check_interest_fee] 利息手续费核对完成 - 总记录: 0 (利息: 0, 手续费: 0), 期间汇总: 0, 异常: 0
[2026-06-15 02:30:05] WARNING [generate_interest_fee_check_from_records] 未筛选到任何利息手续费交易，跳过报告生成
[2026-06-15 02:30:05] INFO [mark_non_workday_transactions] 非工作日交易标记完成: 总记录 5, 工作日 1, 周末 1, 法定节假日 2, 调休工作日 1
[2026-06-15 02:30:05] INFO [export_holiday_check_result] 非工作日交易标记结果已导出: /var***********************************************************************************************************
[2026-06-15 02:30:05] INFO [run_pipeline] 非工作日交易标记报告已自动生成: /var***********************************************************************************************************
[2026-06-15 02:30:05] INFO [assign_accounting_period] 会计期间归属完成: 5 条记录, 2 个期间
[2026-06-15 02:30:05] INFO [export_accounting_period_summary] 会计期间总表已导出: /var*******************************************************************************************************（2 个期间）
[2026-06-15 02:30:05] INFO [run_pipeline] 会计期间总表已自动生成: /var*******************************************************************************************************
[2026-06-15 02:30:05] INFO [save_report] 性能剖析报告已保存: /var*****************************************************************************************************
[2026-06-15 02:30:05] INFO [save_report] 性能剖析数据已保存: /var*******************************************************************************************************
[2026-06-15 02:30:05] INFO [run_pipeline] 性能剖析报告已生成: /var*****************************************************************************************************
[2026-06-15 02:30:05] INFO [generate_collab_template] 财务协同编辑模板生成完成: /var***************************************************************************************************************（可编辑列: 凭证号, 凭证日期, 会计科目编码, 会计科目名称, 备注, 制单人）
[2026-06-15 02:30:05] INFO [run_pipeline] 财务协同编辑模板已自动生成: /var***************************************************************************************************************
[2026-06-15 02:30:05] INFO [setup_logging] 日志系统初始化完成，日志文件: /Use*******************************************************************************************************
[2026-06-15 02:30:05] INFO [setup_logging] 未检测到 tkinter，将使用命令行交互模式
[2026-06-15 02:30:05] INFO [find_lookup_file] 精确匹配到主体查找表: /var**************************************************************************************
[2026-06-15 02:30:05] INFO [run_pipeline] 正在预加载主体查找表...
[2026-06-15 02:30:05] DEBUG [detect_file_format] 文件 /var************************************************************************************** Magic Bytes 检测为 xlsx 格式 (ZIP/OOXML)
[2026-06-15 02:30:05] INFO [load_lookup_table] 查找表加载完成：共 2 条条目，2 个唯一账号，0 个扩展字段
[2026-06-15 02:30:05] INFO [run_pipeline] 主体查找表预加载完成
[2026-06-15 02:30:05] INFO [load_existing_keys] 未找到历史总表，将以全量模式运行
[2026-06-15 02:30:05] INFO [run_pipeline] 无历史数据，将以全量模式运行
[2026-06-15 02:30:05] INFO [prepare_working_folder] 已复制文件夹到同级目录: /var******************************************************************************
[2026-06-15 02:30:05] DEBUG [scan_bank_files] 发现银行导出文件: /var*******************************************************************************************
[2026-06-15 02:30:05] INFO [scan_bank_files] 共扫描到 1 个银行导出文件
[2026-06-15 02:30:05] DEBUG [detect_file_format] 文件 /var******************************************************************************************* Magic Bytes 检测为 xlsx 格式 (ZIP/OOXML)
[2026-06-15 02:30:05] INFO [identify_bank] 文件「北京银行_流水.xlsx」通过前缀匹配识别为: 北京银行
[2026-06-15 02:30:05] INFO [parse] 开始处理北京银行文件: /var*******************************************************************************************
[2026-06-15 02:30:05] DEBUG [detect_file_format] 文件 /var******************************************************************************************* Magic Bytes 检测为 xlsx 格式 (ZIP/OOXML)
[2026-06-15 02:30:05] INFO [validate_headers] 北京银行文件工作表「交易明细」表头校验通过，7 个字段均匹配
[2026-06-15 02:30:05] DEBUG [get_subject_info] 银行账号「0109年03月」匹配到主体: 北********司（优先级: 0）
[2026-06-15 02:30:05] INFO [_parse_sheet] 北京银行文件工作表「交易明细」提取 2 条记录
[2026-06-15 02:30:05] INFO [parse] 北京银行文件处理完成，共提取 2 条记录
[2026-06-15 02:30:05] INFO [run_pipeline] 成功处理文件: /var*******************************************************************************************（2 条记录）
[2026-06-15 02:30:05] DEBUG [delete_processed_files] 已删除文件: /var*******************************************************************************************
[2026-06-15 02:30:05] INFO [run_pipeline] 总表输出完成: /var***************************************************************************************（共 2 条记录）
[2026-06-15 02:30:05] INFO [apply_amount_anomaly_detection] 开始金额异常检测，单笔阈值: [金额已隐藏] 元
[2026-06-15 02:30:05] INFO [apply_amount_anomaly_detection] 金额异常检测完成：共 2 条记录，0 条异常 (0.00%)
[2026-06-15 02:30:05] INFO [apply_counterparty_rules] 对方户名规则匹配完成: 总记录 2, 命中 0, 黑名单 0, 白名单 0
[2026-06-15 02:30:05] INFO [export_masked_summary] 脱敏版总表输出完成: /var*******************************************************************************************（共 2 条记录）
[2026-06-15 02:30:05] DEBUG [init_schema] 数据库表结构初始化完成
[2026-06-15 02:30:05] INFO [connect] SQLite 数据库已连接: /Use************************************************************************************
[2026-06-15 02:30:05] INFO [disconnect] SQLite 数据库已断开
[2026-06-15 02:30:05] ERROR [persist_transactions] 数据库持久化失败: UNIQUE constraint failed: import_batches.batch_id
Traceback (most recent call last):
  File "/Users/zhangchengcheng/work/ai-project/Trea/solo0605/label-02552/tests/../backend/database.py", line 1612, in persist_transactions
    insert_count, duplicate_count = db.insert_records(
                                    ~~~~~~~~~~~~~~~~~^
        transaction_records,
        ^^^^^^^^^^^^^^^^^^^^
        batch_id=batch_id,
        ^^^^^^^^^^^^^^^^^^
        deduplicate=deduplicate,
        ^^^^^^^^^^^^^^^^^^^^^^^^
    )
    ^
  File "/Users/zhangchengcheng/work/ai-project/Trea/solo0605/label-02552/tests/../backend/database.py", line 554, in insert_records
    cursor.execute('''
    ~~~~~~~~~~~~~~^^^^
        INSERT INTO import_batches (
        ^^^^^^^^^^^^^^^^^^^^^^^^^^^^
            batch_id, total_records, started_at, status
            ^^^^^^^^^^^^^^^^^^^^^^^^^^^^^^^^^^^^^^^^^^^
        ) VALUES (?, ?, ?, ?)
        ^^^^^^^^^^^^^^^^^^^^^
    ''', (batch_id, len(records), started_at, 'processing'))
    ^^^^^^^^^^^^^^^^^^^^^^^^^^^^^^^^^^^^^^^^^^^^^^^^^^^^^^^^
sqlite3.IntegrityError: UNIQUE constraint failed: import_batches.batch_id
[2026-06-15 02:30:05] INFO [run_pipeline] 数据库持久化完成: 批次 BATC***************, 插入 0 条, 去重跳过 0 条
[2026-06-15 02:30:05] INFO [identify_internal_transfers] 内部划转识别完成: 2 条记录, 识别出 0 对 (0 划出 + 0 划入), 涉及 0 个主体, 0 家银行
[2026-06-15 02:30:05] INFO [summarize_transactions] 主体维度汇总完成: 2 条记录, 1 个主体, 1 家银行, 1 个月份, 0 个未匹配账号
[2026-06-15 02:30:05] INFO [export_subject_summary] 主体维度汇总分析已导出: /var*********************************************************************************************************
[2026-06-15 02:30:05] INFO [run_pipeline] 主体维度汇总分析已自动生成: /var*********************************************************************************************************
[2026-06-15 02:30:05] INFO [check_balance_continuity] 共 1 个账号待校验
[2026-06-15 02:30:05] DEBUG [check_balance_continuity] 校验账号: 0109年03月, 记录数: 2
[2026-06-15 02:30:05] INFO [check_balance_continuity] 余额连续性校验完成 - 总账号: 1, 已校验: 1, 跳过: 0, 异常笔数: 0, 异常账号: 0
[2026-06-15 02:30:05] INFO [export_balance_check_result] 余额连续性校验结果已导出: /var**********************************************************************************************************
[2026-06-15 02:30:05] INFO [run_pipeline] 余额连续性校验报告已自动生成: /var**********************************************************************************************************
[2026-06-15 02:30:05] INFO [detect_duplicates] 重复交易检测完成 - 总记录: 2, 疑似重复组: 0, 疑似重复记录: 0, 重复率: 0.00%
[2026-06-15 02:30:05] INFO [generate_duplicate_check_from_records] 未检测到重复交易，仍导出报告
[2026-06-15 02:30:05] INFO [export_duplicate_check_result] 重复交易检测结果已导出: /var*********************************************************************************************************
[2026-06-15 02:30:05] INFO [run_pipeline] 重复交易检测报告已自动生成: /var*********************************************************************************************************
[2026-06-15 02:30:05] INFO [filter_interest_fee_transactions] 筛选出 0 条利息手续费交易
[2026-06-15 02:30:05] INFO [summarize_by_period] 按month汇总生成 0 条期间汇总记录，异常 0 条
[2026-06-15 02:30:05] INFO [check_interest_fee] 利息手续费核对完成 - 总记录: 0 (利息: 0, 手续费: 0), 期间汇总: 0, 异常: 0
[2026-06-15 02:30:05] WARNING [generate_interest_fee_check_from_records] 未筛选到任何利息手续费交易，跳过报告生成
[2026-06-15 02:30:05] INFO [mark_non_workday_transactions] 非工作日交易标记完成: 总记录 2, 工作日 2, 周末 0, 法定节假日 0, 调休工作日 0
[2026-06-15 02:30:05] INFO [generate_holiday_check_from_records] 未发现非工作日交易，仍导出报告
[2026-06-15 02:30:05] INFO [export_holiday_check_result] 非工作日交易标记结果已导出: /var***********************************************************************************************************
[2026-06-15 02:30:05] INFO [run_pipeline] 非工作日交易标记报告已自动生成: /var***********************************************************************************************************
[2026-06-15 02:30:05] INFO [assign_accounting_period] 会计期间归属完成: 2 条记录, 1 个期间
[2026-06-15 02:30:05] INFO [export_accounting_period_summary] 会计期间总表已导出: /var*******************************************************************************************************（1 个期间）
[2026-06-15 02:30:05] INFO [run_pipeline] 会计期间总表已自动生成: /var*******************************************************************************************************
[2026-06-15 02:30:05] INFO [save_report] 性能剖析报告已保存: /var*****************************************************************************************************
[2026-06-15 02:30:05] INFO [save_report] 性能剖析数据已保存: /var*******************************************************************************************************
[2026-06-15 02:30:05] INFO [run_pipeline] 性能剖析报告已生成: /var*****************************************************************************************************
[2026-06-15 02:30:05] INFO [generate_collab_template] 财务协同编辑模板生成完成: /var***************************************************************************************************************（可编辑列: 凭证号, 凭证日期, 会计科目编码, 会计科目名称, 备注, 制单人）
[2026-06-15 02:30:05] INFO [run_pipeline] 财务协同编辑模板已自动生成: /var***************************************************************************************************************
[2026-06-15 02:30:05] INFO [load_total_table] 加载总表成功，共 2 条记录
[2026-06-15 02:30:05] INFO [mark_non_workday_transactions] 非工作日交易标记完成: 总记录 2, 工作日 2, 周末 0, 法定节假日 0, 调休工作日 0
[2026-06-15 02:30:05] INFO [generate_holiday_check_from_records] 未发现非工作日交易，仍导出报告
[2026-06-15 02:30:05] INFO [export_holiday_check_result] 非工作日交易标记结果已导出: /var****************************************************************************************************
[2026-06-15 02:30:05] INFO [setup_logging] 日志系统初始化完成，日志文件: /Use*******************************************************************************************************
[2026-06-15 02:30:05] INFO [setup_logging] 未检测到 tkinter，将使用命令行交互模式
[2026-06-15 02:30:05] INFO [find_lookup_file] 精确匹配到主体查找表: /var**************************************************************************************
[2026-06-15 02:30:05] INFO [run_pipeline] 正在预加载主体查找表...
[2026-06-15 02:30:05] DEBUG [detect_file_format] 文件 /var************************************************************************************** Magic Bytes 检测为 xlsx 格式 (ZIP/OOXML)
[2026-06-15 02:30:05] INFO [load_lookup_table] 查找表加载完成：共 2 条条目，2 个唯一账号，0 个扩展字段
[2026-06-15 02:30:05] INFO [run_pipeline] 主体查找表预加载完成
[2026-06-15 02:30:05] INFO [load_existing_keys] 未找到历史总表，将以全量模式运行
[2026-06-15 02:30:05] INFO [run_pipeline] 无历史数据，将以全量模式运行
[2026-06-15 02:30:05] INFO [prepare_working_folder] 已复制文件夹到同级目录: /var******************************************************************************
[2026-06-15 02:30:05] DEBUG [scan_bank_files] 发现银行导出文件: /var*******************************************************************************************
[2026-06-15 02:30:05] INFO [scan_bank_files] 共扫描到 1 个银行导出文件
[2026-06-15 02:30:05] DEBUG [detect_file_format] 文件 /var******************************************************************************************* Magic Bytes 检测为 xlsx 格式 (ZIP/OOXML)
[2026-06-15 02:30:05] INFO [identify_bank] 文件「北京银行_流水.xlsx」通过前缀匹配识别为: 北京银行
[2026-06-15 02:30:05] INFO [parse] 开始处理北京银行文件: /var*******************************************************************************************
[2026-06-15 02:30:05] DEBUG [detect_file_format] 文件 /var******************************************************************************************* Magic Bytes 检测为 xlsx 格式 (ZIP/OOXML)
[2026-06-15 02:30:05] INFO [validate_headers] 北京银行文件工作表「交易明细」表头校验通过，7 个字段均匹配
[2026-06-15 02:30:05] DEBUG [get_subject_info] 银行账号「0109年03月」匹配到主体: 北********司（优先级: 0）
[2026-06-15 02:30:05] INFO [_parse_sheet] 北京银行文件工作表「交易明细」提取 5 条记录
[2026-06-15 02:30:05] INFO [parse] 北京银行文件处理完成，共提取 5 条记录
[2026-06-15 02:30:05] INFO [run_pipeline] 成功处理文件: /var*******************************************************************************************（5 条记录）
[2026-06-15 02:30:05] DEBUG [delete_processed_files] 已删除文件: /var*******************************************************************************************
[2026-06-15 02:30:05] INFO [run_pipeline] 总表输出完成: /var***************************************************************************************（共 5 条记录）
[2026-06-15 02:30:05] INFO [apply_amount_anomaly_detection] 开始金额异常检测，单笔阈值: [金额已隐藏] 元
[2026-06-15 02:30:05] INFO [apply_amount_anomaly_detection] 金额异常检测完成：共 5 条记录，0 条异常 (0.00%)
[2026-06-15 02:30:05] INFO [apply_counterparty_rules] 对方户名规则匹配完成: 总记录 5, 命中 0, 黑名单 0, 白名单 0
[2026-06-15 02:30:05] INFO [apply_holiday_tags] 非工作日交易打标: 总记录 5, 非工作日 4 (周末 1, 节假日 2)
[2026-06-15 02:30:05] INFO [run_pipeline] 非工作日交易打标: 总记录 5, 非工作日 4 (周末 1, 节假日 2)
[2026-06-15 02:30:05] INFO [run_pipeline] 已将非工作日打标结果回写到总表: /var***************************************************************************************
[2026-06-15 02:30:05] INFO [export_masked_summary] 脱敏版总表输出完成: /var*******************************************************************************************（共 5 条记录）
[2026-06-15 02:30:05] DEBUG [init_schema] 数据库表结构初始化完成
[2026-06-15 02:30:05] INFO [connect] SQLite 数据库已连接: /Use************************************************************************************
[2026-06-15 02:30:05] INFO [disconnect] SQLite 数据库已断开
[2026-06-15 02:30:05] ERROR [persist_transactions] 数据库持久化失败: UNIQUE constraint failed: import_batches.batch_id
Traceback (most recent call last):
  File "/Users/zhangchengcheng/work/ai-project/Trea/solo0605/label-02552/tests/../backend/database.py", line 1612, in persist_transactions
    insert_count, duplicate_count = db.insert_records(
                                    ~~~~~~~~~~~~~~~~~^
        transaction_records,
        ^^^^^^^^^^^^^^^^^^^^
        batch_id=batch_id,
        ^^^^^^^^^^^^^^^^^^
        deduplicate=deduplicate,
        ^^^^^^^^^^^^^^^^^^^^^^^^
    )
    ^
  File "/Users/zhangchengcheng/work/ai-project/Trea/solo0605/label-02552/tests/../backend/database.py", line 554, in insert_records
    cursor.execute('''
    ~~~~~~~~~~~~~~^^^^
        INSERT INTO import_batches (
        ^^^^^^^^^^^^^^^^^^^^^^^^^^^^
            batch_id, total_records, started_at, status
            ^^^^^^^^^^^^^^^^^^^^^^^^^^^^^^^^^^^^^^^^^^^
        ) VALUES (?, ?, ?, ?)
        ^^^^^^^^^^^^^^^^^^^^^
    ''', (batch_id, len(records), started_at, 'processing'))
    ^^^^^^^^^^^^^^^^^^^^^^^^^^^^^^^^^^^^^^^^^^^^^^^^^^^^^^^^
sqlite3.IntegrityError: UNIQUE constraint failed: import_batches.batch_id
[2026-06-15 02:30:05] INFO [run_pipeline] 数据库持久化完成: 批次 BATC***************, 插入 0 条, 去重跳过 0 条
[2026-06-15 02:30:05] INFO [identify_internal_transfers] 内部划转识别完成: 5 条记录, 识别出 0 对 (0 划出 + 0 划入), 涉及 0 个主体, 0 家银行
[2026-06-15 02:30:05] INFO [summarize_transactions] 主体维度汇总完成: 5 条记录, 1 个主体, 1 家银行, 2 个月份, 0 个未匹配账号
[2026-06-15 02:30:05] INFO [export_subject_summary] 主体维度汇总分析已导出: /var*********************************************************************************************************
[2026-06-15 02:30:05] INFO [run_pipeline] 主体维度汇总分析已自动生成: /var*********************************************************************************************************
[2026-06-15 02:30:05] INFO [check_balance_continuity] 共 1 个账号待校验
[2026-06-15 02:30:05] DEBUG [check_balance_continuity] 校验账号: 0109年03月, 记录数: 5
[2026-06-15 02:30:05] ERROR [run_pipeline] 自动生成余额连续性校验报告失败: must be real number, not str
Traceback (most recent call last):
  File "/Users/zhangchengcheng/work/ai-project/Trea/solo0605/label-02552/tests/../backend/bankcheck.py", line 4687, in run_pipeline
    balance_check_path = generate_balance_check_from_records(
        final_rows, output_dir, source_info
    )
  File "/Users/zhangchengcheng/work/ai-project/Trea/solo0605/label-02552/tests/../backend/bankcheck.py", line 16407, in generate_balance_check_from_records
    check_result = check_balance_continuity(records, tolerance=tolerance)
  File "/Users/zhangchengcheng/work/ai-project/Trea/solo0605/label-02552/tests/../backend/bankcheck.py", line 16188, in check_balance_continuity
    logger.debug(
    ~~~~~~~~~~~~^
        '余额断裂 - 账号: %s, 日期: %s, 预期: %.2f, 实际: %.2f, 差异: %.2f',
        ^^^^^^^^^^^^^^^^^^^^^^^^^^^^^^^^^^^^^^^^^^^^^^^^^^^^^^^^^^^^^^^^^^^^
        account, curr['_date'], expected_balance, actual_balance, actual_balance - expected_balance
        ^^^^^^^^^^^^^^^^^^^^^^^^^^^^^^^^^^^^^^^^^^^^^^^^^^^^^^^^^^^^^^^^^^^^^^^^^^^^^^^^^^^^^^^^^^^
    )
    ^
  File "/opt/homebrew/Cellar/python@3.14/3.14.4_1/Frameworks/Python.framework/Versions/3.14/lib/python3.14/logging/__init__.py", line 1508, in debug
    self._log(DEBUG, msg, args, **kwargs)
    ~~~~~~~~~^^^^^^^^^^^^^^^^^^^^^^^^^^^^
  File "/opt/homebrew/Cellar/python@3.14/3.14.4_1/Frameworks/Python.framework/Versions/3.14/lib/python3.14/logging/__init__.py", line 1665, in _log
    self.handle(record)
    ~~~~~~~~~~~^^^^^^^^
  File "/opt/homebrew/Cellar/python@3.14/3.14.4_1/Frameworks/Python.framework/Versions/3.14/lib/python3.14/logging/__init__.py", line 1681, in handle
    self.callHandlers(record)
    ~~~~~~~~~~~~~~~~~^^^^^^^^
  File "/opt/homebrew/Cellar/python@3.14/3.14.4_1/Frameworks/Python.framework/Versions/3.14/lib/python3.14/logging/__init__.py", line 1737, in callHandlers
    hdlr.handle(record)
    ~~~~~~~~~~~^^^^^^^^
  File "/opt/homebrew/Cellar/python@3.14/3.14.4_1/Frameworks/Python.framework/Versions/3.14/lib/python3.14/logging/__init__.py", line 1027, in handle
    self.emit(record)
    ~~~~~~~~~^^^^^^^^
  File "/opt/homebrew/lib/python3.14/site-packages/_pytest/logging.py", line 384, in emit
    super().emit(record)
    ~~~~~~~~~~~~^^^^^^^^
  File "/opt/homebrew/Cellar/python@3.14/3.14.4_1/Frameworks/Python.framework/Versions/3.14/lib/python3.14/logging/__init__.py", line 1159, in emit
    self.handleError(record)
    ~~~~~~~~~~~~~~~~^^^^^^^^
  File "/opt/homebrew/Cellar/python@3.14/3.14.4_1/Frameworks/Python.framework/Versions/3.14/lib/python3.14/logging/__init__.py", line 1151, in emit
    msg = self.format(record)
  File "/opt/homebrew/Cellar/python@3.14/3.14.4_1/Frameworks/Python.framework/Versions/3.14/lib/python3.14/logging/__init__.py", line 999, in format
    return fmt.format(record)
           ~~~~~~~~~~^^^^^^^^
  File "/opt/homebrew/lib/python3.14/site-packages/_pytest/logging.py", line 137, in format
    return super().format(record)
           ~~~~~~~~~~~~~~^^^^^^^^
  File "/opt/homebrew/Cellar/python@3.14/3.14.4_1/Frameworks/Python.framework/Versions/3.14/lib/python3.14/logging/__init__.py", line 712, in format
    record.message = record.getMessage()
                     ~~~~~~~~~~~~~~~~~^^
  File "/opt/homebrew/Cellar/python@3.14/3.14.4_1/Frameworks/Python.framework/Versions/3.14/lib/python3.14/logging/__init__.py", line 400, in getMessage
    msg = msg % self.args
          ~~~~^~~~~~~~~~~
TypeError: must be real number, not str
[2026-06-15 02:30:05] INFO [detect_duplicates] 重复交易检测完成 - 总记录: 5, 疑似重复组: 0, 疑似重复记录: 0, 重复率: 0.00%
[2026-06-15 02:30:05] INFO [generate_duplicate_check_from_records] 未检测到重复交易，仍导出报告
[2026-06-15 02:30:05] INFO [export_duplicate_check_result] 重复交易检测结果已导出: /var*********************************************************************************************************
[2026-06-15 02:30:05] INFO [run_pipeline] 重复交易检测报告已自动生成: /var*********************************************************************************************************
[2026-06-15 02:30:05] INFO [filter_interest_fee_transactions] 筛选出 0 条利息手续费交易
[2026-06-15 02:30:05] INFO [summarize_by_period] 按month汇总生成 0 条期间汇总记录，异常 0 条
[2026-06-15 02:30:05] INFO [check_interest_fee] 利息手续费核对完成 - 总记录: 0 (利息: 0, 手续费: 0), 期间汇总: 0, 异常: 0
[2026-06-15 02:30:05] WARNING [generate_interest_fee_check_from_records] 未筛选到任何利息手续费交易，跳过报告生成
[2026-06-15 02:30:05] INFO [mark_non_workday_transactions] 非工作日交易标记完成: 总记录 5, 工作日 1, 周末 1, 法定节假日 2, 调休工作日 1
[2026-06-15 02:30:05] INFO [export_holiday_check_result] 非工作日交易标记结果已导出: /var***********************************************************************************************************
[2026-06-15 02:30:05] INFO [run_pipeline] 非工作日交易标记报告已自动生成: /var***********************************************************************************************************
[2026-06-15 02:30:05] INFO [assign_accounting_period] 会计期间归属完成: 5 条记录, 2 个期间
[2026-06-15 02:30:05] INFO [export_accounting_period_summary] 会计期间总表已导出: /var*******************************************************************************************************（2 个期间）
[2026-06-15 02:30:05] INFO [run_pipeline] 会计期间总表已自动生成: /var*******************************************************************************************************
[2026-06-15 02:30:05] INFO [save_report] 性能剖析报告已保存: /var*****************************************************************************************************
[2026-06-15 02:30:05] INFO [save_report] 性能剖析数据已保存: /var*******************************************************************************************************
[2026-06-15 02:30:05] INFO [run_pipeline] 性能剖析报告已生成: /var*****************************************************************************************************
[2026-06-15 02:30:05] INFO [generate_collab_template] 财务协同编辑模板生成完成: /var***************************************************************************************************************（可编辑列: 凭证号, 凭证日期, 会计科目编码, 会计科目名称, 备注, 制单人）
[2026-06-15 02:30:05] INFO [run_pipeline] 财务协同编辑模板已自动生成: /var***************************************************************************************************************
[2026-06-15 02:30:05] INFO [setup_logging] 日志系统初始化完成，日志文件: /Use*******************************************************************************************************
[2026-06-15 02:30:05] INFO [setup_logging] 未检测到 tkinter，将使用命令行交互模式
[2026-06-15 02:30:05] INFO [setup_logging] 日志系统初始化完成，日志文件: /Use*******************************************************************************************************
[2026-06-15 02:30:05] INFO [setup_logging] 未检测到 tkinter，将使用命令行交互模式
[2026-06-15 02:30:05] INFO [setup_logging] 日志系统初始化完成，日志文件: /Use*******************************************************************************************************
[2026-06-15 02:30:05] INFO [setup_logging] 未检测到 tkinter，将使用命令行交互模式
[2026-06-15 02:30:05] INFO [setup_logging] 日志系统初始化完成，日志文件: /Use*******************************************************************************************************
[2026-06-15 02:30:05] INFO [setup_logging] 未检测到 tkinter，将使用命令行交互模式
[2026-06-15 02:30:05] INFO [setup_logging] 日志系统初始化完成，日志文件: /Use*******************************************************************************************************
[2026-06-15 02:30:05] INFO [setup_logging] 未检测到 tkinter，将使用命令行交互模式
[2026-06-15 02:30:05] INFO [setup_logging] 日志系统初始化完成，日志文件: /Use*******************************************************************************************************
[2026-06-15 02:30:05] INFO [setup_logging] 未检测到 tkinter，将使用命令行交互模式
[2026-06-15 02:30:05] INFO [setup_logging] 日志系统初始化完成，日志文件: /Use*******************************************************************************************************
[2026-06-15 02:30:05] INFO [setup_logging] 未检测到 tkinter，将使用命令行交互模式
[2026-06-15 02:30:05] INFO [setup_logging] 日志系统初始化完成，日志文件: /Use*******************************************************************************************************
[2026-06-15 02:30:05] INFO [setup_logging] 未检测到 tkinter，将使用命令行交互模式
[2026-06-15 02:30:05] INFO [setup_logging] 日志系统初始化完成，日志文件: /Use*******************************************************************************************************
[2026-06-15 02:30:05] INFO [setup_logging] 未检测到 tkinter，将使用命令行交互模式
[2026-06-15 02:30:05] INFO [setup_logging] 日志系统初始化完成，日志文件: /Use*******************************************************************************************************
[2026-06-15 02:30:05] INFO [setup_logging] 未检测到 tkinter，将使用命令行交互模式
[2026-06-15 02:30:05] INFO [setup_logging] 日志系统初始化完成，日志文件: /Use*******************************************************************************************************
[2026-06-15 02:30:05] INFO [setup_logging] 未检测到 tkinter，将使用命令行交互模式
[2026-06-15 02:30:05] INFO [setup_logging] 日志系统初始化完成，日志文件: /Use*******************************************************************************************************
[2026-06-15 02:30:05] INFO [setup_logging] 未检测到 tkinter，将使用命令行交互模式
[2026-06-15 02:30:05] INFO [setup_logging] 日志系统初始化完成，日志文件: /Use*******************************************************************************************************
[2026-06-15 02:30:05] INFO [setup_logging] 未检测到 tkinter，将使用命令行交互模式
[2026-06-15 02:30:05] INFO [setup_logging] 日志系统初始化完成，日志文件: /Use*******************************************************************************************************
[2026-06-15 02:30:05] INFO [setup_logging] 未检测到 tkinter，将使用命令行交互模式
[2026-06-15 02:30:05] INFO [setup_logging] 日志系统初始化完成，日志文件: /Use*******************************************************************************************************
[2026-06-15 02:30:05] INFO [setup_logging] 未检测到 tkinter，将使用命令行交互模式
[2026-06-15 02:30:05] INFO [setup_logging] 日志系统初始化完成，日志文件: /Use*******************************************************************************************************
[2026-06-15 02:30:05] INFO [setup_logging] 未检测到 tkinter，将使用命令行交互模式
[2026-06-15 02:30:05] INFO [setup_logging] 日志系统初始化完成，日志文件: /Use*******************************************************************************************************
[2026-06-15 02:30:05] INFO [setup_logging] 未检测到 tkinter，将使用命令行交互模式
[2026-06-15 02:30:05] INFO [setup_logging] 日志系统初始化完成，日志文件: /Use*******************************************************************************************************
[2026-06-15 02:30:05] INFO [setup_logging] 未检测到 tkinter，将使用命令行交互模式
[2026-06-15 02:30:05] INFO [setup_logging] 日志系统初始化完成，日志文件: /Use*******************************************************************************************************
[2026-06-15 02:30:05] INFO [setup_logging] 未检测到 tkinter，将使用命令行交互模式
[2026-06-15 02:30:05] INFO [_cmd_process] CLI process: 目录=/var**************************************************************************, 增量=True, 保留策略=keep_unprocessed, dry_run=False
[2026-06-15 02:30:05] INFO [find_lookup_file] 精确匹配到主体查找表: /var**************************************************************************************
[2026-06-15 02:30:05] INFO [run_pipeline_with_options] 正在预加载主体查找表...
[2026-06-15 02:30:05] DEBUG [detect_file_format] 文件 /var************************************************************************************** Magic Bytes 检测为 xlsx 格式 (ZIP/OOXML)
[2026-06-15 02:30:05] INFO [load_lookup_table] 查找表加载完成：共 2 条条目，2 个唯一账号，0 个扩展字段
[2026-06-15 02:30:05] INFO [run_pipeline_with_options] 主体查找表预加载完成
[2026-06-15 02:30:05] INFO [load_existing_keys] 未找到历史总表，将以全量模式运行
[2026-06-15 02:30:05] INFO [run_pipeline_with_options] 无历史数据，将以全量模式运行
[2026-06-15 02:30:05] INFO [prepare_working_folder] 已复制文件夹到同级目录: /var******************************************************************************
[2026-06-15 02:30:05] DEBUG [scan_bank_files] 发现银行导出文件: /var*******************************************************************************************
[2026-06-15 02:30:05] INFO [scan_bank_files] 共扫描到 1 个银行导出文件
[2026-06-15 02:30:05] DEBUG [detect_file_format] 文件 /var******************************************************************************************* Magic Bytes 检测为 xlsx 格式 (ZIP/OOXML)
[2026-06-15 02:30:05] INFO [identify_bank] 文件「北京银行_流水.xlsx」通过前缀匹配识别为: 北京银行
[2026-06-15 02:30:05] INFO [parse] 开始处理北京银行文件: /var*******************************************************************************************
[2026-06-15 02:30:05] DEBUG [detect_file_format] 文件 /var******************************************************************************************* Magic Bytes 检测为 xlsx 格式 (ZIP/OOXML)
[2026-06-15 02:30:05] INFO [validate_headers] 北京银行文件工作表「交易明细」表头校验通过，7 个字段均匹配
[2026-06-15 02:30:05] DEBUG [get_subject_info] 银行账号「0109年03月」匹配到主体: 北********司（优先级: 0）
[2026-06-15 02:30:05] INFO [_parse_sheet] 北京银行文件工作表「交易明细」提取 2 条记录
[2026-06-15 02:30:05] INFO [parse] 北京银行文件处理完成，共提取 2 条记录
[2026-06-15 02:30:05] INFO [run_pipeline_with_options] 成功处理文件: /var*******************************************************************************************（2 条记录）
[2026-06-15 02:30:05] INFO [run_pipeline_with_options] 保留策略：仅保留未处理文件
[2026-06-15 02:30:05] DEBUG [delete_processed_files] 已删除文件: /var*******************************************************************************************
[2026-06-15 02:30:05] INFO [run_pipeline_with_options] 总表输出完成: /var***************************************************************************************（共 2 条记录）
[2026-06-15 02:30:05] INFO [apply_amount_anomaly_detection] 开始金额异常检测，单笔阈值: [金额已隐藏] 元
[2026-06-15 02:30:06] INFO [apply_amount_anomaly_detection] 金额异常检测完成：共 2 条记录，0 条异常 (0.00%)
[2026-06-15 02:30:06] INFO [apply_counterparty_rules] 对方户名规则匹配完成: 总记录 2, 命中 0, 黑名单 0, 白名单 0
[2026-06-15 02:30:06] INFO [export_masked_summary] 脱敏版总表输出完成: /var*******************************************************************************************（共 2 条记录）
[2026-06-15 02:30:06] DEBUG [init_schema] 数据库表结构初始化完成
[2026-06-15 02:30:06] INFO [connect] SQLite 数据库已连接: /Use************************************************************************************
[2026-06-15 02:30:06] INFO [insert_records] 已加载 25 个历史匹配键用于去重
[2026-06-15 02:30:06] INFO [insert_records] 批量导入完成: 批次 BATC***************, 共 2 条, 新增 0 条, 重复 2 条
[2026-06-15 02:30:06] INFO [disconnect] SQLite 数据库已断开
[2026-06-15 02:30:06] INFO [run_pipeline_with_options] 数据库持久化完成: 批次 BATC***************, 插入 0 条, 去重跳过 2 条
[2026-06-15 02:30:06] INFO [identify_internal_transfers] 内部划转识别完成: 2 条记录, 识别出 0 对 (0 划出 + 0 划入), 涉及 0 个主体, 0 家银行
[2026-06-15 02:30:06] INFO [summarize_transactions] 主体维度汇总完成: 2 条记录, 1 个主体, 1 家银行, 1 个月份, 0 个未匹配账号
[2026-06-15 02:30:06] INFO [export_subject_summary] 主体维度汇总分析已导出: /var*********************************************************************************************************
[2026-06-15 02:30:06] INFO [run_pipeline_with_options] 主体维度汇总分析已自动生成: /var*********************************************************************************************************
[2026-06-15 02:30:06] INFO [check_balance_continuity] 共 1 个账号待校验
[2026-06-15 02:30:06] DEBUG [check_balance_continuity] 校验账号: 0109年03月, 记录数: 2
[2026-06-15 02:30:06] INFO [check_balance_continuity] 余额连续性校验完成 - 总账号: 1, 已校验: 1, 跳过: 0, 异常笔数: 0, 异常账号: 0
[2026-06-15 02:30:06] INFO [export_balance_check_result] 余额连续性校验结果已导出: /var**********************************************************************************************************
[2026-06-15 02:30:06] INFO [run_pipeline_with_options] 余额连续性校验报告已自动生成: /var**********************************************************************************************************
[2026-06-15 02:30:06] INFO [detect_duplicates] 重复交易检测完成 - 总记录: 2, 疑似重复组: 0, 疑似重复记录: 0, 重复率: 0.00%
[2026-06-15 02:30:06] INFO [generate_duplicate_check_from_records] 未检测到重复交易，仍导出报告
[2026-06-15 02:30:06] INFO [export_duplicate_check_result] 重复交易检测结果已导出: /var*********************************************************************************************************
[2026-06-15 02:30:06] INFO [run_pipeline_with_options] 重复交易检测报告已自动生成: /var*********************************************************************************************************
[2026-06-15 02:30:06] INFO [filter_interest_fee_transactions] 筛选出 0 条利息手续费交易
[2026-06-15 02:30:06] INFO [summarize_by_period] 按month汇总生成 0 条期间汇总记录，异常 0 条
[2026-06-15 02:30:06] INFO [check_interest_fee] 利息手续费核对完成 - 总记录: 0 (利息: 0, 手续费: 0), 期间汇总: 0, 异常: 0
[2026-06-15 02:30:06] WARNING [generate_interest_fee_check_from_records] 未筛选到任何利息手续费交易，跳过报告生成
[2026-06-15 02:30:06] INFO [mark_non_workday_transactions] 非工作日交易标记完成: 总记录 2, 工作日 2, 周末 0, 法定节假日 0, 调休工作日 0
[2026-06-15 02:30:06] INFO [generate_holiday_check_from_records] 未发现非工作日交易，仍导出报告
[2026-06-15 02:30:06] INFO [export_holiday_check_result] 非工作日交易标记结果已导出: /var***********************************************************************************************************
[2026-06-15 02:30:06] INFO [run_pipeline_with_options] 非工作日交易标记报告已自动生成: /var***********************************************************************************************************
[2026-06-15 02:30:06] INFO [setup_logging] 日志系统初始化完成，日志文件: /Use*******************************************************************************************************
[2026-06-15 02:30:06] INFO [setup_logging] 未检测到 tkinter，将使用命令行交互模式
[2026-06-15 02:30:06] ERROR [_cmd_process] 目录不存在: /var***************************************************************************************
[2026-06-15 02:30:06] INFO [setup_logging] 日志系统初始化完成，日志文件: /Use*******************************************************************************************************
[2026-06-15 02:30:06] INFO [setup_logging] 未检测到 tkinter，将使用命令行交互模式
[2026-06-15 02:30:06] INFO [_cmd_process] CLI process: 目录=/var**************************************************************************, 增量=False, 保留策略=keep_unprocessed, dry_run=False
[2026-06-15 02:30:06] INFO [find_lookup_file] 精确匹配到主体查找表: /var**************************************************************************************
[2026-06-15 02:30:06] INFO [run_pipeline_with_options] 正在预加载主体查找表...
[2026-06-15 02:30:06] DEBUG [detect_file_format] 文件 /var************************************************************************************** Magic Bytes 检测为 xlsx 格式 (ZIP/OOXML)
[2026-06-15 02:30:06] INFO [load_lookup_table] 查找表加载完成：共 2 条条目，2 个唯一账号，0 个扩展字段
[2026-06-15 02:30:06] INFO [run_pipeline_with_options] 主体查找表预加载完成
[2026-06-15 02:30:06] INFO [prepare_working_folder] 已复制文件夹到同级目录: /var******************************************************************************
[2026-06-15 02:30:06] DEBUG [scan_bank_files] 发现银行导出文件: /var*******************************************************************************************
[2026-06-15 02:30:06] INFO [scan_bank_files] 共扫描到 1 个银行导出文件
[2026-06-15 02:30:06] DEBUG [detect_file_format] 文件 /var******************************************************************************************* Magic Bytes 检测为 xlsx 格式 (ZIP/OOXML)
[2026-06-15 02:30:06] INFO [identify_bank] 文件「北京银行_流水.xlsx」通过前缀匹配识别为: 北京银行
[2026-06-15 02:30:06] INFO [parse] 开始处理北京银行文件: /var*******************************************************************************************
[2026-06-15 02:30:06] DEBUG [detect_file_format] 文件 /var******************************************************************************************* Magic Bytes 检测为 xlsx 格式 (ZIP/OOXML)
[2026-06-15 02:30:06] INFO [validate_headers] 北京银行文件工作表「交易明细」表头校验通过，7 个字段均匹配
[2026-06-15 02:30:06] DEBUG [get_subject_info] 银行账号「0109年03月」匹配到主体: 北********司（优先级: 0）
[2026-06-15 02:30:06] INFO [_parse_sheet] 北京银行文件工作表「交易明细」提取 2 条记录
[2026-06-15 02:30:06] INFO [parse] 北京银行文件处理完成，共提取 2 条记录
[2026-06-15 02:30:06] INFO [run_pipeline_with_options] 成功处理文件: /var*******************************************************************************************（2 条记录）
[2026-06-15 02:30:06] INFO [run_pipeline_with_options] 保留策略：仅保留未处理文件
[2026-06-15 02:30:06] DEBUG [delete_processed_files] 已删除文件: /var*******************************************************************************************
[2026-06-15 02:30:06] INFO [run_pipeline_with_options] 总表输出完成: /var***************************************************************************************（共 2 条记录）
[2026-06-15 02:30:06] INFO [apply_amount_anomaly_detection] 开始金额异常检测，单笔阈值: [金额已隐藏] 元
[2026-06-15 02:30:06] INFO [apply_amount_anomaly_detection] 金额异常检测完成：共 2 条记录，0 条异常 (0.00%)
[2026-06-15 02:30:06] INFO [apply_counterparty_rules] 对方户名规则匹配完成: 总记录 2, 命中 0, 黑名单 0, 白名单 0
[2026-06-15 02:30:06] INFO [export_masked_summary] 脱敏版总表输出完成: /var*******************************************************************************************（共 2 条记录）
[2026-06-15 02:30:06] DEBUG [init_schema] 数据库表结构初始化完成
[2026-06-15 02:30:06] INFO [connect] SQLite 数据库已连接: /Use************************************************************************************
[2026-06-15 02:30:06] INFO [disconnect] SQLite 数据库已断开
[2026-06-15 02:30:06] ERROR [persist_transactions] 数据库持久化失败: UNIQUE constraint failed: import_batches.batch_id
Traceback (most recent call last):
  File "/Users/zhangchengcheng/work/ai-project/Trea/solo0605/label-02552/tests/../backend/database.py", line 1612, in persist_transactions
    insert_count, duplicate_count = db.insert_records(
                                    ~~~~~~~~~~~~~~~~~^
        transaction_records,
        ^^^^^^^^^^^^^^^^^^^^
        batch_id=batch_id,
        ^^^^^^^^^^^^^^^^^^
        deduplicate=deduplicate,
        ^^^^^^^^^^^^^^^^^^^^^^^^
    )
    ^
  File "/Users/zhangchengcheng/work/ai-project/Trea/solo0605/label-02552/tests/../backend/database.py", line 554, in insert_records
    cursor.execute('''
    ~~~~~~~~~~~~~~^^^^
        INSERT INTO import_batches (
        ^^^^^^^^^^^^^^^^^^^^^^^^^^^^
            batch_id, total_records, started_at, status
            ^^^^^^^^^^^^^^^^^^^^^^^^^^^^^^^^^^^^^^^^^^^
        ) VALUES (?, ?, ?, ?)
        ^^^^^^^^^^^^^^^^^^^^^
    ''', (batch_id, len(records), started_at, 'processing'))
    ^^^^^^^^^^^^^^^^^^^^^^^^^^^^^^^^^^^^^^^^^^^^^^^^^^^^^^^^
sqlite3.IntegrityError: UNIQUE constraint failed: import_batches.batch_id
[2026-06-15 02:30:06] INFO [run_pipeline_with_options] 数据库持久化完成: 批次 BATC***************, 插入 0 条, 去重跳过 0 条
[2026-06-15 02:30:06] INFO [identify_internal_transfers] 内部划转识别完成: 2 条记录, 识别出 0 对 (0 划出 + 0 划入), 涉及 0 个主体, 0 家银行
[2026-06-15 02:30:06] INFO [summarize_transactions] 主体维度汇总完成: 2 条记录, 1 个主体, 1 家银行, 1 个月份, 0 个未匹配账号
[2026-06-15 02:30:06] INFO [export_subject_summary] 主体维度汇总分析已导出: /var*********************************************************************************************************
[2026-06-15 02:30:06] INFO [run_pipeline_with_options] 主体维度汇总分析已自动生成: /var*********************************************************************************************************
[2026-06-15 02:30:06] INFO [check_balance_continuity] 共 1 个账号待校验
[2026-06-15 02:30:06] DEBUG [check_balance_continuity] 校验账号: 0109年03月, 记录数: 2
[2026-06-15 02:30:06] INFO [check_balance_continuity] 余额连续性校验完成 - 总账号: 1, 已校验: 1, 跳过: 0, 异常笔数: 0, 异常账号: 0
[2026-06-15 02:30:06] INFO [export_balance_check_result] 余额连续性校验结果已导出: /var**********************************************************************************************************
[2026-06-15 02:30:06] INFO [run_pipeline_with_options] 余额连续性校验报告已自动生成: /var**********************************************************************************************************
[2026-06-15 02:30:06] INFO [detect_duplicates] 重复交易检测完成 - 总记录: 2, 疑似重复组: 0, 疑似重复记录: 0, 重复率: 0.00%
[2026-06-15 02:30:06] INFO [generate_duplicate_check_from_records] 未检测到重复交易，仍导出报告
[2026-06-15 02:30:06] INFO [export_duplicate_check_result] 重复交易检测结果已导出: /var*********************************************************************************************************
[2026-06-15 02:30:06] INFO [run_pipeline_with_options] 重复交易检测报告已自动生成: /var*********************************************************************************************************
[2026-06-15 02:30:06] INFO [filter_interest_fee_transactions] 筛选出 0 条利息手续费交易
[2026-06-15 02:30:06] INFO [summarize_by_period] 按month汇总生成 0 条期间汇总记录，异常 0 条
[2026-06-15 02:30:06] INFO [check_interest_fee] 利息手续费核对完成 - 总记录: 0 (利息: 0, 手续费: 0), 期间汇总: 0, 异常: 0
[2026-06-15 02:30:06] WARNING [generate_interest_fee_check_from_records] 未筛选到任何利息手续费交易，跳过报告生成
[2026-06-15 02:30:06] INFO [mark_non_workday_transactions] 非工作日交易标记完成: 总记录 2, 工作日 2, 周末 0, 法定节假日 0, 调休工作日 0
[2026-06-15 02:30:06] INFO [generate_holiday_check_from_records] 未发现非工作日交易，仍导出报告
[2026-06-15 02:30:06] INFO [export_holiday_check_result] 非工作日交易标记结果已导出: /var***********************************************************************************************************
[2026-06-15 02:30:06] INFO [run_pipeline_with_options] 非工作日交易标记报告已自动生成: /var***********************************************************************************************************
[2026-06-15 02:30:06] INFO [setup_logging] 日志系统初始化完成，日志文件: /Use*******************************************************************************************************
[2026-06-15 02:30:06] INFO [setup_logging] 未检测到 tkinter，将使用命令行交互模式
[2026-06-15 02:30:06] INFO [_cmd_process] CLI process: 目录=/var**************************************************************************, 增量=True, 保留策略=keep_all, dry_run=False
[2026-06-15 02:30:06] INFO [find_lookup_file] 精确匹配到主体查找表: /var**************************************************************************************
[2026-06-15 02:30:06] INFO [run_pipeline_with_options] 正在预加载主体查找表...
[2026-06-15 02:30:06] DEBUG [detect_file_format] 文件 /var************************************************************************************** Magic Bytes 检测为 xlsx 格式 (ZIP/OOXML)
[2026-06-15 02:30:06] INFO [load_lookup_table] 查找表加载完成：共 2 条条目，2 个唯一账号，0 个扩展字段
[2026-06-15 02:30:06] INFO [run_pipeline_with_options] 主体查找表预加载完成
[2026-06-15 02:30:06] INFO [load_existing_keys] 未找到历史总表，将以全量模式运行
[2026-06-15 02:30:06] INFO [run_pipeline_with_options] 无历史数据，将以全量模式运行
[2026-06-15 02:30:06] INFO [prepare_working_folder] 已复制文件夹到同级目录: /var******************************************************************************
[2026-06-15 02:30:06] DEBUG [scan_bank_files] 发现银行导出文件: /var*******************************************************************************************
[2026-06-15 02:30:06] INFO [scan_bank_files] 共扫描到 1 个银行导出文件
[2026-06-15 02:30:06] DEBUG [detect_file_format] 文件 /var******************************************************************************************* Magic Bytes 检测为 xlsx 格式 (ZIP/OOXML)
[2026-06-15 02:30:06] INFO [identify_bank] 文件「北京银行_流水.xlsx」通过前缀匹配识别为: 北京银行
[2026-06-15 02:30:06] INFO [parse] 开始处理北京银行文件: /var*******************************************************************************************
[2026-06-15 02:30:06] DEBUG [detect_file_format] 文件 /var******************************************************************************************* Magic Bytes 检测为 xlsx 格式 (ZIP/OOXML)
[2026-06-15 02:30:06] INFO [validate_headers] 北京银行文件工作表「交易明细」表头校验通过，7 个字段均匹配
[2026-06-15 02:30:06] DEBUG [get_subject_info] 银行账号「0109年03月」匹配到主体: 北********司（优先级: 0）
[2026-06-15 02:30:06] INFO [_parse_sheet] 北京银行文件工作表「交易明细」提取 2 条记录
[2026-06-15 02:30:06] INFO [parse] 北京银行文件处理完成，共提取 2 条记录
[2026-06-15 02:30:06] INFO [run_pipeline_with_options] 成功处理文件: /var*******************************************************************************************（2 条记录）
[2026-06-15 02:30:06] INFO [run_pipeline_with_options] 保留策略：保留所有文件
[2026-06-15 02:30:06] DEBUG [delete_processed_files] 保留策略 keep_all：跳过所有文件操作
[2026-06-15 02:30:06] INFO [run_pipeline_with_options] 总表输出完成: /var***************************************************************************************（共 2 条记录）
[2026-06-15 02:30:06] INFO [apply_amount_anomaly_detection] 开始金额异常检测，单笔阈值: [金额已隐藏] 元
[2026-06-15 02:30:06] INFO [apply_amount_anomaly_detection] 金额异常检测完成：共 2 条记录，0 条异常 (0.00%)
[2026-06-15 02:30:06] INFO [apply_counterparty_rules] 对方户名规则匹配完成: 总记录 2, 命中 0, 黑名单 0, 白名单 0
[2026-06-15 02:30:06] INFO [export_masked_summary] 脱敏版总表输出完成: /var*******************************************************************************************（共 2 条记录）
[2026-06-15 02:30:06] DEBUG [init_schema] 数据库表结构初始化完成
[2026-06-15 02:30:06] INFO [connect] SQLite 数据库已连接: /Use************************************************************************************
[2026-06-15 02:30:06] INFO [disconnect] SQLite 数据库已断开
[2026-06-15 02:30:06] ERROR [persist_transactions] 数据库持久化失败: UNIQUE constraint failed: import_batches.batch_id
Traceback (most recent call last):
  File "/Users/zhangchengcheng/work/ai-project/Trea/solo0605/label-02552/tests/../backend/database.py", line 1612, in persist_transactions
    insert_count, duplicate_count = db.insert_records(
                                    ~~~~~~~~~~~~~~~~~^
        transaction_records,
        ^^^^^^^^^^^^^^^^^^^^
        batch_id=batch_id,
        ^^^^^^^^^^^^^^^^^^
        deduplicate=deduplicate,
        ^^^^^^^^^^^^^^^^^^^^^^^^
    )
    ^
  File "/Users/zhangchengcheng/work/ai-project/Trea/solo0605/label-02552/tests/../backend/database.py", line 554, in insert_records
    cursor.execute('''
    ~~~~~~~~~~~~~~^^^^
        INSERT INTO import_batches (
        ^^^^^^^^^^^^^^^^^^^^^^^^^^^^
            batch_id, total_records, started_at, status
            ^^^^^^^^^^^^^^^^^^^^^^^^^^^^^^^^^^^^^^^^^^^
        ) VALUES (?, ?, ?, ?)
        ^^^^^^^^^^^^^^^^^^^^^
    ''', (batch_id, len(records), started_at, 'processing'))
    ^^^^^^^^^^^^^^^^^^^^^^^^^^^^^^^^^^^^^^^^^^^^^^^^^^^^^^^^
sqlite3.IntegrityError: UNIQUE constraint failed: import_batches.batch_id
[2026-06-15 02:30:06] INFO [run_pipeline_with_options] 数据库持久化完成: 批次 BATC***************, 插入 0 条, 去重跳过 0 条
[2026-06-15 02:30:06] INFO [identify_internal_transfers] 内部划转识别完成: 2 条记录, 识别出 0 对 (0 划出 + 0 划入), 涉及 0 个主体, 0 家银行
[2026-06-15 02:30:06] INFO [summarize_transactions] 主体维度汇总完成: 2 条记录, 1 个主体, 1 家银行, 1 个月份, 0 个未匹配账号
[2026-06-15 02:30:06] INFO [export_subject_summary] 主体维度汇总分析已导出: /var*********************************************************************************************************
[2026-06-15 02:30:06] INFO [run_pipeline_with_options] 主体维度汇总分析已自动生成: /var*********************************************************************************************************
[2026-06-15 02:30:06] INFO [check_balance_continuity] 共 1 个账号待校验
[2026-06-15 02:30:06] DEBUG [check_balance_continuity] 校验账号: 0109年03月, 记录数: 2
[2026-06-15 02:30:06] INFO [check_balance_continuity] 余额连续性校验完成 - 总账号: 1, 已校验: 1, 跳过: 0, 异常笔数: 0, 异常账号: 0
[2026-06-15 02:30:06] INFO [export_balance_check_result] 余额连续性校验结果已导出: /var**********************************************************************************************************
[2026-06-15 02:30:06] INFO [run_pipeline_with_options] 余额连续性校验报告已自动生成: /var**********************************************************************************************************
[2026-06-15 02:30:06] INFO [detect_duplicates] 重复交易检测完成 - 总记录: 2, 疑似重复组: 0, 疑似重复记录: 0, 重复率: 0.00%
[2026-06-15 02:30:06] INFO [generate_duplicate_check_from_records] 未检测到重复交易，仍导出报告
[2026-06-15 02:30:06] INFO [export_duplicate_check_result] 重复交易检测结果已导出: /var*********************************************************************************************************
[2026-06-15 02:30:06] INFO [run_pipeline_with_options] 重复交易检测报告已自动生成: /var*********************************************************************************************************
[2026-06-15 02:30:06] INFO [filter_interest_fee_transactions] 筛选出 0 条利息手续费交易
[2026-06-15 02:30:06] INFO [summarize_by_period] 按month汇总生成 0 条期间汇总记录，异常 0 条
[2026-06-15 02:30:06] INFO [check_interest_fee] 利息手续费核对完成 - 总记录: 0 (利息: 0, 手续费: 0), 期间汇总: 0, 异常: 0
[2026-06-15 02:30:06] WARNING [generate_interest_fee_check_from_records] 未筛选到任何利息手续费交易，跳过报告生成
[2026-06-15 02:30:06] INFO [mark_non_workday_transactions] 非工作日交易标记完成: 总记录 2, 工作日 2, 周末 0, 法定节假日 0, 调休工作日 0
[2026-06-15 02:30:06] INFO [generate_holiday_check_from_records] 未发现非工作日交易，仍导出报告
[2026-06-15 02:30:06] INFO [export_holiday_check_result] 非工作日交易标记结果已导出: /var***********************************************************************************************************
[2026-06-15 02:30:06] INFO [run_pipeline_with_options] 非工作日交易标记报告已自动生成: /var***********************************************************************************************************
[2026-06-15 02:30:06] INFO [setup_logging] 日志系统初始化完成，日志文件: /Use*******************************************************************************************************
[2026-06-15 02:30:06] INFO [setup_logging] 未检测到 tkinter，将使用命令行交互模式
[2026-06-15 02:30:06] DEBUG [detect_file_format] 文件 /var************************************************************************************** Magic Bytes 检测为 xlsx 格式 (ZIP/OOXML)
[2026-06-15 02:30:06] INFO [load_lookup_table] 查找表加载完成：共 2 条条目，2 个唯一账号，0 个扩展字段
[2026-06-15 02:30:06] INFO [read_lookup_entries] 从查找表读取到 2 条记录，扩展字段: 无
[2026-06-15 02:30:06] INFO [setup_logging] 日志系统初始化完成，日志文件: /Use*******************************************************************************************************
[2026-06-15 02:30:06] INFO [setup_logging] 未检测到 tkinter，将使用命令行交互模式
[2026-06-15 02:30:06] WARNING [find_lookup_file] 程序目录下未找到任何 Excel 文件作为主体查找表
[2026-06-15 02:30:06] INFO [setup_logging] 日志系统初始化完成，日志文件: /Use*******************************************************************************************************
[2026-06-15 02:30:06] INFO [setup_logging] 未检测到 tkinter，将使用命令行交互模式
[2026-06-15 02:30:06] WARNING [find_lookup_file] 程序目录下未找到任何 Excel 文件作为主体查找表
[2026-06-15 02:30:06] INFO [setup_logging] 日志系统初始化完成，日志文件: /Use*******************************************************************************************************
[2026-06-15 02:30:06] INFO [setup_logging] 未检测到 tkinter，将使用命令行交互模式
[2026-06-15 02:30:06] DEBUG [detect_file_format] 文件 /var************************************************************************************** Magic Bytes 检测为 xlsx 格式 (ZIP/OOXML)
[2026-06-15 02:30:06] INFO [load_lookup_table] 查找表加载完成：共 2 条条目，2 个唯一账号，0 个扩展字段
[2026-06-15 02:30:06] INFO [read_lookup_entries] 从查找表读取到 2 条记录，扩展字段: 无
[2026-06-15 02:30:06] INFO [setup_logging] 日志系统初始化完成，日志文件: /Use*******************************************************************************************************
[2026-06-15 02:30:06] INFO [setup_logging] 未检测到 tkinter，将使用命令行交互模式
[2026-06-15 02:30:06] DEBUG [detect_file_format] 文件 /var************************************************************************************** Magic Bytes 检测为 xlsx 格式 (ZIP/OOXML)
[2026-06-15 02:30:06] INFO [load_lookup_table] 查找表加载完成：共 0 条条目，0 个唯一账号，0 个扩展字段
[2026-06-15 02:30:06] INFO [read_lookup_entries] 从查找表读取到 0 条记录，扩展字段: 无
[2026-06-15 02:30:06] INFO [setup_logging] 日志系统初始化完成，日志文件: /Use*******************************************************************************************************
[2026-06-15 02:30:06] INFO [setup_logging] 未检测到 tkinter，将使用命令行交互模式
[2026-06-15 02:30:06] DEBUG [detect_file_format] 文件 /var************************************************************************************** Magic Bytes 检测为 xlsx 格式 (ZIP/OOXML)
[2026-06-15 02:30:06] INFO [load_lookup_table] 查找表加载完成：共 2 条条目，1 个唯一账号，0 个扩展字段
[2026-06-15 02:30:06] INFO [read_lookup_entries] 从查找表读取到 2 条记录，扩展字段: 无
[2026-06-15 02:30:06] INFO [setup_logging] 日志系统初始化完成，日志文件: /Use*******************************************************************************************************
[2026-06-15 02:30:06] INFO [setup_logging] 未检测到 tkinter，将使用命令行交互模式
[2026-06-15 02:30:06] WARNING [find_lookup_file] 程序目录下未找到任何 Excel 文件作为主体查找表
[2026-06-15 02:30:06] INFO [setup_logging] 日志系统初始化完成，日志文件: /Use*******************************************************************************************************
[2026-06-15 02:30:06] INFO [setup_logging] 未检测到 tkinter，将使用命令行交互模式
[2026-06-15 02:30:06] INFO [setup_logging] 日志系统初始化完成，日志文件: /Use*******************************************************************************************************
[2026-06-15 02:30:06] INFO [setup_logging] 未检测到 tkinter，将使用命令行交互模式
[2026-06-15 02:30:06] INFO [setup_logging] 日志系统初始化完成，日志文件: /Use*******************************************************************************************************
[2026-06-15 02:30:06] INFO [setup_logging] 未检测到 tkinter，将使用命令行交互模式
[2026-06-15 02:30:06] INFO [setup_logging] 日志系统初始化完成，日志文件: /Use*******************************************************************************************************
[2026-06-15 02:30:06] INFO [setup_logging] 未检测到 tkinter，将使用命令行交互模式
[2026-06-15 02:30:06] INFO [run_pipeline] ===== 试运行模式已启用（不执行删除与写盘操作）=====
[2026-06-15 02:30:06] INFO [find_lookup_file] 精确匹配到主体查找表: /var**************************************************************************************
[2026-06-15 02:30:06] INFO [run_pipeline] 正在预加载主体查找表...
[2026-06-15 02:30:06] DEBUG [detect_file_format] 文件 /var************************************************************************************** Magic Bytes 检测为 xlsx 格式 (ZIP/OOXML)
[2026-06-15 02:30:06] INFO [load_lookup_table] 查找表加载完成：共 2 条条目，2 个唯一账号，0 个扩展字段
[2026-06-15 02:30:06] INFO [run_pipeline] 主体查找表预加载完成
[2026-06-15 02:30:06] INFO [load_existing_keys] 未找到历史总表，将以全量模式运行
[2026-06-15 02:30:06] INFO [run_pipeline] 无历史数据，将以全量模式运行
[2026-06-15 02:30:06] INFO [prepare_working_folder] 已复制文件夹到同级目录: /var******************************************************************************
[2026-06-15 02:30:06] DEBUG [scan_bank_files] 发现银行导出文件: /var*******************************************************************************************
[2026-06-15 02:30:06] INFO [scan_bank_files] 共扫描到 1 个银行导出文件
[2026-06-15 02:30:06] DEBUG [detect_file_format] 文件 /var******************************************************************************************* Magic Bytes 检测为 xlsx 格式 (ZIP/OOXML)
[2026-06-15 02:30:06] INFO [identify_bank] 文件「北京银行_流水.xlsx」通过前缀匹配识别为: 北京银行
[2026-06-15 02:30:06] INFO [parse] 开始处理北京银行文件: /var*******************************************************************************************
[2026-06-15 02:30:06] DEBUG [detect_file_format] 文件 /var******************************************************************************************* Magic Bytes 检测为 xlsx 格式 (ZIP/OOXML)
[2026-06-15 02:30:06] INFO [validate_headers] 北京银行文件工作表「交易明细」表头校验通过，7 个字段均匹配
[2026-06-15 02:30:06] DEBUG [get_subject_info] 银行账号「0109年03月」匹配到主体: 北********司（优先级: 0）
[2026-06-15 02:30:06] INFO [_parse_sheet] 北京银行文件工作表「交易明细」提取 2 条记录
[2026-06-15 02:30:06] INFO [parse] 北京银行文件处理完成，共提取 2 条记录
[2026-06-15 02:30:06] INFO [run_pipeline] 成功处理文件: /var*******************************************************************************************（2 条记录）
[2026-06-15 02:30:06] INFO [run_pipeline] [试运行] 跳过删除文件操作，待删除文件 1 个
[2026-06-15 02:30:06] INFO [run_pipeline] [试运行] 跳过总表写盘，模式=全量覆盖，共 2 条记录
[2026-06-15 02:30:06] INFO [apply_amount_anomaly_detection] 开始金额异常检测，单笔阈值: [金额已隐藏] 元
[2026-06-15 02:30:06] INFO [apply_amount_anomaly_detection] 金额异常检测完成：共 2 条记录，0 条异常 (0.00%)
[2026-06-15 02:30:06] INFO [apply_counterparty_rules] 对方户名规则匹配完成: 总记录 2, 命中 0, 黑名单 0, 白名单 0
[2026-06-15 02:30:06] INFO [run_pipeline] [试运行] 跳过生成脱敏版总表
[2026-06-15 02:30:06] INFO [run_pipeline] [试运行] 跳过数据库持久化操作
[2026-06-15 02:30:06] INFO [identify_internal_transfers] 内部划转识别完成: 2 条记录, 识别出 0 对 (0 划出 + 0 划入), 涉及 0 个主体, 0 家银行
[2026-06-15 02:30:06] INFO [summarize_transactions] 主体维度汇总完成: 2 条记录, 1 个主体, 1 家银行, 1 个月份, 0 个未匹配账号
[2026-06-15 02:30:06] INFO [export_subject_summary] 主体维度汇总分析已导出: /var*********************************************************************************************************
[2026-06-15 02:30:06] INFO [run_pipeline] 主体维度汇总分析已自动生成: /var*********************************************************************************************************
[2026-06-15 02:30:06] INFO [check_balance_continuity] 共 1 个账号待校验
[2026-06-15 02:30:06] DEBUG [check_balance_continuity] 校验账号: 0109年03月, 记录数: 2
[2026-06-15 02:30:06] INFO [check_balance_continuity] 余额连续性校验完成 - 总账号: 1, 已校验: 1, 跳过: 0, 异常笔数: 0, 异常账号: 0
[2026-06-15 02:30:06] INFO [export_balance_check_result] 余额连续性校验结果已导出: /var**********************************************************************************************************
[2026-06-15 02:30:06] INFO [run_pipeline] 余额连续性校验报告已自动生成: /var**********************************************************************************************************
[2026-06-15 02:30:06] INFO [detect_duplicates] 重复交易检测完成 - 总记录: 2, 疑似重复组: 0, 疑似重复记录: 0, 重复率: 0.00%
[2026-06-15 02:30:06] INFO [generate_duplicate_check_from_records] 未检测到重复交易，仍导出报告
[2026-06-15 02:30:06] INFO [export_duplicate_check_result] 重复交易检测结果已导出: /var*********************************************************************************************************
[2026-06-15 02:30:06] INFO [run_pipeline] 重复交易检测报告已自动生成: /var*********************************************************************************************************
[2026-06-15 02:30:06] INFO [filter_interest_fee_transactions] 筛选出 0 条利息手续费交易
[2026-06-15 02:30:06] INFO [summarize_by_period] 按month汇总生成 0 条期间汇总记录，异常 0 条
[2026-06-15 02:30:06] INFO [check_interest_fee] 利息手续费核对完成 - 总记录: 0 (利息: 0, 手续费: 0), 期间汇总: 0, 异常: 0
[2026-06-15 02:30:06] WARNING [generate_interest_fee_check_from_records] 未筛选到任何利息手续费交易，跳过报告生成
[2026-06-15 02:30:06] INFO [mark_non_workday_transactions] 非工作日交易标记完成: 总记录 2, 工作日 2, 周末 0, 法定节假日 0, 调休工作日 0
[2026-06-15 02:30:06] INFO [generate_holiday_check_from_records] 未发现非工作日交易，仍导出报告
[2026-06-15 02:30:06] INFO [export_holiday_check_result] 非工作日交易标记结果已导出: /var***********************************************************************************************************
[2026-06-15 02:30:06] INFO [run_pipeline] 非工作日交易标记报告已自动生成: /var***********************************************************************************************************
[2026-06-15 02:30:06] INFO [assign_accounting_period] 会计期间归属完成: 2 条记录, 1 个期间
[2026-06-15 02:30:06] INFO [export_accounting_period_summary] 会计期间总表已导出: /var*******************************************************************************************************（1 个期间）
[2026-06-15 02:30:06] INFO [run_pipeline] 会计期间总表已自动生成: /var*******************************************************************************************************
[2026-06-15 02:30:06] INFO [save_report] 性能剖析报告已保存: /var*****************************************************************************************************
[2026-06-15 02:30:06] INFO [save_report] 性能剖析数据已保存: /var*******************************************************************************************************
[2026-06-15 02:30:06] INFO [run_pipeline] 性能剖析报告已生成: /var*****************************************************************************************************
[2026-06-15 02:30:06] INFO [run_pipeline] [试运行] 跳过生成财务协同编辑模板
[2026-06-15 02:30:06] INFO [setup_logging] 日志系统初始化完成，日志文件: /Use*******************************************************************************************************
[2026-06-15 02:30:06] INFO [setup_logging] 未检测到 tkinter，将使用命令行交互模式
[2026-06-15 02:30:06] INFO [run_pipeline] ===== 试运行模式已启用（不执行删除与写盘操作）=====
[2026-06-15 02:30:06] INFO [find_lookup_file] 精确匹配到主体查找表: /var**************************************************************************************
[2026-06-15 02:30:06] INFO [run_pipeline] 正在预加载主体查找表...
[2026-06-15 02:30:06] DEBUG [detect_file_format] 文件 /var************************************************************************************** Magic Bytes 检测为 xlsx 格式 (ZIP/OOXML)
[2026-06-15 02:30:06] INFO [load_lookup_table] 查找表加载完成：共 2 条条目，2 个唯一账号，0 个扩展字段
[2026-06-15 02:30:06] INFO [run_pipeline] 主体查找表预加载完成
[2026-06-15 02:30:06] INFO [load_existing_keys] 未找到历史总表，将以全量模式运行
[2026-06-15 02:30:06] INFO [run_pipeline] 无历史数据，将以全量模式运行
[2026-06-15 02:30:06] INFO [prepare_working_folder] 已复制文件夹到同级目录: /var******************************************************************************
[2026-06-15 02:30:06] DEBUG [scan_bank_files] 发现银行导出文件: /var*******************************************************************************************
[2026-06-15 02:30:06] INFO [scan_bank_files] 共扫描到 1 个银行导出文件
[2026-06-15 02:30:06] DEBUG [detect_file_format] 文件 /var******************************************************************************************* Magic Bytes 检测为 xlsx 格式 (ZIP/OOXML)
[2026-06-15 02:30:06] INFO [identify_bank] 文件「北京银行_流水.xlsx」通过前缀匹配识别为: 北京银行
[2026-06-15 02:30:06] INFO [parse] 开始处理北京银行文件: /var*******************************************************************************************
[2026-06-15 02:30:06] DEBUG [detect_file_format] 文件 /var******************************************************************************************* Magic Bytes 检测为 xlsx 格式 (ZIP/OOXML)
[2026-06-15 02:30:06] INFO [validate_headers] 北京银行文件工作表「交易明细」表头校验通过，7 个字段均匹配
[2026-06-15 02:30:06] DEBUG [get_subject_info] 银行账号「0109年03月」匹配到主体: 北********司（优先级: 0）
[2026-06-15 02:30:06] INFO [_parse_sheet] 北京银行文件工作表「交易明细」提取 2 条记录
[2026-06-15 02:30:06] INFO [parse] 北京银行文件处理完成，共提取 2 条记录
[2026-06-15 02:30:06] INFO [run_pipeline] 成功处理文件: /var*******************************************************************************************（2 条记录）
[2026-06-15 02:30:06] INFO [run_pipeline] [试运行] 跳过删除文件操作，待删除文件 1 个
[2026-06-15 02:30:06] INFO [run_pipeline] [试运行] 跳过总表写盘，模式=全量覆盖，共 2 条记录
[2026-06-15 02:30:06] INFO [apply_amount_anomaly_detection] 开始金额异常检测，单笔阈值: [金额已隐藏] 元
[2026-06-15 02:30:06] INFO [apply_amount_anomaly_detection] 金额异常检测完成：共 2 条记录，0 条异常 (0.00%)
[2026-06-15 02:30:06] INFO [apply_counterparty_rules] 对方户名规则匹配完成: 总记录 2, 命中 0, 黑名单 0, 白名单 0
[2026-06-15 02:30:06] INFO [run_pipeline] [试运行] 跳过生成脱敏版总表
[2026-06-15 02:30:06] INFO [run_pipeline] [试运行] 跳过数据库持久化操作
[2026-06-15 02:30:06] INFO [identify_internal_transfers] 内部划转识别完成: 2 条记录, 识别出 0 对 (0 划出 + 0 划入), 涉及 0 个主体, 0 家银行
[2026-06-15 02:30:06] INFO [summarize_transactions] 主体维度汇总完成: 2 条记录, 1 个主体, 1 家银行, 1 个月份, 0 个未匹配账号
[2026-06-15 02:30:06] INFO [export_subject_summary] 主体维度汇总分析已导出: /var*********************************************************************************************************
[2026-06-15 02:30:06] INFO [run_pipeline] 主体维度汇总分析已自动生成: /var*********************************************************************************************************
[2026-06-15 02:30:06] INFO [check_balance_continuity] 共 1 个账号待校验
[2026-06-15 02:30:07] DEBUG [check_balance_continuity] 校验账号: 0109年03月, 记录数: 2
[2026-06-15 02:30:07] INFO [check_balance_continuity] 余额连续性校验完成 - 总账号: 1, 已校验: 1, 跳过: 0, 异常笔数: 0, 异常账号: 0
[2026-06-15 02:30:07] INFO [export_balance_check_result] 余额连续性校验结果已导出: /var**********************************************************************************************************
[2026-06-15 02:30:07] INFO [run_pipeline] 余额连续性校验报告已自动生成: /var**********************************************************************************************************
[2026-06-15 02:30:07] INFO [detect_duplicates] 重复交易检测完成 - 总记录: 2, 疑似重复组: 0, 疑似重复记录: 0, 重复率: 0.00%
[2026-06-15 02:30:07] INFO [generate_duplicate_check_from_records] 未检测到重复交易，仍导出报告
[2026-06-15 02:30:07] INFO [export_duplicate_check_result] 重复交易检测结果已导出: /var*********************************************************************************************************
[2026-06-15 02:30:07] INFO [run_pipeline] 重复交易检测报告已自动生成: /var*********************************************************************************************************
[2026-06-15 02:30:07] INFO [filter_interest_fee_transactions] 筛选出 0 条利息手续费交易
[2026-06-15 02:30:07] INFO [summarize_by_period] 按month汇总生成 0 条期间汇总记录，异常 0 条
[2026-06-15 02:30:07] INFO [check_interest_fee] 利息手续费核对完成 - 总记录: 0 (利息: 0, 手续费: 0), 期间汇总: 0, 异常: 0
[2026-06-15 02:30:07] WARNING [generate_interest_fee_check_from_records] 未筛选到任何利息手续费交易，跳过报告生成
[2026-06-15 02:30:07] INFO [mark_non_workday_transactions] 非工作日交易标记完成: 总记录 2, 工作日 2, 周末 0, 法定节假日 0, 调休工作日 0
[2026-06-15 02:30:07] INFO [generate_holiday_check_from_records] 未发现非工作日交易，仍导出报告
[2026-06-15 02:30:07] INFO [export_holiday_check_result] 非工作日交易标记结果已导出: /var***********************************************************************************************************
[2026-06-15 02:30:07] INFO [run_pipeline] 非工作日交易标记报告已自动生成: /var***********************************************************************************************************
[2026-06-15 02:30:07] INFO [assign_accounting_period] 会计期间归属完成: 2 条记录, 1 个期间
[2026-06-15 02:30:07] INFO [export_accounting_period_summary] 会计期间总表已导出: /var*******************************************************************************************************（1 个期间）
[2026-06-15 02:30:07] INFO [run_pipeline] 会计期间总表已自动生成: /var*******************************************************************************************************
[2026-06-15 02:30:07] INFO [save_report] 性能剖析报告已保存: /var*****************************************************************************************************
[2026-06-15 02:30:07] INFO [save_report] 性能剖析数据已保存: /var*******************************************************************************************************
[2026-06-15 02:30:07] INFO [run_pipeline] 性能剖析报告已生成: /var*****************************************************************************************************
[2026-06-15 02:30:07] INFO [run_pipeline] [试运行] 跳过生成财务协同编辑模板
[2026-06-15 02:30:07] INFO [setup_logging] 日志系统初始化完成，日志文件: /Use*******************************************************************************************************
[2026-06-15 02:30:07] INFO [setup_logging] 未检测到 tkinter，将使用命令行交互模式
[2026-06-15 02:30:07] INFO [run_pipeline] ===== 试运行模式已启用（不执行删除与写盘操作）=====
[2026-06-15 02:30:07] INFO [find_lookup_file] 精确匹配到主体查找表: /var**************************************************************************************
[2026-06-15 02:30:07] INFO [run_pipeline] 正在预加载主体查找表...
[2026-06-15 02:30:07] DEBUG [detect_file_format] 文件 /var************************************************************************************** Magic Bytes 检测为 xlsx 格式 (ZIP/OOXML)
[2026-06-15 02:30:07] INFO [load_lookup_table] 查找表加载完成：共 2 条条目，2 个唯一账号，0 个扩展字段
[2026-06-15 02:30:07] INFO [run_pipeline] 主体查找表预加载完成
[2026-06-15 02:30:07] INFO [load_existing_keys] 未找到历史总表，将以全量模式运行
[2026-06-15 02:30:07] INFO [run_pipeline] 无历史数据，将以全量模式运行
[2026-06-15 02:30:07] INFO [prepare_working_folder] 已复制文件夹到同级目录: /var******************************************************************************
[2026-06-15 02:30:07] DEBUG [scan_bank_files] 发现银行导出文件: /var*******************************************************************************************
[2026-06-15 02:30:07] INFO [scan_bank_files] 共扫描到 1 个银行导出文件
[2026-06-15 02:30:07] DEBUG [detect_file_format] 文件 /var******************************************************************************************* Magic Bytes 检测为 xlsx 格式 (ZIP/OOXML)
[2026-06-15 02:30:07] INFO [identify_bank] 文件「北京银行_流水.xlsx」通过前缀匹配识别为: 北京银行
[2026-06-15 02:30:07] INFO [parse] 开始处理北京银行文件: /var*******************************************************************************************
[2026-06-15 02:30:07] DEBUG [detect_file_format] 文件 /var******************************************************************************************* Magic Bytes 检测为 xlsx 格式 (ZIP/OOXML)
[2026-06-15 02:30:07] INFO [validate_headers] 北京银行文件工作表「交易明细」表头校验通过，7 个字段均匹配
[2026-06-15 02:30:07] DEBUG [get_subject_info] 银行账号「0109年03月」匹配到主体: 北********司（优先级: 0）
[2026-06-15 02:30:07] INFO [_parse_sheet] 北京银行文件工作表「交易明细」提取 2 条记录
[2026-06-15 02:30:07] INFO [parse] 北京银行文件处理完成，共提取 2 条记录
[2026-06-15 02:30:07] INFO [run_pipeline] 成功处理文件: /var*******************************************************************************************（2 条记录）
[2026-06-15 02:30:07] INFO [run_pipeline] [试运行] 跳过删除文件操作，待删除文件 1 个
[2026-06-15 02:30:07] INFO [run_pipeline] [试运行] 跳过总表写盘，模式=全量覆盖，共 2 条记录
[2026-06-15 02:30:07] INFO [apply_amount_anomaly_detection] 开始金额异常检测，单笔阈值: [金额已隐藏] 元
[2026-06-15 02:30:07] INFO [apply_amount_anomaly_detection] 金额异常检测完成：共 2 条记录，0 条异常 (0.00%)
[2026-06-15 02:30:07] INFO [apply_counterparty_rules] 对方户名规则匹配完成: 总记录 2, 命中 0, 黑名单 0, 白名单 0
[2026-06-15 02:30:07] INFO [run_pipeline] [试运行] 跳过生成脱敏版总表
[2026-06-15 02:30:07] INFO [run_pipeline] [试运行] 跳过数据库持久化操作
[2026-06-15 02:30:07] INFO [identify_internal_transfers] 内部划转识别完成: 2 条记录, 识别出 0 对 (0 划出 + 0 划入), 涉及 0 个主体, 0 家银行
[2026-06-15 02:30:07] INFO [summarize_transactions] 主体维度汇总完成: 2 条记录, 1 个主体, 1 家银行, 1 个月份, 0 个未匹配账号
[2026-06-15 02:30:07] INFO [export_subject_summary] 主体维度汇总分析已导出: /var*********************************************************************************************************
[2026-06-15 02:30:07] INFO [run_pipeline] 主体维度汇总分析已自动生成: /var*********************************************************************************************************
[2026-06-15 02:30:07] INFO [check_balance_continuity] 共 1 个账号待校验
[2026-06-15 02:30:07] DEBUG [check_balance_continuity] 校验账号: 0109年03月, 记录数: 2
[2026-06-15 02:30:07] INFO [check_balance_continuity] 余额连续性校验完成 - 总账号: 1, 已校验: 1, 跳过: 0, 异常笔数: 0, 异常账号: 0
[2026-06-15 02:30:07] INFO [export_balance_check_result] 余额连续性校验结果已导出: /var**********************************************************************************************************
[2026-06-15 02:30:07] INFO [run_pipeline] 余额连续性校验报告已自动生成: /var**********************************************************************************************************
[2026-06-15 02:30:07] INFO [detect_duplicates] 重复交易检测完成 - 总记录: 2, 疑似重复组: 0, 疑似重复记录: 0, 重复率: 0.00%
[2026-06-15 02:30:07] INFO [generate_duplicate_check_from_records] 未检测到重复交易，仍导出报告
[2026-06-15 02:30:07] INFO [export_duplicate_check_result] 重复交易检测结果已导出: /var*********************************************************************************************************
[2026-06-15 02:30:07] INFO [run_pipeline] 重复交易检测报告已自动生成: /var*********************************************************************************************************
[2026-06-15 02:30:07] INFO [filter_interest_fee_transactions] 筛选出 0 条利息手续费交易
[2026-06-15 02:30:07] INFO [summarize_by_period] 按month汇总生成 0 条期间汇总记录，异常 0 条
[2026-06-15 02:30:07] INFO [check_interest_fee] 利息手续费核对完成 - 总记录: 0 (利息: 0, 手续费: 0), 期间汇总: 0, 异常: 0
[2026-06-15 02:30:07] WARNING [generate_interest_fee_check_from_records] 未筛选到任何利息手续费交易，跳过报告生成
[2026-06-15 02:30:07] INFO [mark_non_workday_transactions] 非工作日交易标记完成: 总记录 2, 工作日 2, 周末 0, 法定节假日 0, 调休工作日 0
[2026-06-15 02:30:07] INFO [generate_holiday_check_from_records] 未发现非工作日交易，仍导出报告
[2026-06-15 02:30:07] INFO [export_holiday_check_result] 非工作日交易标记结果已导出: /var***********************************************************************************************************
[2026-06-15 02:30:07] INFO [run_pipeline] 非工作日交易标记报告已自动生成: /var***********************************************************************************************************
[2026-06-15 02:30:07] INFO [assign_accounting_period] 会计期间归属完成: 2 条记录, 1 个期间
[2026-06-15 02:30:07] INFO [export_accounting_period_summary] 会计期间总表已导出: /var*******************************************************************************************************（1 个期间）
[2026-06-15 02:30:07] INFO [run_pipeline] 会计期间总表已自动生成: /var*******************************************************************************************************
[2026-06-15 02:30:07] INFO [save_report] 性能剖析报告已保存: /var*****************************************************************************************************
[2026-06-15 02:30:07] INFO [save_report] 性能剖析数据已保存: /var*******************************************************************************************************
[2026-06-15 02:30:07] INFO [run_pipeline] 性能剖析报告已生成: /var*****************************************************************************************************
[2026-06-15 02:30:07] INFO [run_pipeline] [试运行] 跳过生成财务协同编辑模板
[2026-06-15 02:30:07] INFO [setup_logging] 日志系统初始化完成，日志文件: /Use*******************************************************************************************************
[2026-06-15 02:30:07] INFO [setup_logging] 未检测到 tkinter，将使用命令行交互模式
[2026-06-15 02:30:07] INFO [run_pipeline] ===== 试运行模式已启用（不执行删除与写盘操作）=====
[2026-06-15 02:30:07] INFO [find_lookup_file] 精确匹配到主体查找表: /var**************************************************************************************
[2026-06-15 02:30:07] INFO [run_pipeline] 正在预加载主体查找表...
[2026-06-15 02:30:07] DEBUG [detect_file_format] 文件 /var************************************************************************************** Magic Bytes 检测为 xlsx 格式 (ZIP/OOXML)
[2026-06-15 02:30:07] INFO [load_lookup_table] 查找表加载完成：共 2 条条目，2 个唯一账号，0 个扩展字段
[2026-06-15 02:30:07] INFO [run_pipeline] 主体查找表预加载完成
[2026-06-15 02:30:07] INFO [load_existing_keys] 未找到历史总表，将以全量模式运行
[2026-06-15 02:30:07] INFO [run_pipeline] 无历史数据，将以全量模式运行
[2026-06-15 02:30:07] INFO [prepare_working_folder] 已复制文件夹到同级目录: /var******************************************************************************
[2026-06-15 02:30:07] DEBUG [scan_bank_files] 发现银行导出文件: /var*******************************************************************************************
[2026-06-15 02:30:07] DEBUG [scan_bank_files] 发现银行导出文件: /var*******************************************************************************************
[2026-06-15 02:30:07] INFO [scan_bank_files] 共扫描到 2 个银行导出文件
[2026-06-15 02:30:07] DEBUG [detect_file_format] 文件 /var******************************************************************************************* Magic Bytes 检测为 xlsx 格式 (ZIP/OOXML)
[2026-06-15 02:30:07] DEBUG [detect_file_format] 文件 /var******************************************************************************************* Magic Bytes 检测为 xlsx 格式 (ZIP/OOXML)
[2026-06-15 02:30:07] INFO [identify_bank] 文件「北京银行_流水.xlsx」通过前缀匹配识别为: 北京银行
[2026-06-15 02:30:07] INFO [parse] 开始处理北京银行文件: /var*******************************************************************************************
[2026-06-15 02:30:07] DEBUG [detect_file_format] 文件 /var******************************************************************************************* Magic Bytes 检测为 xlsx 格式 (ZIP/OOXML)
[2026-06-15 02:30:07] INFO [validate_headers] 北京银行文件工作表「交易明细」表头校验通过，7 个字段均匹配
[2026-06-15 02:30:07] DEBUG [get_subject_info] 银行账号「0109年03月」匹配到主体: 北********司（优先级: 0）
[2026-06-15 02:30:07] INFO [_parse_sheet] 北京银行文件工作表「交易明细」提取 2 条记录
[2026-06-15 02:30:07] INFO [parse] 北京银行文件处理完成，共提取 2 条记录
[2026-06-15 02:30:07] INFO [run_pipeline] 成功处理文件: /var*******************************************************************************************（2 条记录）
[2026-06-15 02:30:07] DEBUG [detect_file_format] 文件 /var******************************************************************************************* Magic Bytes 检测为 xlsx 格式 (ZIP/OOXML)
[2026-06-15 02:30:07] WARNING [identify_bank] 文件「未知银行_流水.xlsx」无法识别银行类型
[2026-06-15 02:30:07] DEBUG [detect_file_format] 文件 /var******************************************************************************************* Magic Bytes 检测为 xlsx 格式 (ZIP/OOXML)
[2026-06-15 02:30:07] DEBUG [identify_bank] 收集银行识别失败调试信息时出错: %d format: a real number is required, not str
[2026-06-15 02:30:07] INFO [run_pipeline] [试运行] 跳过删除文件操作，待删除文件 1 个
[2026-06-15 02:30:07] INFO [run_pipeline] [试运行] 跳过总表写盘，模式=全量覆盖，共 2 条记录
[2026-06-15 02:30:07] INFO [apply_amount_anomaly_detection] 开始金额异常检测，单笔阈值: [金额已隐藏] 元
[2026-06-15 02:30:07] INFO [apply_amount_anomaly_detection] 金额异常检测完成：共 2 条记录，0 条异常 (0.00%)
[2026-06-15 02:30:07] INFO [apply_counterparty_rules] 对方户名规则匹配完成: 总记录 2, 命中 0, 黑名单 0, 白名单 0
[2026-06-15 02:30:07] INFO [run_pipeline] [试运行] 跳过生成脱敏版总表
[2026-06-15 02:30:07] INFO [run_pipeline] [试运行] 跳过数据库持久化操作
[2026-06-15 02:30:07] INFO [identify_internal_transfers] 内部划转识别完成: 2 条记录, 识别出 0 对 (0 划出 + 0 划入), 涉及 0 个主体, 0 家银行
[2026-06-15 02:30:07] INFO [summarize_transactions] 主体维度汇总完成: 2 条记录, 1 个主体, 1 家银行, 1 个月份, 0 个未匹配账号
[2026-06-15 02:30:07] INFO [export_subject_summary] 主体维度汇总分析已导出: /var*********************************************************************************************************
[2026-06-15 02:30:07] INFO [run_pipeline] 主体维度汇总分析已自动生成: /var*********************************************************************************************************
[2026-06-15 02:30:07] INFO [check_balance_continuity] 共 1 个账号待校验
[2026-06-15 02:30:07] DEBUG [check_balance_continuity] 校验账号: 0109年03月, 记录数: 2
[2026-06-15 02:30:07] INFO [check_balance_continuity] 余额连续性校验完成 - 总账号: 1, 已校验: 1, 跳过: 0, 异常笔数: 0, 异常账号: 0
[2026-06-15 02:30:07] INFO [export_balance_check_result] 余额连续性校验结果已导出: /var**********************************************************************************************************
[2026-06-15 02:30:07] INFO [run_pipeline] 余额连续性校验报告已自动生成: /var**********************************************************************************************************
[2026-06-15 02:30:07] INFO [detect_duplicates] 重复交易检测完成 - 总记录: 2, 疑似重复组: 0, 疑似重复记录: 0, 重复率: 0.00%
[2026-06-15 02:30:07] INFO [generate_duplicate_check_from_records] 未检测到重复交易，仍导出报告
[2026-06-15 02:30:07] INFO [export_duplicate_check_result] 重复交易检测结果已导出: /var*********************************************************************************************************
[2026-06-15 02:30:07] INFO [run_pipeline] 重复交易检测报告已自动生成: /var*********************************************************************************************************
[2026-06-15 02:30:07] INFO [filter_interest_fee_transactions] 筛选出 0 条利息手续费交易
[2026-06-15 02:30:07] INFO [summarize_by_period] 按month汇总生成 0 条期间汇总记录，异常 0 条
[2026-06-15 02:30:07] INFO [check_interest_fee] 利息手续费核对完成 - 总记录: 0 (利息: 0, 手续费: 0), 期间汇总: 0, 异常: 0
[2026-06-15 02:30:07] WARNING [generate_interest_fee_check_from_records] 未筛选到任何利息手续费交易，跳过报告生成
[2026-06-15 02:30:07] INFO [mark_non_workday_transactions] 非工作日交易标记完成: 总记录 2, 工作日 2, 周末 0, 法定节假日 0, 调休工作日 0
[2026-06-15 02:30:07] INFO [generate_holiday_check_from_records] 未发现非工作日交易，仍导出报告
[2026-06-15 02:30:07] INFO [export_holiday_check_result] 非工作日交易标记结果已导出: /var***********************************************************************************************************
[2026-06-15 02:30:07] INFO [run_pipeline] 非工作日交易标记报告已自动生成: /var***********************************************************************************************************
[2026-06-15 02:30:07] INFO [assign_accounting_period] 会计期间归属完成: 2 条记录, 1 个期间
[2026-06-15 02:30:07] INFO [export_accounting_period_summary] 会计期间总表已导出: /var*******************************************************************************************************（1 个期间）
[2026-06-15 02:30:07] INFO [run_pipeline] 会计期间总表已自动生成: /var*******************************************************************************************************
[2026-06-15 02:30:07] INFO [save_report] 性能剖析报告已保存: /var*****************************************************************************************************
[2026-06-15 02:30:07] INFO [save_report] 性能剖析数据已保存: /var*******************************************************************************************************
[2026-06-15 02:30:07] INFO [run_pipeline] 性能剖析报告已生成: /var*****************************************************************************************************
[2026-06-15 02:30:07] INFO [run_pipeline] [试运行] 跳过生成财务协同编辑模板
[2026-06-15 02:30:07] INFO [run_pipeline] [试运行] 跳过待处理清单生成
[2026-06-15 02:30:07] DEBUG [scan_bank_files] 发现银行导出文件: /var*******************************************************************************************
[2026-06-15 02:30:07] DEBUG [scan_bank_files] 发现银行导出文件: /var*******************************************************************************************
[2026-06-15 02:30:07] INFO [scan_bank_files] 共扫描到 2 个银行导出文件
[2026-06-15 02:30:07] INFO [setup_logging] 日志系统初始化完成，日志文件: /Use*******************************************************************************************************
[2026-06-15 02:30:07] INFO [setup_logging] 未检测到 tkinter，将使用命令行交互模式
[2026-06-15 02:30:07] INFO [run_pipeline] ===== 试运行模式已启用（不执行删除与写盘操作）=====
[2026-06-15 02:30:07] INFO [find_lookup_file] 精确匹配到主体查找表: /var**************************************************************************************
[2026-06-15 02:30:07] INFO [run_pipeline] 正在预加载主体查找表...
[2026-06-15 02:30:07] DEBUG [detect_file_format] 文件 /var************************************************************************************** Magic Bytes 检测为 xlsx 格式 (ZIP/OOXML)
[2026-06-15 02:30:07] INFO [load_lookup_table] 查找表加载完成：共 2 条条目，2 个唯一账号，0 个扩展字段
[2026-06-15 02:30:07] INFO [run_pipeline] 主体查找表预加载完成
[2026-06-15 02:30:07] INFO [load_existing_keys] 未找到历史总表，将以全量模式运行
[2026-06-15 02:30:07] INFO [run_pipeline] 无历史数据，将以全量模式运行
[2026-06-15 02:30:07] INFO [prepare_working_folder] 已复制文件夹到同级目录: /var******************************************************************************
[2026-06-15 02:30:07] DEBUG [scan_bank_files] 发现银行导出文件: /var*******************************************************************************************
[2026-06-15 02:30:07] DEBUG [scan_bank_files] 发现银行导出文件: /var*******************************************************************************************
[2026-06-15 02:30:07] INFO [scan_bank_files] 共扫描到 2 个银行导出文件
[2026-06-15 02:30:07] DEBUG [detect_file_format] 文件 /var******************************************************************************************* Magic Bytes 检测为 xlsx 格式 (ZIP/OOXML)
[2026-06-15 02:30:07] DEBUG [detect_file_format] 文件 /var******************************************************************************************* Magic Bytes 检测为 xlsx 格式 (ZIP/OOXML)
[2026-06-15 02:30:07] INFO [identify_bank] 文件「东亚银行_流水.xlsx」通过前缀匹配识别为: 东亚银行
[2026-06-15 02:30:07] INFO [parse] 开始处理东亚银行文件: /var*******************************************************************************************
[2026-06-15 02:30:07] DEBUG [detect_file_format] 文件 /var******************************************************************************************* Magic Bytes 检测为 xlsx 格式 (ZIP/OOXML)
[2026-06-15 02:30:07] INFO [validate_headers] 东亚银行文件工作表「交易明细」表头校验通过，7 个字段均匹配
[2026-06-15 02:30:07] DEBUG [get_subject_info] 银行账号「3881年23月」匹配到主体: 上********司（优先级: 0）
[2026-06-15 02:30:07] INFO [_parse_sheet] 东亚银行文件工作表「交易明细」提取 2 条记录
[2026-06-15 02:30:07] INFO [parse] 东亚银行文件处理完成，共提取 2 条记录
[2026-06-15 02:30:07] INFO [run_pipeline] 成功处理文件: /var*******************************************************************************************（2 条记录）
[2026-06-15 02:30:07] INFO [identify_bank] 文件「北京银行_流水.xlsx」通过前缀匹配识别为: 北京银行
[2026-06-15 02:30:07] INFO [parse] 开始处理北京银行文件: /var*******************************************************************************************
[2026-06-15 02:30:07] DEBUG [detect_file_format] 文件 /var******************************************************************************************* Magic Bytes 检测为 xlsx 格式 (ZIP/OOXML)
[2026-06-15 02:30:07] INFO [validate_headers] 北京银行文件工作表「交易明细」表头校验通过，7 个字段均匹配
[2026-06-15 02:30:07] DEBUG [get_subject_info] 银行账号「0109年03月」匹配到主体: 北********司（优先级: 0）
[2026-06-15 02:30:07] INFO [_parse_sheet] 北京银行文件工作表「交易明细」提取 2 条记录
[2026-06-15 02:30:07] INFO [parse] 北京银行文件处理完成，共提取 2 条记录
[2026-06-15 02:30:07] INFO [run_pipeline] 成功处理文件: /var*******************************************************************************************（2 条记录）
[2026-06-15 02:30:07] INFO [run_pipeline] [试运行] 跳过删除文件操作，待删除文件 2 个
[2026-06-15 02:30:07] INFO [run_pipeline] [试运行] 跳过总表写盘，模式=全量覆盖，共 4 条记录
[2026-06-15 02:30:07] INFO [apply_amount_anomaly_detection] 开始金额异常检测，单笔阈值: [金额已隐藏] 元
[2026-06-15 02:30:07] INFO [apply_amount_anomaly_detection] 金额异常检测完成：共 4 条记录，0 条异常 (0.00%)
[2026-06-15 02:30:07] INFO [apply_counterparty_rules] 对方户名规则匹配完成: 总记录 4, 命中 0, 黑名单 0, 白名单 0
[2026-06-15 02:30:07] INFO [run_pipeline] [试运行] 跳过生成脱敏版总表
[2026-06-15 02:30:07] INFO [run_pipeline] [试运行] 跳过数据库持久化操作
[2026-06-15 02:30:07] INFO [identify_internal_transfers] 内部划转识别完成: 4 条记录, 识别出 0 对 (0 划出 + 0 划入), 涉及 0 个主体, 0 家银行
[2026-06-15 02:30:07] INFO [summarize_transactions] 主体维度汇总完成: 4 条记录, 2 个主体, 2 家银行, 1 个月份, 0 个未匹配账号
[2026-06-15 02:30:07] INFO [export_subject_summary] 主体维度汇总分析已导出: /var*********************************************************************************************************
[2026-06-15 02:30:07] INFO [run_pipeline] 主体维度汇总分析已自动生成: /var*********************************************************************************************************
[2026-06-15 02:30:07] INFO [check_balance_continuity] 共 2 个账号待校验
[2026-06-15 02:30:07] DEBUG [check_balance_continuity] 校验账号: 3881年23月, 记录数: 2
[2026-06-15 02:30:07] DEBUG [check_balance_continuity] 校验账号: 0109年03月, 记录数: 2
[2026-06-15 02:30:07] INFO [check_balance_continuity] 余额连续性校验完成 - 总账号: 2, 已校验: 2, 跳过: 0, 异常笔数: 0, 异常账号: 0
[2026-06-15 02:30:07] INFO [export_balance_check_result] 余额连续性校验结果已导出: /var**********************************************************************************************************
[2026-06-15 02:30:07] INFO [run_pipeline] 余额连续性校验报告已自动生成: /var**********************************************************************************************************
[2026-06-15 02:30:07] INFO [detect_duplicates] 重复交易检测完成 - 总记录: 4, 疑似重复组: 0, 疑似重复记录: 0, 重复率: 0.00%
[2026-06-15 02:30:07] INFO [generate_duplicate_check_from_records] 未检测到重复交易，仍导出报告
[2026-06-15 02:30:07] INFO [export_duplicate_check_result] 重复交易检测结果已导出: /var*********************************************************************************************************
[2026-06-15 02:30:07] INFO [run_pipeline] 重复交易检测报告已自动生成: /var*********************************************************************************************************
[2026-06-15 02:30:07] INFO [filter_interest_fee_transactions] 筛选出 1 条利息手续费交易
[2026-06-15 02:30:07] INFO [summarize_by_period] 按month汇总生成 1 条期间汇总记录，异常 1 条
[2026-06-15 02:30:07] INFO [check_interest_fee] 利息手续费核对完成 - 总记录: 1 (利息: 0, 手续费: 1), 期间汇总: 1, 异常: 1
[2026-06-15 02:30:07] INFO [export_interest_fee_check_result] 利息手续费核对结果已导出: /var**********************************************************************************************************
[2026-06-15 02:30:07] INFO [run_pipeline] Interest & Fee check report auto-generated: /var/folders/8t/8rw7_pg16cx2c2mkh_cvpz8m0000gn/T/bankcheck_test_fh2igqxo/script/利息手续费核对报告_20260615_023007.xlsx
[2026-06-15 02:30:07] INFO [mark_non_workday_transactions] 非工作日交易标记完成: 总记录 4, 工作日 4, 周末 0, 法定节假日 0, 调休工作日 0
[2026-06-15 02:30:07] INFO [generate_holiday_check_from_records] 未发现非工作日交易，仍导出报告
[2026-06-15 02:30:07] INFO [export_holiday_check_result] 非工作日交易标记结果已导出: /var***********************************************************************************************************
[2026-06-15 02:30:07] INFO [run_pipeline] 非工作日交易标记报告已自动生成: /var***********************************************************************************************************
[2026-06-15 02:30:07] INFO [assign_accounting_period] 会计期间归属完成: 4 条记录, 1 个期间
[2026-06-15 02:30:07] INFO [export_accounting_period_summary] 会计期间总表已导出: /var*******************************************************************************************************（1 个期间）
[2026-06-15 02:30:07] INFO [run_pipeline] 会计期间总表已自动生成: /var*******************************************************************************************************
[2026-06-15 02:30:07] INFO [save_report] 性能剖析报告已保存: /var*****************************************************************************************************
[2026-06-15 02:30:07] INFO [save_report] 性能剖析数据已保存: /var*******************************************************************************************************
[2026-06-15 02:30:07] INFO [run_pipeline] 性能剖析报告已生成: /var*****************************************************************************************************
[2026-06-15 02:30:07] INFO [run_pipeline] [试运行] 跳过生成财务协同编辑模板
[2026-06-15 02:30:07] INFO [setup_logging] 日志系统初始化完成，日志文件: /Use*******************************************************************************************************
[2026-06-15 02:30:07] INFO [setup_logging] 未检测到 tkinter，将使用命令行交互模式
[2026-06-15 02:30:07] INFO [run_pipeline] ===== 试运行模式已启用（不执行删除与写盘操作）=====
[2026-06-15 02:30:07] INFO [find_lookup_file] 精确匹配到主体查找表: /var**************************************************************************************
[2026-06-15 02:30:07] INFO [run_pipeline] 正在预加载主体查找表...
[2026-06-15 02:30:07] DEBUG [detect_file_format] 文件 /var************************************************************************************** Magic Bytes 检测为 xlsx 格式 (ZIP/OOXML)
[2026-06-15 02:30:07] INFO [load_lookup_table] 查找表加载完成：共 2 条条目，2 个唯一账号，0 个扩展字段
[2026-06-15 02:30:07] INFO [run_pipeline] 主体查找表预加载完成
[2026-06-15 02:30:07] INFO [load_existing_keys] 未找到历史总表，将以全量模式运行
[2026-06-15 02:30:07] INFO [run_pipeline] 无历史数据，将以全量模式运行
[2026-06-15 02:30:07] INFO [prepare_working_folder] 已复制文件夹到同级目录: /var******************************************************************************
[2026-06-15 02:30:07] DEBUG [scan_bank_files] 发现银行导出文件: /var*******************************************************************************************
[2026-06-15 02:30:07] INFO [scan_bank_files] 共扫描到 1 个银行导出文件
[2026-06-15 02:30:07] DEBUG [detect_file_format] 文件 /var******************************************************************************************* Magic Bytes 检测为 xlsx 格式 (ZIP/OOXML)
[2026-06-15 02:30:07] INFO [identify_bank] 文件「北京银行_流水.xlsx」通过前缀匹配识别为: 北京银行
[2026-06-15 02:30:07] INFO [parse] 开始处理北京银行文件: /var*******************************************************************************************
[2026-06-15 02:30:07] DEBUG [detect_file_format] 文件 /var******************************************************************************************* Magic Bytes 检测为 xlsx 格式 (ZIP/OOXML)
[2026-06-15 02:30:07] INFO [validate_headers] 北京银行文件工作表「交易明细」表头校验通过，7 个字段均匹配
[2026-06-15 02:30:07] DEBUG [get_subject_info] 银行账号「0109年03月」匹配到主体: 北********司（优先级: 0）
[2026-06-15 02:30:07] INFO [_parse_sheet] 北京银行文件工作表「交易明细」提取 2 条记录
[2026-06-15 02:30:07] INFO [parse] 北京银行文件处理完成，共提取 2 条记录
[2026-06-15 02:30:07] INFO [run_pipeline] 成功处理文件: /var*******************************************************************************************（2 条记录）
[2026-06-15 02:30:07] INFO [run_pipeline] [试运行] 跳过删除文件操作，待删除文件 1 个
[2026-06-15 02:30:07] INFO [run_pipeline] [试运行] 跳过总表写盘，模式=全量覆盖，共 2 条记录
[2026-06-15 02:30:07] INFO [apply_amount_anomaly_detection] 开始金额异常检测，单笔阈值: [金额已隐藏] 元
[2026-06-15 02:30:07] INFO [apply_amount_anomaly_detection] 金额异常检测完成：共 2 条记录，0 条异常 (0.00%)
[2026-06-15 02:30:07] INFO [apply_counterparty_rules] 对方户名规则匹配完成: 总记录 2, 命中 0, 黑名单 0, 白名单 0
[2026-06-15 02:30:07] INFO [run_pipeline] [试运行] 跳过生成脱敏版总表
[2026-06-15 02:30:08] INFO [run_pipeline] [试运行] 跳过数据库持久化操作
[2026-06-15 02:30:08] INFO [identify_internal_transfers] 内部划转识别完成: 2 条记录, 识别出 0 对 (0 划出 + 0 划入), 涉及 0 个主体, 0 家银行
[2026-06-15 02:30:08] INFO [summarize_transactions] 主体维度汇总完成: 2 条记录, 1 个主体, 1 家银行, 1 个月份, 0 个未匹配账号
[2026-06-15 02:30:08] INFO [export_subject_summary] 主体维度汇总分析已导出: /var*********************************************************************************************************
[2026-06-15 02:30:08] INFO [run_pipeline] 主体维度汇总分析已自动生成: /var*********************************************************************************************************
[2026-06-15 02:30:08] INFO [check_balance_continuity] 共 1 个账号待校验
[2026-06-15 02:30:08] DEBUG [check_balance_continuity] 校验账号: 0109年03月, 记录数: 2
[2026-06-15 02:30:08] INFO [check_balance_continuity] 余额连续性校验完成 - 总账号: 1, 已校验: 1, 跳过: 0, 异常笔数: 0, 异常账号: 0
[2026-06-15 02:30:08] INFO [export_balance_check_result] 余额连续性校验结果已导出: /var**********************************************************************************************************
[2026-06-15 02:30:08] INFO [run_pipeline] 余额连续性校验报告已自动生成: /var**********************************************************************************************************
[2026-06-15 02:30:08] INFO [detect_duplicates] 重复交易检测完成 - 总记录: 2, 疑似重复组: 0, 疑似重复记录: 0, 重复率: 0.00%
[2026-06-15 02:30:08] INFO [generate_duplicate_check_from_records] 未检测到重复交易，仍导出报告
[2026-06-15 02:30:08] INFO [export_duplicate_check_result] 重复交易检测结果已导出: /var*********************************************************************************************************
[2026-06-15 02:30:08] INFO [run_pipeline] 重复交易检测报告已自动生成: /var*********************************************************************************************************
[2026-06-15 02:30:08] INFO [filter_interest_fee_transactions] 筛选出 0 条利息手续费交易
[2026-06-15 02:30:08] INFO [summarize_by_period] 按month汇总生成 0 条期间汇总记录，异常 0 条
[2026-06-15 02:30:08] INFO [check_interest_fee] 利息手续费核对完成 - 总记录: 0 (利息: 0, 手续费: 0), 期间汇总: 0, 异常: 0
[2026-06-15 02:30:08] WARNING [generate_interest_fee_check_from_records] 未筛选到任何利息手续费交易，跳过报告生成
[2026-06-15 02:30:08] INFO [mark_non_workday_transactions] 非工作日交易标记完成: 总记录 2, 工作日 2, 周末 0, 法定节假日 0, 调休工作日 0
[2026-06-15 02:30:08] INFO [generate_holiday_check_from_records] 未发现非工作日交易，仍导出报告
[2026-06-15 02:30:08] INFO [export_holiday_check_result] 非工作日交易标记结果已导出: /var***********************************************************************************************************
[2026-06-15 02:30:08] INFO [run_pipeline] 非工作日交易标记报告已自动生成: /var***********************************************************************************************************
[2026-06-15 02:30:08] INFO [assign_accounting_period] 会计期间归属完成: 2 条记录, 1 个期间
[2026-06-15 02:30:08] INFO [export_accounting_period_summary] 会计期间总表已导出: /var*******************************************************************************************************（1 个期间）
[2026-06-15 02:30:08] INFO [run_pipeline] 会计期间总表已自动生成: /var*******************************************************************************************************
[2026-06-15 02:30:08] INFO [save_report] 性能剖析报告已保存: /var*****************************************************************************************************
[2026-06-15 02:30:08] INFO [save_report] 性能剖析数据已保存: /var*******************************************************************************************************
[2026-06-15 02:30:08] INFO [run_pipeline] 性能剖析报告已生成: /var*****************************************************************************************************
[2026-06-15 02:30:08] INFO [run_pipeline] [试运行] 跳过生成财务协同编辑模板
[2026-06-15 02:30:08] INFO [setup_logging] 日志系统初始化完成，日志文件: /Use*******************************************************************************************************
[2026-06-15 02:30:08] INFO [setup_logging] 未检测到 tkinter，将使用命令行交互模式
[2026-06-15 02:30:08] INFO [run_pipeline] ===== 试运行模式已启用（不执行删除与写盘操作）=====
[2026-06-15 02:30:08] INFO [find_lookup_file] 精确匹配到主体查找表: /var**************************************************************************************
[2026-06-15 02:30:08] INFO [run_pipeline] 正在预加载主体查找表...
[2026-06-15 02:30:08] DEBUG [detect_file_format] 文件 /var************************************************************************************** Magic Bytes 检测为 xlsx 格式 (ZIP/OOXML)
[2026-06-15 02:30:08] INFO [load_lookup_table] 查找表加载完成：共 2 条条目，2 个唯一账号，0 个扩展字段
[2026-06-15 02:30:08] INFO [run_pipeline] 主体查找表预加载完成
[2026-06-15 02:30:08] INFO [load_existing_keys] 未找到历史总表，将以全量模式运行
[2026-06-15 02:30:08] INFO [run_pipeline] 无历史数据，将以全量模式运行
[2026-06-15 02:30:08] INFO [prepare_working_folder] 已复制文件夹到同级目录: /var******************************************************************************
[2026-06-15 02:30:08] DEBUG [scan_bank_files] 发现银行导出文件: /var*******************************************************************************************
[2026-06-15 02:30:08] INFO [scan_bank_files] 共扫描到 1 个银行导出文件
[2026-06-15 02:30:08] DEBUG [detect_file_format] 文件 /var******************************************************************************************* Magic Bytes 检测为 xlsx 格式 (ZIP/OOXML)
[2026-06-15 02:30:08] INFO [identify_bank] 文件「北京银行_流水.xlsx」通过前缀匹配识别为: 北京银行
[2026-06-15 02:30:08] INFO [parse] 开始处理北京银行文件: /var*******************************************************************************************
[2026-06-15 02:30:08] DEBUG [detect_file_format] 文件 /var******************************************************************************************* Magic Bytes 检测为 xlsx 格式 (ZIP/OOXML)
[2026-06-15 02:30:08] INFO [validate_headers] 北京银行文件工作表「交易明细」表头校验通过，7 个字段均匹配
[2026-06-15 02:30:08] DEBUG [get_subject_info] 银行账号「0109年03月」匹配到主体: 北********司（优先级: 0）
[2026-06-15 02:30:08] INFO [_parse_sheet] 北京银行文件工作表「交易明细」提取 2 条记录
[2026-06-15 02:30:08] INFO [parse] 北京银行文件处理完成，共提取 2 条记录
[2026-06-15 02:30:08] INFO [run_pipeline] 成功处理文件: /var*******************************************************************************************（2 条记录）
[2026-06-15 02:30:08] INFO [run_pipeline] [试运行] 跳过删除文件操作，待删除文件 1 个
[2026-06-15 02:30:08] INFO [run_pipeline] [试运行] 跳过总表写盘，模式=全量覆盖，共 2 条记录
[2026-06-15 02:30:08] INFO [apply_amount_anomaly_detection] 开始金额异常检测，单笔阈值: [金额已隐藏] 元
[2026-06-15 02:30:08] INFO [apply_amount_anomaly_detection] 金额异常检测完成：共 2 条记录，0 条异常 (0.00%)
[2026-06-15 02:30:08] INFO [apply_counterparty_rules] 对方户名规则匹配完成: 总记录 2, 命中 0, 黑名单 0, 白名单 0
[2026-06-15 02:30:08] INFO [run_pipeline] [试运行] 跳过生成脱敏版总表
[2026-06-15 02:30:08] INFO [run_pipeline] [试运行] 跳过数据库持久化操作
[2026-06-15 02:30:08] INFO [identify_internal_transfers] 内部划转识别完成: 2 条记录, 识别出 0 对 (0 划出 + 0 划入), 涉及 0 个主体, 0 家银行
[2026-06-15 02:30:08] INFO [summarize_transactions] 主体维度汇总完成: 2 条记录, 1 个主体, 1 家银行, 1 个月份, 0 个未匹配账号
[2026-06-15 02:30:08] INFO [export_subject_summary] 主体维度汇总分析已导出: /var*********************************************************************************************************
[2026-06-15 02:30:08] INFO [run_pipeline] 主体维度汇总分析已自动生成: /var*********************************************************************************************************
[2026-06-15 02:30:08] INFO [check_balance_continuity] 共 1 个账号待校验
[2026-06-15 02:30:08] DEBUG [check_balance_continuity] 校验账号: 0109年03月, 记录数: 2
[2026-06-15 02:30:08] INFO [check_balance_continuity] 余额连续性校验完成 - 总账号: 1, 已校验: 1, 跳过: 0, 异常笔数: 0, 异常账号: 0
[2026-06-15 02:30:08] INFO [export_balance_check_result] 余额连续性校验结果已导出: /var**********************************************************************************************************
[2026-06-15 02:30:08] INFO [run_pipeline] 余额连续性校验报告已自动生成: /var**********************************************************************************************************
[2026-06-15 02:30:08] INFO [detect_duplicates] 重复交易检测完成 - 总记录: 2, 疑似重复组: 0, 疑似重复记录: 0, 重复率: 0.00%
[2026-06-15 02:30:08] INFO [generate_duplicate_check_from_records] 未检测到重复交易，仍导出报告
[2026-06-15 02:30:08] INFO [export_duplicate_check_result] 重复交易检测结果已导出: /var*********************************************************************************************************
[2026-06-15 02:30:08] INFO [run_pipeline] 重复交易检测报告已自动生成: /var*********************************************************************************************************
[2026-06-15 02:30:08] INFO [filter_interest_fee_transactions] 筛选出 0 条利息手续费交易
[2026-06-15 02:30:08] INFO [summarize_by_period] 按month汇总生成 0 条期间汇总记录，异常 0 条
[2026-06-15 02:30:08] INFO [check_interest_fee] 利息手续费核对完成 - 总记录: 0 (利息: 0, 手续费: 0), 期间汇总: 0, 异常: 0
[2026-06-15 02:30:08] WARNING [generate_interest_fee_check_from_records] 未筛选到任何利息手续费交易，跳过报告生成
[2026-06-15 02:30:08] INFO [mark_non_workday_transactions] 非工作日交易标记完成: 总记录 2, 工作日 2, 周末 0, 法定节假日 0, 调休工作日 0
[2026-06-15 02:30:08] INFO [generate_holiday_check_from_records] 未发现非工作日交易，仍导出报告
[2026-06-15 02:30:08] INFO [export_holiday_check_result] 非工作日交易标记结果已导出: /var***********************************************************************************************************
[2026-06-15 02:30:08] INFO [run_pipeline] 非工作日交易标记报告已自动生成: /var***********************************************************************************************************
[2026-06-15 02:30:08] INFO [assign_accounting_period] 会计期间归属完成: 2 条记录, 1 个期间
[2026-06-15 02:30:08] INFO [export_accounting_period_summary] 会计期间总表已导出: /var*******************************************************************************************************（1 个期间）
[2026-06-15 02:30:08] INFO [run_pipeline] 会计期间总表已自动生成: /var*******************************************************************************************************
[2026-06-15 02:30:08] INFO [save_report] 性能剖析报告已保存: /var*****************************************************************************************************
[2026-06-15 02:30:08] INFO [save_report] 性能剖析数据已保存: /var*******************************************************************************************************
[2026-06-15 02:30:08] INFO [run_pipeline] 性能剖析报告已生成: /var*****************************************************************************************************
[2026-06-15 02:30:08] INFO [run_pipeline] [试运行] 跳过生成财务协同编辑模板
[2026-06-15 02:30:08] INFO [commit_pipeline_changes] ===== 开始提交试运行变更（正式写盘）=====
[2026-06-15 02:30:08] INFO [commit_pipeline_changes] [提交] 执行文件删除操作，待删除 1 个文件
[2026-06-15 02:30:08] DEBUG [delete_processed_files] 已删除文件: /var*******************************************************************************************
[2026-06-15 02:30:08] INFO [commit_pipeline_changes] [提交] 执行全量覆盖写总表：共 2 条记录
[2026-06-15 02:30:08] INFO [commit_pipeline_changes] [提交] 总表输出完成: /var***************************************************************************************
[2026-06-15 02:30:08] INFO [commit_pipeline_changes] [提交] 生成脱敏版总表
[2026-06-15 02:30:08] INFO [export_masked_summary] 脱敏版总表输出完成: /var*******************************************************************************************（共 2 条记录）
[2026-06-15 02:30:08] INFO [commit_pipeline_changes] [提交] 执行数据库持久化
[2026-06-15 02:30:08] DEBUG [init_schema] 数据库表结构初始化完成
[2026-06-15 02:30:08] INFO [connect] SQLite 数据库已连接: /Use************************************************************************************
[2026-06-15 02:30:08] INFO [insert_records] 已加载 25 个历史匹配键用于去重
[2026-06-15 02:30:08] INFO [insert_records] 批量导入完成: 批次 BATC***************, 共 2 条, 新增 0 条, 重复 2 条
[2026-06-15 02:30:08] INFO [disconnect] SQLite 数据库已断开
[2026-06-15 02:30:08] INFO [commit_pipeline_changes] [提交] 数据库持久化完成: 插入 0 条, 去重跳过 2 条
[2026-06-15 02:30:08] INFO [commit_pipeline_changes] [提交] 生成财务协同编辑模板
[2026-06-15 02:30:08] INFO [generate_collab_template] 财务协同编辑模板生成完成: /var***************************************************************************************************************（可编辑列: 凭证号, 凭证日期, 会计科目编码, 会计科目名称, 备注, 制单人）
[2026-06-15 02:30:08] INFO [commit_pipeline_changes] ===== 试运行变更提交完成 =====
[2026-06-15 02:30:08] INFO [setup_logging] 日志系统初始化完成，日志文件: /Use*******************************************************************************************************
[2026-06-15 02:30:08] INFO [setup_logging] 未检测到 tkinter，将使用命令行交互模式
[2026-06-15 02:30:08] INFO [run_pipeline] ===== 试运行模式已启用（不执行删除与写盘操作）=====
[2026-06-15 02:30:08] INFO [find_lookup_file] 精确匹配到主体查找表: /var**************************************************************************************
[2026-06-15 02:30:08] INFO [run_pipeline] 正在预加载主体查找表...
[2026-06-15 02:30:08] DEBUG [detect_file_format] 文件 /var************************************************************************************** Magic Bytes 检测为 xlsx 格式 (ZIP/OOXML)
[2026-06-15 02:30:08] INFO [load_lookup_table] 查找表加载完成：共 2 条条目，2 个唯一账号，0 个扩展字段
[2026-06-15 02:30:08] INFO [run_pipeline] 主体查找表预加载完成
[2026-06-15 02:30:08] INFO [load_existing_keys] 未找到历史总表，将以全量模式运行
[2026-06-15 02:30:08] INFO [run_pipeline] 无历史数据，将以全量模式运行
[2026-06-15 02:30:08] INFO [prepare_working_folder] 已复制文件夹到同级目录: /var******************************************************************************
[2026-06-15 02:30:08] DEBUG [scan_bank_files] 发现银行导出文件: /var*******************************************************************************************
[2026-06-15 02:30:08] DEBUG [scan_bank_files] 发现银行导出文件: /var*******************************************************************************************
[2026-06-15 02:30:08] INFO [scan_bank_files] 共扫描到 2 个银行导出文件
[2026-06-15 02:30:08] DEBUG [detect_file_format] 文件 /var******************************************************************************************* Magic Bytes 检测为 xlsx 格式 (ZIP/OOXML)
[2026-06-15 02:30:08] DEBUG [detect_file_format] 文件 /var******************************************************************************************* Magic Bytes 检测为 xlsx 格式 (ZIP/OOXML)
[2026-06-15 02:30:08] INFO [identify_bank] 文件「北京银行_流水.xlsx」通过前缀匹配识别为: 北京银行
[2026-06-15 02:30:08] INFO [parse] 开始处理北京银行文件: /var*******************************************************************************************
[2026-06-15 02:30:08] DEBUG [detect_file_format] 文件 /var******************************************************************************************* Magic Bytes 检测为 xlsx 格式 (ZIP/OOXML)
[2026-06-15 02:30:08] INFO [validate_headers] 北京银行文件工作表「交易明细」表头校验通过，7 个字段均匹配
[2026-06-15 02:30:08] DEBUG [get_subject_info] 银行账号「0109年03月」匹配到主体: 北********司（优先级: 0）
[2026-06-15 02:30:08] INFO [_parse_sheet] 北京银行文件工作表「交易明细」提取 2 条记录
[2026-06-15 02:30:08] INFO [parse] 北京银行文件处理完成，共提取 2 条记录
[2026-06-15 02:30:08] INFO [run_pipeline] 成功处理文件: /var*******************************************************************************************（2 条记录）
[2026-06-15 02:30:08] DEBUG [detect_file_format] 文件 /var******************************************************************************************* Magic Bytes 检测为 xlsx 格式 (ZIP/OOXML)
[2026-06-15 02:30:08] WARNING [identify_bank] 文件「未知银行_流水.xlsx」无法识别银行类型
[2026-06-15 02:30:08] DEBUG [detect_file_format] 文件 /var******************************************************************************************* Magic Bytes 检测为 xlsx 格式 (ZIP/OOXML)
[2026-06-15 02:30:08] DEBUG [identify_bank] 收集银行识别失败调试信息时出错: %d format: a real number is required, not str
[2026-06-15 02:30:08] INFO [run_pipeline] [试运行] 跳过删除文件操作，待删除文件 1 个
[2026-06-15 02:30:08] INFO [run_pipeline] [试运行] 跳过总表写盘，模式=全量覆盖，共 2 条记录
[2026-06-15 02:30:08] INFO [apply_amount_anomaly_detection] 开始金额异常检测，单笔阈值: [金额已隐藏] 元
[2026-06-15 02:30:08] INFO [apply_amount_anomaly_detection] 金额异常检测完成：共 2 条记录，0 条异常 (0.00%)
[2026-06-15 02:30:08] INFO [apply_counterparty_rules] 对方户名规则匹配完成: 总记录 2, 命中 0, 黑名单 0, 白名单 0
[2026-06-15 02:30:08] INFO [run_pipeline] [试运行] 跳过生成脱敏版总表
[2026-06-15 02:30:08] INFO [run_pipeline] [试运行] 跳过数据库持久化操作
[2026-06-15 02:30:08] INFO [identify_internal_transfers] 内部划转识别完成: 2 条记录, 识别出 0 对 (0 划出 + 0 划入), 涉及 0 个主体, 0 家银行
[2026-06-15 02:30:08] INFO [summarize_transactions] 主体维度汇总完成: 2 条记录, 1 个主体, 1 家银行, 1 个月份, 0 个未匹配账号
[2026-06-15 02:30:08] INFO [export_subject_summary] 主体维度汇总分析已导出: /var*********************************************************************************************************
[2026-06-15 02:30:08] INFO [run_pipeline] 主体维度汇总分析已自动生成: /var*********************************************************************************************************
[2026-06-15 02:30:08] INFO [check_balance_continuity] 共 1 个账号待校验
[2026-06-15 02:30:08] DEBUG [check_balance_continuity] 校验账号: 0109年03月, 记录数: 2
[2026-06-15 02:30:08] INFO [check_balance_continuity] 余额连续性校验完成 - 总账号: 1, 已校验: 1, 跳过: 0, 异常笔数: 0, 异常账号: 0
[2026-06-15 02:30:08] INFO [export_balance_check_result] 余额连续性校验结果已导出: /var**********************************************************************************************************
[2026-06-15 02:30:08] INFO [run_pipeline] 余额连续性校验报告已自动生成: /var**********************************************************************************************************
[2026-06-15 02:30:08] INFO [detect_duplicates] 重复交易检测完成 - 总记录: 2, 疑似重复组: 0, 疑似重复记录: 0, 重复率: 0.00%
[2026-06-15 02:30:08] INFO [generate_duplicate_check_from_records] 未检测到重复交易，仍导出报告
[2026-06-15 02:30:08] INFO [export_duplicate_check_result] 重复交易检测结果已导出: /var*********************************************************************************************************
[2026-06-15 02:30:08] INFO [run_pipeline] 重复交易检测报告已自动生成: /var*********************************************************************************************************
[2026-06-15 02:30:08] INFO [filter_interest_fee_transactions] 筛选出 0 条利息手续费交易
[2026-06-15 02:30:08] INFO [summarize_by_period] 按month汇总生成 0 条期间汇总记录，异常 0 条
[2026-06-15 02:30:08] INFO [check_interest_fee] 利息手续费核对完成 - 总记录: 0 (利息: 0, 手续费: 0), 期间汇总: 0, 异常: 0
[2026-06-15 02:30:08] WARNING [generate_interest_fee_check_from_records] 未筛选到任何利息手续费交易，跳过报告生成
[2026-06-15 02:30:08] INFO [mark_non_workday_transactions] 非工作日交易标记完成: 总记录 2, 工作日 2, 周末 0, 法定节假日 0, 调休工作日 0
[2026-06-15 02:30:08] INFO [generate_holiday_check_from_records] 未发现非工作日交易，仍导出报告
[2026-06-15 02:30:08] INFO [export_holiday_check_result] 非工作日交易标记结果已导出: /var***********************************************************************************************************
[2026-06-15 02:30:08] INFO [run_pipeline] 非工作日交易标记报告已自动生成: /var***********************************************************************************************************
[2026-06-15 02:30:08] INFO [assign_accounting_period] 会计期间归属完成: 2 条记录, 1 个期间
[2026-06-15 02:30:08] INFO [export_accounting_period_summary] 会计期间总表已导出: /var*******************************************************************************************************（1 个期间）
[2026-06-15 02:30:08] INFO [run_pipeline] 会计期间总表已自动生成: /var*******************************************************************************************************
[2026-06-15 02:30:08] INFO [save_report] 性能剖析报告已保存: /var*****************************************************************************************************
[2026-06-15 02:30:08] INFO [save_report] 性能剖析数据已保存: /var*******************************************************************************************************
[2026-06-15 02:30:08] INFO [run_pipeline] 性能剖析报告已生成: /var*****************************************************************************************************
[2026-06-15 02:30:08] INFO [run_pipeline] [试运行] 跳过生成财务协同编辑模板
[2026-06-15 02:30:08] INFO [run_pipeline] [试运行] 跳过待处理清单生成
[2026-06-15 02:30:08] INFO [commit_pipeline_changes] ===== 开始提交试运行变更（正式写盘）=====
[2026-06-15 02:30:08] INFO [commit_pipeline_changes] [提交] 执行文件删除操作，待删除 1 个文件
[2026-06-15 02:30:08] DEBUG [delete_processed_files] 已删除文件: /var*******************************************************************************************
[2026-06-15 02:30:08] INFO [commit_pipeline_changes] [提交] 执行全量覆盖写总表：共 2 条记录
[2026-06-15 02:30:08] INFO [commit_pipeline_changes] [提交] 总表输出完成: /var***************************************************************************************
[2026-06-15 02:30:08] INFO [commit_pipeline_changes] [提交] 生成脱敏版总表
[2026-06-15 02:30:08] INFO [export_masked_summary] 脱敏版总表输出完成: /var*******************************************************************************************（共 2 条记录）
[2026-06-15 02:30:08] INFO [commit_pipeline_changes] [提交] 执行数据库持久化
[2026-06-15 02:30:08] DEBUG [init_schema] 数据库表结构初始化完成
[2026-06-15 02:30:08] INFO [connect] SQLite 数据库已连接: /Use************************************************************************************
[2026-06-15 02:30:08] INFO [disconnect] SQLite 数据库已断开
[2026-06-15 02:30:08] ERROR [persist_transactions] 数据库持久化失败: UNIQUE constraint failed: import_batches.batch_id
Traceback (most recent call last):
  File "/Users/zhangchengcheng/work/ai-project/Trea/solo0605/label-02552/tests/../backend/database.py", line 1612, in persist_transactions
    insert_count, duplicate_count = db.insert_records(
                                    ~~~~~~~~~~~~~~~~~^
        transaction_records,
        ^^^^^^^^^^^^^^^^^^^^
        batch_id=batch_id,
        ^^^^^^^^^^^^^^^^^^
        deduplicate=deduplicate,
        ^^^^^^^^^^^^^^^^^^^^^^^^
    )
    ^
  File "/Users/zhangchengcheng/work/ai-project/Trea/solo0605/label-02552/tests/../backend/database.py", line 554, in insert_records
    cursor.execute('''
    ~~~~~~~~~~~~~~^^^^
        INSERT INTO import_batches (
        ^^^^^^^^^^^^^^^^^^^^^^^^^^^^
            batch_id, total_records, started_at, status
            ^^^^^^^^^^^^^^^^^^^^^^^^^^^^^^^^^^^^^^^^^^^
        ) VALUES (?, ?, ?, ?)
        ^^^^^^^^^^^^^^^^^^^^^
    ''', (batch_id, len(records), started_at, 'processing'))
    ^^^^^^^^^^^^^^^^^^^^^^^^^^^^^^^^^^^^^^^^^^^^^^^^^^^^^^^^
sqlite3.IntegrityError: UNIQUE constraint failed: import_batches.batch_id
[2026-06-15 02:30:08] INFO [commit_pipeline_changes] [提交] 数据库持久化完成: 插入 0 条, 去重跳过 0 条
[2026-06-15 02:30:08] INFO [commit_pipeline_changes] [提交] 生成财务协同编辑模板
[2026-06-15 02:30:08] INFO [generate_collab_template] 财务协同编辑模板生成完成: /var***************************************************************************************************************（可编辑列: 凭证号, 凭证日期, 会计科目编码, 会计科目名称, 备注, 制单人）
[2026-06-15 02:30:08] INFO [generate_pending_list_xlsx] 待处理清单已生成: /var******************************************************************************************************（共 1 条记录）
[2026-06-15 02:30:08] INFO [commit_pipeline_changes] ===== 试运行变更提交完成 =====
[2026-06-15 02:30:08] DEBUG [scan_bank_files] 发现银行导出文件: /var*******************************************************************************************
[2026-06-15 02:30:08] INFO [scan_bank_files] 共扫描到 1 个银行导出文件
[2026-06-15 02:30:08] INFO [setup_logging] 日志系统初始化完成，日志文件: /Use*******************************************************************************************************
[2026-06-15 02:30:08] INFO [setup_logging] 未检测到 tkinter，将使用命令行交互模式
[2026-06-15 02:30:08] INFO [run_pipeline] ===== 试运行模式已启用（不执行删除与写盘操作）=====
[2026-06-15 02:30:08] INFO [find_lookup_file] 精确匹配到主体查找表: /var**************************************************************************************
[2026-06-15 02:30:08] INFO [run_pipeline] 正在预加载主体查找表...
[2026-06-15 02:30:08] DEBUG [detect_file_format] 文件 /var************************************************************************************** Magic Bytes 检测为 xlsx 格式 (ZIP/OOXML)
[2026-06-15 02:30:08] INFO [load_lookup_table] 查找表加载完成：共 2 条条目，2 个唯一账号，0 个扩展字段
[2026-06-15 02:30:08] INFO [run_pipeline] 主体查找表预加载完成
[2026-06-15 02:30:08] INFO [load_existing_keys] 未找到历史总表，将以全量模式运行
[2026-06-15 02:30:08] INFO [run_pipeline] 无历史数据，将以全量模式运行
[2026-06-15 02:30:08] INFO [prepare_working_folder] 已复制文件夹到同级目录: /var******************************************************************************
[2026-06-15 02:30:08] DEBUG [scan_bank_files] 发现银行导出文件: /var*******************************************************************************************
[2026-06-15 02:30:08] INFO [scan_bank_files] 共扫描到 1 个银行导出文件
[2026-06-15 02:30:08] DEBUG [detect_file_format] 文件 /var******************************************************************************************* Magic Bytes 检测为 xlsx 格式 (ZIP/OOXML)
[2026-06-15 02:30:08] INFO [identify_bank] 文件「北京银行_流水.xlsx」通过前缀匹配识别为: 北京银行
[2026-06-15 02:30:08] INFO [parse] 开始处理北京银行文件: /var*******************************************************************************************
[2026-06-15 02:30:08] DEBUG [detect_file_format] 文件 /var******************************************************************************************* Magic Bytes 检测为 xlsx 格式 (ZIP/OOXML)
[2026-06-15 02:30:08] INFO [validate_headers] 北京银行文件工作表「交易明细」表头校验通过，7 个字段均匹配
[2026-06-15 02:30:08] DEBUG [get_subject_info] 银行账号「0109年03月」匹配到主体: 北********司（优先级: 0）
[2026-06-15 02:30:08] INFO [_parse_sheet] 北京银行文件工作表「交易明细」提取 2 条记录
[2026-06-15 02:30:08] INFO [parse] 北京银行文件处理完成，共提取 2 条记录
[2026-06-15 02:30:08] INFO [run_pipeline] 成功处理文件: /var*******************************************************************************************（2 条记录）
[2026-06-15 02:30:08] INFO [run_pipeline] [试运行] 跳过删除文件操作，待删除文件 1 个
[2026-06-15 02:30:08] INFO [run_pipeline] [试运行] 跳过总表写盘，模式=全量覆盖，共 2 条记录
[2026-06-15 02:30:08] INFO [apply_amount_anomaly_detection] 开始金额异常检测，单笔阈值: [金额已隐藏] 元
[2026-06-15 02:30:08] INFO [apply_amount_anomaly_detection] 金额异常检测完成：共 2 条记录，0 条异常 (0.00%)
[2026-06-15 02:30:08] INFO [apply_counterparty_rules] 对方户名规则匹配完成: 总记录 2, 命中 0, 黑名单 0, 白名单 0
[2026-06-15 02:30:08] INFO [run_pipeline] [试运行] 跳过生成脱敏版总表
[2026-06-15 02:30:08] INFO [run_pipeline] [试运行] 跳过数据库持久化操作
[2026-06-15 02:30:08] INFO [identify_internal_transfers] 内部划转识别完成: 2 条记录, 识别出 0 对 (0 划出 + 0 划入), 涉及 0 个主体, 0 家银行
[2026-06-15 02:30:08] INFO [summarize_transactions] 主体维度汇总完成: 2 条记录, 1 个主体, 1 家银行, 1 个月份, 0 个未匹配账号
[2026-06-15 02:30:08] INFO [export_subject_summary] 主体维度汇总分析已导出: /var*********************************************************************************************************
[2026-06-15 02:30:08] INFO [run_pipeline] 主体维度汇总分析已自动生成: /var*********************************************************************************************************
[2026-06-15 02:30:08] INFO [check_balance_continuity] 共 1 个账号待校验
[2026-06-15 02:30:08] DEBUG [check_balance_continuity] 校验账号: 0109年03月, 记录数: 2
[2026-06-15 02:30:08] INFO [check_balance_continuity] 余额连续性校验完成 - 总账号: 1, 已校验: 1, 跳过: 0, 异常笔数: 0, 异常账号: 0
[2026-06-15 02:30:08] INFO [export_balance_check_result] 余额连续性校验结果已导出: /var**********************************************************************************************************
[2026-06-15 02:30:08] INFO [run_pipeline] 余额连续性校验报告已自动生成: /var**********************************************************************************************************
[2026-06-15 02:30:08] INFO [detect_duplicates] 重复交易检测完成 - 总记录: 2, 疑似重复组: 0, 疑似重复记录: 0, 重复率: 0.00%
[2026-06-15 02:30:08] INFO [generate_duplicate_check_from_records] 未检测到重复交易，仍导出报告
[2026-06-15 02:30:08] INFO [export_duplicate_check_result] 重复交易检测结果已导出: /var*********************************************************************************************************
[2026-06-15 02:30:08] INFO [run_pipeline] 重复交易检测报告已自动生成: /var*********************************************************************************************************
[2026-06-15 02:30:08] INFO [filter_interest_fee_transactions] 筛选出 0 条利息手续费交易
[2026-06-15 02:30:08] INFO [summarize_by_period] 按month汇总生成 0 条期间汇总记录，异常 0 条
[2026-06-15 02:30:08] INFO [check_interest_fee] 利息手续费核对完成 - 总记录: 0 (利息: 0, 手续费: 0), 期间汇总: 0, 异常: 0
[2026-06-15 02:30:08] WARNING [generate_interest_fee_check_from_records] 未筛选到任何利息手续费交易，跳过报告生成
[2026-06-15 02:30:08] INFO [mark_non_workday_transactions] 非工作日交易标记完成: 总记录 2, 工作日 2, 周末 0, 法定节假日 0, 调休工作日 0
[2026-06-15 02:30:08] INFO [generate_holiday_check_from_records] 未发现非工作日交易，仍导出报告
[2026-06-15 02:30:08] INFO [export_holiday_check_result] 非工作日交易标记结果已导出: /var***********************************************************************************************************
[2026-06-15 02:30:08] INFO [run_pipeline] 非工作日交易标记报告已自动生成: /var***********************************************************************************************************
[2026-06-15 02:30:08] INFO [assign_accounting_period] 会计期间归属完成: 2 条记录, 1 个期间
[2026-06-15 02:30:08] INFO [export_accounting_period_summary] 会计期间总表已导出: /var*******************************************************************************************************（1 个期间）
[2026-06-15 02:30:08] INFO [run_pipeline] 会计期间总表已自动生成: /var*******************************************************************************************************
[2026-06-15 02:30:08] INFO [save_report] 性能剖析报告已保存: /var*****************************************************************************************************
[2026-06-15 02:30:08] INFO [save_report] 性能剖析数据已保存: /var*******************************************************************************************************
[2026-06-15 02:30:08] INFO [run_pipeline] 性能剖析报告已生成: /var*****************************************************************************************************
[2026-06-15 02:30:08] INFO [run_pipeline] [试运行] 跳过生成财务协同编辑模板
[2026-06-15 02:30:08] INFO [commit_pipeline_changes] ===== 开始提交试运行变更（正式写盘）=====
[2026-06-15 02:30:08] INFO [commit_pipeline_changes] [提交] 执行文件删除操作，待删除 1 个文件
[2026-06-15 02:30:08] DEBUG [delete_processed_files] 已删除文件: /var*******************************************************************************************
[2026-06-15 02:30:08] INFO [commit_pipeline_changes] [提交] 执行全量覆盖写总表：共 2 条记录
[2026-06-15 02:30:08] INFO [commit_pipeline_changes] [提交] 总表输出完成: /var***************************************************************************************
[2026-06-15 02:30:08] INFO [commit_pipeline_changes] [提交] 生成脱敏版总表
[2026-06-15 02:30:08] INFO [export_masked_summary] 脱敏版总表输出完成: /var*******************************************************************************************（共 2 条记录）
[2026-06-15 02:30:09] INFO [commit_pipeline_changes] [提交] 执行数据库持久化
[2026-06-15 02:30:09] DEBUG [init_schema] 数据库表结构初始化完成
[2026-06-15 02:30:09] INFO [connect] SQLite 数据库已连接: /Use************************************************************************************
[2026-06-15 02:30:09] INFO [insert_records] 已加载 25 个历史匹配键用于去重
[2026-06-15 02:30:09] INFO [insert_records] 批量导入完成: 批次 BATC***************, 共 2 条, 新增 0 条, 重复 2 条
[2026-06-15 02:30:09] INFO [disconnect] SQLite 数据库已断开
[2026-06-15 02:30:09] INFO [commit_pipeline_changes] [提交] 数据库持久化完成: 插入 0 条, 去重跳过 2 条
[2026-06-15 02:30:09] INFO [commit_pipeline_changes] [提交] 生成财务协同编辑模板
[2026-06-15 02:30:09] INFO [generate_collab_template] 财务协同编辑模板生成完成: /var***************************************************************************************************************（可编辑列: 凭证号, 凭证日期, 会计科目编码, 会计科目名称, 备注, 制单人）
[2026-06-15 02:30:09] INFO [commit_pipeline_changes] ===== 试运行变更提交完成 =====
[2026-06-15 02:30:09] INFO [setup_logging] 日志系统初始化完成，日志文件: /Use*******************************************************************************************************
[2026-06-15 02:30:09] INFO [setup_logging] 未检测到 tkinter，将使用命令行交互模式
[2026-06-15 02:30:09] INFO [run_pipeline] ===== 试运行模式已启用（不执行删除与写盘操作）=====
[2026-06-15 02:30:09] INFO [find_lookup_file] 精确匹配到主体查找表: /var**************************************************************************************
[2026-06-15 02:30:09] INFO [run_pipeline] 正在预加载主体查找表...
[2026-06-15 02:30:09] DEBUG [detect_file_format] 文件 /var************************************************************************************** Magic Bytes 检测为 xlsx 格式 (ZIP/OOXML)
[2026-06-15 02:30:09] INFO [load_lookup_table] 查找表加载完成：共 2 条条目，2 个唯一账号，0 个扩展字段
[2026-06-15 02:30:09] INFO [run_pipeline] 主体查找表预加载完成
[2026-06-15 02:30:09] INFO [load_existing_keys] 未找到历史总表，将以全量模式运行
[2026-06-15 02:30:09] INFO [run_pipeline] 无历史数据，将以全量模式运行
[2026-06-15 02:30:09] INFO [prepare_working_folder] 已复制文件夹到同级目录: /var******************************************************************************
[2026-06-15 02:30:09] DEBUG [scan_bank_files] 发现银行导出文件: /var*******************************************************************************************
[2026-06-15 02:30:09] INFO [scan_bank_files] 共扫描到 1 个银行导出文件
[2026-06-15 02:30:09] DEBUG [detect_file_format] 文件 /var******************************************************************************************* Magic Bytes 检测为 xlsx 格式 (ZIP/OOXML)
[2026-06-15 02:30:09] INFO [identify_bank] 文件「北京银行_流水.xlsx」通过前缀匹配识别为: 北京银行
[2026-06-15 02:30:09] INFO [parse] 开始处理北京银行文件: /var*******************************************************************************************
[2026-06-15 02:30:09] DEBUG [detect_file_format] 文件 /var******************************************************************************************* Magic Bytes 检测为 xlsx 格式 (ZIP/OOXML)
[2026-06-15 02:30:09] INFO [validate_headers] 北京银行文件工作表「交易明细」表头校验通过，7 个字段均匹配
[2026-06-15 02:30:09] DEBUG [get_subject_info] 银行账号「0109年03月」匹配到主体: 北********司（优先级: 0）
[2026-06-15 02:30:09] INFO [_parse_sheet] 北京银行文件工作表「交易明细」提取 2 条记录
[2026-06-15 02:30:09] INFO [parse] 北京银行文件处理完成，共提取 2 条记录
[2026-06-15 02:30:09] INFO [run_pipeline] 成功处理文件: /var*******************************************************************************************（2 条记录）
[2026-06-15 02:30:09] INFO [run_pipeline] [试运行] 跳过删除文件操作，待删除文件 1 个
[2026-06-15 02:30:09] INFO [run_pipeline] [试运行] 跳过总表写盘，模式=全量覆盖，共 2 条记录
[2026-06-15 02:30:09] INFO [apply_amount_anomaly_detection] 开始金额异常检测，单笔阈值: [金额已隐藏] 元
[2026-06-15 02:30:09] INFO [apply_amount_anomaly_detection] 金额异常检测完成：共 2 条记录，0 条异常 (0.00%)
[2026-06-15 02:30:09] INFO [apply_counterparty_rules] 对方户名规则匹配完成: 总记录 2, 命中 0, 黑名单 0, 白名单 0
[2026-06-15 02:30:09] INFO [run_pipeline] [试运行] 跳过生成脱敏版总表
[2026-06-15 02:30:09] INFO [run_pipeline] [试运行] 跳过数据库持久化操作
[2026-06-15 02:30:09] INFO [identify_internal_transfers] 内部划转识别完成: 2 条记录, 识别出 0 对 (0 划出 + 0 划入), 涉及 0 个主体, 0 家银行
[2026-06-15 02:30:09] INFO [summarize_transactions] 主体维度汇总完成: 2 条记录, 1 个主体, 1 家银行, 1 个月份, 0 个未匹配账号
[2026-06-15 02:30:09] INFO [export_subject_summary] 主体维度汇总分析已导出: /var*********************************************************************************************************
[2026-06-15 02:30:09] INFO [run_pipeline] 主体维度汇总分析已自动生成: /var*********************************************************************************************************
[2026-06-15 02:30:09] INFO [check_balance_continuity] 共 1 个账号待校验
[2026-06-15 02:30:09] DEBUG [check_balance_continuity] 校验账号: 0109年03月, 记录数: 2
[2026-06-15 02:30:09] INFO [check_balance_continuity] 余额连续性校验完成 - 总账号: 1, 已校验: 1, 跳过: 0, 异常笔数: 0, 异常账号: 0
[2026-06-15 02:30:09] INFO [export_balance_check_result] 余额连续性校验结果已导出: /var**********************************************************************************************************
[2026-06-15 02:30:09] INFO [run_pipeline] 余额连续性校验报告已自动生成: /var**********************************************************************************************************
[2026-06-15 02:30:09] INFO [detect_duplicates] 重复交易检测完成 - 总记录: 2, 疑似重复组: 0, 疑似重复记录: 0, 重复率: 0.00%
[2026-06-15 02:30:09] INFO [generate_duplicate_check_from_records] 未检测到重复交易，仍导出报告
[2026-06-15 02:30:09] INFO [export_duplicate_check_result] 重复交易检测结果已导出: /var*********************************************************************************************************
[2026-06-15 02:30:09] INFO [run_pipeline] 重复交易检测报告已自动生成: /var*********************************************************************************************************
[2026-06-15 02:30:09] INFO [filter_interest_fee_transactions] 筛选出 0 条利息手续费交易
[2026-06-15 02:30:09] INFO [summarize_by_period] 按month汇总生成 0 条期间汇总记录，异常 0 条
[2026-06-15 02:30:09] INFO [check_interest_fee] 利息手续费核对完成 - 总记录: 0 (利息: 0, 手续费: 0), 期间汇总: 0, 异常: 0
[2026-06-15 02:30:09] WARNING [generate_interest_fee_check_from_records] 未筛选到任何利息手续费交易，跳过报告生成
[2026-06-15 02:30:09] INFO [mark_non_workday_transactions] 非工作日交易标记完成: 总记录 2, 工作日 2, 周末 0, 法定节假日 0, 调休工作日 0
[2026-06-15 02:30:09] INFO [generate_holiday_check_from_records] 未发现非工作日交易，仍导出报告
[2026-06-15 02:30:09] INFO [export_holiday_check_result] 非工作日交易标记结果已导出: /var***********************************************************************************************************
[2026-06-15 02:30:09] INFO [run_pipeline] 非工作日交易标记报告已自动生成: /var***********************************************************************************************************
[2026-06-15 02:30:09] INFO [assign_accounting_period] 会计期间归属完成: 2 条记录, 1 个期间
[2026-06-15 02:30:09] INFO [export_accounting_period_summary] 会计期间总表已导出: /var*******************************************************************************************************（1 个期间）
[2026-06-15 02:30:09] INFO [run_pipeline] 会计期间总表已自动生成: /var*******************************************************************************************************
[2026-06-15 02:30:09] INFO [save_report] 性能剖析报告已保存: /var*****************************************************************************************************
[2026-06-15 02:30:09] INFO [save_report] 性能剖析数据已保存: /var*******************************************************************************************************
[2026-06-15 02:30:09] INFO [run_pipeline] 性能剖析报告已生成: /var*****************************************************************************************************
[2026-06-15 02:30:09] INFO [run_pipeline] [试运行] 跳过生成财务协同编辑模板
[2026-06-15 02:30:09] INFO [commit_pipeline_changes] ===== 开始提交试运行变更（正式写盘）=====
[2026-06-15 02:30:09] INFO [commit_pipeline_changes] [提交] 执行文件删除操作，待删除 1 个文件
[2026-06-15 02:30:09] DEBUG [delete_processed_files] 已删除文件: /var*******************************************************************************************
[2026-06-15 02:30:09] INFO [commit_pipeline_changes] [提交] 执行全量覆盖写总表：共 2 条记录
[2026-06-15 02:30:09] INFO [commit_pipeline_changes] [提交] 总表输出完成: /var***************************************************************************************
[2026-06-15 02:30:09] INFO [commit_pipeline_changes] [提交] 生成脱敏版总表
[2026-06-15 02:30:09] INFO [export_masked_summary] 脱敏版总表输出完成: /var*******************************************************************************************（共 2 条记录）
[2026-06-15 02:30:09] INFO [commit_pipeline_changes] [提交] 执行数据库持久化
[2026-06-15 02:30:09] DEBUG [init_schema] 数据库表结构初始化完成
[2026-06-15 02:30:09] INFO [connect] SQLite 数据库已连接: /Use************************************************************************************
[2026-06-15 02:30:09] INFO [disconnect] SQLite 数据库已断开
[2026-06-15 02:30:09] ERROR [persist_transactions] 数据库持久化失败: UNIQUE constraint failed: import_batches.batch_id
Traceback (most recent call last):
  File "/Users/zhangchengcheng/work/ai-project/Trea/solo0605/label-02552/tests/../backend/database.py", line 1612, in persist_transactions
    insert_count, duplicate_count = db.insert_records(
                                    ~~~~~~~~~~~~~~~~~^
        transaction_records,
        ^^^^^^^^^^^^^^^^^^^^
        batch_id=batch_id,
        ^^^^^^^^^^^^^^^^^^
        deduplicate=deduplicate,
        ^^^^^^^^^^^^^^^^^^^^^^^^
    )
    ^
  File "/Users/zhangchengcheng/work/ai-project/Trea/solo0605/label-02552/tests/../backend/database.py", line 554, in insert_records
    cursor.execute('''
    ~~~~~~~~~~~~~~^^^^
        INSERT INTO import_batches (
        ^^^^^^^^^^^^^^^^^^^^^^^^^^^^
            batch_id, total_records, started_at, status
            ^^^^^^^^^^^^^^^^^^^^^^^^^^^^^^^^^^^^^^^^^^^
        ) VALUES (?, ?, ?, ?)
        ^^^^^^^^^^^^^^^^^^^^^
    ''', (batch_id, len(records), started_at, 'processing'))
    ^^^^^^^^^^^^^^^^^^^^^^^^^^^^^^^^^^^^^^^^^^^^^^^^^^^^^^^^
sqlite3.IntegrityError: UNIQUE constraint failed: import_batches.batch_id
[2026-06-15 02:30:09] INFO [commit_pipeline_changes] [提交] 数据库持久化完成: 插入 0 条, 去重跳过 0 条
[2026-06-15 02:30:09] INFO [commit_pipeline_changes] [提交] 生成财务协同编辑模板
[2026-06-15 02:30:09] INFO [generate_collab_template] 财务协同编辑模板生成完成: /var***************************************************************************************************************（可编辑列: 凭证号, 凭证日期, 会计科目编码, 会计科目名称, 备注, 制单人）
[2026-06-15 02:30:09] INFO [commit_pipeline_changes] ===== 试运行变更提交完成 =====
[2026-06-15 02:30:09] INFO [setup_logging] 日志系统初始化完成，日志文件: /Use*******************************************************************************************************
[2026-06-15 02:30:09] INFO [setup_logging] 未检测到 tkinter，将使用命令行交互模式
[2026-06-15 02:30:09] INFO [run_pipeline] ===== 试运行模式已启用（不执行删除与写盘操作）=====
[2026-06-15 02:30:09] INFO [find_lookup_file] 精确匹配到主体查找表: /var**************************************************************************************
[2026-06-15 02:30:09] INFO [run_pipeline] 正在预加载主体查找表...
[2026-06-15 02:30:09] DEBUG [detect_file_format] 文件 /var************************************************************************************** Magic Bytes 检测为 xlsx 格式 (ZIP/OOXML)
[2026-06-15 02:30:09] INFO [load_lookup_table] 查找表加载完成：共 2 条条目，2 个唯一账号，0 个扩展字段
[2026-06-15 02:30:09] INFO [run_pipeline] 主体查找表预加载完成
[2026-06-15 02:30:09] INFO [load_existing_keys] 未找到历史总表，将以全量模式运行
[2026-06-15 02:30:09] INFO [run_pipeline] 无历史数据，将以全量模式运行
[2026-06-15 02:30:09] INFO [prepare_working_folder] 已复制文件夹到同级目录: /var******************************************************************************
[2026-06-15 02:30:09] DEBUG [scan_bank_files] 发现银行导出文件: /var*******************************************************************************************
[2026-06-15 02:30:09] INFO [scan_bank_files] 共扫描到 1 个银行导出文件
[2026-06-15 02:30:09] DEBUG [detect_file_format] 文件 /var******************************************************************************************* Magic Bytes 检测为 xlsx 格式 (ZIP/OOXML)
[2026-06-15 02:30:09] INFO [identify_bank] 文件「北京银行_流水.xlsx」通过前缀匹配识别为: 北京银行
[2026-06-15 02:30:09] INFO [parse] 开始处理北京银行文件: /var*******************************************************************************************
[2026-06-15 02:30:09] DEBUG [detect_file_format] 文件 /var******************************************************************************************* Magic Bytes 检测为 xlsx 格式 (ZIP/OOXML)
[2026-06-15 02:30:09] INFO [validate_headers] 北京银行文件工作表「交易明细」表头校验通过，7 个字段均匹配
[2026-06-15 02:30:09] DEBUG [get_subject_info] 银行账号「0109年03月」匹配到主体: 北********司（优先级: 0）
[2026-06-15 02:30:09] INFO [_parse_sheet] 北京银行文件工作表「交易明细」提取 2 条记录
[2026-06-15 02:30:09] INFO [parse] 北京银行文件处理完成，共提取 2 条记录
[2026-06-15 02:30:09] INFO [run_pipeline] 成功处理文件: /var*******************************************************************************************（2 条记录）
[2026-06-15 02:30:09] INFO [run_pipeline] [试运行] 跳过删除文件操作，待删除文件 1 个
[2026-06-15 02:30:09] INFO [run_pipeline] [试运行] 跳过总表写盘，模式=全量覆盖，共 2 条记录
[2026-06-15 02:30:09] INFO [apply_amount_anomaly_detection] 开始金额异常检测，单笔阈值: [金额已隐藏] 元
[2026-06-15 02:30:09] INFO [apply_amount_anomaly_detection] 金额异常检测完成：共 2 条记录，0 条异常 (0.00%)
[2026-06-15 02:30:09] INFO [apply_counterparty_rules] 对方户名规则匹配完成: 总记录 2, 命中 0, 黑名单 0, 白名单 0
[2026-06-15 02:30:09] INFO [run_pipeline] [试运行] 跳过生成脱敏版总表
[2026-06-15 02:30:09] INFO [run_pipeline] [试运行] 跳过数据库持久化操作
[2026-06-15 02:30:09] INFO [identify_internal_transfers] 内部划转识别完成: 2 条记录, 识别出 0 对 (0 划出 + 0 划入), 涉及 0 个主体, 0 家银行
[2026-06-15 02:30:09] INFO [summarize_transactions] 主体维度汇总完成: 2 条记录, 1 个主体, 1 家银行, 1 个月份, 0 个未匹配账号
[2026-06-15 02:30:09] INFO [export_subject_summary] 主体维度汇总分析已导出: /var*********************************************************************************************************
[2026-06-15 02:30:09] INFO [run_pipeline] 主体维度汇总分析已自动生成: /var*********************************************************************************************************
[2026-06-15 02:30:09] INFO [check_balance_continuity] 共 1 个账号待校验
[2026-06-15 02:30:09] DEBUG [check_balance_continuity] 校验账号: 0109年03月, 记录数: 2
[2026-06-15 02:30:09] INFO [check_balance_continuity] 余额连续性校验完成 - 总账号: 1, 已校验: 1, 跳过: 0, 异常笔数: 0, 异常账号: 0
[2026-06-15 02:30:09] INFO [export_balance_check_result] 余额连续性校验结果已导出: /var**********************************************************************************************************
[2026-06-15 02:30:09] INFO [run_pipeline] 余额连续性校验报告已自动生成: /var**********************************************************************************************************
[2026-06-15 02:30:09] INFO [detect_duplicates] 重复交易检测完成 - 总记录: 2, 疑似重复组: 0, 疑似重复记录: 0, 重复率: 0.00%
[2026-06-15 02:30:09] INFO [generate_duplicate_check_from_records] 未检测到重复交易，仍导出报告
[2026-06-15 02:30:09] INFO [export_duplicate_check_result] 重复交易检测结果已导出: /var*********************************************************************************************************
[2026-06-15 02:30:09] INFO [run_pipeline] 重复交易检测报告已自动生成: /var*********************************************************************************************************
[2026-06-15 02:30:09] INFO [filter_interest_fee_transactions] 筛选出 0 条利息手续费交易
[2026-06-15 02:30:09] INFO [summarize_by_period] 按month汇总生成 0 条期间汇总记录，异常 0 条
[2026-06-15 02:30:09] INFO [check_interest_fee] 利息手续费核对完成 - 总记录: 0 (利息: 0, 手续费: 0), 期间汇总: 0, 异常: 0
[2026-06-15 02:30:09] WARNING [generate_interest_fee_check_from_records] 未筛选到任何利息手续费交易，跳过报告生成
[2026-06-15 02:30:09] INFO [mark_non_workday_transactions] 非工作日交易标记完成: 总记录 2, 工作日 2, 周末 0, 法定节假日 0, 调休工作日 0
[2026-06-15 02:30:09] INFO [generate_holiday_check_from_records] 未发现非工作日交易，仍导出报告
[2026-06-15 02:30:09] INFO [export_holiday_check_result] 非工作日交易标记结果已导出: /var***********************************************************************************************************
[2026-06-15 02:30:09] INFO [run_pipeline] 非工作日交易标记报告已自动生成: /var***********************************************************************************************************
[2026-06-15 02:30:09] INFO [assign_accounting_period] 会计期间归属完成: 2 条记录, 1 个期间
[2026-06-15 02:30:09] INFO [export_accounting_period_summary] 会计期间总表已导出: /var*******************************************************************************************************（1 个期间）
[2026-06-15 02:30:09] INFO [run_pipeline] 会计期间总表已自动生成: /var*******************************************************************************************************
[2026-06-15 02:30:09] INFO [save_report] 性能剖析报告已保存: /var*****************************************************************************************************
[2026-06-15 02:30:09] INFO [save_report] 性能剖析数据已保存: /var*******************************************************************************************************
[2026-06-15 02:30:09] INFO [run_pipeline] 性能剖析报告已生成: /var*****************************************************************************************************
[2026-06-15 02:30:09] INFO [run_pipeline] [试运行] 跳过生成财务协同编辑模板
[2026-06-15 02:30:09] INFO [commit_pipeline_changes] ===== 开始提交试运行变更（正式写盘）=====
[2026-06-15 02:30:09] INFO [commit_pipeline_changes] [提交] 执行文件删除操作，待删除 1 个文件
[2026-06-15 02:30:09] DEBUG [delete_processed_files] 已删除文件: /var*******************************************************************************************
[2026-06-15 02:30:09] INFO [commit_pipeline_changes] [提交] 执行全量覆盖写总表：共 2 条记录
[2026-06-15 02:30:09] INFO [commit_pipeline_changes] [提交] 总表输出完成: /var***************************************************************************************
[2026-06-15 02:30:09] INFO [commit_pipeline_changes] [提交] 生成脱敏版总表
[2026-06-15 02:30:09] INFO [export_masked_summary] 脱敏版总表输出完成: /var*******************************************************************************************（共 2 条记录）
[2026-06-15 02:30:09] INFO [commit_pipeline_changes] [提交] 执行数据库持久化
[2026-06-15 02:30:09] DEBUG [init_schema] 数据库表结构初始化完成
[2026-06-15 02:30:09] INFO [connect] SQLite 数据库已连接: /Use************************************************************************************
[2026-06-15 02:30:09] INFO [disconnect] SQLite 数据库已断开
[2026-06-15 02:30:09] ERROR [persist_transactions] 数据库持久化失败: UNIQUE constraint failed: import_batches.batch_id
Traceback (most recent call last):
  File "/Users/zhangchengcheng/work/ai-project/Trea/solo0605/label-02552/tests/../backend/database.py", line 1612, in persist_transactions
    insert_count, duplicate_count = db.insert_records(
                                    ~~~~~~~~~~~~~~~~~^
        transaction_records,
        ^^^^^^^^^^^^^^^^^^^^
        batch_id=batch_id,
        ^^^^^^^^^^^^^^^^^^
        deduplicate=deduplicate,
        ^^^^^^^^^^^^^^^^^^^^^^^^
    )
    ^
  File "/Users/zhangchengcheng/work/ai-project/Trea/solo0605/label-02552/tests/../backend/database.py", line 554, in insert_records
    cursor.execute('''
    ~~~~~~~~~~~~~~^^^^
        INSERT INTO import_batches (
        ^^^^^^^^^^^^^^^^^^^^^^^^^^^^
            batch_id, total_records, started_at, status
            ^^^^^^^^^^^^^^^^^^^^^^^^^^^^^^^^^^^^^^^^^^^
        ) VALUES (?, ?, ?, ?)
        ^^^^^^^^^^^^^^^^^^^^^
    ''', (batch_id, len(records), started_at, 'processing'))
    ^^^^^^^^^^^^^^^^^^^^^^^^^^^^^^^^^^^^^^^^^^^^^^^^^^^^^^^^
sqlite3.IntegrityError: UNIQUE constraint failed: import_batches.batch_id
[2026-06-15 02:30:09] INFO [commit_pipeline_changes] [提交] 数据库持久化完成: 插入 0 条, 去重跳过 0 条
[2026-06-15 02:30:09] INFO [commit_pipeline_changes] [提交] 生成财务协同编辑模板
[2026-06-15 02:30:09] INFO [generate_collab_template] 财务协同编辑模板生成完成: /var***************************************************************************************************************（可编辑列: 凭证号, 凭证日期, 会计科目编码, 会计科目名称, 备注, 制单人）
[2026-06-15 02:30:09] INFO [commit_pipeline_changes] ===== 试运行变更提交完成 =====
[2026-06-15 02:30:09] WARNING [commit_pipeline_changes] commit_pipeline_changes: 结果不是试运行模式（dry_run=False），无需提交
[2026-06-15 02:30:09] INFO [setup_logging] 日志系统初始化完成，日志文件: /Use*******************************************************************************************************
[2026-06-15 02:30:09] INFO [setup_logging] 未检测到 tkinter，将使用命令行交互模式
[2026-06-15 02:30:09] INFO [find_lookup_file] 精确匹配到主体查找表: /var**************************************************************************************
[2026-06-15 02:30:09] INFO [run_pipeline] 正在预加载主体查找表...
[2026-06-15 02:30:09] DEBUG [detect_file_format] 文件 /var************************************************************************************** Magic Bytes 检测为 xlsx 格式 (ZIP/OOXML)
[2026-06-15 02:30:09] INFO [load_lookup_table] 查找表加载完成：共 2 条条目，2 个唯一账号，0 个扩展字段
[2026-06-15 02:30:09] INFO [run_pipeline] 主体查找表预加载完成
[2026-06-15 02:30:09] INFO [load_existing_keys] 未找到历史总表，将以全量模式运行
[2026-06-15 02:30:09] INFO [run_pipeline] 无历史数据，将以全量模式运行
[2026-06-15 02:30:09] INFO [prepare_working_folder] 已复制文件夹到同级目录: /var******************************************************************************
[2026-06-15 02:30:09] DEBUG [scan_bank_files] 发现银行导出文件: /var*******************************************************************************************
[2026-06-15 02:30:09] INFO [scan_bank_files] 共扫描到 1 个银行导出文件
[2026-06-15 02:30:09] DEBUG [detect_file_format] 文件 /var******************************************************************************************* Magic Bytes 检测为 xlsx 格式 (ZIP/OOXML)
[2026-06-15 02:30:09] INFO [identify_bank] 文件「北京银行_流水.xlsx」通过前缀匹配识别为: 北京银行
[2026-06-15 02:30:09] INFO [parse] 开始处理北京银行文件: /var*******************************************************************************************
[2026-06-15 02:30:09] DEBUG [detect_file_format] 文件 /var******************************************************************************************* Magic Bytes 检测为 xlsx 格式 (ZIP/OOXML)
[2026-06-15 02:30:09] INFO [validate_headers] 北京银行文件工作表「交易明细」表头校验通过，7 个字段均匹配
[2026-06-15 02:30:09] DEBUG [get_subject_info] 银行账号「0109年03月」匹配到主体: 北********司（优先级: 0）
[2026-06-15 02:30:09] INFO [_parse_sheet] 北京银行文件工作表「交易明细」提取 2 条记录
[2026-06-15 02:30:09] INFO [parse] 北京银行文件处理完成，共提取 2 条记录
[2026-06-15 02:30:09] INFO [run_pipeline] 成功处理文件: /var*******************************************************************************************（2 条记录）
[2026-06-15 02:30:09] DEBUG [delete_processed_files] 已删除文件: /var*******************************************************************************************
[2026-06-15 02:30:09] INFO [run_pipeline] 总表输出完成: /var***************************************************************************************（共 2 条记录）
[2026-06-15 02:30:09] INFO [apply_amount_anomaly_detection] 开始金额异常检测，单笔阈值: [金额已隐藏] 元
[2026-06-15 02:30:09] INFO [apply_amount_anomaly_detection] 金额异常检测完成：共 2 条记录，0 条异常 (0.00%)
[2026-06-15 02:30:09] INFO [apply_counterparty_rules] 对方户名规则匹配完成: 总记录 2, 命中 0, 黑名单 0, 白名单 0
[2026-06-15 02:30:09] INFO [export_masked_summary] 脱敏版总表输出完成: /var*******************************************************************************************（共 2 条记录）
[2026-06-15 02:30:09] DEBUG [init_schema] 数据库表结构初始化完成
[2026-06-15 02:30:09] INFO [connect] SQLite 数据库已连接: /Use************************************************************************************
[2026-06-15 02:30:09] INFO [disconnect] SQLite 数据库已断开
[2026-06-15 02:30:09] ERROR [persist_transactions] 数据库持久化失败: UNIQUE constraint failed: import_batches.batch_id
Traceback (most recent call last):
  File "/Users/zhangchengcheng/work/ai-project/Trea/solo0605/label-02552/tests/../backend/database.py", line 1612, in persist_transactions
    insert_count, duplicate_count = db.insert_records(
                                    ~~~~~~~~~~~~~~~~~^
        transaction_records,
        ^^^^^^^^^^^^^^^^^^^^
        batch_id=batch_id,
        ^^^^^^^^^^^^^^^^^^
        deduplicate=deduplicate,
        ^^^^^^^^^^^^^^^^^^^^^^^^
    )
    ^
  File "/Users/zhangchengcheng/work/ai-project/Trea/solo0605/label-02552/tests/../backend/database.py", line 554, in insert_records
    cursor.execute('''
    ~~~~~~~~~~~~~~^^^^
        INSERT INTO import_batches (
        ^^^^^^^^^^^^^^^^^^^^^^^^^^^^
            batch_id, total_records, started_at, status
            ^^^^^^^^^^^^^^^^^^^^^^^^^^^^^^^^^^^^^^^^^^^
        ) VALUES (?, ?, ?, ?)
        ^^^^^^^^^^^^^^^^^^^^^
    ''', (batch_id, len(records), started_at, 'processing'))
    ^^^^^^^^^^^^^^^^^^^^^^^^^^^^^^^^^^^^^^^^^^^^^^^^^^^^^^^^
sqlite3.IntegrityError: UNIQUE constraint failed: import_batches.batch_id
[2026-06-15 02:30:09] INFO [run_pipeline] 数据库持久化完成: 批次 BATC***************, 插入 0 条, 去重跳过 0 条
[2026-06-15 02:30:09] INFO [identify_internal_transfers] 内部划转识别完成: 2 条记录, 识别出 0 对 (0 划出 + 0 划入), 涉及 0 个主体, 0 家银行
[2026-06-15 02:30:09] INFO [summarize_transactions] 主体维度汇总完成: 2 条记录, 1 个主体, 1 家银行, 1 个月份, 0 个未匹配账号
[2026-06-15 02:30:09] INFO [export_subject_summary] 主体维度汇总分析已导出: /var*********************************************************************************************************
[2026-06-15 02:30:09] INFO [run_pipeline] 主体维度汇总分析已自动生成: /var*********************************************************************************************************
[2026-06-15 02:30:09] INFO [check_balance_continuity] 共 1 个账号待校验
[2026-06-15 02:30:09] DEBUG [check_balance_continuity] 校验账号: 0109年03月, 记录数: 2
[2026-06-15 02:30:09] INFO [check_balance_continuity] 余额连续性校验完成 - 总账号: 1, 已校验: 1, 跳过: 0, 异常笔数: 0, 异常账号: 0
[2026-06-15 02:30:09] INFO [export_balance_check_result] 余额连续性校验结果已导出: /var**********************************************************************************************************
[2026-06-15 02:30:09] INFO [run_pipeline] 余额连续性校验报告已自动生成: /var**********************************************************************************************************
[2026-06-15 02:30:09] INFO [detect_duplicates] 重复交易检测完成 - 总记录: 2, 疑似重复组: 0, 疑似重复记录: 0, 重复率: 0.00%
[2026-06-15 02:30:09] INFO [generate_duplicate_check_from_records] 未检测到重复交易，仍导出报告
[2026-06-15 02:30:09] INFO [export_duplicate_check_result] 重复交易检测结果已导出: /var*********************************************************************************************************
[2026-06-15 02:30:09] INFO [run_pipeline] 重复交易检测报告已自动生成: /var*********************************************************************************************************
[2026-06-15 02:30:09] INFO [filter_interest_fee_transactions] 筛选出 0 条利息手续费交易
[2026-06-15 02:30:09] INFO [summarize_by_period] 按month汇总生成 0 条期间汇总记录，异常 0 条
[2026-06-15 02:30:09] INFO [check_interest_fee] 利息手续费核对完成 - 总记录: 0 (利息: 0, 手续费: 0), 期间汇总: 0, 异常: 0
[2026-06-15 02:30:09] WARNING [generate_interest_fee_check_from_records] 未筛选到任何利息手续费交易，跳过报告生成
[2026-06-15 02:30:09] INFO [mark_non_workday_transactions] 非工作日交易标记完成: 总记录 2, 工作日 2, 周末 0, 法定节假日 0, 调休工作日 0
[2026-06-15 02:30:09] INFO [generate_holiday_check_from_records] 未发现非工作日交易，仍导出报告
[2026-06-15 02:30:09] INFO [export_holiday_check_result] 非工作日交易标记结果已导出: /var***********************************************************************************************************
[2026-06-15 02:30:09] INFO [run_pipeline] 非工作日交易标记报告已自动生成: /var***********************************************************************************************************
[2026-06-15 02:30:09] INFO [assign_accounting_period] 会计期间归属完成: 2 条记录, 1 个期间
[2026-06-15 02:30:09] INFO [export_accounting_period_summary] 会计期间总表已导出: /var*******************************************************************************************************（1 个期间）
[2026-06-15 02:30:09] INFO [run_pipeline] 会计期间总表已自动生成: /var*******************************************************************************************************
[2026-06-15 02:30:09] INFO [save_report] 性能剖析报告已保存: /var*****************************************************************************************************
[2026-06-15 02:30:09] INFO [save_report] 性能剖析数据已保存: /var*******************************************************************************************************
[2026-06-15 02:30:09] INFO [run_pipeline] 性能剖析报告已生成: /var*****************************************************************************************************
[2026-06-15 02:30:09] INFO [generate_collab_template] 财务协同编辑模板生成完成: /var***************************************************************************************************************（可编辑列: 凭证号, 凭证日期, 会计科目编码, 会计科目名称, 备注, 制单人）
[2026-06-15 02:30:09] INFO [run_pipeline] 财务协同编辑模板已自动生成: /var***************************************************************************************************************
[2026-06-15 02:30:09] WARNING [commit_pipeline_changes] commit_pipeline_changes: 结果不是试运行模式（dry_run=False），无需提交
[2026-06-15 02:30:09] INFO [setup_logging] 日志系统初始化完成，日志文件: /Use*******************************************************************************************************
[2026-06-15 02:30:09] INFO [setup_logging] 未检测到 tkinter，将使用命令行交互模式
[2026-06-15 02:30:09] INFO [run_pipeline] ===== 试运行模式已启用（不执行删除与写盘操作）=====
[2026-06-15 02:30:09] INFO [find_lookup_file] 精确匹配到主体查找表: /var**************************************************************************************
[2026-06-15 02:30:09] INFO [run_pipeline] 正在预加载主体查找表...
[2026-06-15 02:30:09] DEBUG [detect_file_format] 文件 /var************************************************************************************** Magic Bytes 检测为 xlsx 格式 (ZIP/OOXML)
[2026-06-15 02:30:09] INFO [load_lookup_table] 查找表加载完成：共 2 条条目，2 个唯一账号，0 个扩展字段
[2026-06-15 02:30:09] INFO [run_pipeline] 主体查找表预加载完成
[2026-06-15 02:30:09] INFO [load_existing_keys] 未找到历史总表，将以全量模式运行
[2026-06-15 02:30:09] INFO [run_pipeline] 无历史数据，将以全量模式运行
[2026-06-15 02:30:09] INFO [prepare_working_folder] 已复制文件夹到同级目录: /var******************************************************************************
[2026-06-15 02:30:09] DEBUG [scan_bank_files] 发现银行导出文件: /var*******************************************************************************************
[2026-06-15 02:30:09] INFO [scan_bank_files] 共扫描到 1 个银行导出文件
[2026-06-15 02:30:09] DEBUG [detect_file_format] 文件 /var******************************************************************************************* Magic Bytes 检测为 xlsx 格式 (ZIP/OOXML)
[2026-06-15 02:30:09] INFO [identify_bank] 文件「北京银行_流水.xlsx」通过前缀匹配识别为: 北京银行
[2026-06-15 02:30:09] INFO [parse] 开始处理北京银行文件: /var*******************************************************************************************
[2026-06-15 02:30:09] DEBUG [detect_file_format] 文件 /var******************************************************************************************* Magic Bytes 检测为 xlsx 格式 (ZIP/OOXML)
[2026-06-15 02:30:09] INFO [validate_headers] 北京银行文件工作表「交易明细」表头校验通过，7 个字段均匹配
[2026-06-15 02:30:09] DEBUG [get_subject_info] 银行账号「0109年03月」匹配到主体: 北********司（优先级: 0）
[2026-06-15 02:30:09] INFO [_parse_sheet] 北京银行文件工作表「交易明细」提取 2 条记录
[2026-06-15 02:30:09] INFO [parse] 北京银行文件处理完成，共提取 2 条记录
[2026-06-15 02:30:09] INFO [run_pipeline] 成功处理文件: /var*******************************************************************************************（2 条记录）
[2026-06-15 02:30:09] INFO [run_pipeline] [试运行] 跳过删除文件操作，待删除文件 1 个
[2026-06-15 02:30:09] INFO [run_pipeline] [试运行] 跳过总表写盘，模式=全量覆盖，共 2 条记录
[2026-06-15 02:30:09] INFO [apply_amount_anomaly_detection] 开始金额异常检测，单笔阈值: [金额已隐藏] 元
[2026-06-15 02:30:10] INFO [apply_amount_anomaly_detection] 金额异常检测完成：共 2 条记录，0 条异常 (0.00%)
[2026-06-15 02:30:10] INFO [apply_counterparty_rules] 对方户名规则匹配完成: 总记录 2, 命中 0, 黑名单 0, 白名单 0
[2026-06-15 02:30:10] INFO [run_pipeline] [试运行] 跳过生成脱敏版总表
[2026-06-15 02:30:10] INFO [run_pipeline] [试运行] 跳过数据库持久化操作
[2026-06-15 02:30:10] INFO [identify_internal_transfers] 内部划转识别完成: 2 条记录, 识别出 0 对 (0 划出 + 0 划入), 涉及 0 个主体, 0 家银行
[2026-06-15 02:30:10] INFO [summarize_transactions] 主体维度汇总完成: 2 条记录, 1 个主体, 1 家银行, 1 个月份, 0 个未匹配账号
[2026-06-15 02:30:10] INFO [export_subject_summary] 主体维度汇总分析已导出: /var*********************************************************************************************************
[2026-06-15 02:30:10] INFO [run_pipeline] 主体维度汇总分析已自动生成: /var*********************************************************************************************************
[2026-06-15 02:30:10] INFO [check_balance_continuity] 共 1 个账号待校验
[2026-06-15 02:30:10] DEBUG [check_balance_continuity] 校验账号: 0109年03月, 记录数: 2
[2026-06-15 02:30:10] INFO [check_balance_continuity] 余额连续性校验完成 - 总账号: 1, 已校验: 1, 跳过: 0, 异常笔数: 0, 异常账号: 0
[2026-06-15 02:30:10] INFO [export_balance_check_result] 余额连续性校验结果已导出: /var**********************************************************************************************************
[2026-06-15 02:30:10] INFO [run_pipeline] 余额连续性校验报告已自动生成: /var**********************************************************************************************************
[2026-06-15 02:30:10] INFO [detect_duplicates] 重复交易检测完成 - 总记录: 2, 疑似重复组: 0, 疑似重复记录: 0, 重复率: 0.00%
[2026-06-15 02:30:10] INFO [generate_duplicate_check_from_records] 未检测到重复交易，仍导出报告
[2026-06-15 02:30:10] INFO [export_duplicate_check_result] 重复交易检测结果已导出: /var*********************************************************************************************************
[2026-06-15 02:30:10] INFO [run_pipeline] 重复交易检测报告已自动生成: /var*********************************************************************************************************
[2026-06-15 02:30:10] INFO [filter_interest_fee_transactions] 筛选出 0 条利息手续费交易
[2026-06-15 02:30:10] INFO [summarize_by_period] 按month汇总生成 0 条期间汇总记录，异常 0 条
[2026-06-15 02:30:10] INFO [check_interest_fee] 利息手续费核对完成 - 总记录: 0 (利息: 0, 手续费: 0), 期间汇总: 0, 异常: 0
[2026-06-15 02:30:10] WARNING [generate_interest_fee_check_from_records] 未筛选到任何利息手续费交易，跳过报告生成
[2026-06-15 02:30:10] INFO [mark_non_workday_transactions] 非工作日交易标记完成: 总记录 2, 工作日 2, 周末 0, 法定节假日 0, 调休工作日 0
[2026-06-15 02:30:10] INFO [generate_holiday_check_from_records] 未发现非工作日交易，仍导出报告
[2026-06-15 02:30:10] INFO [export_holiday_check_result] 非工作日交易标记结果已导出: /var***********************************************************************************************************
[2026-06-15 02:30:10] INFO [run_pipeline] 非工作日交易标记报告已自动生成: /var***********************************************************************************************************
[2026-06-15 02:30:10] INFO [assign_accounting_period] 会计期间归属完成: 2 条记录, 1 个期间
[2026-06-15 02:30:10] INFO [export_accounting_period_summary] 会计期间总表已导出: /var*******************************************************************************************************（1 个期间）
[2026-06-15 02:30:10] INFO [run_pipeline] 会计期间总表已自动生成: /var*******************************************************************************************************
[2026-06-15 02:30:10] INFO [save_report] 性能剖析报告已保存: /var*****************************************************************************************************
[2026-06-15 02:30:10] INFO [save_report] 性能剖析数据已保存: /var*******************************************************************************************************
[2026-06-15 02:30:10] INFO [run_pipeline] 性能剖析报告已生成: /var*****************************************************************************************************
[2026-06-15 02:30:10] INFO [run_pipeline] [试运行] 跳过生成财务协同编辑模板
[2026-06-15 02:30:10] INFO [setup_logging] 日志系统初始化完成，日志文件: /Use*******************************************************************************************************
[2026-06-15 02:30:10] INFO [setup_logging] 未检测到 tkinter，将使用命令行交互模式
[2026-06-15 02:30:10] INFO [run_pipeline] ===== 试运行模式已启用（不执行删除与写盘操作）=====
[2026-06-15 02:30:10] INFO [find_lookup_file] 精确匹配到主体查找表: /var**************************************************************************************
[2026-06-15 02:30:10] INFO [run_pipeline] 正在预加载主体查找表...
[2026-06-15 02:30:10] DEBUG [detect_file_format] 文件 /var************************************************************************************** Magic Bytes 检测为 xlsx 格式 (ZIP/OOXML)
[2026-06-15 02:30:10] INFO [load_lookup_table] 查找表加载完成：共 2 条条目，2 个唯一账号，0 个扩展字段
[2026-06-15 02:30:10] INFO [run_pipeline] 主体查找表预加载完成
[2026-06-15 02:30:10] INFO [load_existing_keys] 未找到历史总表，将以全量模式运行
[2026-06-15 02:30:10] INFO [run_pipeline] 无历史数据，将以全量模式运行
[2026-06-15 02:30:10] INFO [prepare_working_folder] 已复制文件夹到同级目录: /var******************************************************************************
[2026-06-15 02:30:10] DEBUG [scan_bank_files] 发现银行导出文件: /var*******************************************************************************************
[2026-06-15 02:30:10] DEBUG [scan_bank_files] 发现银行导出文件: /var*******************************************************************************************
[2026-06-15 02:30:10] INFO [scan_bank_files] 共扫描到 2 个银行导出文件
[2026-06-15 02:30:10] DEBUG [detect_file_format] 文件 /var******************************************************************************************* Magic Bytes 检测为 xlsx 格式 (ZIP/OOXML)
[2026-06-15 02:30:10] DEBUG [detect_file_format] 文件 /var******************************************************************************************* Magic Bytes 检测为 xlsx 格式 (ZIP/OOXML)
[2026-06-15 02:30:10] INFO [identify_bank] 文件「北京银行_流水.xlsx」通过前缀匹配识别为: 北京银行
[2026-06-15 02:30:10] INFO [parse] 开始处理北京银行文件: /var*******************************************************************************************
[2026-06-15 02:30:10] DEBUG [detect_file_format] 文件 /var******************************************************************************************* Magic Bytes 检测为 xlsx 格式 (ZIP/OOXML)
[2026-06-15 02:30:10] INFO [validate_headers] 北京银行文件工作表「交易明细」表头校验通过，7 个字段均匹配
[2026-06-15 02:30:10] DEBUG [get_subject_info] 银行账号「0109年03月」匹配到主体: 北********司（优先级: 0）
[2026-06-15 02:30:10] INFO [_parse_sheet] 北京银行文件工作表「交易明细」提取 2 条记录
[2026-06-15 02:30:10] INFO [parse] 北京银行文件处理完成，共提取 2 条记录
[2026-06-15 02:30:10] INFO [run_pipeline] 成功处理文件: /var*******************************************************************************************（2 条记录）
[2026-06-15 02:30:10] DEBUG [detect_file_format] 文件 /var******************************************************************************************* Magic Bytes 检测为 xlsx 格式 (ZIP/OOXML)
[2026-06-15 02:30:10] WARNING [identify_bank] 文件「未知银行_流水.xlsx」无法识别银行类型
[2026-06-15 02:30:10] DEBUG [detect_file_format] 文件 /var******************************************************************************************* Magic Bytes 检测为 xlsx 格式 (ZIP/OOXML)
[2026-06-15 02:30:10] DEBUG [identify_bank] 收集银行识别失败调试信息时出错: %d format: a real number is required, not str
[2026-06-15 02:30:10] INFO [run_pipeline] [试运行] 跳过删除文件操作，待删除文件 1 个
[2026-06-15 02:30:10] INFO [run_pipeline] [试运行] 跳过总表写盘，模式=全量覆盖，共 2 条记录
[2026-06-15 02:30:10] INFO [apply_amount_anomaly_detection] 开始金额异常检测，单笔阈值: [金额已隐藏] 元
[2026-06-15 02:30:10] INFO [apply_amount_anomaly_detection] 金额异常检测完成：共 2 条记录，0 条异常 (0.00%)
[2026-06-15 02:30:10] INFO [apply_counterparty_rules] 对方户名规则匹配完成: 总记录 2, 命中 0, 黑名单 0, 白名单 0
[2026-06-15 02:30:10] INFO [run_pipeline] [试运行] 跳过生成脱敏版总表
[2026-06-15 02:30:10] INFO [run_pipeline] [试运行] 跳过数据库持久化操作
[2026-06-15 02:30:10] INFO [identify_internal_transfers] 内部划转识别完成: 2 条记录, 识别出 0 对 (0 划出 + 0 划入), 涉及 0 个主体, 0 家银行
[2026-06-15 02:30:10] INFO [summarize_transactions] 主体维度汇总完成: 2 条记录, 1 个主体, 1 家银行, 1 个月份, 0 个未匹配账号
[2026-06-15 02:30:10] INFO [export_subject_summary] 主体维度汇总分析已导出: /var*********************************************************************************************************
[2026-06-15 02:30:10] INFO [run_pipeline] 主体维度汇总分析已自动生成: /var*********************************************************************************************************
[2026-06-15 02:30:10] INFO [check_balance_continuity] 共 1 个账号待校验
[2026-06-15 02:30:10] DEBUG [check_balance_continuity] 校验账号: 0109年03月, 记录数: 2
[2026-06-15 02:30:10] INFO [check_balance_continuity] 余额连续性校验完成 - 总账号: 1, 已校验: 1, 跳过: 0, 异常笔数: 0, 异常账号: 0
[2026-06-15 02:30:10] INFO [export_balance_check_result] 余额连续性校验结果已导出: /var**********************************************************************************************************
[2026-06-15 02:30:10] INFO [run_pipeline] 余额连续性校验报告已自动生成: /var**********************************************************************************************************
[2026-06-15 02:30:10] INFO [detect_duplicates] 重复交易检测完成 - 总记录: 2, 疑似重复组: 0, 疑似重复记录: 0, 重复率: 0.00%
[2026-06-15 02:30:10] INFO [generate_duplicate_check_from_records] 未检测到重复交易，仍导出报告
[2026-06-15 02:30:10] INFO [export_duplicate_check_result] 重复交易检测结果已导出: /var*********************************************************************************************************
[2026-06-15 02:30:10] INFO [run_pipeline] 重复交易检测报告已自动生成: /var*********************************************************************************************************
[2026-06-15 02:30:10] INFO [filter_interest_fee_transactions] 筛选出 0 条利息手续费交易
[2026-06-15 02:30:10] INFO [summarize_by_period] 按month汇总生成 0 条期间汇总记录，异常 0 条
[2026-06-15 02:30:10] INFO [check_interest_fee] 利息手续费核对完成 - 总记录: 0 (利息: 0, 手续费: 0), 期间汇总: 0, 异常: 0
[2026-06-15 02:30:10] WARNING [generate_interest_fee_check_from_records] 未筛选到任何利息手续费交易，跳过报告生成
[2026-06-15 02:30:10] INFO [mark_non_workday_transactions] 非工作日交易标记完成: 总记录 2, 工作日 2, 周末 0, 法定节假日 0, 调休工作日 0
[2026-06-15 02:30:10] INFO [generate_holiday_check_from_records] 未发现非工作日交易，仍导出报告
[2026-06-15 02:30:10] INFO [export_holiday_check_result] 非工作日交易标记结果已导出: /var***********************************************************************************************************
[2026-06-15 02:30:10] INFO [run_pipeline] 非工作日交易标记报告已自动生成: /var***********************************************************************************************************
[2026-06-15 02:30:10] INFO [assign_accounting_period] 会计期间归属完成: 2 条记录, 1 个期间
[2026-06-15 02:30:10] INFO [export_accounting_period_summary] 会计期间总表已导出: /var*******************************************************************************************************（1 个期间）
[2026-06-15 02:30:10] INFO [run_pipeline] 会计期间总表已自动生成: /var*******************************************************************************************************
[2026-06-15 02:30:10] INFO [save_report] 性能剖析报告已保存: /var*****************************************************************************************************
[2026-06-15 02:30:10] INFO [save_report] 性能剖析数据已保存: /var*******************************************************************************************************
[2026-06-15 02:30:10] INFO [run_pipeline] 性能剖析报告已生成: /var*****************************************************************************************************
[2026-06-15 02:30:10] INFO [run_pipeline] [试运行] 跳过生成财务协同编辑模板
[2026-06-15 02:30:10] INFO [run_pipeline] [试运行] 跳过待处理清单生成
[2026-06-15 02:30:10] INFO [setup_logging] 日志系统初始化完成，日志文件: /Use*******************************************************************************************************
[2026-06-15 02:30:10] INFO [setup_logging] 未检测到 tkinter，将使用命令行交互模式
[2026-06-15 02:30:10] INFO [run_pipeline] ===== 试运行模式已启用（不执行删除与写盘操作）=====
[2026-06-15 02:30:10] INFO [find_lookup_file] 精确匹配到主体查找表: /var**************************************************************************************
[2026-06-15 02:30:10] INFO [run_pipeline] 正在预加载主体查找表...
[2026-06-15 02:30:10] DEBUG [detect_file_format] 文件 /var************************************************************************************** Magic Bytes 检测为 xlsx 格式 (ZIP/OOXML)
[2026-06-15 02:30:10] INFO [load_lookup_table] 查找表加载完成：共 2 条条目，2 个唯一账号，0 个扩展字段
[2026-06-15 02:30:10] INFO [run_pipeline] 主体查找表预加载完成
[2026-06-15 02:30:10] INFO [load_existing_keys] 未找到历史总表，将以全量模式运行
[2026-06-15 02:30:10] INFO [run_pipeline] 无历史数据，将以全量模式运行
[2026-06-15 02:30:10] INFO [prepare_working_folder] 已复制文件夹到同级目录: /var*****************************************************************************
[2026-06-15 02:30:10] INFO [scan_bank_files] 共扫描到 0 个银行导出文件
[2026-06-15 02:30:10] WARNING [run_pipeline] 工作文件夹中未发现任何 Excel 或 PDF 文件
[2026-06-15 02:30:10] WARNING [commit_pipeline_changes] commit_pipeline_changes: 试运行结果为空文件夹，无需提交
[2026-06-15 02:30:10] INFO [setup_logging] 日志系统初始化完成，日志文件: /Use*******************************************************************************************************
[2026-06-15 02:30:10] INFO [setup_logging] 未检测到 tkinter，将使用命令行交互模式
[2026-06-15 02:30:10] INFO [find_lookup_file] 精确匹配到主体查找表: /var**************************************************************************************
[2026-06-15 02:30:10] INFO [run_pipeline] 正在预加载主体查找表...
[2026-06-15 02:30:10] DEBUG [detect_file_format] 文件 /var************************************************************************************** Magic Bytes 检测为 xlsx 格式 (ZIP/OOXML)
[2026-06-15 02:30:10] INFO [load_lookup_table] 查找表加载完成：共 2 条条目，2 个唯一账号，0 个扩展字段
[2026-06-15 02:30:10] INFO [run_pipeline] 主体查找表预加载完成
[2026-06-15 02:30:10] INFO [load_existing_keys] 未找到历史总表，将以全量模式运行
[2026-06-15 02:30:10] INFO [run_pipeline] 无历史数据，将以全量模式运行
[2026-06-15 02:30:10] INFO [prepare_working_folder] 已复制文件夹到同级目录: /var******************************************************************************
[2026-06-15 02:30:10] DEBUG [scan_bank_files] 发现银行导出文件: /var*******************************************************************************************
[2026-06-15 02:30:10] INFO [scan_bank_files] 共扫描到 1 个银行导出文件
[2026-06-15 02:30:10] DEBUG [detect_file_format] 文件 /var******************************************************************************************* Magic Bytes 检测为 xlsx 格式 (ZIP/OOXML)
[2026-06-15 02:30:10] INFO [identify_bank] 文件「北京银行_流水.xlsx」通过前缀匹配识别为: 北京银行
[2026-06-15 02:30:10] INFO [parse] 开始处理北京银行文件: /var*******************************************************************************************
[2026-06-15 02:30:10] DEBUG [detect_file_format] 文件 /var******************************************************************************************* Magic Bytes 检测为 xlsx 格式 (ZIP/OOXML)
[2026-06-15 02:30:10] INFO [validate_headers] 北京银行文件工作表「交易明细」表头校验通过，7 个字段均匹配
[2026-06-15 02:30:10] DEBUG [get_subject_info] 银行账号「0109年03月」匹配到主体: 北********司（优先级: 0）
[2026-06-15 02:30:10] INFO [_parse_sheet] 北京银行文件工作表「交易明细」提取 2 条记录
[2026-06-15 02:30:10] INFO [parse] 北京银行文件处理完成，共提取 2 条记录
[2026-06-15 02:30:10] INFO [run_pipeline] 成功处理文件: /var*******************************************************************************************（2 条记录）
[2026-06-15 02:30:10] DEBUG [delete_processed_files] 已删除文件: /var*******************************************************************************************
[2026-06-15 02:30:10] INFO [run_pipeline] 总表输出完成: /var***************************************************************************************（共 2 条记录）
[2026-06-15 02:30:10] INFO [apply_amount_anomaly_detection] 开始金额异常检测，单笔阈值: [金额已隐藏] 元
[2026-06-15 02:30:10] INFO [apply_amount_anomaly_detection] 金额异常检测完成：共 2 条记录，0 条异常 (0.00%)
[2026-06-15 02:30:10] INFO [apply_counterparty_rules] 对方户名规则匹配完成: 总记录 2, 命中 0, 黑名单 0, 白名单 0
[2026-06-15 02:30:10] INFO [export_masked_summary] 脱敏版总表输出完成: /var*******************************************************************************************（共 2 条记录）
[2026-06-15 02:30:10] DEBUG [init_schema] 数据库表结构初始化完成
[2026-06-15 02:30:10] INFO [connect] SQLite 数据库已连接: /Use************************************************************************************
[2026-06-15 02:30:10] INFO [insert_records] 已加载 25 个历史匹配键用于去重
[2026-06-15 02:30:10] INFO [insert_records] 批量导入完成: 批次 BATC***************, 共 2 条, 新增 0 条, 重复 2 条
[2026-06-15 02:30:10] INFO [disconnect] SQLite 数据库已断开
[2026-06-15 02:30:10] INFO [run_pipeline] 数据库持久化完成: 批次 BATC***************, 插入 0 条, 去重跳过 2 条
[2026-06-15 02:30:10] INFO [identify_internal_transfers] 内部划转识别完成: 2 条记录, 识别出 0 对 (0 划出 + 0 划入), 涉及 0 个主体, 0 家银行
[2026-06-15 02:30:10] INFO [summarize_transactions] 主体维度汇总完成: 2 条记录, 1 个主体, 1 家银行, 1 个月份, 0 个未匹配账号
[2026-06-15 02:30:10] INFO [export_subject_summary] 主体维度汇总分析已导出: /var*********************************************************************************************************
[2026-06-15 02:30:10] INFO [run_pipeline] 主体维度汇总分析已自动生成: /var*********************************************************************************************************
[2026-06-15 02:30:10] INFO [check_balance_continuity] 共 1 个账号待校验
[2026-06-15 02:30:10] DEBUG [check_balance_continuity] 校验账号: 0109年03月, 记录数: 2
[2026-06-15 02:30:10] INFO [check_balance_continuity] 余额连续性校验完成 - 总账号: 1, 已校验: 1, 跳过: 0, 异常笔数: 0, 异常账号: 0
[2026-06-15 02:30:10] INFO [export_balance_check_result] 余额连续性校验结果已导出: /var**********************************************************************************************************
[2026-06-15 02:30:10] INFO [run_pipeline] 余额连续性校验报告已自动生成: /var**********************************************************************************************************
[2026-06-15 02:30:10] INFO [detect_duplicates] 重复交易检测完成 - 总记录: 2, 疑似重复组: 0, 疑似重复记录: 0, 重复率: 0.00%
[2026-06-15 02:30:10] INFO [generate_duplicate_check_from_records] 未检测到重复交易，仍导出报告
[2026-06-15 02:30:10] INFO [export_duplicate_check_result] 重复交易检测结果已导出: /var*********************************************************************************************************
[2026-06-15 02:30:10] INFO [run_pipeline] 重复交易检测报告已自动生成: /var*********************************************************************************************************
[2026-06-15 02:30:10] INFO [filter_interest_fee_transactions] 筛选出 0 条利息手续费交易
[2026-06-15 02:30:10] INFO [summarize_by_period] 按month汇总生成 0 条期间汇总记录，异常 0 条
[2026-06-15 02:30:10] INFO [check_interest_fee] 利息手续费核对完成 - 总记录: 0 (利息: 0, 手续费: 0), 期间汇总: 0, 异常: 0
[2026-06-15 02:30:10] WARNING [generate_interest_fee_check_from_records] 未筛选到任何利息手续费交易，跳过报告生成
[2026-06-15 02:30:10] INFO [mark_non_workday_transactions] 非工作日交易标记完成: 总记录 2, 工作日 2, 周末 0, 法定节假日 0, 调休工作日 0
[2026-06-15 02:30:10] INFO [generate_holiday_check_from_records] 未发现非工作日交易，仍导出报告
[2026-06-15 02:30:10] INFO [export_holiday_check_result] 非工作日交易标记结果已导出: /var***********************************************************************************************************
[2026-06-15 02:30:10] INFO [run_pipeline] 非工作日交易标记报告已自动生成: /var***********************************************************************************************************
[2026-06-15 02:30:10] INFO [assign_accounting_period] 会计期间归属完成: 2 条记录, 1 个期间
[2026-06-15 02:30:10] INFO [export_accounting_period_summary] 会计期间总表已导出: /var*******************************************************************************************************（1 个期间）
[2026-06-15 02:30:10] INFO [run_pipeline] 会计期间总表已自动生成: /var*******************************************************************************************************
[2026-06-15 02:30:10] INFO [save_report] 性能剖析报告已保存: /var*****************************************************************************************************
[2026-06-15 02:30:10] INFO [save_report] 性能剖析数据已保存: /var*******************************************************************************************************
[2026-06-15 02:30:10] INFO [run_pipeline] 性能剖析报告已生成: /var*****************************************************************************************************
[2026-06-15 02:30:10] INFO [generate_collab_template] 财务协同编辑模板生成完成: /var***************************************************************************************************************（可编辑列: 凭证号, 凭证日期, 会计科目编码, 会计科目名称, 备注, 制单人）
[2026-06-15 02:30:10] INFO [run_pipeline] 财务协同编辑模板已自动生成: /var***************************************************************************************************************
[2026-06-15 02:30:10] INFO [run_pipeline] ===== 试运行模式已启用（不执行删除与写盘操作）=====
[2026-06-15 02:30:10] INFO [find_lookup_file] 精确匹配到主体查找表: /var**************************************************************************************
[2026-06-15 02:30:10] INFO [run_pipeline] 正在预加载主体查找表...
[2026-06-15 02:30:10] DEBUG [detect_file_format] 文件 /var************************************************************************************** Magic Bytes 检测为 xlsx 格式 (ZIP/OOXML)
[2026-06-15 02:30:10] INFO [load_lookup_table] 查找表加载完成：共 2 条条目，2 个唯一账号，0 个扩展字段
[2026-06-15 02:30:10] INFO [run_pipeline] 主体查找表预加载完成
[2026-06-15 02:30:10] INFO [load_existing_keys] 已加载历史总表，共 2 条记录，2 个唯一匹配键
[2026-06-15 02:30:10] INFO [run_pipeline] ===== 增量合并模式已启用 =====
[2026-06-15 02:30:10] INFO [prepare_working_folder] 已复制文件夹到同级目录: /var*******************************************************************************
[2026-06-15 02:30:10] DEBUG [scan_bank_files] 发现银行导出文件: /var********************************************************************************************
[2026-06-15 02:30:10] DEBUG [scan_bank_files] 发现银行导出文件: /var********************************************************************************************
[2026-06-15 02:30:10] INFO [scan_bank_files] 共扫描到 2 个银行导出文件
[2026-06-15 02:30:10] DEBUG [detect_file_format] 文件 /var******************************************************************************************** Magic Bytes 检测为 xlsx 格式 (ZIP/OOXML)
[2026-06-15 02:30:10] DEBUG [detect_file_format] 文件 /var******************************************************************************************** Magic Bytes 检测为 xlsx 格式 (ZIP/OOXML)
[2026-06-15 02:30:10] INFO [identify_bank] 文件「东亚银行_流水.xlsx」通过前缀匹配识别为: 东亚银行
[2026-06-15 02:30:10] INFO [parse] 开始处理东亚银行文件: /var********************************************************************************************
[2026-06-15 02:30:10] DEBUG [detect_file_format] 文件 /var******************************************************************************************** Magic Bytes 检测为 xlsx 格式 (ZIP/OOXML)
[2026-06-15 02:30:10] INFO [validate_headers] 东亚银行文件工作表「交易明细」表头校验通过，7 个字段均匹配
[2026-06-15 02:30:10] DEBUG [get_subject_info] 银行账号「3881年23月」匹配到主体: 上********司（优先级: 0）
[2026-06-15 02:30:10] INFO [_parse_sheet] 东亚银行文件工作表「交易明细」提取 2 条记录
[2026-06-15 02:30:10] INFO [parse] 东亚银行文件处理完成，共提取 2 条记录
[2026-06-15 02:30:10] INFO [run_pipeline] 成功处理文件: /var********************************************************************************************（2 条记录）
[2026-06-15 02:30:10] INFO [identify_bank] 文件「北京银行_流水.xlsx」通过前缀匹配识别为: 北京银行
[2026-06-15 02:30:10] INFO [parse] 开始处理北京银行文件: /var********************************************************************************************
[2026-06-15 02:30:10] DEBUG [detect_file_format] 文件 /var******************************************************************************************** Magic Bytes 检测为 xlsx 格式 (ZIP/OOXML)
[2026-06-15 02:30:10] INFO [validate_headers] 北京银行文件工作表「交易明细」表头校验通过，7 个字段均匹配
[2026-06-15 02:30:10] DEBUG [get_subject_info] 银行账号「0109年03月」匹配到主体: 北********司（优先级: 0）
[2026-06-15 02:30:10] INFO [_parse_sheet] 北京银行文件工作表「交易明细」提取 2 条记录
[2026-06-15 02:30:10] INFO [parse] 北京银行文件处理完成，共提取 2 条记录
[2026-06-15 02:30:10] INFO [run_pipeline] 成功处理文件: /var********************************************************************************************（2 条记录）
[2026-06-15 02:30:10] INFO [run_pipeline] [试运行] 跳过删除文件操作，待删除文件 2 个
[2026-06-15 02:30:10] DEBUG [filter_incremental_records] 检测到重复记录，匹配键: [匹配键已隐藏]
[2026-06-15 02:30:10] DEBUG [filter_incremental_records] 检测到重复记录，匹配键: [匹配键已隐藏]
[2026-06-15 02:30:10] INFO [filter_incremental_records] 增量过滤完成: 新记录 4 条，重复 2 条，实际新增 2 条
[2026-06-15 02:30:10] INFO [run_pipeline] [试运行] 跳过总表写盘，模式=增量合并，历史 2 条 + 新增 2 条
[2026-06-15 02:30:10] INFO [apply_amount_anomaly_detection] 开始金额异常检测，单笔阈值: [金额已隐藏] 元
[2026-06-15 02:30:10] INFO [apply_amount_anomaly_detection] 金额异常检测完成：共 4 条记录，2 条异常 (50.00%)
[2026-06-15 02:30:10] INFO [apply_amount_anomaly_detection]   - 付款和收款同时有值: 2 条
[2026-06-15 02:30:10] INFO [run_pipeline] 金额异常检测: 总记录 4, 异常 2 (50.00%)
[2026-06-15 02:30:10] INFO [run_pipeline] [试运行] 跳过金额异常检测结果回写总表
[2026-06-15 02:30:10] INFO [apply_counterparty_rules] 对方户名规则匹配完成: 总记录 4, 命中 0, 黑名单 0, 白名单 0
[2026-06-15 02:30:10] INFO [run_pipeline] [试运行] 跳过生成脱敏版总表
[2026-06-15 02:30:10] INFO [run_pipeline] [试运行] 跳过数据库持久化操作
[2026-06-15 02:30:10] INFO [identify_internal_transfers] 内部划转识别完成: 4 条记录, 识别出 0 对 (0 划出 + 0 划入), 涉及 0 个主体, 0 家银行
[2026-06-15 02:30:10] INFO [summarize_transactions] 主体维度汇总完成: 4 条记录, 2 个主体, 2 家银行, 1 个月份, 0 个未匹配账号
[2026-06-15 02:30:10] INFO [export_subject_summary] 主体维度汇总分析已导出: /var*********************************************************************************************************
[2026-06-15 02:30:10] INFO [run_pipeline] 主体维度汇总分析已自动生成: /var*********************************************************************************************************
[2026-06-15 02:30:10] INFO [check_balance_continuity] 共 2 个账号待校验
[2026-06-15 02:30:10] DEBUG [check_balance_continuity] 校验账号: 1090年31月, 记录数: 2
[2026-06-15 02:30:10] DEBUG [check_balance_continuity] 校验账号: 3881年23月, 记录数: 2
[2026-06-15 02:30:10] INFO [check_balance_continuity] 余额连续性校验完成 - 总账号: 2, 已校验: 2, 跳过: 0, 异常笔数: 0, 异常账号: 0
[2026-06-15 02:30:10] INFO [export_balance_check_result] 余额连续性校验结果已导出: /var**********************************************************************************************************
[2026-06-15 02:30:11] INFO [run_pipeline] 余额连续性校验报告已自动生成: /var**********************************************************************************************************
[2026-06-15 02:30:11] INFO [detect_duplicates] 重复交易检测完成 - 总记录: 4, 疑似重复组: 0, 疑似重复记录: 0, 重复率: 0.00%
[2026-06-15 02:30:11] INFO [generate_duplicate_check_from_records] 未检测到重复交易，仍导出报告
[2026-06-15 02:30:11] INFO [export_duplicate_check_result] 重复交易检测结果已导出: /var*********************************************************************************************************
[2026-06-15 02:30:11] INFO [run_pipeline] 重复交易检测报告已自动生成: /var*********************************************************************************************************
[2026-06-15 02:30:11] INFO [filter_interest_fee_transactions] 筛选出 1 条利息手续费交易
[2026-06-15 02:30:11] INFO [summarize_by_period] 按month汇总生成 1 条期间汇总记录，异常 1 条
[2026-06-15 02:30:11] INFO [check_interest_fee] 利息手续费核对完成 - 总记录: 1 (利息: 0, 手续费: 1), 期间汇总: 1, 异常: 1
[2026-06-15 02:30:11] INFO [export_interest_fee_check_result] 利息手续费核对结果已导出: /var**********************************************************************************************************
[2026-06-15 02:30:11] INFO [run_pipeline] Interest & Fee check report auto-generated: /var/folders/8t/8rw7_pg16cx2c2mkh_cvpz8m0000gn/T/bankcheck_test_u06s95w8/script/利息手续费核对报告_20260615_023011.xlsx
[2026-06-15 02:30:11] INFO [mark_non_workday_transactions] 非工作日交易标记完成: 总记录 4, 工作日 4, 周末 0, 法定节假日 0, 调休工作日 0
[2026-06-15 02:30:11] INFO [generate_holiday_check_from_records] 未发现非工作日交易，仍导出报告
[2026-06-15 02:30:11] INFO [export_holiday_check_result] 非工作日交易标记结果已导出: /var***********************************************************************************************************
[2026-06-15 02:30:11] INFO [run_pipeline] 非工作日交易标记报告已自动生成: /var***********************************************************************************************************
[2026-06-15 02:30:11] INFO [assign_accounting_period] 会计期间归属完成: 4 条记录, 1 个期间
[2026-06-15 02:30:11] INFO [export_accounting_period_summary] 会计期间总表已导出: /var*******************************************************************************************************（1 个期间）
[2026-06-15 02:30:11] INFO [run_pipeline] 会计期间总表已自动生成: /var*******************************************************************************************************
[2026-06-15 02:30:11] INFO [save_report] 性能剖析报告已保存: /var*****************************************************************************************************
[2026-06-15 02:30:11] INFO [save_report] 性能剖析数据已保存: /var*******************************************************************************************************
[2026-06-15 02:30:11] INFO [run_pipeline] 性能剖析报告已生成: /var*****************************************************************************************************
[2026-06-15 02:30:11] INFO [run_pipeline] [试运行] 跳过生成财务协同编辑模板
[2026-06-15 02:30:11] INFO [commit_pipeline_changes] ===== 开始提交试运行变更（正式写盘）=====
[2026-06-15 02:30:11] INFO [commit_pipeline_changes] [提交] 执行文件删除操作，待删除 2 个文件
[2026-06-15 02:30:11] DEBUG [delete_processed_files] 已删除文件: /var********************************************************************************************
[2026-06-15 02:30:11] DEBUG [delete_processed_files] 已删除文件: /var********************************************************************************************
[2026-06-15 02:30:11] INFO [commit_pipeline_changes] [提交] 执行增量合并写总表：历史 2 条 + 新增 2 条
[2026-06-15 02:30:11] INFO [merge_and_export_summary] 总表输出完成: /var***************************************************************************************（历史 2 条 + 新增 2 条 = 共 4 条）
[2026-06-15 02:30:11] INFO [commit_pipeline_changes] [提交] 生成脱敏版总表
[2026-06-15 02:30:11] INFO [export_masked_summary] 脱敏版总表输出完成: /var*******************************************************************************************（共 4 条记录）
[2026-06-15 02:30:11] INFO [commit_pipeline_changes] [提交] 执行数据库持久化
[2026-06-15 02:30:11] DEBUG [init_schema] 数据库表结构初始化完成
[2026-06-15 02:30:11] INFO [connect] SQLite 数据库已连接: /Use************************************************************************************
[2026-06-15 02:30:11] INFO [insert_records] 已加载 25 个历史匹配键用于去重
[2026-06-15 02:30:11] INFO [insert_records] 批量导入完成: 批次 BATC***************, 共 4 条, 新增 0 条, 重复 4 条
[2026-06-15 02:30:11] INFO [disconnect] SQLite 数据库已断开
[2026-06-15 02:30:11] INFO [commit_pipeline_changes] [提交] 数据库持久化完成: 插入 0 条, 去重跳过 4 条
[2026-06-15 02:30:11] INFO [commit_pipeline_changes] [提交] 生成财务协同编辑模板
[2026-06-15 02:30:11] INFO [generate_collab_template] 财务协同编辑模板生成完成: /var***************************************************************************************************************（可编辑列: 凭证号, 凭证日期, 会计科目编码, 会计科目名称, 备注, 制单人）
[2026-06-15 02:30:11] INFO [commit_pipeline_changes] ===== 试运行变更提交完成 =====
[2026-06-15 02:30:11] INFO [setup_logging] 日志系统初始化完成，日志文件: /Use*******************************************************************************************************
[2026-06-15 02:30:11] INFO [setup_logging] 未检测到 tkinter，将使用命令行交互模式
[2026-06-15 02:30:11] INFO [setup_logging] 日志系统初始化完成，日志文件: /Use*******************************************************************************************************
[2026-06-15 02:30:11] INFO [setup_logging] 未检测到 tkinter，将使用命令行交互模式
[2026-06-15 02:30:11] INFO [setup_logging] 日志系统初始化完成，日志文件: /Use*******************************************************************************************************
[2026-06-15 02:30:11] INFO [setup_logging] 未检测到 tkinter，将使用命令行交互模式
[2026-06-15 02:30:11] INFO [setup_logging] 日志系统初始化完成，日志文件: /Use*******************************************************************************************************
[2026-06-15 02:30:11] INFO [setup_logging] 未检测到 tkinter，将使用命令行交互模式
[2026-06-15 02:30:11] INFO [find_lookup_file] 精确匹配到主体查找表: /var**************************************************************************************
[2026-06-15 02:30:11] INFO [run_pipeline] 正在预加载主体查找表...
[2026-06-15 02:30:11] DEBUG [detect_file_format] 文件 /var************************************************************************************** Magic Bytes 检测为 xlsx 格式 (ZIP/OOXML)
[2026-06-15 02:30:11] INFO [load_lookup_table] 查找表加载完成：共 2 条条目，2 个唯一账号，0 个扩展字段
[2026-06-15 02:30:11] INFO [run_pipeline] 主体查找表预加载完成
[2026-06-15 02:30:11] INFO [load_existing_keys] 未找到历史总表，将以全量模式运行
[2026-06-15 02:30:11] INFO [run_pipeline] 无历史数据，将以全量模式运行
[2026-06-15 02:30:11] INFO [prepare_working_folder] 已复制文件夹到同级目录: /var******************************************************************************
[2026-06-15 02:30:11] DEBUG [scan_bank_files] 发现银行导出文件: /var********************************************************************************************
[2026-06-15 02:30:11] DEBUG [scan_bank_files] 发现银行导出文件: /var************************************************************************************************
[2026-06-15 02:30:11] DEBUG [scan_bank_files] 发现银行导出文件: /var***************************************************************************************************
[2026-06-15 02:30:11] INFO [scan_bank_files] 共扫描到 3 个银行导出文件
[2026-06-15 02:30:11] DEBUG [detect_file_format] 文件 /var******************************************************************************************** Magic Bytes 检测为 xlsx 格式 (ZIP/OOXML)
[2026-06-15 02:30:11] DEBUG [detect_file_format] 文件 /var************************************************************************************************ Magic Bytes 检测为 xlsx 格式 (ZIP/OOXML)
[2026-06-15 02:30:11] INFO [deduplicate_excel_files_by_content] 跳过重复文件: 北京银行_流水.xlsx -> 与代表文件 北京银行_另一份.xlsx 内容相同（哈希 ea90********...）
[2026-06-15 02:30:11] DEBUG [detect_file_format] 文件 /var*************************************************************************************************** Magic Bytes 检测为 xlsx 格式 (ZIP/OOXML)
[2026-06-15 02:30:11] INFO [deduplicate_excel_files_by_content] 跳过重复文件: 北京银行_流水_副本.xlsx -> 与代表文件 北京银行_另一份.xlsx 内容相同（哈希 ea90********...）
[2026-06-15 02:30:11] INFO [deduplicate_excel_files_by_content] 基于内容哈希去重完成：原 3 个文件，去重后 1 个，跳过重复 2 个
[2026-06-15 02:30:11] INFO [identify_bank] 文件「北京银行_另一份.xlsx」通过前缀匹配识别为: 北京银行
[2026-06-15 02:30:11] INFO [parse] 开始处理北京银行文件: /var********************************************************************************************
[2026-06-15 02:30:11] DEBUG [detect_file_format] 文件 /var******************************************************************************************** Magic Bytes 检测为 xlsx 格式 (ZIP/OOXML)
[2026-06-15 02:30:11] INFO [validate_headers] 北京银行文件工作表「交易明细」表头校验通过，7 个字段均匹配
[2026-06-15 02:30:11] DEBUG [get_subject_info] 银行账号「0109年03月」匹配到主体: 北********司（优先级: 0）
[2026-06-15 02:30:11] INFO [_parse_sheet] 北京银行文件工作表「交易明细」提取 2 条记录
[2026-06-15 02:30:11] INFO [parse] 北京银行文件处理完成，共提取 2 条记录
[2026-06-15 02:30:11] INFO [run_pipeline] 成功处理文件: /var********************************************************************************************（2 条记录）
[2026-06-15 02:30:11] DEBUG [delete_processed_files] 已删除文件: /var********************************************************************************************
[2026-06-15 02:30:11] INFO [run_pipeline] 总表输出完成: /var***************************************************************************************（共 2 条记录）
[2026-06-15 02:30:11] INFO [apply_amount_anomaly_detection] 开始金额异常检测，单笔阈值: [金额已隐藏] 元
[2026-06-15 02:30:11] INFO [apply_amount_anomaly_detection] 金额异常检测完成：共 2 条记录，0 条异常 (0.00%)
[2026-06-15 02:30:11] INFO [apply_counterparty_rules] 对方户名规则匹配完成: 总记录 2, 命中 0, 黑名单 0, 白名单 0
[2026-06-15 02:30:11] INFO [export_masked_summary] 脱敏版总表输出完成: /var*******************************************************************************************（共 2 条记录）
[2026-06-15 02:30:11] DEBUG [init_schema] 数据库表结构初始化完成
[2026-06-15 02:30:11] INFO [connect] SQLite 数据库已连接: /Use************************************************************************************
[2026-06-15 02:30:11] INFO [disconnect] SQLite 数据库已断开
[2026-06-15 02:30:11] ERROR [persist_transactions] 数据库持久化失败: UNIQUE constraint failed: import_batches.batch_id
Traceback (most recent call last):
  File "/Users/zhangchengcheng/work/ai-project/Trea/solo0605/label-02552/tests/../backend/database.py", line 1612, in persist_transactions
    insert_count, duplicate_count = db.insert_records(
                                    ~~~~~~~~~~~~~~~~~^
        transaction_records,
        ^^^^^^^^^^^^^^^^^^^^
        batch_id=batch_id,
        ^^^^^^^^^^^^^^^^^^
        deduplicate=deduplicate,
        ^^^^^^^^^^^^^^^^^^^^^^^^
    )
    ^
  File "/Users/zhangchengcheng/work/ai-project/Trea/solo0605/label-02552/tests/../backend/database.py", line 554, in insert_records
    cursor.execute('''
    ~~~~~~~~~~~~~~^^^^
        INSERT INTO import_batches (
        ^^^^^^^^^^^^^^^^^^^^^^^^^^^^
            batch_id, total_records, started_at, status
            ^^^^^^^^^^^^^^^^^^^^^^^^^^^^^^^^^^^^^^^^^^^
        ) VALUES (?, ?, ?, ?)
        ^^^^^^^^^^^^^^^^^^^^^
    ''', (batch_id, len(records), started_at, 'processing'))
    ^^^^^^^^^^^^^^^^^^^^^^^^^^^^^^^^^^^^^^^^^^^^^^^^^^^^^^^^
sqlite3.IntegrityError: UNIQUE constraint failed: import_batches.batch_id
[2026-06-15 02:30:11] INFO [run_pipeline] 数据库持久化完成: 批次 BATC***************, 插入 0 条, 去重跳过 0 条
[2026-06-15 02:30:11] INFO [identify_internal_transfers] 内部划转识别完成: 2 条记录, 识别出 0 对 (0 划出 + 0 划入), 涉及 0 个主体, 0 家银行
[2026-06-15 02:30:11] INFO [summarize_transactions] 主体维度汇总完成: 2 条记录, 1 个主体, 1 家银行, 1 个月份, 0 个未匹配账号
[2026-06-15 02:30:11] INFO [export_subject_summary] 主体维度汇总分析已导出: /var*********************************************************************************************************
[2026-06-15 02:30:11] INFO [run_pipeline] 主体维度汇总分析已自动生成: /var*********************************************************************************************************
[2026-06-15 02:30:11] INFO [check_balance_continuity] 共 1 个账号待校验
[2026-06-15 02:30:11] DEBUG [check_balance_continuity] 校验账号: 0109年03月, 记录数: 2
[2026-06-15 02:30:11] INFO [check_balance_continuity] 余额连续性校验完成 - 总账号: 1, 已校验: 1, 跳过: 0, 异常笔数: 0, 异常账号: 0
[2026-06-15 02:30:11] INFO [export_balance_check_result] 余额连续性校验结果已导出: /var**********************************************************************************************************
[2026-06-15 02:30:11] INFO [run_pipeline] 余额连续性校验报告已自动生成: /var**********************************************************************************************************
[2026-06-15 02:30:11] INFO [detect_duplicates] 重复交易检测完成 - 总记录: 2, 疑似重复组: 0, 疑似重复记录: 0, 重复率: 0.00%
[2026-06-15 02:30:11] INFO [generate_duplicate_check_from_records] 未检测到重复交易，仍导出报告
[2026-06-15 02:30:11] INFO [export_duplicate_check_result] 重复交易检测结果已导出: /var*********************************************************************************************************
[2026-06-15 02:30:11] INFO [run_pipeline] 重复交易检测报告已自动生成: /var*********************************************************************************************************
[2026-06-15 02:30:11] INFO [filter_interest_fee_transactions] 筛选出 0 条利息手续费交易
[2026-06-15 02:30:11] INFO [summarize_by_period] 按month汇总生成 0 条期间汇总记录，异常 0 条
[2026-06-15 02:30:11] INFO [check_interest_fee] 利息手续费核对完成 - 总记录: 0 (利息: 0, 手续费: 0), 期间汇总: 0, 异常: 0
[2026-06-15 02:30:11] WARNING [generate_interest_fee_check_from_records] 未筛选到任何利息手续费交易，跳过报告生成
[2026-06-15 02:30:11] INFO [mark_non_workday_transactions] 非工作日交易标记完成: 总记录 2, 工作日 2, 周末 0, 法定节假日 0, 调休工作日 0
[2026-06-15 02:30:11] INFO [generate_holiday_check_from_records] 未发现非工作日交易，仍导出报告
[2026-06-15 02:30:11] INFO [export_holiday_check_result] 非工作日交易标记结果已导出: /var***********************************************************************************************************
[2026-06-15 02:30:11] INFO [run_pipeline] 非工作日交易标记报告已自动生成: /var***********************************************************************************************************
[2026-06-15 02:30:11] INFO [assign_accounting_period] 会计期间归属完成: 2 条记录, 1 个期间
[2026-06-15 02:30:11] INFO [export_accounting_period_summary] 会计期间总表已导出: /var*******************************************************************************************************（1 个期间）
[2026-06-15 02:30:11] INFO [run_pipeline] 会计期间总表已自动生成: /var*******************************************************************************************************
[2026-06-15 02:30:11] INFO [save_report] 性能剖析报告已保存: /var*****************************************************************************************************
[2026-06-15 02:30:11] INFO [save_report] 性能剖析数据已保存: /var*******************************************************************************************************
[2026-06-15 02:30:11] INFO [run_pipeline] 性能剖析报告已生成: /var*****************************************************************************************************
[2026-06-15 02:30:11] INFO [generate_collab_template] 财务协同编辑模板生成完成: /var***************************************************************************************************************（可编辑列: 凭证号, 凭证日期, 会计科目编码, 会计科目名称, 备注, 制单人）
[2026-06-15 02:30:11] INFO [run_pipeline] 财务协同编辑模板已自动生成: /var***************************************************************************************************************
[2026-06-15 02:30:11] INFO [generate_pending_list_xlsx] 待处理清单已生成: /var******************************************************************************************************（共 2 条记录）
[2026-06-15 02:30:11] INFO [setup_logging] 日志系统初始化完成，日志文件: /Use*******************************************************************************************************
[2026-06-15 02:30:11] INFO [setup_logging] 未检测到 tkinter，将使用命令行交互模式
[2026-06-15 02:30:11] INFO [find_lookup_file] 精确匹配到主体查找表: /var**************************************************************************************
[2026-06-15 02:30:11] INFO [run_pipeline] 正在预加载主体查找表...
[2026-06-15 02:30:11] DEBUG [detect_file_format] 文件 /var************************************************************************************** Magic Bytes 检测为 xlsx 格式 (ZIP/OOXML)
[2026-06-15 02:30:11] INFO [load_lookup_table] 查找表加载完成：共 2 条条目，2 个唯一账号，0 个扩展字段
[2026-06-15 02:30:11] INFO [run_pipeline] 主体查找表预加载完成
[2026-06-15 02:30:11] INFO [load_existing_keys] 未找到历史总表，将以全量模式运行
[2026-06-15 02:30:11] INFO [run_pipeline] 无历史数据，将以全量模式运行
[2026-06-15 02:30:11] INFO [prepare_working_folder] 已复制文件夹到同级目录: /var******************************************************************************
[2026-06-15 02:30:11] DEBUG [scan_bank_files] 发现银行导出文件: /var********************************************************************************************
[2026-06-15 02:30:11] DEBUG [scan_bank_files] 发现银行导出文件: /var************************************************************************************************
[2026-06-15 02:30:11] DEBUG [scan_bank_files] 发现银行导出文件: /var***************************************************************************************************
[2026-06-15 02:30:11] INFO [scan_bank_files] 共扫描到 3 个银行导出文件
[2026-06-15 02:30:11] DEBUG [detect_file_format] 文件 /var******************************************************************************************** Magic Bytes 检测为 xlsx 格式 (ZIP/OOXML)
[2026-06-15 02:30:11] DEBUG [detect_file_format] 文件 /var************************************************************************************************ Magic Bytes 检测为 xlsx 格式 (ZIP/OOXML)
[2026-06-15 02:30:11] INFO [deduplicate_excel_files_by_content] 跳过重复文件: 北京银行_流水.xlsx -> 与代表文件 北京银行_另一份.xlsx 内容相同（哈希 ea90********...）
[2026-06-15 02:30:11] DEBUG [detect_file_format] 文件 /var*************************************************************************************************** Magic Bytes 检测为 xlsx 格式 (ZIP/OOXML)
[2026-06-15 02:30:11] INFO [deduplicate_excel_files_by_content] 跳过重复文件: 北京银行_流水_副本.xlsx -> 与代表文件 北京银行_另一份.xlsx 内容相同（哈希 ea90********...）
[2026-06-15 02:30:11] INFO [deduplicate_excel_files_by_content] 基于内容哈希去重完成：原 3 个文件，去重后 1 个，跳过重复 2 个
[2026-06-15 02:30:11] INFO [identify_bank] 文件「北京银行_另一份.xlsx」通过前缀匹配识别为: 北京银行
[2026-06-15 02:30:11] INFO [parse] 开始处理北京银行文件: /var********************************************************************************************
[2026-06-15 02:30:11] DEBUG [detect_file_format] 文件 /var******************************************************************************************** Magic Bytes 检测为 xlsx 格式 (ZIP/OOXML)
[2026-06-15 02:30:11] INFO [validate_headers] 北京银行文件工作表「交易明细」表头校验通过，7 个字段均匹配
[2026-06-15 02:30:11] DEBUG [get_subject_info] 银行账号「0109年03月」匹配到主体: 北********司（优先级: 0）
[2026-06-15 02:30:11] INFO [_parse_sheet] 北京银行文件工作表「交易明细」提取 2 条记录
[2026-06-15 02:30:11] INFO [parse] 北京银行文件处理完成，共提取 2 条记录
[2026-06-15 02:30:11] INFO [run_pipeline] 成功处理文件: /var********************************************************************************************（2 条记录）
[2026-06-15 02:30:11] DEBUG [delete_processed_files] 已删除文件: /var********************************************************************************************
[2026-06-15 02:30:11] INFO [run_pipeline] 总表输出完成: /var***************************************************************************************（共 2 条记录）
[2026-06-15 02:30:11] INFO [apply_amount_anomaly_detection] 开始金额异常检测，单笔阈值: [金额已隐藏] 元
[2026-06-15 02:30:11] INFO [apply_amount_anomaly_detection] 金额异常检测完成：共 2 条记录，0 条异常 (0.00%)
[2026-06-15 02:30:11] INFO [apply_counterparty_rules] 对方户名规则匹配完成: 总记录 2, 命中 0, 黑名单 0, 白名单 0
[2026-06-15 02:30:11] INFO [export_masked_summary] 脱敏版总表输出完成: /var*******************************************************************************************（共 2 条记录）
[2026-06-15 02:30:11] DEBUG [init_schema] 数据库表结构初始化完成
[2026-06-15 02:30:11] INFO [connect] SQLite 数据库已连接: /Use************************************************************************************
[2026-06-15 02:30:11] INFO [disconnect] SQLite 数据库已断开
[2026-06-15 02:30:11] ERROR [persist_transactions] 数据库持久化失败: UNIQUE constraint failed: import_batches.batch_id
Traceback (most recent call last):
  File "/Users/zhangchengcheng/work/ai-project/Trea/solo0605/label-02552/tests/../backend/database.py", line 1612, in persist_transactions
    insert_count, duplicate_count = db.insert_records(
                                    ~~~~~~~~~~~~~~~~~^
        transaction_records,
        ^^^^^^^^^^^^^^^^^^^^
        batch_id=batch_id,
        ^^^^^^^^^^^^^^^^^^
        deduplicate=deduplicate,
        ^^^^^^^^^^^^^^^^^^^^^^^^
    )
    ^
  File "/Users/zhangchengcheng/work/ai-project/Trea/solo0605/label-02552/tests/../backend/database.py", line 554, in insert_records
    cursor.execute('''
    ~~~~~~~~~~~~~~^^^^
        INSERT INTO import_batches (
        ^^^^^^^^^^^^^^^^^^^^^^^^^^^^
            batch_id, total_records, started_at, status
            ^^^^^^^^^^^^^^^^^^^^^^^^^^^^^^^^^^^^^^^^^^^
        ) VALUES (?, ?, ?, ?)
        ^^^^^^^^^^^^^^^^^^^^^
    ''', (batch_id, len(records), started_at, 'processing'))
    ^^^^^^^^^^^^^^^^^^^^^^^^^^^^^^^^^^^^^^^^^^^^^^^^^^^^^^^^
sqlite3.IntegrityError: UNIQUE constraint failed: import_batches.batch_id
[2026-06-15 02:30:11] INFO [run_pipeline] 数据库持久化完成: 批次 BATC***************, 插入 0 条, 去重跳过 0 条
[2026-06-15 02:30:11] INFO [identify_internal_transfers] 内部划转识别完成: 2 条记录, 识别出 0 对 (0 划出 + 0 划入), 涉及 0 个主体, 0 家银行
[2026-06-15 02:30:11] INFO [summarize_transactions] 主体维度汇总完成: 2 条记录, 1 个主体, 1 家银行, 1 个月份, 0 个未匹配账号
[2026-06-15 02:30:11] INFO [export_subject_summary] 主体维度汇总分析已导出: /var*********************************************************************************************************
[2026-06-15 02:30:11] INFO [run_pipeline] 主体维度汇总分析已自动生成: /var*********************************************************************************************************
[2026-06-15 02:30:11] INFO [check_balance_continuity] 共 1 个账号待校验
[2026-06-15 02:30:11] DEBUG [check_balance_continuity] 校验账号: 0109年03月, 记录数: 2
[2026-06-15 02:30:11] INFO [check_balance_continuity] 余额连续性校验完成 - 总账号: 1, 已校验: 1, 跳过: 0, 异常笔数: 0, 异常账号: 0
[2026-06-15 02:30:11] INFO [export_balance_check_result] 余额连续性校验结果已导出: /var**********************************************************************************************************
[2026-06-15 02:30:11] INFO [run_pipeline] 余额连续性校验报告已自动生成: /var**********************************************************************************************************
[2026-06-15 02:30:11] INFO [detect_duplicates] 重复交易检测完成 - 总记录: 2, 疑似重复组: 0, 疑似重复记录: 0, 重复率: 0.00%
[2026-06-15 02:30:11] INFO [generate_duplicate_check_from_records] 未检测到重复交易，仍导出报告
[2026-06-15 02:30:11] INFO [export_duplicate_check_result] 重复交易检测结果已导出: /var*********************************************************************************************************
[2026-06-15 02:30:11] INFO [run_pipeline] 重复交易检测报告已自动生成: /var*********************************************************************************************************
[2026-06-15 02:30:11] INFO [filter_interest_fee_transactions] 筛选出 0 条利息手续费交易
[2026-06-15 02:30:11] INFO [summarize_by_period] 按month汇总生成 0 条期间汇总记录，异常 0 条
[2026-06-15 02:30:11] INFO [check_interest_fee] 利息手续费核对完成 - 总记录: 0 (利息: 0, 手续费: 0), 期间汇总: 0, 异常: 0
[2026-06-15 02:30:11] WARNING [generate_interest_fee_check_from_records] 未筛选到任何利息手续费交易，跳过报告生成
[2026-06-15 02:30:11] INFO [mark_non_workday_transactions] 非工作日交易标记完成: 总记录 2, 工作日 2, 周末 0, 法定节假日 0, 调休工作日 0
[2026-06-15 02:30:11] INFO [generate_holiday_check_from_records] 未发现非工作日交易，仍导出报告
[2026-06-15 02:30:11] INFO [export_holiday_check_result] 非工作日交易标记结果已导出: /var***********************************************************************************************************
[2026-06-15 02:30:11] INFO [run_pipeline] 非工作日交易标记报告已自动生成: /var***********************************************************************************************************
[2026-06-15 02:30:11] INFO [assign_accounting_period] 会计期间归属完成: 2 条记录, 1 个期间
[2026-06-15 02:30:11] INFO [export_accounting_period_summary] 会计期间总表已导出: /var*******************************************************************************************************（1 个期间）
[2026-06-15 02:30:11] INFO [run_pipeline] 会计期间总表已自动生成: /var*******************************************************************************************************
[2026-06-15 02:30:11] INFO [save_report] 性能剖析报告已保存: /var*****************************************************************************************************
[2026-06-15 02:30:11] INFO [save_report] 性能剖析数据已保存: /var*******************************************************************************************************
[2026-06-15 02:30:11] INFO [run_pipeline] 性能剖析报告已生成: /var*****************************************************************************************************
[2026-06-15 02:30:11] INFO [generate_collab_template] 财务协同编辑模板生成完成: /var***************************************************************************************************************（可编辑列: 凭证号, 凭证日期, 会计科目编码, 会计科目名称, 备注, 制单人）
[2026-06-15 02:30:11] INFO [run_pipeline] 财务协同编辑模板已自动生成: /var***************************************************************************************************************
[2026-06-15 02:30:11] INFO [generate_pending_list_xlsx] 待处理清单已生成: /var******************************************************************************************************（共 2 条记录）
[2026-06-15 02:30:11] INFO [setup_logging] 日志系统初始化完成，日志文件: /Use*******************************************************************************************************
[2026-06-15 02:30:11] INFO [setup_logging] 未检测到 tkinter，将使用命令行交互模式
[2026-06-15 02:30:11] INFO [find_lookup_file] 精确匹配到主体查找表: /var**************************************************************************************
[2026-06-15 02:30:11] INFO [run_pipeline] 正在预加载主体查找表...
[2026-06-15 02:30:11] DEBUG [detect_file_format] 文件 /var************************************************************************************** Magic Bytes 检测为 xlsx 格式 (ZIP/OOXML)
[2026-06-15 02:30:11] INFO [load_lookup_table] 查找表加载完成：共 2 条条目，2 个唯一账号，0 个扩展字段
[2026-06-15 02:30:11] INFO [run_pipeline] 主体查找表预加载完成
[2026-06-15 02:30:11] INFO [load_existing_keys] 未找到历史总表，将以全量模式运行
[2026-06-15 02:30:11] INFO [run_pipeline] 无历史数据，将以全量模式运行
[2026-06-15 02:30:11] INFO [prepare_working_folder] 已复制文件夹到同级目录: /var******************************************************************************
[2026-06-15 02:30:11] DEBUG [scan_bank_files] 发现银行导出文件: /var********************************************************************************************
[2026-06-15 02:30:11] DEBUG [scan_bank_files] 发现银行导出文件: /var************************************************************************************************
[2026-06-15 02:30:11] DEBUG [scan_bank_files] 发现银行导出文件: /var***************************************************************************************************
[2026-06-15 02:30:11] INFO [scan_bank_files] 共扫描到 3 个银行导出文件
[2026-06-15 02:30:11] DEBUG [detect_file_format] 文件 /var******************************************************************************************** Magic Bytes 检测为 xlsx 格式 (ZIP/OOXML)
[2026-06-15 02:30:11] DEBUG [detect_file_format] 文件 /var************************************************************************************************ Magic Bytes 检测为 xlsx 格式 (ZIP/OOXML)
[2026-06-15 02:30:11] INFO [deduplicate_excel_files_by_content] 跳过重复文件: 北京银行_流水.xlsx -> 与代表文件 北京银行_另一份.xlsx 内容相同（哈希 ea90********...）
[2026-06-15 02:30:11] DEBUG [detect_file_format] 文件 /var*************************************************************************************************** Magic Bytes 检测为 xlsx 格式 (ZIP/OOXML)
[2026-06-15 02:30:11] INFO [deduplicate_excel_files_by_content] 跳过重复文件: 北京银行_流水_副本.xlsx -> 与代表文件 北京银行_另一份.xlsx 内容相同（哈希 ea90********...）
[2026-06-15 02:30:11] INFO [deduplicate_excel_files_by_content] 基于内容哈希去重完成：原 3 个文件，去重后 1 个，跳过重复 2 个
[2026-06-15 02:30:11] INFO [identify_bank] 文件「北京银行_另一份.xlsx」通过前缀匹配识别为: 北京银行
[2026-06-15 02:30:11] INFO [parse] 开始处理北京银行文件: /var********************************************************************************************
[2026-06-15 02:30:11] DEBUG [detect_file_format] 文件 /var******************************************************************************************** Magic Bytes 检测为 xlsx 格式 (ZIP/OOXML)
[2026-06-15 02:30:11] INFO [validate_headers] 北京银行文件工作表「交易明细」表头校验通过，7 个字段均匹配
[2026-06-15 02:30:11] DEBUG [get_subject_info] 银行账号「0109年03月」匹配到主体: 北********司（优先级: 0）
[2026-06-15 02:30:11] INFO [_parse_sheet] 北京银行文件工作表「交易明细」提取 2 条记录
[2026-06-15 02:30:11] INFO [parse] 北京银行文件处理完成，共提取 2 条记录
[2026-06-15 02:30:11] INFO [run_pipeline] 成功处理文件: /var********************************************************************************************（2 条记录）
[2026-06-15 02:30:11] DEBUG [delete_processed_files] 保留策略 keep_all：跳过所有文件操作
[2026-06-15 02:30:11] INFO [run_pipeline] 总表输出完成: /var***************************************************************************************（共 2 条记录）
[2026-06-15 02:30:11] INFO [apply_amount_anomaly_detection] 开始金额异常检测，单笔阈值: [金额已隐藏] 元
[2026-06-15 02:30:11] INFO [apply_amount_anomaly_detection] 金额异常检测完成：共 2 条记录，0 条异常 (0.00%)
[2026-06-15 02:30:12] INFO [apply_counterparty_rules] 对方户名规则匹配完成: 总记录 2, 命中 0, 黑名单 0, 白名单 0
[2026-06-15 02:30:12] INFO [export_masked_summary] 脱敏版总表输出完成: /var*******************************************************************************************（共 2 条记录）
[2026-06-15 02:30:12] DEBUG [init_schema] 数据库表结构初始化完成
[2026-06-15 02:30:12] INFO [connect] SQLite 数据库已连接: /Use************************************************************************************
[2026-06-15 02:30:12] INFO [insert_records] 已加载 25 个历史匹配键用于去重
[2026-06-15 02:30:12] INFO [insert_records] 批量导入完成: 批次 BATC***************, 共 2 条, 新增 0 条, 重复 2 条
[2026-06-15 02:30:12] INFO [disconnect] SQLite 数据库已断开
[2026-06-15 02:30:12] INFO [run_pipeline] 数据库持久化完成: 批次 BATC***************, 插入 0 条, 去重跳过 2 条
[2026-06-15 02:30:12] INFO [identify_internal_transfers] 内部划转识别完成: 2 条记录, 识别出 0 对 (0 划出 + 0 划入), 涉及 0 个主体, 0 家银行
[2026-06-15 02:30:12] INFO [summarize_transactions] 主体维度汇总完成: 2 条记录, 1 个主体, 1 家银行, 1 个月份, 0 个未匹配账号
[2026-06-15 02:30:12] INFO [export_subject_summary] 主体维度汇总分析已导出: /var*********************************************************************************************************
[2026-06-15 02:30:12] INFO [run_pipeline] 主体维度汇总分析已自动生成: /var*********************************************************************************************************
[2026-06-15 02:30:12] INFO [check_balance_continuity] 共 1 个账号待校验
[2026-06-15 02:30:12] DEBUG [check_balance_continuity] 校验账号: 0109年03月, 记录数: 2
[2026-06-15 02:30:12] INFO [check_balance_continuity] 余额连续性校验完成 - 总账号: 1, 已校验: 1, 跳过: 0, 异常笔数: 0, 异常账号: 0
[2026-06-15 02:30:12] INFO [export_balance_check_result] 余额连续性校验结果已导出: /var**********************************************************************************************************
[2026-06-15 02:30:12] INFO [run_pipeline] 余额连续性校验报告已自动生成: /var**********************************************************************************************************
[2026-06-15 02:30:12] INFO [detect_duplicates] 重复交易检测完成 - 总记录: 2, 疑似重复组: 0, 疑似重复记录: 0, 重复率: 0.00%
[2026-06-15 02:30:12] INFO [generate_duplicate_check_from_records] 未检测到重复交易，仍导出报告
[2026-06-15 02:30:12] INFO [export_duplicate_check_result] 重复交易检测结果已导出: /var*********************************************************************************************************
[2026-06-15 02:30:12] INFO [run_pipeline] 重复交易检测报告已自动生成: /var*********************************************************************************************************
[2026-06-15 02:30:12] INFO [filter_interest_fee_transactions] 筛选出 0 条利息手续费交易
[2026-06-15 02:30:12] INFO [summarize_by_period] 按month汇总生成 0 条期间汇总记录，异常 0 条
[2026-06-15 02:30:12] INFO [check_interest_fee] 利息手续费核对完成 - 总记录: 0 (利息: 0, 手续费: 0), 期间汇总: 0, 异常: 0
[2026-06-15 02:30:12] WARNING [generate_interest_fee_check_from_records] 未筛选到任何利息手续费交易，跳过报告生成
[2026-06-15 02:30:12] INFO [mark_non_workday_transactions] 非工作日交易标记完成: 总记录 2, 工作日 2, 周末 0, 法定节假日 0, 调休工作日 0
[2026-06-15 02:30:12] INFO [generate_holiday_check_from_records] 未发现非工作日交易，仍导出报告
[2026-06-15 02:30:12] INFO [export_holiday_check_result] 非工作日交易标记结果已导出: /var***********************************************************************************************************
[2026-06-15 02:30:12] INFO [run_pipeline] 非工作日交易标记报告已自动生成: /var***********************************************************************************************************
[2026-06-15 02:30:12] INFO [assign_accounting_period] 会计期间归属完成: 2 条记录, 1 个期间
[2026-06-15 02:30:12] INFO [export_accounting_period_summary] 会计期间总表已导出: /var*******************************************************************************************************（1 个期间）
[2026-06-15 02:30:12] INFO [run_pipeline] 会计期间总表已自动生成: /var*******************************************************************************************************
[2026-06-15 02:30:12] INFO [save_report] 性能剖析报告已保存: /var*****************************************************************************************************
[2026-06-15 02:30:12] INFO [save_report] 性能剖析数据已保存: /var*******************************************************************************************************
[2026-06-15 02:30:12] INFO [run_pipeline] 性能剖析报告已生成: /var*****************************************************************************************************
[2026-06-15 02:30:12] INFO [generate_collab_template] 财务协同编辑模板生成完成: /var***************************************************************************************************************（可编辑列: 凭证号, 凭证日期, 会计科目编码, 会计科目名称, 备注, 制单人）
[2026-06-15 02:30:12] INFO [run_pipeline] 财务协同编辑模板已自动生成: /var***************************************************************************************************************
[2026-06-15 02:30:12] INFO [generate_pending_list_xlsx] 待处理清单已生成: /var******************************************************************************************************（共 2 条记录）
[2026-06-15 02:30:12] DEBUG [scan_bank_files] 发现银行导出文件: /var********************************************************************************************
[2026-06-15 02:30:12] DEBUG [scan_bank_files] 发现银行导出文件: /var************************************************************************************************
[2026-06-15 02:30:12] DEBUG [scan_bank_files] 发现银行导出文件: /var***************************************************************************************************
[2026-06-15 02:30:12] INFO [scan_bank_files] 共扫描到 3 个银行导出文件
[2026-06-15 02:30:12] INFO [setup_logging] 日志系统初始化完成，日志文件: /Use*******************************************************************************************************
[2026-06-15 02:30:12] INFO [setup_logging] 未检测到 tkinter，将使用命令行交互模式
[2026-06-15 02:30:12] INFO [find_lookup_file] 精确匹配到主体查找表: /var**************************************************************************************
[2026-06-15 02:30:12] INFO [run_pipeline] 正在预加载主体查找表...
[2026-06-15 02:30:12] DEBUG [detect_file_format] 文件 /var************************************************************************************** Magic Bytes 检测为 xlsx 格式 (ZIP/OOXML)
[2026-06-15 02:30:12] INFO [load_lookup_table] 查找表加载完成：共 2 条条目，2 个唯一账号，0 个扩展字段
[2026-06-15 02:30:12] INFO [run_pipeline] 主体查找表预加载完成
[2026-06-15 02:30:12] INFO [load_existing_keys] 未找到历史总表，将以全量模式运行
[2026-06-15 02:30:12] INFO [run_pipeline] 无历史数据，将以全量模式运行
[2026-06-15 02:30:12] INFO [prepare_working_folder] 已复制文件夹到同级目录: /var******************************************************************************
[2026-06-15 02:30:12] DEBUG [scan_bank_files] 发现银行导出文件: /var********************************************************************************************
[2026-06-15 02:30:12] DEBUG [scan_bank_files] 发现银行导出文件: /var************************************************************************************************
[2026-06-15 02:30:12] DEBUG [scan_bank_files] 发现银行导出文件: /var***************************************************************************************************
[2026-06-15 02:30:12] INFO [scan_bank_files] 共扫描到 3 个银行导出文件
[2026-06-15 02:30:12] DEBUG [detect_file_format] 文件 /var******************************************************************************************** Magic Bytes 检测为 xlsx 格式 (ZIP/OOXML)
[2026-06-15 02:30:12] DEBUG [detect_file_format] 文件 /var************************************************************************************************ Magic Bytes 检测为 xlsx 格式 (ZIP/OOXML)
[2026-06-15 02:30:12] INFO [deduplicate_excel_files_by_content] 跳过重复文件: 北京银行_流水.xlsx -> 与代表文件 北京银行_另一份.xlsx 内容相同（哈希 ea90********...）
[2026-06-15 02:30:12] DEBUG [detect_file_format] 文件 /var*************************************************************************************************** Magic Bytes 检测为 xlsx 格式 (ZIP/OOXML)
[2026-06-15 02:30:12] INFO [deduplicate_excel_files_by_content] 跳过重复文件: 北京银行_流水_副本.xlsx -> 与代表文件 北京银行_另一份.xlsx 内容相同（哈希 ea90********...）
[2026-06-15 02:30:12] INFO [deduplicate_excel_files_by_content] 基于内容哈希去重完成：原 3 个文件，去重后 1 个，跳过重复 2 个
[2026-06-15 02:30:12] INFO [identify_bank] 文件「北京银行_另一份.xlsx」通过前缀匹配识别为: 北京银行
[2026-06-15 02:30:12] INFO [parse] 开始处理北京银行文件: /var********************************************************************************************
[2026-06-15 02:30:12] DEBUG [detect_file_format] 文件 /var******************************************************************************************** Magic Bytes 检测为 xlsx 格式 (ZIP/OOXML)
[2026-06-15 02:30:12] INFO [validate_headers] 北京银行文件工作表「交易明细」表头校验通过，7 个字段均匹配
[2026-06-15 02:30:12] DEBUG [get_subject_info] 银行账号「0109年03月」匹配到主体: 北********司（优先级: 0）
[2026-06-15 02:30:12] INFO [_parse_sheet] 北京银行文件工作表「交易明细」提取 2 条记录
[2026-06-15 02:30:12] INFO [parse] 北京银行文件处理完成，共提取 2 条记录
[2026-06-15 02:30:12] INFO [run_pipeline] 成功处理文件: /var********************************************************************************************（2 条记录）
[2026-06-15 02:30:12] DEBUG [delete_processed_files] 已删除文件: /var********************************************************************************************
[2026-06-15 02:30:12] INFO [run_pipeline] 总表输出完成: /var***************************************************************************************（共 2 条记录）
[2026-06-15 02:30:12] INFO [apply_amount_anomaly_detection] 开始金额异常检测，单笔阈值: [金额已隐藏] 元
[2026-06-15 02:30:12] INFO [apply_amount_anomaly_detection] 金额异常检测完成：共 2 条记录，0 条异常 (0.00%)
[2026-06-15 02:30:12] INFO [apply_counterparty_rules] 对方户名规则匹配完成: 总记录 2, 命中 0, 黑名单 0, 白名单 0
[2026-06-15 02:30:12] INFO [export_masked_summary] 脱敏版总表输出完成: /var*******************************************************************************************（共 2 条记录）
[2026-06-15 02:30:12] DEBUG [init_schema] 数据库表结构初始化完成
[2026-06-15 02:30:12] INFO [connect] SQLite 数据库已连接: /Use************************************************************************************
[2026-06-15 02:30:12] INFO [disconnect] SQLite 数据库已断开
[2026-06-15 02:30:12] ERROR [persist_transactions] 数据库持久化失败: UNIQUE constraint failed: import_batches.batch_id
Traceback (most recent call last):
  File "/Users/zhangchengcheng/work/ai-project/Trea/solo0605/label-02552/tests/../backend/database.py", line 1612, in persist_transactions
    insert_count, duplicate_count = db.insert_records(
                                    ~~~~~~~~~~~~~~~~~^
        transaction_records,
        ^^^^^^^^^^^^^^^^^^^^
        batch_id=batch_id,
        ^^^^^^^^^^^^^^^^^^
        deduplicate=deduplicate,
        ^^^^^^^^^^^^^^^^^^^^^^^^
    )
    ^
  File "/Users/zhangchengcheng/work/ai-project/Trea/solo0605/label-02552/tests/../backend/database.py", line 554, in insert_records
    cursor.execute('''
    ~~~~~~~~~~~~~~^^^^
        INSERT INTO import_batches (
        ^^^^^^^^^^^^^^^^^^^^^^^^^^^^
            batch_id, total_records, started_at, status
            ^^^^^^^^^^^^^^^^^^^^^^^^^^^^^^^^^^^^^^^^^^^
        ) VALUES (?, ?, ?, ?)
        ^^^^^^^^^^^^^^^^^^^^^
    ''', (batch_id, len(records), started_at, 'processing'))
    ^^^^^^^^^^^^^^^^^^^^^^^^^^^^^^^^^^^^^^^^^^^^^^^^^^^^^^^^
sqlite3.IntegrityError: UNIQUE constraint failed: import_batches.batch_id
[2026-06-15 02:30:12] INFO [run_pipeline] 数据库持久化完成: 批次 BATC***************, 插入 0 条, 去重跳过 0 条
[2026-06-15 02:30:12] INFO [identify_internal_transfers] 内部划转识别完成: 2 条记录, 识别出 0 对 (0 划出 + 0 划入), 涉及 0 个主体, 0 家银行
[2026-06-15 02:30:12] INFO [summarize_transactions] 主体维度汇总完成: 2 条记录, 1 个主体, 1 家银行, 1 个月份, 0 个未匹配账号
[2026-06-15 02:30:12] INFO [export_subject_summary] 主体维度汇总分析已导出: /var*********************************************************************************************************
[2026-06-15 02:30:12] INFO [run_pipeline] 主体维度汇总分析已自动生成: /var*********************************************************************************************************
[2026-06-15 02:30:12] INFO [check_balance_continuity] 共 1 个账号待校验
[2026-06-15 02:30:12] DEBUG [check_balance_continuity] 校验账号: 0109年03月, 记录数: 2
[2026-06-15 02:30:12] INFO [check_balance_continuity] 余额连续性校验完成 - 总账号: 1, 已校验: 1, 跳过: 0, 异常笔数: 0, 异常账号: 0
[2026-06-15 02:30:12] INFO [export_balance_check_result] 余额连续性校验结果已导出: /var**********************************************************************************************************
[2026-06-15 02:30:12] INFO [run_pipeline] 余额连续性校验报告已自动生成: /var**********************************************************************************************************
[2026-06-15 02:30:12] INFO [detect_duplicates] 重复交易检测完成 - 总记录: 2, 疑似重复组: 0, 疑似重复记录: 0, 重复率: 0.00%
[2026-06-15 02:30:12] INFO [generate_duplicate_check_from_records] 未检测到重复交易，仍导出报告
[2026-06-15 02:30:12] INFO [export_duplicate_check_result] 重复交易检测结果已导出: /var*********************************************************************************************************
[2026-06-15 02:30:12] INFO [run_pipeline] 重复交易检测报告已自动生成: /var*********************************************************************************************************
[2026-06-15 02:30:12] INFO [filter_interest_fee_transactions] 筛选出 0 条利息手续费交易
[2026-06-15 02:30:12] INFO [summarize_by_period] 按month汇总生成 0 条期间汇总记录，异常 0 条
[2026-06-15 02:30:12] INFO [check_interest_fee] 利息手续费核对完成 - 总记录: 0 (利息: 0, 手续费: 0), 期间汇总: 0, 异常: 0
[2026-06-15 02:30:12] WARNING [generate_interest_fee_check_from_records] 未筛选到任何利息手续费交易，跳过报告生成
[2026-06-15 02:30:12] INFO [mark_non_workday_transactions] 非工作日交易标记完成: 总记录 2, 工作日 2, 周末 0, 法定节假日 0, 调休工作日 0
[2026-06-15 02:30:12] INFO [generate_holiday_check_from_records] 未发现非工作日交易，仍导出报告
[2026-06-15 02:30:12] INFO [export_holiday_check_result] 非工作日交易标记结果已导出: /var***********************************************************************************************************
[2026-06-15 02:30:12] INFO [run_pipeline] 非工作日交易标记报告已自动生成: /var***********************************************************************************************************
[2026-06-15 02:30:12] INFO [assign_accounting_period] 会计期间归属完成: 2 条记录, 1 个期间
[2026-06-15 02:30:12] INFO [export_accounting_period_summary] 会计期间总表已导出: /var*******************************************************************************************************（1 个期间）
[2026-06-15 02:30:12] INFO [run_pipeline] 会计期间总表已自动生成: /var*******************************************************************************************************
[2026-06-15 02:30:12] INFO [save_report] 性能剖析报告已保存: /var*****************************************************************************************************
[2026-06-15 02:30:12] INFO [save_report] 性能剖析数据已保存: /var*******************************************************************************************************
[2026-06-15 02:30:12] INFO [run_pipeline] 性能剖析报告已生成: /var*****************************************************************************************************
[2026-06-15 02:30:12] INFO [generate_collab_template] 财务协同编辑模板生成完成: /var***************************************************************************************************************（可编辑列: 凭证号, 凭证日期, 会计科目编码, 会计科目名称, 备注, 制单人）
[2026-06-15 02:30:12] INFO [run_pipeline] 财务协同编辑模板已自动生成: /var***************************************************************************************************************
[2026-06-15 02:30:12] INFO [generate_pending_list_xlsx] 待处理清单已生成: /var******************************************************************************************************（共 2 条记录）
[2026-06-15 02:30:12] DEBUG [scan_bank_files] 发现银行导出文件: /var************************************************************************************************
[2026-06-15 02:30:12] DEBUG [scan_bank_files] 发现银行导出文件: /var***************************************************************************************************
[2026-06-15 02:30:12] INFO [scan_bank_files] 共扫描到 2 个银行导出文件
[2026-06-15 02:30:12] INFO [setup_logging] 日志系统初始化完成，日志文件: /Use*******************************************************************************************************
[2026-06-15 02:30:12] INFO [setup_logging] 未检测到 tkinter，将使用命令行交互模式
[2026-06-15 02:30:12] INFO [find_lookup_file] 精确匹配到主体查找表: /var**************************************************************************************
[2026-06-15 02:30:12] INFO [run_pipeline] 正在预加载主体查找表...
[2026-06-15 02:30:12] DEBUG [detect_file_format] 文件 /var************************************************************************************** Magic Bytes 检测为 xlsx 格式 (ZIP/OOXML)
[2026-06-15 02:30:12] INFO [load_lookup_table] 查找表加载完成：共 2 条条目，2 个唯一账号，0 个扩展字段
[2026-06-15 02:30:12] INFO [run_pipeline] 主体查找表预加载完成
[2026-06-15 02:30:12] INFO [load_existing_keys] 未找到历史总表，将以全量模式运行
[2026-06-15 02:30:12] INFO [run_pipeline] 无历史数据，将以全量模式运行
[2026-06-15 02:30:12] INFO [prepare_working_folder] 已复制文件夹到同级目录: /var******************************************************************************
[2026-06-15 02:30:12] DEBUG [scan_bank_files] 发现银行导出文件: /var********************************************************************************************
[2026-06-15 02:30:12] DEBUG [scan_bank_files] 发现银行导出文件: /var************************************************************************************************
[2026-06-15 02:30:12] DEBUG [scan_bank_files] 发现银行导出文件: /var***************************************************************************************************
[2026-06-15 02:30:12] INFO [scan_bank_files] 共扫描到 3 个银行导出文件
[2026-06-15 02:30:12] DEBUG [detect_file_format] 文件 /var******************************************************************************************** Magic Bytes 检测为 xlsx 格式 (ZIP/OOXML)
[2026-06-15 02:30:12] DEBUG [detect_file_format] 文件 /var************************************************************************************************ Magic Bytes 检测为 xlsx 格式 (ZIP/OOXML)
[2026-06-15 02:30:12] INFO [deduplicate_excel_files_by_content] 跳过重复文件: 北京银行_流水.xlsx -> 与代表文件 北京银行_另一份.xlsx 内容相同（哈希 ea90********...）
[2026-06-15 02:30:12] DEBUG [detect_file_format] 文件 /var*************************************************************************************************** Magic Bytes 检测为 xlsx 格式 (ZIP/OOXML)
[2026-06-15 02:30:12] INFO [deduplicate_excel_files_by_content] 跳过重复文件: 北京银行_流水_副本.xlsx -> 与代表文件 北京银行_另一份.xlsx 内容相同（哈希 ea90********...）
[2026-06-15 02:30:12] INFO [deduplicate_excel_files_by_content] 基于内容哈希去重完成：原 3 个文件，去重后 1 个，跳过重复 2 个
[2026-06-15 02:30:12] INFO [identify_bank] 文件「北京银行_另一份.xlsx」通过前缀匹配识别为: 北京银行
[2026-06-15 02:30:12] INFO [parse] 开始处理北京银行文件: /var********************************************************************************************
[2026-06-15 02:30:12] DEBUG [detect_file_format] 文件 /var******************************************************************************************** Magic Bytes 检测为 xlsx 格式 (ZIP/OOXML)
[2026-06-15 02:30:12] INFO [validate_headers] 北京银行文件工作表「交易明细」表头校验通过，7 个字段均匹配
[2026-06-15 02:30:12] DEBUG [get_subject_info] 银行账号「0109年03月」匹配到主体: 北********司（优先级: 0）
[2026-06-15 02:30:12] INFO [_parse_sheet] 北京银行文件工作表「交易明细」提取 2 条记录
[2026-06-15 02:30:12] INFO [parse] 北京银行文件处理完成，共提取 2 条记录
[2026-06-15 02:30:12] INFO [run_pipeline] 成功处理文件: /var********************************************************************************************（2 条记录）
[2026-06-15 02:30:12] DEBUG [delete_processed_files] 已删除文件: /var********************************************************************************************
[2026-06-15 02:30:12] INFO [run_pipeline] 总表输出完成: /var***************************************************************************************（共 2 条记录）
[2026-06-15 02:30:12] INFO [apply_amount_anomaly_detection] 开始金额异常检测，单笔阈值: [金额已隐藏] 元
[2026-06-15 02:30:12] INFO [apply_amount_anomaly_detection] 金额异常检测完成：共 2 条记录，0 条异常 (0.00%)
[2026-06-15 02:30:12] INFO [apply_counterparty_rules] 对方户名规则匹配完成: 总记录 2, 命中 0, 黑名单 0, 白名单 0
[2026-06-15 02:30:12] INFO [export_masked_summary] 脱敏版总表输出完成: /var*******************************************************************************************（共 2 条记录）
[2026-06-15 02:30:12] DEBUG [init_schema] 数据库表结构初始化完成
[2026-06-15 02:30:12] INFO [connect] SQLite 数据库已连接: /Use************************************************************************************
[2026-06-15 02:30:12] INFO [disconnect] SQLite 数据库已断开
[2026-06-15 02:30:12] ERROR [persist_transactions] 数据库持久化失败: UNIQUE constraint failed: import_batches.batch_id
Traceback (most recent call last):
  File "/Users/zhangchengcheng/work/ai-project/Trea/solo0605/label-02552/tests/../backend/database.py", line 1612, in persist_transactions
    insert_count, duplicate_count = db.insert_records(
                                    ~~~~~~~~~~~~~~~~~^
        transaction_records,
        ^^^^^^^^^^^^^^^^^^^^
        batch_id=batch_id,
        ^^^^^^^^^^^^^^^^^^
        deduplicate=deduplicate,
        ^^^^^^^^^^^^^^^^^^^^^^^^
    )
    ^
  File "/Users/zhangchengcheng/work/ai-project/Trea/solo0605/label-02552/tests/../backend/database.py", line 554, in insert_records
    cursor.execute('''
    ~~~~~~~~~~~~~~^^^^
        INSERT INTO import_batches (
        ^^^^^^^^^^^^^^^^^^^^^^^^^^^^
            batch_id, total_records, started_at, status
            ^^^^^^^^^^^^^^^^^^^^^^^^^^^^^^^^^^^^^^^^^^^
        ) VALUES (?, ?, ?, ?)
        ^^^^^^^^^^^^^^^^^^^^^
    ''', (batch_id, len(records), started_at, 'processing'))
    ^^^^^^^^^^^^^^^^^^^^^^^^^^^^^^^^^^^^^^^^^^^^^^^^^^^^^^^^
sqlite3.IntegrityError: UNIQUE constraint failed: import_batches.batch_id
[2026-06-15 02:30:12] INFO [run_pipeline] 数据库持久化完成: 批次 BATC***************, 插入 0 条, 去重跳过 0 条
[2026-06-15 02:30:12] INFO [identify_internal_transfers] 内部划转识别完成: 2 条记录, 识别出 0 对 (0 划出 + 0 划入), 涉及 0 个主体, 0 家银行
[2026-06-15 02:30:12] INFO [summarize_transactions] 主体维度汇总完成: 2 条记录, 1 个主体, 1 家银行, 1 个月份, 0 个未匹配账号
[2026-06-15 02:30:12] INFO [export_subject_summary] 主体维度汇总分析已导出: /var*********************************************************************************************************
[2026-06-15 02:30:12] INFO [run_pipeline] 主体维度汇总分析已自动生成: /var*********************************************************************************************************
[2026-06-15 02:30:12] INFO [check_balance_continuity] 共 1 个账号待校验
[2026-06-15 02:30:12] DEBUG [check_balance_continuity] 校验账号: 0109年03月, 记录数: 2
[2026-06-15 02:30:12] INFO [check_balance_continuity] 余额连续性校验完成 - 总账号: 1, 已校验: 1, 跳过: 0, 异常笔数: 0, 异常账号: 0
[2026-06-15 02:30:12] INFO [export_balance_check_result] 余额连续性校验结果已导出: /var**********************************************************************************************************
[2026-06-15 02:30:12] INFO [run_pipeline] 余额连续性校验报告已自动生成: /var**********************************************************************************************************
[2026-06-15 02:30:12] INFO [detect_duplicates] 重复交易检测完成 - 总记录: 2, 疑似重复组: 0, 疑似重复记录: 0, 重复率: 0.00%
[2026-06-15 02:30:12] INFO [generate_duplicate_check_from_records] 未检测到重复交易，仍导出报告
[2026-06-15 02:30:12] INFO [export_duplicate_check_result] 重复交易检测结果已导出: /var*********************************************************************************************************
[2026-06-15 02:30:12] INFO [run_pipeline] 重复交易检测报告已自动生成: /var*********************************************************************************************************
[2026-06-15 02:30:12] INFO [filter_interest_fee_transactions] 筛选出 0 条利息手续费交易
[2026-06-15 02:30:12] INFO [summarize_by_period] 按month汇总生成 0 条期间汇总记录，异常 0 条
[2026-06-15 02:30:12] INFO [check_interest_fee] 利息手续费核对完成 - 总记录: 0 (利息: 0, 手续费: 0), 期间汇总: 0, 异常: 0
[2026-06-15 02:30:12] WARNING [generate_interest_fee_check_from_records] 未筛选到任何利息手续费交易，跳过报告生成
[2026-06-15 02:30:12] INFO [mark_non_workday_transactions] 非工作日交易标记完成: 总记录 2, 工作日 2, 周末 0, 法定节假日 0, 调休工作日 0
[2026-06-15 02:30:12] INFO [generate_holiday_check_from_records] 未发现非工作日交易，仍导出报告
[2026-06-15 02:30:12] INFO [export_holiday_check_result] 非工作日交易标记结果已导出: /var***********************************************************************************************************
[2026-06-15 02:30:12] INFO [run_pipeline] 非工作日交易标记报告已自动生成: /var***********************************************************************************************************
[2026-06-15 02:30:12] INFO [assign_accounting_period] 会计期间归属完成: 2 条记录, 1 个期间
[2026-06-15 02:30:12] INFO [export_accounting_period_summary] 会计期间总表已导出: /var*******************************************************************************************************（1 个期间）
[2026-06-15 02:30:12] INFO [run_pipeline] 会计期间总表已自动生成: /var*******************************************************************************************************
[2026-06-15 02:30:12] INFO [save_report] 性能剖析报告已保存: /var*****************************************************************************************************
[2026-06-15 02:30:12] INFO [save_report] 性能剖析数据已保存: /var*******************************************************************************************************
[2026-06-15 02:30:12] INFO [run_pipeline] 性能剖析报告已生成: /var*****************************************************************************************************
[2026-06-15 02:30:12] INFO [generate_collab_template] 财务协同编辑模板生成完成: /var***************************************************************************************************************（可编辑列: 凭证号, 凭证日期, 会计科目编码, 会计科目名称, 备注, 制单人）
[2026-06-15 02:30:12] INFO [run_pipeline] 财务协同编辑模板已自动生成: /var***************************************************************************************************************
[2026-06-15 02:30:12] INFO [generate_pending_list_xlsx] 待处理清单已生成: /var******************************************************************************************************（共 2 条记录）
[2026-06-15 02:30:12] INFO [setup_logging] 日志系统初始化完成，日志文件: /Use*******************************************************************************************************
[2026-06-15 02:30:12] INFO [setup_logging] 未检测到 tkinter，将使用命令行交互模式
[2026-06-15 02:30:12] INFO [find_lookup_file] 精确匹配到主体查找表: /var**************************************************************************************
[2026-06-15 02:30:12] INFO [run_pipeline] 正在预加载主体查找表...
[2026-06-15 02:30:12] DEBUG [detect_file_format] 文件 /var************************************************************************************** Magic Bytes 检测为 xlsx 格式 (ZIP/OOXML)
[2026-06-15 02:30:12] INFO [load_lookup_table] 查找表加载完成：共 2 条条目，2 个唯一账号，0 个扩展字段
[2026-06-15 02:30:12] INFO [run_pipeline] 主体查找表预加载完成
[2026-06-15 02:30:12] INFO [load_existing_keys] 未找到历史总表，将以全量模式运行
[2026-06-15 02:30:12] INFO [run_pipeline] 无历史数据，将以全量模式运行
[2026-06-15 02:30:12] INFO [prepare_working_folder] 已复制文件夹到同级目录: /var******************************************************************************
[2026-06-15 02:30:12] DEBUG [scan_bank_files] 发现银行导出文件: /var********************************************************************************************
[2026-06-15 02:30:12] DEBUG [scan_bank_files] 发现银行导出文件: /var************************************************************************************************
[2026-06-15 02:30:12] DEBUG [scan_bank_files] 发现银行导出文件: /var***************************************************************************************************
[2026-06-15 02:30:12] INFO [scan_bank_files] 共扫描到 3 个银行导出文件
[2026-06-15 02:30:12] DEBUG [detect_file_format] 文件 /var******************************************************************************************** Magic Bytes 检测为 xlsx 格式 (ZIP/OOXML)
[2026-06-15 02:30:12] DEBUG [detect_file_format] 文件 /var************************************************************************************************ Magic Bytes 检测为 xlsx 格式 (ZIP/OOXML)
[2026-06-15 02:30:12] INFO [deduplicate_excel_files_by_content] 跳过重复文件: 北京银行_流水.xlsx -> 与代表文件 北京银行_另一份.xlsx 内容相同（哈希 ea90********...）
[2026-06-15 02:30:12] DEBUG [detect_file_format] 文件 /var*************************************************************************************************** Magic Bytes 检测为 xlsx 格式 (ZIP/OOXML)
[2026-06-15 02:30:12] INFO [deduplicate_excel_files_by_content] 跳过重复文件: 北京银行_流水_副本.xlsx -> 与代表文件 北京银行_另一份.xlsx 内容相同（哈希 ea90********...）
[2026-06-15 02:30:12] INFO [deduplicate_excel_files_by_content] 基于内容哈希去重完成：原 3 个文件，去重后 1 个，跳过重复 2 个
[2026-06-15 02:30:12] INFO [identify_bank] 文件「北京银行_另一份.xlsx」通过前缀匹配识别为: 北京银行
[2026-06-15 02:30:12] INFO [parse] 开始处理北京银行文件: /var********************************************************************************************
[2026-06-15 02:30:12] DEBUG [detect_file_format] 文件 /var******************************************************************************************** Magic Bytes 检测为 xlsx 格式 (ZIP/OOXML)
[2026-06-15 02:30:12] INFO [validate_headers] 北京银行文件工作表「交易明细」表头校验通过，7 个字段均匹配
[2026-06-15 02:30:12] DEBUG [get_subject_info] 银行账号「0109年03月」匹配到主体: 北********司（优先级: 0）
[2026-06-15 02:30:12] INFO [_parse_sheet] 北京银行文件工作表「交易明细」提取 2 条记录
[2026-06-15 02:30:12] INFO [parse] 北京银行文件处理完成，共提取 2 条记录
[2026-06-15 02:30:12] INFO [run_pipeline] 成功处理文件: /var********************************************************************************************（2 条记录）
[2026-06-15 02:30:13] DEBUG [delete_processed_files] 已删除文件: /var********************************************************************************************
[2026-06-15 02:30:13] INFO [run_pipeline] 总表输出完成: /var***************************************************************************************（共 2 条记录）
[2026-06-15 02:30:13] INFO [apply_amount_anomaly_detection] 开始金额异常检测，单笔阈值: [金额已隐藏] 元
[2026-06-15 02:30:13] INFO [apply_amount_anomaly_detection] 金额异常检测完成：共 2 条记录，0 条异常 (0.00%)
[2026-06-15 02:30:13] INFO [apply_counterparty_rules] 对方户名规则匹配完成: 总记录 2, 命中 0, 黑名单 0, 白名单 0
[2026-06-15 02:30:13] INFO [export_masked_summary] 脱敏版总表输出完成: /var*******************************************************************************************（共 2 条记录）
[2026-06-15 02:30:13] DEBUG [init_schema] 数据库表结构初始化完成
[2026-06-15 02:30:13] INFO [connect] SQLite 数据库已连接: /Use************************************************************************************
[2026-06-15 02:30:13] INFO [insert_records] 已加载 25 个历史匹配键用于去重
[2026-06-15 02:30:13] INFO [insert_records] 批量导入完成: 批次 BATC***************, 共 2 条, 新增 0 条, 重复 2 条
[2026-06-15 02:30:13] INFO [disconnect] SQLite 数据库已断开
[2026-06-15 02:30:13] INFO [run_pipeline] 数据库持久化完成: 批次 BATC***************, 插入 0 条, 去重跳过 2 条
[2026-06-15 02:30:13] INFO [identify_internal_transfers] 内部划转识别完成: 2 条记录, 识别出 0 对 (0 划出 + 0 划入), 涉及 0 个主体, 0 家银行
[2026-06-15 02:30:13] INFO [summarize_transactions] 主体维度汇总完成: 2 条记录, 1 个主体, 1 家银行, 1 个月份, 0 个未匹配账号
[2026-06-15 02:30:13] INFO [export_subject_summary] 主体维度汇总分析已导出: /var*********************************************************************************************************
[2026-06-15 02:30:13] INFO [run_pipeline] 主体维度汇总分析已自动生成: /var*********************************************************************************************************
[2026-06-15 02:30:13] INFO [check_balance_continuity] 共 1 个账号待校验
[2026-06-15 02:30:13] DEBUG [check_balance_continuity] 校验账号: 0109年03月, 记录数: 2
[2026-06-15 02:30:13] INFO [check_balance_continuity] 余额连续性校验完成 - 总账号: 1, 已校验: 1, 跳过: 0, 异常笔数: 0, 异常账号: 0
[2026-06-15 02:30:13] INFO [export_balance_check_result] 余额连续性校验结果已导出: /var**********************************************************************************************************
[2026-06-15 02:30:13] INFO [run_pipeline] 余额连续性校验报告已自动生成: /var**********************************************************************************************************
[2026-06-15 02:30:13] INFO [detect_duplicates] 重复交易检测完成 - 总记录: 2, 疑似重复组: 0, 疑似重复记录: 0, 重复率: 0.00%
[2026-06-15 02:30:13] INFO [generate_duplicate_check_from_records] 未检测到重复交易，仍导出报告
[2026-06-15 02:30:13] INFO [export_duplicate_check_result] 重复交易检测结果已导出: /var*********************************************************************************************************
[2026-06-15 02:30:13] INFO [run_pipeline] 重复交易检测报告已自动生成: /var*********************************************************************************************************
[2026-06-15 02:30:13] INFO [filter_interest_fee_transactions] 筛选出 0 条利息手续费交易
[2026-06-15 02:30:13] INFO [summarize_by_period] 按month汇总生成 0 条期间汇总记录，异常 0 条
[2026-06-15 02:30:13] INFO [check_interest_fee] 利息手续费核对完成 - 总记录: 0 (利息: 0, 手续费: 0), 期间汇总: 0, 异常: 0
[2026-06-15 02:30:13] WARNING [generate_interest_fee_check_from_records] 未筛选到任何利息手续费交易，跳过报告生成
[2026-06-15 02:30:13] INFO [mark_non_workday_transactions] 非工作日交易标记完成: 总记录 2, 工作日 2, 周末 0, 法定节假日 0, 调休工作日 0
[2026-06-15 02:30:13] INFO [generate_holiday_check_from_records] 未发现非工作日交易，仍导出报告
[2026-06-15 02:30:13] INFO [export_holiday_check_result] 非工作日交易标记结果已导出: /var***********************************************************************************************************
[2026-06-15 02:30:13] INFO [run_pipeline] 非工作日交易标记报告已自动生成: /var***********************************************************************************************************
[2026-06-15 02:30:13] INFO [assign_accounting_period] 会计期间归属完成: 2 条记录, 1 个期间
[2026-06-15 02:30:13] INFO [export_accounting_period_summary] 会计期间总表已导出: /var*******************************************************************************************************（1 个期间）
[2026-06-15 02:30:13] INFO [run_pipeline] 会计期间总表已自动生成: /var*******************************************************************************************************
[2026-06-15 02:30:13] INFO [save_report] 性能剖析报告已保存: /var*****************************************************************************************************
[2026-06-15 02:30:13] INFO [save_report] 性能剖析数据已保存: /var*******************************************************************************************************
[2026-06-15 02:30:13] INFO [run_pipeline] 性能剖析报告已生成: /var*****************************************************************************************************
[2026-06-15 02:30:13] INFO [generate_collab_template] 财务协同编辑模板生成完成: /var***************************************************************************************************************（可编辑列: 凭证号, 凭证日期, 会计科目编码, 会计科目名称, 备注, 制单人）
[2026-06-15 02:30:13] INFO [run_pipeline] 财务协同编辑模板已自动生成: /var***************************************************************************************************************
[2026-06-15 02:30:13] INFO [generate_pending_list_xlsx] 待处理清单已生成: /var******************************************************************************************************（共 2 条记录）
[2026-06-15 02:30:13] INFO [setup_logging] 日志系统初始化完成，日志文件: /Use*******************************************************************************************************
[2026-06-15 02:30:13] INFO [setup_logging] 未检测到 tkinter，将使用命令行交互模式
[2026-06-15 02:30:13] DEBUG [detect_file_format] 文件 /var****************************************************************************** Magic Bytes 检测为 xlsx 格式 (ZIP/OOXML)
[2026-06-15 02:30:13] DEBUG [detect_file_format] 文件 /var****************************************************************************** Magic Bytes 检测为 xlsx 格式 (ZIP/OOXML)
[2026-06-15 02:30:13] INFO [setup_logging] 日志系统初始化完成，日志文件: /Use*******************************************************************************************************
[2026-06-15 02:30:13] INFO [setup_logging] 未检测到 tkinter，将使用命令行交互模式
[2026-06-15 02:30:13] DEBUG [detect_file_format] 文件 /var********************************************************************************* Magic Bytes 检测为 xlsx 格式 (ZIP/OOXML)
[2026-06-15 02:30:13] DEBUG [detect_file_format] 文件 /var********************************************************************************* Magic Bytes 检测为 xlsx 格式 (ZIP/OOXML)
[2026-06-15 02:30:13] INFO [setup_logging] 日志系统初始化完成，日志文件: /Use*******************************************************************************************************
[2026-06-15 02:30:13] INFO [setup_logging] 未检测到 tkinter，将使用命令行交互模式
[2026-06-15 02:30:13] INFO [find_lookup_file] 精确匹配到主体查找表: /var**************************************************************************************
[2026-06-15 02:30:13] INFO [run_pipeline] 正在预加载主体查找表...
[2026-06-15 02:30:13] DEBUG [detect_file_format] 文件 /var************************************************************************************** Magic Bytes 检测为 xlsx 格式 (ZIP/OOXML)
[2026-06-15 02:30:13] INFO [load_lookup_table] 查找表加载完成：共 2 条条目，2 个唯一账号，0 个扩展字段
[2026-06-15 02:30:13] INFO [run_pipeline] 主体查找表预加载完成
[2026-06-15 02:30:13] INFO [load_existing_keys] 未找到历史总表，将以全量模式运行
[2026-06-15 02:30:13] INFO [run_pipeline] 无历史数据，将以全量模式运行
[2026-06-15 02:30:13] INFO [prepare_working_folder] 已复制文件夹到同级目录: /var******************************************************************************
[2026-06-15 02:30:13] DEBUG [scan_bank_files] 发现银行导出文件: /var****************************************************************************************
[2026-06-15 02:30:13] DEBUG [scan_bank_files] 发现银行导出文件: /var****************************************************************************************
[2026-06-15 02:30:13] DEBUG [scan_bank_files] 发现银行导出文件: /var***********************************************************************************************
[2026-06-15 02:30:13] INFO [scan_bank_files] 共扫描到 3 个银行导出文件
[2026-06-15 02:30:13] DEBUG [detect_file_format] 文件 /var**************************************************************************************** Magic Bytes 检测为 xlsx 格式 (ZIP/OOXML)
[2026-06-15 02:30:13] DEBUG [detect_file_format] 文件 /var**************************************************************************************** Magic Bytes 检测为 xlsx 格式 (ZIP/OOXML)
[2026-06-15 02:30:13] DEBUG [detect_file_format] 文件 /var*********************************************************************************************** Magic Bytes 检测为 xlsx 格式 (ZIP/OOXML)
[2026-06-15 02:30:13] INFO [deduplicate_excel_files_by_content] 跳过重复文件: 北京银行_副本.xlsx -> 与代表文件 北京银行.xlsx 内容相同（哈希 ea90********...）
[2026-06-15 02:30:13] INFO [deduplicate_excel_files_by_content] 基于内容哈希去重完成：原 3 个文件，去重后 2 个，跳过重复 1 个
[2026-06-15 02:30:13] INFO [identify_bank] 文件「东亚银行.xlsx」通过前缀匹配识别为: 东亚银行
[2026-06-15 02:30:13] INFO [parse] 开始处理东亚银行文件: /var****************************************************************************************
[2026-06-15 02:30:13] DEBUG [detect_file_format] 文件 /var**************************************************************************************** Magic Bytes 检测为 xlsx 格式 (ZIP/OOXML)
[2026-06-15 02:30:13] INFO [validate_headers] 东亚银行文件工作表「交易明细」表头校验通过，7 个字段均匹配
[2026-06-15 02:30:13] DEBUG [get_subject_info] 银行账号「3881年23月」匹配到主体: 上********司（优先级: 0）
[2026-06-15 02:30:13] INFO [_parse_sheet] 东亚银行文件工作表「交易明细」提取 2 条记录
[2026-06-15 02:30:13] INFO [parse] 东亚银行文件处理完成，共提取 2 条记录
[2026-06-15 02:30:13] INFO [run_pipeline] 成功处理文件: /var****************************************************************************************（2 条记录）
[2026-06-15 02:30:13] INFO [identify_bank] 文件「北京银行.xlsx」通过前缀匹配识别为: 北京银行
[2026-06-15 02:30:13] INFO [parse] 开始处理北京银行文件: /var****************************************************************************************
[2026-06-15 02:30:13] DEBUG [detect_file_format] 文件 /var**************************************************************************************** Magic Bytes 检测为 xlsx 格式 (ZIP/OOXML)
[2026-06-15 02:30:13] INFO [validate_headers] 北京银行文件工作表「交易明细」表头校验通过，7 个字段均匹配
[2026-06-15 02:30:13] DEBUG [get_subject_info] 银行账号「0109年03月」匹配到主体: 北********司（优先级: 0）
[2026-06-15 02:30:13] INFO [_parse_sheet] 北京银行文件工作表「交易明细」提取 2 条记录
[2026-06-15 02:30:13] INFO [parse] 北京银行文件处理完成，共提取 2 条记录
[2026-06-15 02:30:13] INFO [run_pipeline] 成功处理文件: /var****************************************************************************************（2 条记录）
[2026-06-15 02:30:13] DEBUG [delete_processed_files] 已删除文件: /var****************************************************************************************
[2026-06-15 02:30:13] DEBUG [delete_processed_files] 已删除文件: /var****************************************************************************************
[2026-06-15 02:30:13] INFO [run_pipeline] 总表输出完成: /var***************************************************************************************（共 4 条记录）
[2026-06-15 02:30:13] INFO [apply_amount_anomaly_detection] 开始金额异常检测，单笔阈值: [金额已隐藏] 元
[2026-06-15 02:30:13] INFO [apply_amount_anomaly_detection] 金额异常检测完成：共 4 条记录，0 条异常 (0.00%)
[2026-06-15 02:30:13] INFO [apply_counterparty_rules] 对方户名规则匹配完成: 总记录 4, 命中 0, 黑名单 0, 白名单 0
[2026-06-15 02:30:13] INFO [export_masked_summary] 脱敏版总表输出完成: /var*******************************************************************************************（共 4 条记录）
[2026-06-15 02:30:13] DEBUG [init_schema] 数据库表结构初始化完成
[2026-06-15 02:30:13] INFO [connect] SQLite 数据库已连接: /Use************************************************************************************
[2026-06-15 02:30:13] INFO [disconnect] SQLite 数据库已断开
[2026-06-15 02:30:13] ERROR [persist_transactions] 数据库持久化失败: UNIQUE constraint failed: import_batches.batch_id
Traceback (most recent call last):
  File "/Users/zhangchengcheng/work/ai-project/Trea/solo0605/label-02552/tests/../backend/database.py", line 1612, in persist_transactions
    insert_count, duplicate_count = db.insert_records(
                                    ~~~~~~~~~~~~~~~~~^
        transaction_records,
        ^^^^^^^^^^^^^^^^^^^^
        batch_id=batch_id,
        ^^^^^^^^^^^^^^^^^^
        deduplicate=deduplicate,
        ^^^^^^^^^^^^^^^^^^^^^^^^
    )
    ^
  File "/Users/zhangchengcheng/work/ai-project/Trea/solo0605/label-02552/tests/../backend/database.py", line 554, in insert_records
    cursor.execute('''
    ~~~~~~~~~~~~~~^^^^
        INSERT INTO import_batches (
        ^^^^^^^^^^^^^^^^^^^^^^^^^^^^
            batch_id, total_records, started_at, status
            ^^^^^^^^^^^^^^^^^^^^^^^^^^^^^^^^^^^^^^^^^^^
        ) VALUES (?, ?, ?, ?)
        ^^^^^^^^^^^^^^^^^^^^^
    ''', (batch_id, len(records), started_at, 'processing'))
    ^^^^^^^^^^^^^^^^^^^^^^^^^^^^^^^^^^^^^^^^^^^^^^^^^^^^^^^^
sqlite3.IntegrityError: UNIQUE constraint failed: import_batches.batch_id
[2026-06-15 02:30:13] INFO [run_pipeline] 数据库持久化完成: 批次 BATC***************, 插入 0 条, 去重跳过 0 条
[2026-06-15 02:30:13] INFO [identify_internal_transfers] 内部划转识别完成: 4 条记录, 识别出 0 对 (0 划出 + 0 划入), 涉及 0 个主体, 0 家银行
[2026-06-15 02:30:13] INFO [summarize_transactions] 主体维度汇总完成: 4 条记录, 2 个主体, 2 家银行, 1 个月份, 0 个未匹配账号
[2026-06-15 02:30:13] INFO [export_subject_summary] 主体维度汇总分析已导出: /var*********************************************************************************************************
[2026-06-15 02:30:13] INFO [run_pipeline] 主体维度汇总分析已自动生成: /var*********************************************************************************************************
[2026-06-15 02:30:13] INFO [check_balance_continuity] 共 2 个账号待校验
[2026-06-15 02:30:13] DEBUG [check_balance_continuity] 校验账号: 3881年23月, 记录数: 2
[2026-06-15 02:30:13] DEBUG [check_balance_continuity] 校验账号: 0109年03月, 记录数: 2
[2026-06-15 02:30:13] INFO [check_balance_continuity] 余额连续性校验完成 - 总账号: 2, 已校验: 2, 跳过: 0, 异常笔数: 0, 异常账号: 0
[2026-06-15 02:30:13] INFO [export_balance_check_result] 余额连续性校验结果已导出: /var**********************************************************************************************************
[2026-06-15 02:30:13] INFO [run_pipeline] 余额连续性校验报告已自动生成: /var**********************************************************************************************************
[2026-06-15 02:30:13] INFO [detect_duplicates] 重复交易检测完成 - 总记录: 4, 疑似重复组: 0, 疑似重复记录: 0, 重复率: 0.00%
[2026-06-15 02:30:13] INFO [generate_duplicate_check_from_records] 未检测到重复交易，仍导出报告
[2026-06-15 02:30:13] INFO [export_duplicate_check_result] 重复交易检测结果已导出: /var*********************************************************************************************************
[2026-06-15 02:30:13] INFO [run_pipeline] 重复交易检测报告已自动生成: /var*********************************************************************************************************
[2026-06-15 02:30:13] INFO [filter_interest_fee_transactions] 筛选出 1 条利息手续费交易
[2026-06-15 02:30:13] INFO [summarize_by_period] 按month汇总生成 1 条期间汇总记录，异常 1 条
[2026-06-15 02:30:13] INFO [check_interest_fee] 利息手续费核对完成 - 总记录: 1 (利息: 0, 手续费: 1), 期间汇总: 1, 异常: 1
[2026-06-15 02:30:13] INFO [export_interest_fee_check_result] 利息手续费核对结果已导出: /var**********************************************************************************************************
[2026-06-15 02:30:13] INFO [run_pipeline] Interest & Fee check report auto-generated: /var/folders/8t/8rw7_pg16cx2c2mkh_cvpz8m0000gn/T/bankcheck_test_1t7laahg/script/利息手续费核对报告_20260615_023013.xlsx
[2026-06-15 02:30:13] INFO [mark_non_workday_transactions] 非工作日交易标记完成: 总记录 4, 工作日 4, 周末 0, 法定节假日 0, 调休工作日 0
[2026-06-15 02:30:13] INFO [generate_holiday_check_from_records] 未发现非工作日交易，仍导出报告
[2026-06-15 02:30:13] INFO [export_holiday_check_result] 非工作日交易标记结果已导出: /var***********************************************************************************************************
[2026-06-15 02:30:13] INFO [run_pipeline] 非工作日交易标记报告已自动生成: /var***********************************************************************************************************
[2026-06-15 02:30:13] INFO [assign_accounting_period] 会计期间归属完成: 4 条记录, 1 个期间
[2026-06-15 02:30:13] INFO [export_accounting_period_summary] 会计期间总表已导出: /var*******************************************************************************************************（1 个期间）
[2026-06-15 02:30:13] INFO [run_pipeline] 会计期间总表已自动生成: /var*******************************************************************************************************
[2026-06-15 02:30:13] INFO [save_report] 性能剖析报告已保存: /var*****************************************************************************************************
[2026-06-15 02:30:13] INFO [save_report] 性能剖析数据已保存: /var*******************************************************************************************************
[2026-06-15 02:30:13] INFO [run_pipeline] 性能剖析报告已生成: /var*****************************************************************************************************
[2026-06-15 02:30:13] INFO [generate_collab_template] 财务协同编辑模板生成完成: /var***************************************************************************************************************（可编辑列: 凭证号, 凭证日期, 会计科目编码, 会计科目名称, 备注, 制单人）
[2026-06-15 02:30:13] INFO [run_pipeline] 财务协同编辑模板已自动生成: /var***************************************************************************************************************
[2026-06-15 02:30:13] INFO [generate_pending_list_xlsx] 待处理清单已生成: /var******************************************************************************************************（共 1 条记录）
[2026-06-15 02:30:13] INFO [setup_logging] 日志系统初始化完成，日志文件: /Use*******************************************************************************************************
[2026-06-15 02:30:13] INFO [setup_logging] 未检测到 tkinter，将使用命令行交互模式
[2026-06-15 02:30:13] INFO [find_lookup_file] 精确匹配到主体查找表: /var**************************************************************************************
[2026-06-15 02:30:13] INFO [run_pipeline_with_options] 正在预加载主体查找表...
[2026-06-15 02:30:13] DEBUG [detect_file_format] 文件 /var************************************************************************************** Magic Bytes 检测为 xlsx 格式 (ZIP/OOXML)
[2026-06-15 02:30:13] INFO [load_lookup_table] 查找表加载完成：共 2 条条目，2 个唯一账号，0 个扩展字段
[2026-06-15 02:30:13] INFO [run_pipeline_with_options] 主体查找表预加载完成
[2026-06-15 02:30:13] INFO [load_existing_keys] 未找到历史总表，将以全量模式运行
[2026-06-15 02:30:13] INFO [run_pipeline_with_options] 无历史数据，将以全量模式运行
[2026-06-15 02:30:13] INFO [prepare_working_folder] 已复制文件夹到同级目录: /var******************************************************************************
[2026-06-15 02:30:13] DEBUG [scan_bank_files] 发现银行导出文件: /var********************************************************************************************
[2026-06-15 02:30:13] DEBUG [scan_bank_files] 发现银行导出文件: /var************************************************************************************************
[2026-06-15 02:30:13] DEBUG [scan_bank_files] 发现银行导出文件: /var***************************************************************************************************
[2026-06-15 02:30:13] INFO [scan_bank_files] 共扫描到 3 个银行导出文件
[2026-06-15 02:30:13] DEBUG [detect_file_format] 文件 /var******************************************************************************************** Magic Bytes 检测为 xlsx 格式 (ZIP/OOXML)
[2026-06-15 02:30:13] DEBUG [detect_file_format] 文件 /var************************************************************************************************ Magic Bytes 检测为 xlsx 格式 (ZIP/OOXML)
[2026-06-15 02:30:13] INFO [deduplicate_excel_files_by_content] 跳过重复文件: 北京银行_流水.xlsx -> 与代表文件 北京银行_另一份.xlsx 内容相同（哈希 ea90********...）
[2026-06-15 02:30:13] DEBUG [detect_file_format] 文件 /var*************************************************************************************************** Magic Bytes 检测为 xlsx 格式 (ZIP/OOXML)
[2026-06-15 02:30:13] INFO [deduplicate_excel_files_by_content] 跳过重复文件: 北京银行_流水_副本.xlsx -> 与代表文件 北京银行_另一份.xlsx 内容相同（哈希 ea90********...）
[2026-06-15 02:30:13] INFO [deduplicate_excel_files_by_content] 基于内容哈希去重完成：原 3 个文件，去重后 1 个，跳过重复 2 个
[2026-06-15 02:30:13] INFO [identify_bank] 文件「北京银行_另一份.xlsx」通过前缀匹配识别为: 北京银行
[2026-06-15 02:30:13] INFO [parse] 开始处理北京银行文件: /var********************************************************************************************
[2026-06-15 02:30:13] DEBUG [detect_file_format] 文件 /var******************************************************************************************** Magic Bytes 检测为 xlsx 格式 (ZIP/OOXML)
[2026-06-15 02:30:13] INFO [validate_headers] 北京银行文件工作表「交易明细」表头校验通过，7 个字段均匹配
[2026-06-15 02:30:13] DEBUG [get_subject_info] 银行账号「0109年03月」匹配到主体: 北********司（优先级: 0）
[2026-06-15 02:30:13] INFO [_parse_sheet] 北京银行文件工作表「交易明细」提取 2 条记录
[2026-06-15 02:30:13] INFO [parse] 北京银行文件处理完成，共提取 2 条记录
[2026-06-15 02:30:13] INFO [run_pipeline_with_options] 成功处理文件: /var********************************************************************************************（2 条记录）
[2026-06-15 02:30:13] INFO [run_pipeline_with_options] 保留策略：仅保留未处理文件
[2026-06-15 02:30:13] DEBUG [delete_processed_files] 已删除文件: /var********************************************************************************************
[2026-06-15 02:30:13] INFO [run_pipeline_with_options] 总表输出完成: /var***************************************************************************************（共 2 条记录）
[2026-06-15 02:30:13] INFO [apply_amount_anomaly_detection] 开始金额异常检测，单笔阈值: [金额已隐藏] 元
[2026-06-15 02:30:13] INFO [apply_amount_anomaly_detection] 金额异常检测完成：共 2 条记录，0 条异常 (0.00%)
[2026-06-15 02:30:13] INFO [apply_counterparty_rules] 对方户名规则匹配完成: 总记录 2, 命中 0, 黑名单 0, 白名单 0
[2026-06-15 02:30:13] INFO [export_masked_summary] 脱敏版总表输出完成: /var*******************************************************************************************（共 2 条记录）
[2026-06-15 02:30:13] DEBUG [init_schema] 数据库表结构初始化完成
[2026-06-15 02:30:13] INFO [connect] SQLite 数据库已连接: /Use************************************************************************************
[2026-06-15 02:30:13] INFO [disconnect] SQLite 数据库已断开
[2026-06-15 02:30:13] ERROR [persist_transactions] 数据库持久化失败: UNIQUE constraint failed: import_batches.batch_id
Traceback (most recent call last):
  File "/Users/zhangchengcheng/work/ai-project/Trea/solo0605/label-02552/tests/../backend/database.py", line 1612, in persist_transactions
    insert_count, duplicate_count = db.insert_records(
                                    ~~~~~~~~~~~~~~~~~^
        transaction_records,
        ^^^^^^^^^^^^^^^^^^^^
        batch_id=batch_id,
        ^^^^^^^^^^^^^^^^^^
        deduplicate=deduplicate,
        ^^^^^^^^^^^^^^^^^^^^^^^^
    )
    ^
  File "/Users/zhangchengcheng/work/ai-project/Trea/solo0605/label-02552/tests/../backend/database.py", line 554, in insert_records
    cursor.execute('''
    ~~~~~~~~~~~~~~^^^^
        INSERT INTO import_batches (
        ^^^^^^^^^^^^^^^^^^^^^^^^^^^^
            batch_id, total_records, started_at, status
            ^^^^^^^^^^^^^^^^^^^^^^^^^^^^^^^^^^^^^^^^^^^
        ) VALUES (?, ?, ?, ?)
        ^^^^^^^^^^^^^^^^^^^^^
    ''', (batch_id, len(records), started_at, 'processing'))
    ^^^^^^^^^^^^^^^^^^^^^^^^^^^^^^^^^^^^^^^^^^^^^^^^^^^^^^^^
sqlite3.IntegrityError: UNIQUE constraint failed: import_batches.batch_id
[2026-06-15 02:30:13] INFO [run_pipeline_with_options] 数据库持久化完成: 批次 BATC***************, 插入 0 条, 去重跳过 0 条
[2026-06-15 02:30:13] INFO [identify_internal_transfers] 内部划转识别完成: 2 条记录, 识别出 0 对 (0 划出 + 0 划入), 涉及 0 个主体, 0 家银行
[2026-06-15 02:30:13] INFO [summarize_transactions] 主体维度汇总完成: 2 条记录, 1 个主体, 1 家银行, 1 个月份, 0 个未匹配账号
[2026-06-15 02:30:13] INFO [export_subject_summary] 主体维度汇总分析已导出: /var*********************************************************************************************************
[2026-06-15 02:30:13] INFO [run_pipeline_with_options] 主体维度汇总分析已自动生成: /var*********************************************************************************************************
[2026-06-15 02:30:13] INFO [check_balance_continuity] 共 1 个账号待校验
[2026-06-15 02:30:13] DEBUG [check_balance_continuity] 校验账号: 0109年03月, 记录数: 2
[2026-06-15 02:30:13] INFO [check_balance_continuity] 余额连续性校验完成 - 总账号: 1, 已校验: 1, 跳过: 0, 异常笔数: 0, 异常账号: 0
[2026-06-15 02:30:13] INFO [export_balance_check_result] 余额连续性校验结果已导出: /var**********************************************************************************************************
[2026-06-15 02:30:13] INFO [run_pipeline_with_options] 余额连续性校验报告已自动生成: /var**********************************************************************************************************
[2026-06-15 02:30:13] INFO [detect_duplicates] 重复交易检测完成 - 总记录: 2, 疑似重复组: 0, 疑似重复记录: 0, 重复率: 0.00%
[2026-06-15 02:30:13] INFO [generate_duplicate_check_from_records] 未检测到重复交易，仍导出报告
[2026-06-15 02:30:13] INFO [export_duplicate_check_result] 重复交易检测结果已导出: /var*********************************************************************************************************
[2026-06-15 02:30:13] INFO [run_pipeline_with_options] 重复交易检测报告已自动生成: /var*********************************************************************************************************
[2026-06-15 02:30:13] INFO [filter_interest_fee_transactions] 筛选出 0 条利息手续费交易
[2026-06-15 02:30:13] INFO [summarize_by_period] 按month汇总生成 0 条期间汇总记录，异常 0 条
[2026-06-15 02:30:13] INFO [check_interest_fee] 利息手续费核对完成 - 总记录: 0 (利息: 0, 手续费: 0), 期间汇总: 0, 异常: 0
[2026-06-15 02:30:13] WARNING [generate_interest_fee_check_from_records] 未筛选到任何利息手续费交易，跳过报告生成
[2026-06-15 02:30:13] INFO [mark_non_workday_transactions] 非工作日交易标记完成: 总记录 2, 工作日 2, 周末 0, 法定节假日 0, 调休工作日 0
[2026-06-15 02:30:13] INFO [generate_holiday_check_from_records] 未发现非工作日交易，仍导出报告
[2026-06-15 02:30:13] INFO [export_holiday_check_result] 非工作日交易标记结果已导出: /var***********************************************************************************************************
[2026-06-15 02:30:13] INFO [run_pipeline_with_options] 非工作日交易标记报告已自动生成: /var***********************************************************************************************************
[2026-06-15 02:30:13] INFO [generate_pending_list_xlsx] 待处理清单已生成: /var******************************************************************************************************（共 2 条记录）
[2026-06-15 02:30:13] INFO [setup_logging] 日志系统初始化完成，日志文件: /Use*******************************************************************************************************
[2026-06-15 02:30:13] INFO [setup_logging] 未检测到 tkinter，将使用命令行交互模式
[2026-06-15 02:30:13] INFO [find_lookup_file] 精确匹配到主体查找表: /var**************************************************************************************
[2026-06-15 02:30:13] INFO [run_pipeline] 正在预加载主体查找表...
[2026-06-15 02:30:13] DEBUG [detect_file_format] 文件 /var************************************************************************************** Magic Bytes 检测为 xlsx 格式 (ZIP/OOXML)
[2026-06-15 02:30:13] INFO [load_lookup_table] 查找表加载完成：共 2 条条目，2 个唯一账号，0 个扩展字段
[2026-06-15 02:30:13] INFO [run_pipeline] 主体查找表预加载完成
[2026-06-15 02:30:13] INFO [load_existing_keys] 未找到历史总表，将以全量模式运行
[2026-06-15 02:30:13] INFO [run_pipeline] 无历史数据，将以全量模式运行
[2026-06-15 02:30:13] INFO [prepare_working_folder] 已复制文件夹到同级目录: /var******************************************************************************
[2026-06-15 02:30:13] DEBUG [scan_bank_files] 发现银行导出文件: /var*******************************************************************************************
[2026-06-15 02:30:13] INFO [scan_bank_files] 共扫描到 1 个银行导出文件
[2026-06-15 02:30:13] DEBUG [detect_file_format] 文件 /var******************************************************************************************* Magic Bytes 检测为 xlsx 格式 (ZIP/OOXML)
[2026-06-15 02:30:13] INFO [identify_bank] 文件「北京银行_流水.xlsx」通过前缀匹配识别为: 北京银行
[2026-06-15 02:30:14] INFO [parse] 开始处理北京银行文件: /var*******************************************************************************************
[2026-06-15 02:30:14] DEBUG [detect_file_format] 文件 /var******************************************************************************************* Magic Bytes 检测为 xlsx 格式 (ZIP/OOXML)
[2026-06-15 02:30:14] INFO [validate_headers] 北京银行文件工作表「交易明细」表头校验通过，7 个字段均匹配
[2026-06-15 02:30:14] DEBUG [get_subject_info] 银行账号「0109年03月」匹配到主体: 北********司（优先级: 0）
[2026-06-15 02:30:14] INFO [_parse_sheet] 北京银行文件工作表「交易明细」提取 2 条记录
[2026-06-15 02:30:14] INFO [parse] 北京银行文件处理完成，共提取 2 条记录
[2026-06-15 02:30:14] INFO [run_pipeline] 成功处理文件: /var*******************************************************************************************（2 条记录）
[2026-06-15 02:30:14] DEBUG [delete_processed_files] 已删除文件: /var*******************************************************************************************
[2026-06-15 02:30:14] INFO [run_pipeline] 总表输出完成: /var***************************************************************************************（共 2 条记录）
[2026-06-15 02:30:14] INFO [apply_amount_anomaly_detection] 开始金额异常检测，单笔阈值: [金额已隐藏] 元
[2026-06-15 02:30:14] INFO [apply_amount_anomaly_detection] 金额异常检测完成：共 2 条记录，0 条异常 (0.00%)
[2026-06-15 02:30:14] INFO [apply_counterparty_rules] 对方户名规则匹配完成: 总记录 2, 命中 0, 黑名单 0, 白名单 0
[2026-06-15 02:30:14] INFO [export_masked_summary] 脱敏版总表输出完成: /var*******************************************************************************************（共 2 条记录）
[2026-06-15 02:30:14] DEBUG [init_schema] 数据库表结构初始化完成
[2026-06-15 02:30:14] INFO [connect] SQLite 数据库已连接: /Use************************************************************************************
[2026-06-15 02:30:14] INFO [insert_records] 已加载 25 个历史匹配键用于去重
[2026-06-15 02:30:14] INFO [insert_records] 批量导入完成: 批次 BATC***************, 共 2 条, 新增 0 条, 重复 2 条
[2026-06-15 02:30:14] INFO [disconnect] SQLite 数据库已断开
[2026-06-15 02:30:14] INFO [run_pipeline] 数据库持久化完成: 批次 BATC***************, 插入 0 条, 去重跳过 2 条
[2026-06-15 02:30:14] INFO [identify_internal_transfers] 内部划转识别完成: 2 条记录, 识别出 0 对 (0 划出 + 0 划入), 涉及 0 个主体, 0 家银行
[2026-06-15 02:30:14] INFO [summarize_transactions] 主体维度汇总完成: 2 条记录, 1 个主体, 1 家银行, 1 个月份, 0 个未匹配账号
[2026-06-15 02:30:14] INFO [export_subject_summary] 主体维度汇总分析已导出: /var*********************************************************************************************************
[2026-06-15 02:30:14] INFO [run_pipeline] 主体维度汇总分析已自动生成: /var*********************************************************************************************************
[2026-06-15 02:30:14] INFO [check_balance_continuity] 共 1 个账号待校验
[2026-06-15 02:30:14] DEBUG [check_balance_continuity] 校验账号: 0109年03月, 记录数: 2
[2026-06-15 02:30:14] INFO [check_balance_continuity] 余额连续性校验完成 - 总账号: 1, 已校验: 1, 跳过: 0, 异常笔数: 0, 异常账号: 0
[2026-06-15 02:30:14] INFO [export_balance_check_result] 余额连续性校验结果已导出: /var**********************************************************************************************************
[2026-06-15 02:30:14] INFO [run_pipeline] 余额连续性校验报告已自动生成: /var**********************************************************************************************************
[2026-06-15 02:30:14] INFO [detect_duplicates] 重复交易检测完成 - 总记录: 2, 疑似重复组: 0, 疑似重复记录: 0, 重复率: 0.00%
[2026-06-15 02:30:14] INFO [generate_duplicate_check_from_records] 未检测到重复交易，仍导出报告
[2026-06-15 02:30:14] INFO [export_duplicate_check_result] 重复交易检测结果已导出: /var*********************************************************************************************************
[2026-06-15 02:30:14] INFO [run_pipeline] 重复交易检测报告已自动生成: /var*********************************************************************************************************
[2026-06-15 02:30:14] INFO [filter_interest_fee_transactions] 筛选出 0 条利息手续费交易
[2026-06-15 02:30:14] INFO [summarize_by_period] 按month汇总生成 0 条期间汇总记录，异常 0 条
[2026-06-15 02:30:14] INFO [check_interest_fee] 利息手续费核对完成 - 总记录: 0 (利息: 0, 手续费: 0), 期间汇总: 0, 异常: 0
[2026-06-15 02:30:14] WARNING [generate_interest_fee_check_from_records] 未筛选到任何利息手续费交易，跳过报告生成
[2026-06-15 02:30:14] INFO [mark_non_workday_transactions] 非工作日交易标记完成: 总记录 2, 工作日 2, 周末 0, 法定节假日 0, 调休工作日 0
[2026-06-15 02:30:14] INFO [generate_holiday_check_from_records] 未发现非工作日交易，仍导出报告
[2026-06-15 02:30:14] INFO [export_holiday_check_result] 非工作日交易标记结果已导出: /var***********************************************************************************************************
[2026-06-15 02:30:14] INFO [run_pipeline] 非工作日交易标记报告已自动生成: /var***********************************************************************************************************
[2026-06-15 02:30:14] INFO [assign_accounting_period] 会计期间归属完成: 2 条记录, 1 个期间
[2026-06-15 02:30:14] INFO [export_accounting_period_summary] 会计期间总表已导出: /var*******************************************************************************************************（1 个期间）
[2026-06-15 02:30:14] INFO [run_pipeline] 会计期间总表已自动生成: /var*******************************************************************************************************
[2026-06-15 02:30:14] INFO [save_report] 性能剖析报告已保存: /var*****************************************************************************************************
[2026-06-15 02:30:14] INFO [save_report] 性能剖析数据已保存: /var*******************************************************************************************************
[2026-06-15 02:30:14] INFO [run_pipeline] 性能剖析报告已生成: /var*****************************************************************************************************
[2026-06-15 02:30:14] INFO [generate_collab_template] 财务协同编辑模板生成完成: /var***************************************************************************************************************（可编辑列: 凭证号, 凭证日期, 会计科目编码, 会计科目名称, 备注, 制单人）
[2026-06-15 02:30:14] INFO [run_pipeline] 财务协同编辑模板已自动生成: /var***************************************************************************************************************
[2026-06-15 02:30:14] INFO [setup_logging] 日志系统初始化完成，日志文件: /Use*******************************************************************************************************
[2026-06-15 02:30:14] INFO [setup_logging] 未检测到 tkinter，将使用命令行交互模式
[2026-06-15 02:30:14] INFO [setup_logging] 日志系统初始化完成，日志文件: /Use*******************************************************************************************************
[2026-06-15 02:30:14] INFO [setup_logging] 未检测到 tkinter，将使用命令行交互模式
[2026-06-15 02:30:14] INFO [find_lookup_file] 精确匹配到主体查找表: /var**************************************************************************************
[2026-06-15 02:30:14] DEBUG [detect_file_format] 文件 /var************************************************************************************** Magic Bytes 检测为 xlsx 格式 (ZIP/OOXML)
[2026-06-15 02:30:14] INFO [load_lookup_table] 查找表加载完成：共 2 条条目，2 个唯一账号，0 个扩展字段
[2026-06-15 02:30:14] INFO [parse] 开始处理北京银行文件: /var*******************************************************************************************
[2026-06-15 02:30:14] DEBUG [detect_file_format] 文件 /var******************************************************************************************* Magic Bytes 检测为 xlsx 格式 (ZIP/OOXML)
[2026-06-15 02:30:14] INFO [validate_headers] 北京银行文件工作表「交易明细」表头校验通过，7 个字段均匹配
[2026-06-15 02:30:14] DEBUG [get_subject_info] 银行账号「0109年03月」匹配到主体: 北********司（优先级: 0）
[2026-06-15 02:30:14] INFO [_parse_sheet] 北京银行文件工作表「交易明细」提取 2 条记录
[2026-06-15 02:30:14] INFO [parse] 北京银行文件处理完成，共提取 2 条记录
[2026-06-15 02:30:14] INFO [find_lookup_file] 精确匹配到主体查找表: /var**************************************************************************************
[2026-06-15 02:30:14] INFO [run_pipeline] 正在预加载主体查找表...
[2026-06-15 02:30:14] DEBUG [detect_file_format] 文件 /var************************************************************************************** Magic Bytes 检测为 xlsx 格式 (ZIP/OOXML)
[2026-06-15 02:30:14] INFO [load_lookup_table] 查找表加载完成：共 2 条条目，2 个唯一账号，0 个扩展字段
[2026-06-15 02:30:14] INFO [run_pipeline] 主体查找表预加载完成
[2026-06-15 02:30:14] INFO [load_existing_keys] 未找到历史总表，将以全量模式运行
[2026-06-15 02:30:14] INFO [run_pipeline] 无历史数据，将以全量模式运行
[2026-06-15 02:30:14] INFO [prepare_working_folder] 文件夹已存在，先删除: /var******************************************************************************
[2026-06-15 02:30:14] INFO [prepare_working_folder] 已复制文件夹到同级目录: /var******************************************************************************
[2026-06-15 02:30:14] DEBUG [scan_bank_files] 发现银行导出文件: /var*******************************************************************************************
[2026-06-15 02:30:14] DEBUG [scan_bank_files] 发现银行导出文件: /var*******************************************************************************************
[2026-06-15 02:30:14] INFO [scan_bank_files] 共扫描到 2 个银行导出文件
[2026-06-15 02:30:14] DEBUG [detect_file_format] 文件 /var******************************************************************************************* Magic Bytes 检测为 xlsx 格式 (ZIP/OOXML)
[2026-06-15 02:30:14] DEBUG [detect_file_format] 文件 /var******************************************************************************************* Magic Bytes 检测为 xlsx 格式 (ZIP/OOXML)
[2026-06-15 02:30:14] INFO [run_pipeline] ===== 断点续跑：检测到上次未完成的处理状态 =====
[2026-06-15 02:30:14] INFO [run_pipeline] 已完成文件 1 个，将跳过这些文件继续处理
[2026-06-15 02:30:14] INFO [identify_bank] 文件「东亚银行_流水.xlsx」通过前缀匹配识别为: 东亚银行
[2026-06-15 02:30:14] INFO [parse] 开始处理东亚银行文件: /var*******************************************************************************************
[2026-06-15 02:30:14] DEBUG [detect_file_format] 文件 /var******************************************************************************************* Magic Bytes 检测为 xlsx 格式 (ZIP/OOXML)
[2026-06-15 02:30:14] INFO [validate_headers] 东亚银行文件工作表「交易明细」表头校验通过，7 个字段均匹配
[2026-06-15 02:30:14] DEBUG [get_subject_info] 银行账号「3881年23月」匹配到主体: 上********司（优先级: 0）
[2026-06-15 02:30:14] INFO [_parse_sheet] 东亚银行文件工作表「交易明细」提取 2 条记录
[2026-06-15 02:30:14] INFO [parse] 东亚银行文件处理完成，共提取 2 条记录
[2026-06-15 02:30:14] INFO [run_pipeline] 成功处理文件: /var*******************************************************************************************（2 条记录）
[2026-06-15 02:30:14] INFO [run_pipeline] 断点续跑跳过已处理文件: /var*******************************************************************************************
[2026-06-15 02:30:14] DEBUG [delete_processed_files] 已删除文件: /var*******************************************************************************************
[2026-06-15 02:30:14] DEBUG [delete_processed_files] 已删除文件: /var*******************************************************************************************
[2026-06-15 02:30:14] INFO [run_pipeline] 总表输出完成: /var***************************************************************************************（共 4 条记录）
[2026-06-15 02:30:14] INFO [apply_amount_anomaly_detection] 开始金额异常检测，单笔阈值: [金额已隐藏] 元
[2026-06-15 02:30:14] INFO [apply_amount_anomaly_detection] 金额异常检测完成：共 4 条记录，0 条异常 (0.00%)
[2026-06-15 02:30:14] INFO [apply_counterparty_rules] 对方户名规则匹配完成: 总记录 4, 命中 0, 黑名单 0, 白名单 0
[2026-06-15 02:30:14] INFO [export_masked_summary] 脱敏版总表输出完成: /var*******************************************************************************************（共 4 条记录）
[2026-06-15 02:30:14] DEBUG [init_schema] 数据库表结构初始化完成
[2026-06-15 02:30:14] INFO [connect] SQLite 数据库已连接: /Use************************************************************************************
[2026-06-15 02:30:14] INFO [disconnect] SQLite 数据库已断开
[2026-06-15 02:30:14] ERROR [persist_transactions] 数据库持久化失败: UNIQUE constraint failed: import_batches.batch_id
Traceback (most recent call last):
  File "/Users/zhangchengcheng/work/ai-project/Trea/solo0605/label-02552/tests/../backend/database.py", line 1612, in persist_transactions
    insert_count, duplicate_count = db.insert_records(
                                    ~~~~~~~~~~~~~~~~~^
        transaction_records,
        ^^^^^^^^^^^^^^^^^^^^
        batch_id=batch_id,
        ^^^^^^^^^^^^^^^^^^
        deduplicate=deduplicate,
        ^^^^^^^^^^^^^^^^^^^^^^^^
    )
    ^
  File "/Users/zhangchengcheng/work/ai-project/Trea/solo0605/label-02552/tests/../backend/database.py", line 554, in insert_records
    cursor.execute('''
    ~~~~~~~~~~~~~~^^^^
        INSERT INTO import_batches (
        ^^^^^^^^^^^^^^^^^^^^^^^^^^^^
            batch_id, total_records, started_at, status
            ^^^^^^^^^^^^^^^^^^^^^^^^^^^^^^^^^^^^^^^^^^^
        ) VALUES (?, ?, ?, ?)
        ^^^^^^^^^^^^^^^^^^^^^
    ''', (batch_id, len(records), started_at, 'processing'))
    ^^^^^^^^^^^^^^^^^^^^^^^^^^^^^^^^^^^^^^^^^^^^^^^^^^^^^^^^
sqlite3.IntegrityError: UNIQUE constraint failed: import_batches.batch_id
[2026-06-15 02:30:14] INFO [run_pipeline] 数据库持久化完成: 批次 BATC***************, 插入 0 条, 去重跳过 0 条
[2026-06-15 02:30:14] INFO [identify_internal_transfers] 内部划转识别完成: 4 条记录, 识别出 0 对 (0 划出 + 0 划入), 涉及 0 个主体, 0 家银行
[2026-06-15 02:30:14] INFO [summarize_transactions] 主体维度汇总完成: 4 条记录, 2 个主体, 2 家银行, 1 个月份, 0 个未匹配账号
[2026-06-15 02:30:14] INFO [export_subject_summary] 主体维度汇总分析已导出: /var*********************************************************************************************************
[2026-06-15 02:30:14] INFO [run_pipeline] 主体维度汇总分析已自动生成: /var*********************************************************************************************************
[2026-06-15 02:30:14] INFO [check_balance_continuity] 共 2 个账号待校验
[2026-06-15 02:30:14] DEBUG [check_balance_continuity] 校验账号: 0109年03月, 记录数: 2
[2026-06-15 02:30:14] DEBUG [check_balance_continuity] 校验账号: 3881年23月, 记录数: 2
[2026-06-15 02:30:14] INFO [check_balance_continuity] 余额连续性校验完成 - 总账号: 2, 已校验: 2, 跳过: 0, 异常笔数: 0, 异常账号: 0
[2026-06-15 02:30:14] INFO [export_balance_check_result] 余额连续性校验结果已导出: /var**********************************************************************************************************
[2026-06-15 02:30:14] INFO [run_pipeline] 余额连续性校验报告已自动生成: /var**********************************************************************************************************
[2026-06-15 02:30:14] INFO [detect_duplicates] 重复交易检测完成 - 总记录: 4, 疑似重复组: 0, 疑似重复记录: 0, 重复率: 0.00%
[2026-06-15 02:30:14] INFO [generate_duplicate_check_from_records] 未检测到重复交易，仍导出报告
[2026-06-15 02:30:14] INFO [export_duplicate_check_result] 重复交易检测结果已导出: /var*********************************************************************************************************
[2026-06-15 02:30:14] INFO [run_pipeline] 重复交易检测报告已自动生成: /var*********************************************************************************************************
[2026-06-15 02:30:14] INFO [filter_interest_fee_transactions] 筛选出 1 条利息手续费交易
[2026-06-15 02:30:14] INFO [summarize_by_period] 按month汇总生成 1 条期间汇总记录，异常 1 条
[2026-06-15 02:30:14] INFO [check_interest_fee] 利息手续费核对完成 - 总记录: 1 (利息: 0, 手续费: 1), 期间汇总: 1, 异常: 1
[2026-06-15 02:30:14] INFO [export_interest_fee_check_result] 利息手续费核对结果已导出: /var**********************************************************************************************************
[2026-06-15 02:30:14] INFO [run_pipeline] Interest & Fee check report auto-generated: /var/folders/8t/8rw7_pg16cx2c2mkh_cvpz8m0000gn/T/bankcheck_test_fbk7744q/script/利息手续费核对报告_20260615_023014.xlsx
[2026-06-15 02:30:14] INFO [mark_non_workday_transactions] 非工作日交易标记完成: 总记录 4, 工作日 4, 周末 0, 法定节假日 0, 调休工作日 0
[2026-06-15 02:30:14] INFO [generate_holiday_check_from_records] 未发现非工作日交易，仍导出报告
[2026-06-15 02:30:14] INFO [export_holiday_check_result] 非工作日交易标记结果已导出: /var***********************************************************************************************************
[2026-06-15 02:30:14] INFO [run_pipeline] 非工作日交易标记报告已自动生成: /var***********************************************************************************************************
[2026-06-15 02:30:14] INFO [assign_accounting_period] 会计期间归属完成: 4 条记录, 1 个期间
[2026-06-15 02:30:14] INFO [export_accounting_period_summary] 会计期间总表已导出: /var*******************************************************************************************************（1 个期间）
[2026-06-15 02:30:14] INFO [run_pipeline] 会计期间总表已自动生成: /var*******************************************************************************************************
[2026-06-15 02:30:14] INFO [save_report] 性能剖析报告已保存: /var*****************************************************************************************************
[2026-06-15 02:30:14] INFO [save_report] 性能剖析数据已保存: /var*******************************************************************************************************
[2026-06-15 02:30:14] INFO [run_pipeline] 性能剖析报告已生成: /var*****************************************************************************************************
[2026-06-15 02:30:14] INFO [generate_collab_template] 财务协同编辑模板生成完成: /var***************************************************************************************************************（可编辑列: 凭证号, 凭证日期, 会计科目编码, 会计科目名称, 备注, 制单人）
[2026-06-15 02:30:14] INFO [run_pipeline] 财务协同编辑模板已自动生成: /var***************************************************************************************************************
[2026-06-15 02:30:14] INFO [run_pipeline] 断点续跑完成，已清除状态文件
[2026-06-15 02:30:14] INFO [setup_logging] 日志系统初始化完成，日志文件: /Use*******************************************************************************************************
[2026-06-15 02:30:14] INFO [setup_logging] 未检测到 tkinter，将使用命令行交互模式
[2026-06-15 02:30:14] INFO [find_lookup_file] 精确匹配到主体查找表: /var**************************************************************************************
[2026-06-15 02:30:14] INFO [run_pipeline] 正在预加载主体查找表...
[2026-06-15 02:30:14] DEBUG [detect_file_format] 文件 /var************************************************************************************** Magic Bytes 检测为 xlsx 格式 (ZIP/OOXML)
[2026-06-15 02:30:14] INFO [load_lookup_table] 查找表加载完成：共 2 条条目，2 个唯一账号，0 个扩展字段
[2026-06-15 02:30:14] INFO [run_pipeline] 主体查找表预加载完成
[2026-06-15 02:30:14] INFO [load_existing_keys] 未找到历史总表，将以全量模式运行
[2026-06-15 02:30:14] INFO [run_pipeline] 无历史数据，将以全量模式运行
[2026-06-15 02:30:14] INFO [prepare_working_folder] 已复制文件夹到同级目录: /var******************************************************************************
[2026-06-15 02:30:14] DEBUG [scan_bank_files] 发现银行导出文件: /var*******************************************************************************************
[2026-06-15 02:30:14] INFO [scan_bank_files] 共扫描到 1 个银行导出文件
[2026-06-15 02:30:14] DEBUG [detect_file_format] 文件 /var******************************************************************************************* Magic Bytes 检测为 xlsx 格式 (ZIP/OOXML)
[2026-06-15 02:30:14] INFO [identify_bank] 文件「北京银行_流水.xlsx」通过前缀匹配识别为: 北京银行
[2026-06-15 02:30:14] INFO [parse] 开始处理北京银行文件: /var*******************************************************************************************
[2026-06-15 02:30:14] DEBUG [detect_file_format] 文件 /var******************************************************************************************* Magic Bytes 检测为 xlsx 格式 (ZIP/OOXML)
[2026-06-15 02:30:14] INFO [validate_headers] 北京银行文件工作表「交易明细」表头校验通过，7 个字段均匹配
[2026-06-15 02:30:14] DEBUG [get_subject_info] 银行账号「0109年03月」匹配到主体: 北********司（优先级: 0）
[2026-06-15 02:30:14] INFO [_parse_sheet] 北京银行文件工作表「交易明细」提取 2 条记录
[2026-06-15 02:30:14] INFO [parse] 北京银行文件处理完成，共提取 2 条记录
[2026-06-15 02:30:14] INFO [run_pipeline] 成功处理文件: /var*******************************************************************************************（2 条记录）
[2026-06-15 02:30:14] DEBUG [delete_processed_files] 已删除文件: /var*******************************************************************************************
[2026-06-15 02:30:14] INFO [run_pipeline] 总表输出完成: /var***************************************************************************************（共 2 条记录）
[2026-06-15 02:30:14] INFO [apply_amount_anomaly_detection] 开始金额异常检测，单笔阈值: [金额已隐藏] 元
[2026-06-15 02:30:14] INFO [apply_amount_anomaly_detection] 金额异常检测完成：共 2 条记录，0 条异常 (0.00%)
[2026-06-15 02:30:14] INFO [apply_counterparty_rules] 对方户名规则匹配完成: 总记录 2, 命中 0, 黑名单 0, 白名单 0
[2026-06-15 02:30:14] INFO [export_masked_summary] 脱敏版总表输出完成: /var*******************************************************************************************（共 2 条记录）
[2026-06-15 02:30:14] DEBUG [init_schema] 数据库表结构初始化完成
[2026-06-15 02:30:14] INFO [connect] SQLite 数据库已连接: /Use************************************************************************************
[2026-06-15 02:30:14] INFO [disconnect] SQLite 数据库已断开
[2026-06-15 02:30:14] ERROR [persist_transactions] 数据库持久化失败: UNIQUE constraint failed: import_batches.batch_id
Traceback (most recent call last):
  File "/Users/zhangchengcheng/work/ai-project/Trea/solo0605/label-02552/tests/../backend/database.py", line 1612, in persist_transactions
    insert_count, duplicate_count = db.insert_records(
                                    ~~~~~~~~~~~~~~~~~^
        transaction_records,
        ^^^^^^^^^^^^^^^^^^^^
        batch_id=batch_id,
        ^^^^^^^^^^^^^^^^^^
        deduplicate=deduplicate,
        ^^^^^^^^^^^^^^^^^^^^^^^^
    )
    ^
  File "/Users/zhangchengcheng/work/ai-project/Trea/solo0605/label-02552/tests/../backend/database.py", line 554, in insert_records
    cursor.execute('''
    ~~~~~~~~~~~~~~^^^^
        INSERT INTO import_batches (
        ^^^^^^^^^^^^^^^^^^^^^^^^^^^^
            batch_id, total_records, started_at, status
            ^^^^^^^^^^^^^^^^^^^^^^^^^^^^^^^^^^^^^^^^^^^
        ) VALUES (?, ?, ?, ?)
        ^^^^^^^^^^^^^^^^^^^^^
    ''', (batch_id, len(records), started_at, 'processing'))
    ^^^^^^^^^^^^^^^^^^^^^^^^^^^^^^^^^^^^^^^^^^^^^^^^^^^^^^^^
sqlite3.IntegrityError: UNIQUE constraint failed: import_batches.batch_id
[2026-06-15 02:30:14] INFO [run_pipeline] 数据库持久化完成: 批次 BATC***************, 插入 0 条, 去重跳过 0 条
[2026-06-15 02:30:14] INFO [identify_internal_transfers] 内部划转识别完成: 2 条记录, 识别出 0 对 (0 划出 + 0 划入), 涉及 0 个主体, 0 家银行
[2026-06-15 02:30:14] INFO [summarize_transactions] 主体维度汇总完成: 2 条记录, 1 个主体, 1 家银行, 1 个月份, 0 个未匹配账号
[2026-06-15 02:30:14] INFO [export_subject_summary] 主体维度汇总分析已导出: /var*********************************************************************************************************
[2026-06-15 02:30:14] INFO [run_pipeline] 主体维度汇总分析已自动生成: /var*********************************************************************************************************
[2026-06-15 02:30:14] INFO [check_balance_continuity] 共 1 个账号待校验
[2026-06-15 02:30:14] DEBUG [check_balance_continuity] 校验账号: 0109年03月, 记录数: 2
[2026-06-15 02:30:14] INFO [check_balance_continuity] 余额连续性校验完成 - 总账号: 1, 已校验: 1, 跳过: 0, 异常笔数: 0, 异常账号: 0
[2026-06-15 02:30:14] INFO [export_balance_check_result] 余额连续性校验结果已导出: /var**********************************************************************************************************
[2026-06-15 02:30:14] INFO [run_pipeline] 余额连续性校验报告已自动生成: /var**********************************************************************************************************
[2026-06-15 02:30:14] INFO [detect_duplicates] 重复交易检测完成 - 总记录: 2, 疑似重复组: 0, 疑似重复记录: 0, 重复率: 0.00%
[2026-06-15 02:30:14] INFO [generate_duplicate_check_from_records] 未检测到重复交易，仍导出报告
[2026-06-15 02:30:14] INFO [export_duplicate_check_result] 重复交易检测结果已导出: /var*********************************************************************************************************
[2026-06-15 02:30:14] INFO [run_pipeline] 重复交易检测报告已自动生成: /var*********************************************************************************************************
[2026-06-15 02:30:14] INFO [filter_interest_fee_transactions] 筛选出 0 条利息手续费交易
[2026-06-15 02:30:14] INFO [summarize_by_period] 按month汇总生成 0 条期间汇总记录，异常 0 条
[2026-06-15 02:30:14] INFO [check_interest_fee] 利息手续费核对完成 - 总记录: 0 (利息: 0, 手续费: 0), 期间汇总: 0, 异常: 0
[2026-06-15 02:30:14] WARNING [generate_interest_fee_check_from_records] 未筛选到任何利息手续费交易，跳过报告生成
[2026-06-15 02:30:14] INFO [mark_non_workday_transactions] 非工作日交易标记完成: 总记录 2, 工作日 2, 周末 0, 法定节假日 0, 调休工作日 0
[2026-06-15 02:30:14] INFO [generate_holiday_check_from_records] 未发现非工作日交易，仍导出报告
[2026-06-15 02:30:14] INFO [export_holiday_check_result] 非工作日交易标记结果已导出: /var***********************************************************************************************************
[2026-06-15 02:30:14] INFO [run_pipeline] 非工作日交易标记报告已自动生成: /var***********************************************************************************************************
[2026-06-15 02:30:14] INFO [assign_accounting_period] 会计期间归属完成: 2 条记录, 1 个期间
[2026-06-15 02:30:14] INFO [export_accounting_period_summary] 会计期间总表已导出: /var*******************************************************************************************************（1 个期间）
[2026-06-15 02:30:14] INFO [run_pipeline] 会计期间总表已自动生成: /var*******************************************************************************************************
[2026-06-15 02:30:14] INFO [save_report] 性能剖析报告已保存: /var*****************************************************************************************************
[2026-06-15 02:30:14] INFO [save_report] 性能剖析数据已保存: /var*******************************************************************************************************
[2026-06-15 02:30:14] INFO [run_pipeline] 性能剖析报告已生成: /var*****************************************************************************************************
[2026-06-15 02:30:15] INFO [generate_collab_template] 财务协同编辑模板生成完成: /var***************************************************************************************************************（可编辑列: 凭证号, 凭证日期, 会计科目编码, 会计科目名称, 备注, 制单人）
[2026-06-15 02:30:15] INFO [run_pipeline] 财务协同编辑模板已自动生成: /var***************************************************************************************************************
[2026-06-15 02:30:15] INFO [setup_logging] 日志系统初始化完成，日志文件: /Use*******************************************************************************************************
[2026-06-15 02:30:15] INFO [setup_logging] 未检测到 tkinter，将使用命令行交互模式
[2026-06-15 02:30:15] INFO [setup_logging] 日志系统初始化完成，日志文件: /Use*******************************************************************************************************
[2026-06-15 02:30:15] INFO [setup_logging] 未检测到 tkinter，将使用命令行交互模式
[2026-06-15 02:30:15] INFO [setup_logging] 日志系统初始化完成，日志文件: /Use*******************************************************************************************************
[2026-06-15 02:30:15] INFO [setup_logging] 未检测到 tkinter，将使用命令行交互模式
[2026-06-15 02:30:15] INFO [setup_logging] 日志系统初始化完成，日志文件: /Use*******************************************************************************************************
[2026-06-15 02:30:15] INFO [setup_logging] 未检测到 tkinter，将使用命令行交互模式
[2026-06-15 02:30:15] INFO [setup_logging] 日志系统初始化完成，日志文件: /Use*******************************************************************************************************
[2026-06-15 02:30:15] INFO [setup_logging] 未检测到 tkinter，将使用命令行交互模式
[2026-06-15 02:30:15] INFO [setup_logging] 日志系统初始化完成，日志文件: /Use*******************************************************************************************************
[2026-06-15 02:30:15] INFO [setup_logging] 未检测到 tkinter，将使用命令行交互模式
[2026-06-15 02:30:15] INFO [setup_logging] 日志系统初始化完成，日志文件: /Use*******************************************************************************************************
[2026-06-15 02:30:15] INFO [setup_logging] 未检测到 tkinter，将使用命令行交互模式
[2026-06-15 02:30:15] INFO [setup_logging] 日志系统初始化完成，日志文件: /Use*******************************************************************************************************
[2026-06-15 02:30:15] INFO [setup_logging] 未检测到 tkinter，将使用命令行交互模式
[2026-06-15 02:30:15] INFO [setup_logging] 日志系统初始化完成，日志文件: /Use*******************************************************************************************************
[2026-06-15 02:30:15] INFO [setup_logging] 未检测到 tkinter，将使用命令行交互模式
[2026-06-15 02:30:15] INFO [setup_logging] 日志系统初始化完成，日志文件: /Use*******************************************************************************************************
[2026-06-15 02:30:15] INFO [setup_logging] 未检测到 tkinter，将使用命令行交互模式
[2026-06-15 02:30:15] INFO [setup_logging] 日志系统初始化完成，日志文件: /Use*******************************************************************************************************
[2026-06-15 02:30:15] INFO [setup_logging] 未检测到 tkinter，将使用命令行交互模式
[2026-06-15 02:30:15] INFO [setup_logging] 日志系统初始化完成，日志文件: /Use*******************************************************************************************************
[2026-06-15 02:30:15] INFO [setup_logging] 未检测到 tkinter，将使用命令行交互模式
[2026-06-15 02:30:15] INFO [setup_logging] 日志系统初始化完成，日志文件: /Use*******************************************************************************************************
[2026-06-15 02:30:15] INFO [setup_logging] 未检测到 tkinter，将使用命令行交互模式
[2026-06-15 02:30:15] INFO [setup_logging] 日志系统初始化完成，日志文件: /Use*******************************************************************************************************
[2026-06-15 02:30:15] INFO [setup_logging] 未检测到 tkinter，将使用命令行交互模式
[2026-06-15 02:30:15] INFO [setup_logging] 日志系统初始化完成，日志文件: /Use*******************************************************************************************************
[2026-06-15 02:30:15] INFO [setup_logging] 未检测到 tkinter，将使用命令行交互模式
[2026-06-15 02:30:15] INFO [setup_logging] 日志系统初始化完成，日志文件: /Use*******************************************************************************************************
[2026-06-15 02:30:15] INFO [setup_logging] 未检测到 tkinter，将使用命令行交互模式
[2026-06-15 02:30:15] INFO [setup_logging] 日志系统初始化完成，日志文件: /Use*******************************************************************************************************
[2026-06-15 02:30:15] INFO [setup_logging] 未检测到 tkinter，将使用命令行交互模式
[2026-06-15 02:30:15] INFO [setup_logging] 日志系统初始化完成，日志文件: /Use*******************************************************************************************************
[2026-06-15 02:30:15] INFO [setup_logging] 未检测到 tkinter，将使用命令行交互模式
[2026-06-15 02:30:15] INFO [setup_logging] 日志系统初始化完成，日志文件: /Use*******************************************************************************************************
[2026-06-15 02:30:15] INFO [setup_logging] 未检测到 tkinter，将使用命令行交互模式
[2026-06-15 02:30:15] INFO [setup_logging] 日志系统初始化完成，日志文件: /Use*******************************************************************************************************
[2026-06-15 02:30:15] INFO [setup_logging] 未检测到 tkinter，将使用命令行交互模式
[2026-06-15 02:30:15] INFO [setup_logging] 日志系统初始化完成，日志文件: /Use*******************************************************************************************************
[2026-06-15 02:30:15] INFO [setup_logging] 未检测到 tkinter，将使用命令行交互模式
[2026-06-15 02:30:15] INFO [run_batch_pipeline_flow] 批量处理：用户未选择文件夹，程序退出
[2026-06-15 02:30:15] INFO [setup_logging] 日志系统初始化完成，日志文件: /Use*******************************************************************************************************
[2026-06-15 02:30:15] INFO [setup_logging] 未检测到 tkinter，将使用命令行交互模式
[2026-06-15 02:30:15] INFO [run_batch_pipeline_flow] 批量处理：用户选择 1 个文件夹
[2026-06-15 02:30:15] INFO [run_batch_pipeline_flow] 批量处理：用户选择运行模式: 全量覆盖
[2026-06-15 02:30:15] INFO [run_batch_pipeline_flow] 批量处理：用户选择执行模式: 试运行（不写盘）
[2026-06-15 02:30:15] INFO [run_batch_pipeline_flow] ===== 批量处理 [1/1]: /var********************************************************************************* =====
[2026-06-15 02:30:15] INFO [start_batch] 批次已创建: BATC*******************
[2026-06-15 02:30:15] INFO [start_batch] 归档目录: /var*********************************************************************************************************************
[2026-06-15 02:30:15] INFO [run_batch_pipeline_flow] 批次管理已启用，批次号: BATC*******************
[2026-06-15 02:30:15] INFO [run_pipeline] ===== 试运行模式已启用（不执行删除与写盘操作）=====
[2026-06-15 02:30:15] INFO [find_lookup_file] 精确匹配到主体查找表: /var*************************************************************************************
[2026-06-15 02:30:15] INFO [run_pipeline] 正在预加载主体查找表...
[2026-06-15 02:30:15] DEBUG [detect_file_format] 文件 /var************************************************************************************* Magic Bytes 检测为 xlsx 格式 (ZIP/OOXML)
[2026-06-15 02:30:15] INFO [load_lookup_table] 查找表加载完成：共 1 条条目，1 个唯一账号，0 个扩展字段
[2026-06-15 02:30:15] INFO [run_pipeline] 主体查找表预加载完成
[2026-06-15 02:30:15] INFO [prepare_working_folder] 已复制文件夹到同级目录: /var*************************************************************************************
[2026-06-15 02:30:15] DEBUG [scan_bank_files] 发现银行导出文件: /var*************************************************************************************************
[2026-06-15 02:30:15] INFO [scan_bank_files] 共扫描到 1 个银行导出文件
[2026-06-15 02:30:15] DEBUG [detect_file_format] 文件 /var************************************************************************************************* Magic Bytes 检测为 xlsx 格式 (ZIP/OOXML)
[2026-06-15 02:30:15] DEBUG [detect_file_format] 文件 /var************************************************************************************************* Magic Bytes 检测为 xlsx 格式 (ZIP/OOXML)
[2026-06-15 02:30:15] INFO [_identify_bank_by_content] 文件「batc*******」通过内容特征识别为: 北京银行
[2026-06-15 02:30:15] INFO [parse] 开始处理北京银行文件: /var*************************************************************************************************
[2026-06-15 02:30:15] DEBUG [detect_file_format] 文件 /var************************************************************************************************* Magic Bytes 检测为 xlsx 格式 (ZIP/OOXML)
[2026-06-15 02:30:15] INFO [validate_headers] 北京银行文件工作表「交易明细」表头校验通过，7 个字段均匹配
[2026-06-15 02:30:15] DEBUG [get_subject_info] 银行账号「0109年03月」匹配到主体: 北********司（优先级: 0）
[2026-06-15 02:30:15] INFO [_parse_sheet] 北京银行文件工作表「交易明细」提取 2 条记录
[2026-06-15 02:30:15] INFO [parse] 北京银行文件处理完成，共提取 2 条记录
[2026-06-15 02:30:15] INFO [run_pipeline] 成功处理文件: /var*************************************************************************************************（2 条记录）
[2026-06-15 02:30:15] INFO [run_pipeline] [试运行] 跳过删除文件操作，待删除文件 1 个
[2026-06-15 02:30:15] INFO [run_pipeline] [试运行] 跳过总表写盘，模式=全量覆盖，共 2 条记录
[2026-06-15 02:30:15] INFO [apply_amount_anomaly_detection] 开始金额异常检测，单笔阈值: [金额已隐藏] 元
[2026-06-15 02:30:15] INFO [apply_amount_anomaly_detection] 金额异常检测完成：共 2 条记录，0 条异常 (0.00%)
[2026-06-15 02:30:15] INFO [apply_counterparty_rules] 对方户名规则匹配完成: 总记录 2, 命中 0, 黑名单 0, 白名单 0
[2026-06-15 02:30:15] INFO [run_pipeline] [试运行] 跳过生成脱敏版总表
[2026-06-15 02:30:15] INFO [run_pipeline] [试运行] 跳过数据库持久化操作
[2026-06-15 02:30:15] INFO [identify_internal_transfers] 内部划转识别完成: 2 条记录, 识别出 0 对 (0 划出 + 0 划入), 涉及 0 个主体, 0 家银行
[2026-06-15 02:30:15] INFO [summarize_transactions] 主体维度汇总完成: 2 条记录, 1 个主体, 1 家银行, 1 个月份, 0 个未匹配账号
[2026-06-15 02:30:15] INFO [export_subject_summary] 主体维度汇总分析已导出: /var********************************************************************************************************
[2026-06-15 02:30:15] INFO [run_pipeline] 主体维度汇总分析已自动生成: /var********************************************************************************************************
[2026-06-15 02:30:15] INFO [check_balance_continuity] 共 1 个账号待校验
[2026-06-15 02:30:15] DEBUG [check_balance_continuity] 校验账号: 0109年03月, 记录数: 2
[2026-06-15 02:30:15] INFO [check_balance_continuity] 余额连续性校验完成 - 总账号: 1, 已校验: 1, 跳过: 0, 异常笔数: 0, 异常账号: 0
[2026-06-15 02:30:15] INFO [export_balance_check_result] 余额连续性校验结果已导出: /var*********************************************************************************************************
[2026-06-15 02:30:15] INFO [run_pipeline] 余额连续性校验报告已自动生成: /var*********************************************************************************************************
[2026-06-15 02:30:15] INFO [detect_duplicates] 重复交易检测完成 - 总记录: 2, 疑似重复组: 0, 疑似重复记录: 0, 重复率: 0.00%
[2026-06-15 02:30:15] INFO [generate_duplicate_check_from_records] 未检测到重复交易，仍导出报告
[2026-06-15 02:30:15] INFO [export_duplicate_check_result] 重复交易检测结果已导出: /var********************************************************************************************************
[2026-06-15 02:30:15] INFO [run_pipeline] 重复交易检测报告已自动生成: /var********************************************************************************************************
[2026-06-15 02:30:15] INFO [filter_interest_fee_transactions] 筛选出 0 条利息手续费交易
[2026-06-15 02:30:15] INFO [summarize_by_period] 按month汇总生成 0 条期间汇总记录，异常 0 条
[2026-06-15 02:30:15] INFO [check_interest_fee] 利息手续费核对完成 - 总记录: 0 (利息: 0, 手续费: 0), 期间汇总: 0, 异常: 0
[2026-06-15 02:30:15] WARNING [generate_interest_fee_check_from_records] 未筛选到任何利息手续费交易，跳过报告生成
[2026-06-15 02:30:15] INFO [mark_non_workday_transactions] 非工作日交易标记完成: 总记录 2, 工作日 2, 周末 0, 法定节假日 0, 调休工作日 0
[2026-06-15 02:30:15] INFO [generate_holiday_check_from_records] 未发现非工作日交易，仍导出报告
[2026-06-15 02:30:15] INFO [export_holiday_check_result] 非工作日交易标记结果已导出: /var**********************************************************************************************************
[2026-06-15 02:30:15] INFO [run_pipeline] 非工作日交易标记报告已自动生成: /var**********************************************************************************************************
[2026-06-15 02:30:15] INFO [assign_accounting_period] 会计期间归属完成: 2 条记录, 1 个期间
[2026-06-15 02:30:15] INFO [export_accounting_period_summary] 会计期间总表已导出: /var******************************************************************************************************（1 个期间）
[2026-06-15 02:30:15] INFO [run_pipeline] 会计期间总表已自动生成: /var******************************************************************************************************
[2026-06-15 02:30:15] INFO [save_report] 性能剖析报告已保存: /var****************************************************************************************************
[2026-06-15 02:30:15] INFO [save_report] 性能剖析数据已保存: /var******************************************************************************************************
[2026-06-15 02:30:15] INFO [run_pipeline] 性能剖析报告已生成: /var****************************************************************************************************
[2026-06-15 02:30:15] INFO [run_pipeline] [试运行] 跳过生成财务协同编辑模板
[2026-06-15 02:30:15] INFO [run_batch_pipeline_flow] 文件夹 [1/1] 处理成功: /var*********************************************************************************
[2026-06-15 02:30:15] INFO [run_batch_pipeline_flow] 用户取消提交试运行变更（文件夹 1/1）
[2026-06-15 02:30:15] DEBUG [translate] Translation key not found: report.section_archived
[2026-06-15 02:30:15] DEBUG [translate] Translation key not found: info.report_generated
[2026-06-15 02:30:15] INFO [generate_inspection_report] info.report_generated
[2026-06-15 02:30:15] ERROR [run_batch_pipeline_flow] 批次归档失败: Object of type MagicMock is not JSON serializable
Traceback (most recent call last):
  File "/Users/zhangchengcheng/work/ai-project/Trea/solo0605/label-02552/tests/../backend/bankcheck.py", line 10358, in run_batch_pipeline_flow
    batch_manager.finish_batch(batch_id, result_data, status=status)
    ~~~~~~~~~~~~~~~~~~~~~~~~~~^^^^^^^^^^^^^^^^^^^^^^^^^^^^^^^^^^^^^^
  File "/Users/zhangchengcheng/work/ai-project/Trea/solo0605/label-02552/tests/../backend/batch_manager.py", line 451, in finish_batch
    self._save_metadata(batch_info, result_data)
    ~~~~~~~~~~~~~~~~~~~^^^^^^^^^^^^^^^^^^^^^^^^^
  File "/Users/zhangchengcheng/work/ai-project/Trea/solo0605/label-02552/tests/../backend/batch_manager.py", line 467, in _save_metadata
    json.dump(metadata, f, ensure_ascii=False, indent=2)
    ~~~~~~~~~^^^^^^^^^^^^^^^^^^^^^^^^^^^^^^^^^^^^^^^^^^^
  File "/opt/homebrew/Cellar/python@3.14/3.14.4_1/Frameworks/Python.framework/Versions/3.14/lib/python3.14/json/__init__.py", line 181, in dump
    for chunk in iterable:
                 ^^^^^^^^
  File "/opt/homebrew/Cellar/python@3.14/3.14.4_1/Frameworks/Python.framework/Versions/3.14/lib/python3.14/json/encoder.py", line 444, in _iterencode
    yield from _iterencode_dict(o, _current_indent_level)
  File "/opt/homebrew/Cellar/python@3.14/3.14.4_1/Frameworks/Python.framework/Versions/3.14/lib/python3.14/json/encoder.py", line 413, in _iterencode_dict
    yield from chunks
  File "/opt/homebrew/Cellar/python@3.14/3.14.4_1/Frameworks/Python.framework/Versions/3.14/lib/python3.14/json/encoder.py", line 413, in _iterencode_dict
    yield from chunks
  File "/opt/homebrew/Cellar/python@3.14/3.14.4_1/Frameworks/Python.framework/Versions/3.14/lib/python3.14/json/encoder.py", line 451, in _iterencode
    newobj = _default(o)
  File "/opt/homebrew/Cellar/python@3.14/3.14.4_1/Frameworks/Python.framework/Versions/3.14/lib/python3.14/json/encoder.py", line 182, in default
    raise TypeError(f'Object of type {o.__class__.__name__} '
                    f'is not JSON serializable')
TypeError: Object of type MagicMock is not JSON serializable
when serializing dict item 'audit_id'
when serializing dict item 'result_data'
[2026-06-15 02:30:15] DEBUG [translate] Translation key not found: report.section_archived
[2026-06-15 02:30:15] DEBUG [translate] Translation key not found: report.section_errors
[2026-06-15 02:30:15] DEBUG [translate] Translation key not found: info.report_generated
[2026-06-15 02:30:15] INFO [generate_inspection_report] info.report_generated
[2026-06-15 02:30:15] INFO [finish_batch] 批次完成: BATC*******************, 状态: failed
[2026-06-15 02:30:15] INFO [run_batch_pipeline_flow] 批量处理全部完成: 1 个文件夹, 成功 1, 无数据 0, 失败 0
[2026-06-15 02:30:15] INFO [setup_logging] 日志系统初始化完成，日志文件: /Use*******************************************************************************************************
[2026-06-15 02:30:15] INFO [setup_logging] 未检测到 tkinter，将使用命令行交互模式
[2026-06-15 02:30:15] INFO [run_batch_pipeline_flow] 批量处理：用户选择 2 个文件夹
[2026-06-15 02:30:15] INFO [run_batch_pipeline_flow] 批量处理：用户选择运行模式: 全量覆盖
[2026-06-15 02:30:15] INFO [run_batch_pipeline_flow] 批量处理：用户选择执行模式: 试运行（不写盘）
[2026-06-15 02:30:15] INFO [run_batch_pipeline_flow] ===== 批量处理 [1/2]: /var********************************************************************************* =====
[2026-06-15 02:30:15] ERROR [run_batch_pipeline_flow] 批次创建失败: no such table: batches
Traceback (most recent call last):
  File "/Users/zhangchengcheng/work/ai-project/Trea/solo0605/label-02552/tests/../backend/bankcheck.py", line 10299, in run_batch_pipeline_flow
    batch_info = batch_manager.start_batch(input_folder=folder, operator=operator)
  File "/Users/zhangchengcheng/work/ai-project/Trea/solo0605/label-02552/tests/../backend/batch_manager.py", line 214, in start_batch
    cursor.execute('''
    ~~~~~~~~~~~~~~^^^^
        INSERT INTO batches (
        ^^^^^^^^^^^^^^^^^^^^^
    ...<8 lines>...
        batch_info.batch_dir,
        ^^^^^^^^^^^^^^^^^^^^^
    ))
    ^^
sqlite3.OperationalError: no such table: batches
[2026-06-15 02:30:15] INFO [run_pipeline] ===== 试运行模式已启用（不执行删除与写盘操作）=====
[2026-06-15 02:30:15] INFO [find_lookup_file] 精确匹配到主体查找表: /var*************************************************************************************
[2026-06-15 02:30:15] INFO [run_pipeline] 正在预加载主体查找表...
[2026-06-15 02:30:15] DEBUG [detect_file_format] 文件 /var************************************************************************************* Magic Bytes 检测为 xlsx 格式 (ZIP/OOXML)
[2026-06-15 02:30:15] INFO [load_lookup_table] 查找表加载完成：共 1 条条目，1 个唯一账号，0 个扩展字段
[2026-06-15 02:30:15] INFO [run_pipeline] 主体查找表预加载完成
[2026-06-15 02:30:15] INFO [prepare_working_folder] 已复制文件夹到同级目录: /var*************************************************************************************
[2026-06-15 02:30:15] DEBUG [scan_bank_files] 发现银行导出文件: /var*************************************************************************************************
[2026-06-15 02:30:15] INFO [scan_bank_files] 共扫描到 1 个银行导出文件
[2026-06-15 02:30:15] DEBUG [detect_file_format] 文件 /var************************************************************************************************* Magic Bytes 检测为 xlsx 格式 (ZIP/OOXML)
[2026-06-15 02:30:15] DEBUG [detect_file_format] 文件 /var************************************************************************************************* Magic Bytes 检测为 xlsx 格式 (ZIP/OOXML)
[2026-06-15 02:30:15] INFO [_identify_bank_by_content] 文件「proj_a.xlsx」通过内容特征识别为: 北京银行
[2026-06-15 02:30:15] INFO [parse] 开始处理北京银行文件: /var*************************************************************************************************
[2026-06-15 02:30:15] DEBUG [detect_file_format] 文件 /var************************************************************************************************* Magic Bytes 检测为 xlsx 格式 (ZIP/OOXML)
[2026-06-15 02:30:15] INFO [validate_headers] 北京银行文件工作表「交易明细」表头校验通过，7 个字段均匹配
[2026-06-15 02:30:15] DEBUG [get_subject_info] 银行账号「0109年03月」匹配到主体: 北********司（优先级: 0）
[2026-06-15 02:30:15] INFO [_parse_sheet] 北京银行文件工作表「交易明细」提取 2 条记录
[2026-06-15 02:30:15] INFO [parse] 北京银行文件处理完成，共提取 2 条记录
[2026-06-15 02:30:15] INFO [run_pipeline] 成功处理文件: /var*************************************************************************************************（2 条记录）
[2026-06-15 02:30:15] INFO [run_pipeline] [试运行] 跳过删除文件操作，待删除文件 1 个
[2026-06-15 02:30:15] INFO [run_pipeline] [试运行] 跳过总表写盘，模式=全量覆盖，共 2 条记录
[2026-06-15 02:30:15] INFO [apply_amount_anomaly_detection] 开始金额异常检测，单笔阈值: [金额已隐藏] 元
[2026-06-15 02:30:15] INFO [apply_amount_anomaly_detection] 金额异常检测完成：共 2 条记录，0 条异常 (0.00%)
[2026-06-15 02:30:15] INFO [apply_counterparty_rules] 对方户名规则匹配完成: 总记录 2, 命中 0, 黑名单 0, 白名单 0
[2026-06-15 02:30:15] INFO [run_pipeline] [试运行] 跳过生成脱敏版总表
[2026-06-15 02:30:15] INFO [run_pipeline] [试运行] 跳过数据库持久化操作
[2026-06-15 02:30:15] INFO [identify_internal_transfers] 内部划转识别完成: 2 条记录, 识别出 0 对 (0 划出 + 0 划入), 涉及 0 个主体, 0 家银行
[2026-06-15 02:30:15] INFO [summarize_transactions] 主体维度汇总完成: 2 条记录, 1 个主体, 1 家银行, 1 个月份, 0 个未匹配账号
[2026-06-15 02:30:15] INFO [export_subject_summary] 主体维度汇总分析已导出: /var********************************************************************************************************
[2026-06-15 02:30:15] INFO [run_pipeline] 主体维度汇总分析已自动生成: /var********************************************************************************************************
[2026-06-15 02:30:15] INFO [check_balance_continuity] 共 1 个账号待校验
[2026-06-15 02:30:15] DEBUG [check_balance_continuity] 校验账号: 0109年03月, 记录数: 2
[2026-06-15 02:30:15] INFO [check_balance_continuity] 余额连续性校验完成 - 总账号: 1, 已校验: 1, 跳过: 0, 异常笔数: 0, 异常账号: 0
[2026-06-15 02:30:15] INFO [export_balance_check_result] 余额连续性校验结果已导出: /var*********************************************************************************************************
[2026-06-15 02:30:15] INFO [run_pipeline] 余额连续性校验报告已自动生成: /var*********************************************************************************************************
[2026-06-15 02:30:15] INFO [detect_duplicates] 重复交易检测完成 - 总记录: 2, 疑似重复组: 0, 疑似重复记录: 0, 重复率: 0.00%
[2026-06-15 02:30:15] INFO [generate_duplicate_check_from_records] 未检测到重复交易，仍导出报告
[2026-06-15 02:30:15] INFO [export_duplicate_check_result] 重复交易检测结果已导出: /var********************************************************************************************************
[2026-06-15 02:30:15] INFO [run_pipeline] 重复交易检测报告已自动生成: /var********************************************************************************************************
[2026-06-15 02:30:15] INFO [filter_interest_fee_transactions] 筛选出 0 条利息手续费交易
[2026-06-15 02:30:15] INFO [summarize_by_period] 按month汇总生成 0 条期间汇总记录，异常 0 条
[2026-06-15 02:30:15] INFO [check_interest_fee] 利息手续费核对完成 - 总记录: 0 (利息: 0, 手续费: 0), 期间汇总: 0, 异常: 0
[2026-06-15 02:30:15] WARNING [generate_interest_fee_check_from_records] 未筛选到任何利息手续费交易，跳过报告生成
[2026-06-15 02:30:15] INFO [mark_non_workday_transactions] 非工作日交易标记完成: 总记录 2, 工作日 2, 周末 0, 法定节假日 0, 调休工作日 0
[2026-06-15 02:30:15] INFO [generate_holiday_check_from_records] 未发现非工作日交易，仍导出报告
[2026-06-15 02:30:15] INFO [export_holiday_check_result] 非工作日交易标记结果已导出: /var**********************************************************************************************************
[2026-06-15 02:30:15] INFO [run_pipeline] 非工作日交易标记报告已自动生成: /var**********************************************************************************************************
[2026-06-15 02:30:15] INFO [assign_accounting_period] 会计期间归属完成: 2 条记录, 1 个期间
[2026-06-15 02:30:15] INFO [export_accounting_period_summary] 会计期间总表已导出: /var******************************************************************************************************（1 个期间）
[2026-06-15 02:30:15] INFO [run_pipeline] 会计期间总表已自动生成: /var******************************************************************************************************
[2026-06-15 02:30:15] INFO [save_report] 性能剖析报告已保存: /var****************************************************************************************************
[2026-06-15 02:30:15] INFO [save_report] 性能剖析数据已保存: /var******************************************************************************************************
[2026-06-15 02:30:15] INFO [run_pipeline] 性能剖析报告已生成: /var****************************************************************************************************
[2026-06-15 02:30:15] INFO [run_pipeline] [试运行] 跳过生成财务协同编辑模板
[2026-06-15 02:30:15] INFO [run_batch_pipeline_flow] 文件夹 [1/2] 处理成功: /var*********************************************************************************
[2026-06-15 02:30:15] INFO [run_batch_pipeline_flow] 用户取消提交试运行变更（文件夹 1/2）
[2026-06-15 02:30:15] INFO [run_batch_pipeline_flow] ===== 批量处理 [2/2]: /var********************************************************************************* =====
[2026-06-15 02:30:15] ERROR [run_batch_pipeline_flow] 批次创建失败: no such table: batches
Traceback (most recent call last):
  File "/Users/zhangchengcheng/work/ai-project/Trea/solo0605/label-02552/tests/../backend/bankcheck.py", line 10299, in run_batch_pipeline_flow
    batch_info = batch_manager.start_batch(input_folder=folder, operator=operator)
  File "/Users/zhangchengcheng/work/ai-project/Trea/solo0605/label-02552/tests/../backend/batch_manager.py", line 214, in start_batch
    cursor.execute('''
    ~~~~~~~~~~~~~~^^^^
        INSERT INTO batches (
        ^^^^^^^^^^^^^^^^^^^^^
    ...<8 lines>...
        batch_info.batch_dir,
        ^^^^^^^^^^^^^^^^^^^^^
    ))
    ^^
sqlite3.OperationalError: no such table: batches
[2026-06-15 02:30:15] INFO [run_pipeline] ===== 试运行模式已启用（不执行删除与写盘操作）=====
[2026-06-15 02:30:15] INFO [find_lookup_file] 精确匹配到主体查找表: /var*************************************************************************************
[2026-06-15 02:30:15] INFO [run_pipeline] 正在预加载主体查找表...
[2026-06-15 02:30:15] DEBUG [detect_file_format] 文件 /var************************************************************************************* Magic Bytes 检测为 xlsx 格式 (ZIP/OOXML)
[2026-06-15 02:30:15] INFO [load_lookup_table] 查找表加载完成：共 1 条条目，1 个唯一账号，0 个扩展字段
[2026-06-15 02:30:15] INFO [run_pipeline] 主体查找表预加载完成
[2026-06-15 02:30:15] INFO [prepare_working_folder] 已复制文件夹到同级目录: /var*************************************************************************************
[2026-06-15 02:30:15] DEBUG [scan_bank_files] 发现银行导出文件: /var*************************************************************************************************
[2026-06-15 02:30:15] INFO [scan_bank_files] 共扫描到 1 个银行导出文件
[2026-06-15 02:30:15] DEBUG [detect_file_format] 文件 /var************************************************************************************************* Magic Bytes 检测为 xlsx 格式 (ZIP/OOXML)
[2026-06-15 02:30:15] DEBUG [detect_file_format] 文件 /var************************************************************************************************* Magic Bytes 检测为 xlsx 格式 (ZIP/OOXML)
[2026-06-15 02:30:15] INFO [_identify_bank_by_content] 文件「proj_b.xlsx」通过内容特征识别为: 北京银行
[2026-06-15 02:30:15] INFO [parse] 开始处理北京银行文件: /var*************************************************************************************************
[2026-06-15 02:30:15] DEBUG [detect_file_format] 文件 /var************************************************************************************************* Magic Bytes 检测为 xlsx 格式 (ZIP/OOXML)
[2026-06-15 02:30:15] INFO [validate_headers] 北京银行文件工作表「交易明细」表头校验通过，7 个字段均匹配
[2026-06-15 02:30:15] DEBUG [get_subject_info] 银行账号「0109年03月」匹配到主体: 北********司（优先级: 0）
[2026-06-15 02:30:15] INFO [_parse_sheet] 北京银行文件工作表「交易明细」提取 2 条记录
[2026-06-15 02:30:15] INFO [parse] 北京银行文件处理完成，共提取 2 条记录
[2026-06-15 02:30:15] INFO [run_pipeline] 成功处理文件: /var*************************************************************************************************（2 条记录）
[2026-06-15 02:30:15] INFO [run_pipeline] [试运行] 跳过删除文件操作，待删除文件 1 个
[2026-06-15 02:30:15] INFO [run_pipeline] [试运行] 跳过总表写盘，模式=全量覆盖，共 2 条记录
[2026-06-15 02:30:15] INFO [apply_amount_anomaly_detection] 开始金额异常检测，单笔阈值: [金额已隐藏] 元
[2026-06-15 02:30:15] INFO [apply_amount_anomaly_detection] 金额异常检测完成：共 2 条记录，0 条异常 (0.00%)
[2026-06-15 02:30:16] INFO [apply_counterparty_rules] 对方户名规则匹配完成: 总记录 2, 命中 0, 黑名单 0, 白名单 0
[2026-06-15 02:30:16] INFO [run_pipeline] [试运行] 跳过生成脱敏版总表
[2026-06-15 02:30:16] INFO [run_pipeline] [试运行] 跳过数据库持久化操作
[2026-06-15 02:30:16] INFO [identify_internal_transfers] 内部划转识别完成: 2 条记录, 识别出 0 对 (0 划出 + 0 划入), 涉及 0 个主体, 0 家银行
[2026-06-15 02:30:16] INFO [summarize_transactions] 主体维度汇总完成: 2 条记录, 1 个主体, 1 家银行, 1 个月份, 0 个未匹配账号
[2026-06-15 02:30:16] INFO [export_subject_summary] 主体维度汇总分析已导出: /var********************************************************************************************************
[2026-06-15 02:30:16] INFO [run_pipeline] 主体维度汇总分析已自动生成: /var********************************************************************************************************
[2026-06-15 02:30:16] INFO [check_balance_continuity] 共 1 个账号待校验
[2026-06-15 02:30:16] DEBUG [check_balance_continuity] 校验账号: 0109年03月, 记录数: 2
[2026-06-15 02:30:16] INFO [check_balance_continuity] 余额连续性校验完成 - 总账号: 1, 已校验: 1, 跳过: 0, 异常笔数: 0, 异常账号: 0
[2026-06-15 02:30:16] INFO [export_balance_check_result] 余额连续性校验结果已导出: /var*********************************************************************************************************
[2026-06-15 02:30:16] INFO [run_pipeline] 余额连续性校验报告已自动生成: /var*********************************************************************************************************
[2026-06-15 02:30:16] INFO [detect_duplicates] 重复交易检测完成 - 总记录: 2, 疑似重复组: 0, 疑似重复记录: 0, 重复率: 0.00%
[2026-06-15 02:30:16] INFO [generate_duplicate_check_from_records] 未检测到重复交易，仍导出报告
[2026-06-15 02:30:16] INFO [export_duplicate_check_result] 重复交易检测结果已导出: /var********************************************************************************************************
[2026-06-15 02:30:16] INFO [run_pipeline] 重复交易检测报告已自动生成: /var********************************************************************************************************
[2026-06-15 02:30:16] INFO [filter_interest_fee_transactions] 筛选出 0 条利息手续费交易
[2026-06-15 02:30:16] INFO [summarize_by_period] 按month汇总生成 0 条期间汇总记录，异常 0 条
[2026-06-15 02:30:16] INFO [check_interest_fee] 利息手续费核对完成 - 总记录: 0 (利息: 0, 手续费: 0), 期间汇总: 0, 异常: 0
[2026-06-15 02:30:16] WARNING [generate_interest_fee_check_from_records] 未筛选到任何利息手续费交易，跳过报告生成
[2026-06-15 02:30:16] INFO [mark_non_workday_transactions] 非工作日交易标记完成: 总记录 2, 工作日 2, 周末 0, 法定节假日 0, 调休工作日 0
[2026-06-15 02:30:16] INFO [generate_holiday_check_from_records] 未发现非工作日交易，仍导出报告
[2026-06-15 02:30:16] INFO [export_holiday_check_result] 非工作日交易标记结果已导出: /var**********************************************************************************************************
[2026-06-15 02:30:16] INFO [run_pipeline] 非工作日交易标记报告已自动生成: /var**********************************************************************************************************
[2026-06-15 02:30:16] INFO [assign_accounting_period] 会计期间归属完成: 2 条记录, 1 个期间
[2026-06-15 02:30:16] INFO [export_accounting_period_summary] 会计期间总表已导出: /var******************************************************************************************************（1 个期间）
[2026-06-15 02:30:16] INFO [run_pipeline] 会计期间总表已自动生成: /var******************************************************************************************************
[2026-06-15 02:30:16] INFO [save_report] 性能剖析报告已保存: /var****************************************************************************************************
[2026-06-15 02:30:16] INFO [save_report] 性能剖析数据已保存: /var******************************************************************************************************
[2026-06-15 02:30:16] INFO [run_pipeline] 性能剖析报告已生成: /var****************************************************************************************************
[2026-06-15 02:30:16] INFO [run_pipeline] [试运行] 跳过生成财务协同编辑模板
[2026-06-15 02:30:16] INFO [run_batch_pipeline_flow] 文件夹 [2/2] 处理成功: /var*********************************************************************************
[2026-06-15 02:30:16] INFO [run_batch_pipeline_flow] 用户取消提交试运行变更（文件夹 2/2）
[2026-06-15 02:30:16] INFO [run_batch_pipeline_flow] 批量处理全部完成: 2 个文件夹, 成功 2, 无数据 0, 失败 0
[2026-06-15 02:30:16] INFO [setup_logging] 日志系统初始化完成，日志文件: /Use*******************************************************************************************************
[2026-06-15 02:30:16] INFO [setup_logging] 未检测到 tkinter，将使用命令行交互模式
[2026-06-15 02:30:16] INFO [run_batch_pipeline_flow] 批量处理：用户选择 2 个文件夹
[2026-06-15 02:30:16] INFO [run_batch_pipeline_flow] 批量处理：用户选择运行模式: 全量覆盖
[2026-06-15 02:30:16] INFO [run_batch_pipeline_flow] 批量处理：用户选择执行模式: 试运行（不写盘）
[2026-06-15 02:30:16] INFO [run_batch_pipeline_flow] ===== 批量处理 [1/2]: /var******************************************************************************* =====
[2026-06-15 02:30:16] ERROR [run_batch_pipeline_flow] 批次创建失败: no such table: batches
Traceback (most recent call last):
  File "/Users/zhangchengcheng/work/ai-project/Trea/solo0605/label-02552/tests/../backend/bankcheck.py", line 10299, in run_batch_pipeline_flow
    batch_info = batch_manager.start_batch(input_folder=folder, operator=operator)
  File "/Users/zhangchengcheng/work/ai-project/Trea/solo0605/label-02552/tests/../backend/batch_manager.py", line 214, in start_batch
    cursor.execute('''
    ~~~~~~~~~~~~~~^^^^
        INSERT INTO batches (
        ^^^^^^^^^^^^^^^^^^^^^
    ...<8 lines>...
        batch_info.batch_dir,
        ^^^^^^^^^^^^^^^^^^^^^
    ))
    ^^
sqlite3.OperationalError: no such table: batches
[2026-06-15 02:30:16] INFO [run_pipeline] ===== 试运行模式已启用（不执行删除与写盘操作）=====
[2026-06-15 02:30:16] INFO [find_lookup_file] 精确匹配到主体查找表: /var*************************************************************************************
[2026-06-15 02:30:16] INFO [run_pipeline] 正在预加载主体查找表...
[2026-06-15 02:30:16] DEBUG [detect_file_format] 文件 /var************************************************************************************* Magic Bytes 检测为 xlsx 格式 (ZIP/OOXML)
[2026-06-15 02:30:16] INFO [load_lookup_table] 查找表加载完成：共 1 条条目，1 个唯一账号，0 个扩展字段
[2026-06-15 02:30:16] INFO [run_pipeline] 主体查找表预加载完成
[2026-06-15 02:30:16] INFO [prepare_working_folder] 已复制文件夹到同级目录: /var***********************************************************************************
[2026-06-15 02:30:16] DEBUG [scan_bank_files] 发现银行导出文件: /var*********************************************************************************************
[2026-06-15 02:30:16] INFO [scan_bank_files] 共扫描到 1 个银行导出文件
[2026-06-15 02:30:16] DEBUG [detect_file_format] 文件 /var********************************************************************************************* Magic Bytes 检测为 xlsx 格式 (ZIP/OOXML)
[2026-06-15 02:30:16] DEBUG [detect_file_format] 文件 /var********************************************************************************************* Magic Bytes 检测为 xlsx 格式 (ZIP/OOXML)
[2026-06-15 02:30:16] INFO [_identify_bank_by_content] 文件「good.xlsx」通过内容特征识别为: 北京银行
[2026-06-15 02:30:16] INFO [parse] 开始处理北京银行文件: /var*********************************************************************************************
[2026-06-15 02:30:16] DEBUG [detect_file_format] 文件 /var********************************************************************************************* Magic Bytes 检测为 xlsx 格式 (ZIP/OOXML)
[2026-06-15 02:30:16] INFO [validate_headers] 北京银行文件工作表「交易明细」表头校验通过，7 个字段均匹配
[2026-06-15 02:30:16] DEBUG [get_subject_info] 银行账号「0109年03月」匹配到主体: 北********司（优先级: 0）
[2026-06-15 02:30:16] INFO [_parse_sheet] 北京银行文件工作表「交易明细」提取 2 条记录
[2026-06-15 02:30:16] INFO [parse] 北京银行文件处理完成，共提取 2 条记录
[2026-06-15 02:30:16] INFO [run_pipeline] 成功处理文件: /var*********************************************************************************************（2 条记录）
[2026-06-15 02:30:16] INFO [run_pipeline] [试运行] 跳过删除文件操作，待删除文件 1 个
[2026-06-15 02:30:16] INFO [run_pipeline] [试运行] 跳过总表写盘，模式=全量覆盖，共 2 条记录
[2026-06-15 02:30:16] INFO [apply_amount_anomaly_detection] 开始金额异常检测，单笔阈值: [金额已隐藏] 元
[2026-06-15 02:30:16] INFO [apply_amount_anomaly_detection] 金额异常检测完成：共 2 条记录，0 条异常 (0.00%)
[2026-06-15 02:30:16] INFO [apply_counterparty_rules] 对方户名规则匹配完成: 总记录 2, 命中 0, 黑名单 0, 白名单 0
[2026-06-15 02:30:16] INFO [run_pipeline] [试运行] 跳过生成脱敏版总表
[2026-06-15 02:30:16] INFO [run_pipeline] [试运行] 跳过数据库持久化操作
[2026-06-15 02:30:16] INFO [identify_internal_transfers] 内部划转识别完成: 2 条记录, 识别出 0 对 (0 划出 + 0 划入), 涉及 0 个主体, 0 家银行
[2026-06-15 02:30:16] INFO [summarize_transactions] 主体维度汇总完成: 2 条记录, 1 个主体, 1 家银行, 1 个月份, 0 个未匹配账号
[2026-06-15 02:30:16] INFO [export_subject_summary] 主体维度汇总分析已导出: /var********************************************************************************************************
[2026-06-15 02:30:16] INFO [run_pipeline] 主体维度汇总分析已自动生成: /var********************************************************************************************************
[2026-06-15 02:30:16] INFO [check_balance_continuity] 共 1 个账号待校验
[2026-06-15 02:30:16] DEBUG [check_balance_continuity] 校验账号: 0109年03月, 记录数: 2
[2026-06-15 02:30:16] INFO [check_balance_continuity] 余额连续性校验完成 - 总账号: 1, 已校验: 1, 跳过: 0, 异常笔数: 0, 异常账号: 0
[2026-06-15 02:30:16] INFO [export_balance_check_result] 余额连续性校验结果已导出: /var*********************************************************************************************************
[2026-06-15 02:30:16] INFO [run_pipeline] 余额连续性校验报告已自动生成: /var*********************************************************************************************************
[2026-06-15 02:30:16] INFO [detect_duplicates] 重复交易检测完成 - 总记录: 2, 疑似重复组: 0, 疑似重复记录: 0, 重复率: 0.00%
[2026-06-15 02:30:16] INFO [generate_duplicate_check_from_records] 未检测到重复交易，仍导出报告
[2026-06-15 02:30:16] INFO [export_duplicate_check_result] 重复交易检测结果已导出: /var********************************************************************************************************
[2026-06-15 02:30:16] INFO [run_pipeline] 重复交易检测报告已自动生成: /var********************************************************************************************************
[2026-06-15 02:30:16] INFO [filter_interest_fee_transactions] 筛选出 0 条利息手续费交易
[2026-06-15 02:30:16] INFO [summarize_by_period] 按month汇总生成 0 条期间汇总记录，异常 0 条
[2026-06-15 02:30:16] INFO [check_interest_fee] 利息手续费核对完成 - 总记录: 0 (利息: 0, 手续费: 0), 期间汇总: 0, 异常: 0
[2026-06-15 02:30:16] WARNING [generate_interest_fee_check_from_records] 未筛选到任何利息手续费交易，跳过报告生成
[2026-06-15 02:30:16] INFO [mark_non_workday_transactions] 非工作日交易标记完成: 总记录 2, 工作日 2, 周末 0, 法定节假日 0, 调休工作日 0
[2026-06-15 02:30:16] INFO [generate_holiday_check_from_records] 未发现非工作日交易，仍导出报告
[2026-06-15 02:30:16] INFO [export_holiday_check_result] 非工作日交易标记结果已导出: /var**********************************************************************************************************
[2026-06-15 02:30:16] INFO [run_pipeline] 非工作日交易标记报告已自动生成: /var**********************************************************************************************************
[2026-06-15 02:30:16] INFO [assign_accounting_period] 会计期间归属完成: 2 条记录, 1 个期间
[2026-06-15 02:30:16] INFO [export_accounting_period_summary] 会计期间总表已导出: /var******************************************************************************************************（1 个期间）
[2026-06-15 02:30:16] INFO [run_pipeline] 会计期间总表已自动生成: /var******************************************************************************************************
[2026-06-15 02:30:16] INFO [save_report] 性能剖析报告已保存: /var****************************************************************************************************
[2026-06-15 02:30:16] INFO [save_report] 性能剖析数据已保存: /var******************************************************************************************************
[2026-06-15 02:30:16] INFO [run_pipeline] 性能剖析报告已生成: /var****************************************************************************************************
[2026-06-15 02:30:16] INFO [run_pipeline] [试运行] 跳过生成财务协同编辑模板
[2026-06-15 02:30:16] INFO [run_batch_pipeline_flow] 文件夹 [1/2] 处理成功: /var*******************************************************************************
[2026-06-15 02:30:16] INFO [run_batch_pipeline_flow] 用户取消提交试运行变更（文件夹 1/2）
[2026-06-15 02:30:16] INFO [run_batch_pipeline_flow] ===== 批量处理 [2/2]: /var************************************************************************************************* =====
[2026-06-15 02:30:16] ERROR [run_batch_pipeline_flow] 批次创建失败: no such table: batches
Traceback (most recent call last):
  File "/Users/zhangchengcheng/work/ai-project/Trea/solo0605/label-02552/tests/../backend/bankcheck.py", line 10299, in run_batch_pipeline_flow
    batch_info = batch_manager.start_batch(input_folder=folder, operator=operator)
  File "/Users/zhangchengcheng/work/ai-project/Trea/solo0605/label-02552/tests/../backend/batch_manager.py", line 214, in start_batch
    cursor.execute('''
    ~~~~~~~~~~~~~~^^^^
        INSERT INTO batches (
        ^^^^^^^^^^^^^^^^^^^^^
    ...<8 lines>...
        batch_info.batch_dir,
        ^^^^^^^^^^^^^^^^^^^^^
    ))
    ^^
sqlite3.OperationalError: no such table: batches
[2026-06-15 02:30:16] INFO [run_pipeline] ===== 试运行模式已启用（不执行删除与写盘操作）=====
[2026-06-15 02:30:16] INFO [find_lookup_file] 精确匹配到主体查找表: /var*************************************************************************************
[2026-06-15 02:30:16] INFO [run_pipeline] 正在预加载主体查找表...
[2026-06-15 02:30:16] DEBUG [detect_file_format] 文件 /var************************************************************************************* Magic Bytes 检测为 xlsx 格式 (ZIP/OOXML)
[2026-06-15 02:30:16] INFO [load_lookup_table] 查找表加载完成：共 1 条条目，1 个唯一账号，0 个扩展字段
[2026-06-15 02:30:16] INFO [run_pipeline] 主体查找表预加载完成
[2026-06-15 02:30:16] ERROR [run_batch_pipeline_flow] 批量处理文件夹 [2/2] 失败: /var************************************************************************************************* — 源文件夹不存在或不是目录: /var/folders/8t/8rw7_pg16cx2c2mkh_cvpz8m0000gn/T/bankcheck_batch_test_r3yvq2u1/nonexistent_folder_xyz
Traceback (most recent call last):
  File "/Users/zhangchengcheng/work/ai-project/Trea/solo0605/label-02552/tests/../backend/bankcheck.py", line 10310, in run_batch_pipeline_flow
    result = run_pipeline(folder, script_dir, incremental=incremental,
                          batch_id=batch_id, dry_run=dry_run)
  File "/Users/zhangchengcheng/work/ai-project/Trea/solo0605/label-02552/tests/../backend/bankcheck.py", line 4341, in run_pipeline
    working_folder, working_folder_is_copy = prepare_working_folder(
                                             ~~~~~~~~~~~~~~~~~~~~~~^
        folder, strategy=folder_strategy, output_dir=folder_output_dir,
        ^^^^^^^^^^^^^^^^^^^^^^^^^^^^^^^^^^^^^^^^^^^^^^^^^^^^^^^^^^^^^^^
        suffix=folder_suffix, logger=logger
        ^^^^^^^^^^^^^^^^^^^^^^^^^^^^^^^^^^^
    )
    ^
  File "/Users/zhangchengcheng/work/ai-project/Trea/solo0605/label-02552/tests/../backend/bankcheck.py", line 13472, in prepare_working_folder
    raise ValueError(f"源文件夹不存在或不是目录: {source_folder}")
ValueError: 源文件夹不存在或不是目录: /var/folders/8t/8rw7_pg16cx2c2mkh_cvpz8m0000gn/T/bankcheck_batch_test_r3yvq2u1/nonexistent_folder_xyz
[2026-06-15 02:30:16] INFO [run_batch_pipeline_flow] 批量处理全部完成: 2 个文件夹, 成功 1, 无数据 0, 失败 1
[2026-06-15 02:30:16] INFO [setup_logging] 日志系统初始化完成，日志文件: /Use*******************************************************************************************************
[2026-06-15 02:30:16] INFO [setup_logging] 未检测到 tkinter，将使用命令行交互模式
[2026-06-15 02:30:16] INFO [run_batch_pipeline_flow] 批量处理：用户选择 1 个文件夹
[2026-06-15 02:30:16] INFO [run_batch_pipeline_flow] 批量处理：用户选择运行模式: 增量合并
[2026-06-15 02:30:16] INFO [run_batch_pipeline_flow] 批量处理：用户选择执行模式: 试运行（不写盘）
[2026-06-15 02:30:16] INFO [run_batch_pipeline_flow] ===== 批量处理 [1/1]: /var******************************************************************************* =====
[2026-06-15 02:30:16] ERROR [run_batch_pipeline_flow] 批次创建失败: no such table: batches
Traceback (most recent call last):
  File "/Users/zhangchengcheng/work/ai-project/Trea/solo0605/label-02552/tests/../backend/bankcheck.py", line 10299, in run_batch_pipeline_flow
    batch_info = batch_manager.start_batch(input_folder=folder, operator=operator)
  File "/Users/zhangchengcheng/work/ai-project/Trea/solo0605/label-02552/tests/../backend/batch_manager.py", line 214, in start_batch
    cursor.execute('''
    ~~~~~~~~~~~~~~^^^^
        INSERT INTO batches (
        ^^^^^^^^^^^^^^^^^^^^^
    ...<8 lines>...
        batch_info.batch_dir,
        ^^^^^^^^^^^^^^^^^^^^^
    ))
    ^^
sqlite3.OperationalError: no such table: batches
[2026-06-15 02:30:16] INFO [run_pipeline] ===== 试运行模式已启用（不执行删除与写盘操作）=====
[2026-06-15 02:30:16] INFO [find_lookup_file] 精确匹配到主体查找表: /var*************************************************************************************
[2026-06-15 02:30:16] INFO [run_pipeline] 正在预加载主体查找表...
[2026-06-15 02:30:16] DEBUG [detect_file_format] 文件 /var************************************************************************************* Magic Bytes 检测为 xlsx 格式 (ZIP/OOXML)
[2026-06-15 02:30:16] INFO [load_lookup_table] 查找表加载完成：共 1 条条目，1 个唯一账号，0 个扩展字段
[2026-06-15 02:30:16] INFO [run_pipeline] 主体查找表预加载完成
[2026-06-15 02:30:16] INFO [load_existing_keys] 未找到历史总表，将以全量模式运行
[2026-06-15 02:30:16] INFO [run_pipeline] 无历史数据，将以全量模式运行
[2026-06-15 02:30:16] INFO [prepare_working_folder] 已复制文件夹到同级目录: /var***********************************************************************************
[2026-06-15 02:30:16] DEBUG [scan_bank_files] 发现银行导出文件: /var*********************************************************************************************
[2026-06-15 02:30:16] INFO [scan_bank_files] 共扫描到 1 个银行导出文件
[2026-06-15 02:30:16] DEBUG [detect_file_format] 文件 /var********************************************************************************************* Magic Bytes 检测为 xlsx 格式 (ZIP/OOXML)
[2026-06-15 02:30:16] DEBUG [detect_file_format] 文件 /var********************************************************************************************* Magic Bytes 检测为 xlsx 格式 (ZIP/OOXML)
[2026-06-15 02:30:16] INFO [_identify_bank_by_content] 文件「dry1*****」通过内容特征识别为: 北京银行
[2026-06-15 02:30:16] INFO [parse] 开始处理北京银行文件: /var*********************************************************************************************
[2026-06-15 02:30:16] DEBUG [detect_file_format] 文件 /var********************************************************************************************* Magic Bytes 检测为 xlsx 格式 (ZIP/OOXML)
[2026-06-15 02:30:16] INFO [validate_headers] 北京银行文件工作表「交易明细」表头校验通过，7 个字段均匹配
[2026-06-15 02:30:16] DEBUG [get_subject_info] 银行账号「0109年03月」匹配到主体: 北********司（优先级: 0）
[2026-06-15 02:30:16] INFO [_parse_sheet] 北京银行文件工作表「交易明细」提取 2 条记录
[2026-06-15 02:30:16] INFO [parse] 北京银行文件处理完成，共提取 2 条记录
[2026-06-15 02:30:16] INFO [run_pipeline] 成功处理文件: /var*********************************************************************************************（2 条记录）
[2026-06-15 02:30:16] INFO [run_pipeline] [试运行] 跳过删除文件操作，待删除文件 1 个
[2026-06-15 02:30:16] INFO [run_pipeline] [试运行] 跳过总表写盘，模式=全量覆盖，共 2 条记录
[2026-06-15 02:30:16] INFO [apply_amount_anomaly_detection] 开始金额异常检测，单笔阈值: [金额已隐藏] 元
[2026-06-15 02:30:16] INFO [apply_amount_anomaly_detection] 金额异常检测完成：共 2 条记录，0 条异常 (0.00%)
[2026-06-15 02:30:16] INFO [apply_counterparty_rules] 对方户名规则匹配完成: 总记录 2, 命中 0, 黑名单 0, 白名单 0
[2026-06-15 02:30:16] INFO [run_pipeline] [试运行] 跳过生成脱敏版总表
[2026-06-15 02:30:16] INFO [run_pipeline] [试运行] 跳过数据库持久化操作
[2026-06-15 02:30:16] INFO [identify_internal_transfers] 内部划转识别完成: 2 条记录, 识别出 0 对 (0 划出 + 0 划入), 涉及 0 个主体, 0 家银行
[2026-06-15 02:30:16] INFO [summarize_transactions] 主体维度汇总完成: 2 条记录, 1 个主体, 1 家银行, 1 个月份, 0 个未匹配账号
[2026-06-15 02:30:16] INFO [export_subject_summary] 主体维度汇总分析已导出: /var********************************************************************************************************
[2026-06-15 02:30:16] INFO [run_pipeline] 主体维度汇总分析已自动生成: /var********************************************************************************************************
[2026-06-15 02:30:16] INFO [check_balance_continuity] 共 1 个账号待校验
[2026-06-15 02:30:16] DEBUG [check_balance_continuity] 校验账号: 0109年03月, 记录数: 2
[2026-06-15 02:30:16] INFO [check_balance_continuity] 余额连续性校验完成 - 总账号: 1, 已校验: 1, 跳过: 0, 异常笔数: 0, 异常账号: 0
[2026-06-15 02:30:16] INFO [export_balance_check_result] 余额连续性校验结果已导出: /var*********************************************************************************************************
[2026-06-15 02:30:16] INFO [run_pipeline] 余额连续性校验报告已自动生成: /var*********************************************************************************************************
[2026-06-15 02:30:16] INFO [detect_duplicates] 重复交易检测完成 - 总记录: 2, 疑似重复组: 0, 疑似重复记录: 0, 重复率: 0.00%
[2026-06-15 02:30:16] INFO [generate_duplicate_check_from_records] 未检测到重复交易，仍导出报告
[2026-06-15 02:30:16] INFO [export_duplicate_check_result] 重复交易检测结果已导出: /var********************************************************************************************************
[2026-06-15 02:30:16] INFO [run_pipeline] 重复交易检测报告已自动生成: /var********************************************************************************************************
[2026-06-15 02:30:16] INFO [filter_interest_fee_transactions] 筛选出 0 条利息手续费交易
[2026-06-15 02:30:16] INFO [summarize_by_period] 按month汇总生成 0 条期间汇总记录，异常 0 条
[2026-06-15 02:30:16] INFO [check_interest_fee] 利息手续费核对完成 - 总记录: 0 (利息: 0, 手续费: 0), 期间汇总: 0, 异常: 0
[2026-06-15 02:30:16] WARNING [generate_interest_fee_check_from_records] 未筛选到任何利息手续费交易，跳过报告生成
[2026-06-15 02:30:16] INFO [mark_non_workday_transactions] 非工作日交易标记完成: 总记录 2, 工作日 2, 周末 0, 法定节假日 0, 调休工作日 0
[2026-06-15 02:30:16] INFO [generate_holiday_check_from_records] 未发现非工作日交易，仍导出报告
[2026-06-15 02:30:16] INFO [export_holiday_check_result] 非工作日交易标记结果已导出: /var**********************************************************************************************************
[2026-06-15 02:30:16] INFO [run_pipeline] 非工作日交易标记报告已自动生成: /var**********************************************************************************************************
[2026-06-15 02:30:16] INFO [assign_accounting_period] 会计期间归属完成: 2 条记录, 1 个期间
[2026-06-15 02:30:16] INFO [export_accounting_period_summary] 会计期间总表已导出: /var******************************************************************************************************（1 个期间）
[2026-06-15 02:30:16] INFO [run_pipeline] 会计期间总表已自动生成: /var******************************************************************************************************
[2026-06-15 02:30:16] INFO [save_report] 性能剖析报告已保存: /var****************************************************************************************************
[2026-06-15 02:30:16] INFO [save_report] 性能剖析数据已保存: /var******************************************************************************************************
[2026-06-15 02:30:16] INFO [run_pipeline] 性能剖析报告已生成: /var****************************************************************************************************
[2026-06-15 02:30:16] INFO [run_pipeline] [试运行] 跳过生成财务协同编辑模板
[2026-06-15 02:30:16] INFO [run_batch_pipeline_flow] 文件夹 [1/1] 处理成功: /var*******************************************************************************
[2026-06-15 02:30:16] INFO [run_batch_pipeline_flow] 用户取消提交试运行变更（文件夹 1/1）
[2026-06-15 02:30:16] INFO [run_batch_pipeline_flow] 批量处理全部完成: 1 个文件夹, 成功 1, 无数据 0, 失败 0
[2026-06-15 02:30:16] INFO [setup_logging] 日志系统初始化完成，日志文件: /Use*******************************************************************************************************
[2026-06-15 02:30:16] INFO [setup_logging] 未检测到 tkinter，将使用命令行交互模式
[2026-06-15 02:30:16] INFO [run_batch_pipeline_flow] 批量处理：用户选择 1 个文件夹
[2026-06-15 02:30:16] INFO [run_batch_pipeline_flow] 批量处理：用户选择运行模式: 全量覆盖
[2026-06-15 02:30:16] INFO [run_batch_pipeline_flow] 批量处理：用户选择执行模式: 试运行（不写盘）
[2026-06-15 02:30:16] INFO [run_batch_pipeline_flow] ===== 批量处理 [1/1]: /var******************************************************************************* =====
[2026-06-15 02:30:16] ERROR [run_batch_pipeline_flow] 批次创建失败: no such table: batches
Traceback (most recent call last):
  File "/Users/zhangchengcheng/work/ai-project/Trea/solo0605/label-02552/tests/../backend/bankcheck.py", line 10299, in run_batch_pipeline_flow
    batch_info = batch_manager.start_batch(input_folder=folder, operator=operator)
  File "/Users/zhangchengcheng/work/ai-project/Trea/solo0605/label-02552/tests/../backend/batch_manager.py", line 214, in start_batch
    cursor.execute('''
    ~~~~~~~~~~~~~~^^^^
        INSERT INTO batches (
        ^^^^^^^^^^^^^^^^^^^^^
    ...<8 lines>...
        batch_info.batch_dir,
        ^^^^^^^^^^^^^^^^^^^^^
    ))
    ^^
sqlite3.OperationalError: no such table: batches
[2026-06-15 02:30:16] INFO [run_pipeline] ===== 试运行模式已启用（不执行删除与写盘操作）=====
[2026-06-15 02:30:16] INFO [find_lookup_file] 精确匹配到主体查找表: /var*************************************************************************************
[2026-06-15 02:30:16] INFO [run_pipeline] 正在预加载主体查找表...
[2026-06-15 02:30:16] DEBUG [detect_file_format] 文件 /var************************************************************************************* Magic Bytes 检测为 xlsx 格式 (ZIP/OOXML)
[2026-06-15 02:30:16] INFO [load_lookup_table] 查找表加载完成：共 1 条条目，1 个唯一账号，0 个扩展字段
[2026-06-15 02:30:16] INFO [run_pipeline] 主体查找表预加载完成
[2026-06-15 02:30:17] INFO [prepare_working_folder] 已复制文件夹到同级目录: /var***********************************************************************************
[2026-06-15 02:30:17] DEBUG [scan_bank_files] 发现银行导出文件: /var*********************************************************************************************
[2026-06-15 02:30:17] INFO [scan_bank_files] 共扫描到 1 个银行导出文件
[2026-06-15 02:30:17] DEBUG [detect_file_format] 文件 /var********************************************************************************************* Magic Bytes 检测为 xlsx 格式 (ZIP/OOXML)
[2026-06-15 02:30:17] DEBUG [detect_file_format] 文件 /var********************************************************************************************* Magic Bytes 检测为 xlsx 格式 (ZIP/OOXML)
[2026-06-15 02:30:17] INFO [_identify_bank_by_content] 文件「inc1*****」通过内容特征识别为: 北京银行
[2026-06-15 02:30:17] INFO [parse] 开始处理北京银行文件: /var*********************************************************************************************
[2026-06-15 02:30:17] DEBUG [detect_file_format] 文件 /var********************************************************************************************* Magic Bytes 检测为 xlsx 格式 (ZIP/OOXML)
[2026-06-15 02:30:17] INFO [validate_headers] 北京银行文件工作表「交易明细」表头校验通过，7 个字段均匹配
[2026-06-15 02:30:17] DEBUG [get_subject_info] 银行账号「0109年03月」匹配到主体: 北********司（优先级: 0）
[2026-06-15 02:30:17] INFO [_parse_sheet] 北京银行文件工作表「交易明细」提取 2 条记录
[2026-06-15 02:30:17] INFO [parse] 北京银行文件处理完成，共提取 2 条记录
[2026-06-15 02:30:17] INFO [run_pipeline] 成功处理文件: /var*********************************************************************************************（2 条记录）
[2026-06-15 02:30:17] INFO [run_pipeline] [试运行] 跳过删除文件操作，待删除文件 1 个
[2026-06-15 02:30:17] INFO [run_pipeline] [试运行] 跳过总表写盘，模式=全量覆盖，共 2 条记录
[2026-06-15 02:30:17] INFO [apply_amount_anomaly_detection] 开始金额异常检测，单笔阈值: [金额已隐藏] 元
[2026-06-15 02:30:17] INFO [apply_amount_anomaly_detection] 金额异常检测完成：共 2 条记录，0 条异常 (0.00%)
[2026-06-15 02:30:17] INFO [apply_counterparty_rules] 对方户名规则匹配完成: 总记录 2, 命中 0, 黑名单 0, 白名单 0
[2026-06-15 02:30:17] INFO [run_pipeline] [试运行] 跳过生成脱敏版总表
[2026-06-15 02:30:17] INFO [run_pipeline] [试运行] 跳过数据库持久化操作
[2026-06-15 02:30:17] INFO [identify_internal_transfers] 内部划转识别完成: 2 条记录, 识别出 0 对 (0 划出 + 0 划入), 涉及 0 个主体, 0 家银行
[2026-06-15 02:30:17] INFO [summarize_transactions] 主体维度汇总完成: 2 条记录, 1 个主体, 1 家银行, 1 个月份, 0 个未匹配账号
[2026-06-15 02:30:17] INFO [export_subject_summary] 主体维度汇总分析已导出: /var********************************************************************************************************
[2026-06-15 02:30:17] INFO [run_pipeline] 主体维度汇总分析已自动生成: /var********************************************************************************************************
[2026-06-15 02:30:17] INFO [check_balance_continuity] 共 1 个账号待校验
[2026-06-15 02:30:17] DEBUG [check_balance_continuity] 校验账号: 0109年03月, 记录数: 2
[2026-06-15 02:30:17] INFO [check_balance_continuity] 余额连续性校验完成 - 总账号: 1, 已校验: 1, 跳过: 0, 异常笔数: 0, 异常账号: 0
[2026-06-15 02:30:17] INFO [export_balance_check_result] 余额连续性校验结果已导出: /var*********************************************************************************************************
[2026-06-15 02:30:17] INFO [run_pipeline] 余额连续性校验报告已自动生成: /var*********************************************************************************************************
[2026-06-15 02:30:17] INFO [detect_duplicates] 重复交易检测完成 - 总记录: 2, 疑似重复组: 0, 疑似重复记录: 0, 重复率: 0.00%
[2026-06-15 02:30:17] INFO [generate_duplicate_check_from_records] 未检测到重复交易，仍导出报告
[2026-06-15 02:30:17] INFO [export_duplicate_check_result] 重复交易检测结果已导出: /var********************************************************************************************************
[2026-06-15 02:30:17] INFO [run_pipeline] 重复交易检测报告已自动生成: /var********************************************************************************************************
[2026-06-15 02:30:17] INFO [filter_interest_fee_transactions] 筛选出 0 条利息手续费交易
[2026-06-15 02:30:17] INFO [summarize_by_period] 按month汇总生成 0 条期间汇总记录，异常 0 条
[2026-06-15 02:30:17] INFO [check_interest_fee] 利息手续费核对完成 - 总记录: 0 (利息: 0, 手续费: 0), 期间汇总: 0, 异常: 0
[2026-06-15 02:30:17] WARNING [generate_interest_fee_check_from_records] 未筛选到任何利息手续费交易，跳过报告生成
[2026-06-15 02:30:17] INFO [mark_non_workday_transactions] 非工作日交易标记完成: 总记录 2, 工作日 2, 周末 0, 法定节假日 0, 调休工作日 0
[2026-06-15 02:30:17] INFO [generate_holiday_check_from_records] 未发现非工作日交易，仍导出报告
[2026-06-15 02:30:17] INFO [export_holiday_check_result] 非工作日交易标记结果已导出: /var**********************************************************************************************************
[2026-06-15 02:30:17] INFO [run_pipeline] 非工作日交易标记报告已自动生成: /var**********************************************************************************************************
[2026-06-15 02:30:17] INFO [assign_accounting_period] 会计期间归属完成: 2 条记录, 1 个期间
[2026-06-15 02:30:17] INFO [export_accounting_period_summary] 会计期间总表已导出: /var******************************************************************************************************（1 个期间）
[2026-06-15 02:30:17] INFO [run_pipeline] 会计期间总表已自动生成: /var******************************************************************************************************
[2026-06-15 02:30:17] INFO [save_report] 性能剖析报告已保存: /var****************************************************************************************************
[2026-06-15 02:30:17] INFO [save_report] 性能剖析数据已保存: /var******************************************************************************************************
[2026-06-15 02:30:17] INFO [run_pipeline] 性能剖析报告已生成: /var****************************************************************************************************
[2026-06-15 02:30:17] INFO [run_pipeline] [试运行] 跳过生成财务协同编辑模板
[2026-06-15 02:30:17] INFO [run_batch_pipeline_flow] 文件夹 [1/1] 处理成功: /var*******************************************************************************
[2026-06-15 02:30:17] INFO [run_batch_pipeline_flow] 用户取消提交试运行变更（文件夹 1/1）
[2026-06-15 02:30:17] INFO [run_batch_pipeline_flow] 批量处理全部完成: 1 个文件夹, 成功 1, 无数据 0, 失败 0
[2026-06-15 02:30:17] INFO [setup_logging] 日志系统初始化完成，日志文件: /Use*******************************************************************************************************
[2026-06-15 02:30:17] INFO [setup_logging] 未检测到 tkinter，将使用命令行交互模式
[2026-06-15 02:30:17] INFO [setup_logging] 日志系统初始化完成，日志文件: /Use*******************************************************************************************************
[2026-06-15 02:30:17] INFO [setup_logging] 未检测到 tkinter，将使用命令行交互模式
[2026-06-15 02:30:17] INFO [setup_logging] 日志系统初始化完成，日志文件: /Use*******************************************************************************************************
[2026-06-15 02:30:17] INFO [setup_logging] 未检测到 tkinter，将使用命令行交互模式
[2026-06-15 02:30:17] INFO [setup_logging] 日志系统初始化完成，日志文件: /Use*******************************************************************************************************
[2026-06-15 02:30:17] INFO [setup_logging] 未检测到 tkinter，将使用命令行交互模式
[2026-06-15 02:30:17] INFO [setup_logging] 日志系统初始化完成，日志文件: /Use*******************************************************************************************************
[2026-06-15 02:30:17] INFO [setup_logging] 未检测到 tkinter，将使用命令行交互模式
[2026-06-15 02:30:17] INFO [setup_logging] 日志系统初始化完成，日志文件: /Use*******************************************************************************************************
[2026-06-15 02:30:17] INFO [setup_logging] 未检测到 tkinter，将使用命令行交互模式
