[2026-06-14 15:01:27] INFO [setup_logging] 日志系统初始化完成，日志文件: /Use*******************************************************************************************************
[2026-06-14 15:01:27] INFO [setup_logging] 未检测到 tkinter，将使用命令行交互模式
[2026-06-14 15:01:27] INFO [parse] 开始处理北京银行文件: /var*********************************************************************************
[2026-06-14 15:01:27] DEBUG [detect_excel_format] 文件 /var********************************************************************************* Magic Bytes 检测为 xlsx 格式 (ZIP/OOXML)
[2026-06-14 15:01:27] INFO [validate_headers] 北京银行文件工作表「交易明细」表头校验通过，7 个字段均匹配
[2026-06-14 15:01:27] DEBUG [detect_excel_format] 文件 /var******************************************************************************* Magic Bytes 检测为 xlsx 格式 (ZIP/OOXML)
[2026-06-14 15:01:27] INFO [load_lookup_table] 查找表加载完成：共 5 条条目，5 个唯一账号，0 个扩展字段
[2026-06-14 15:01:27] DEBUG [get_subject_info] 银行账号「0109年03月」匹配到主体: 北********司（优先级: 0）
[2026-06-14 15:01:27] INFO [_parse_sheet] 北京银行文件工作表「交易明细」提取 2 条记录
[2026-06-14 15:01:27] INFO [parse] 北京银行文件处理完成，共提取 2 条记录
[2026-06-14 15:01:27] INFO [setup_logging] 日志系统初始化完成，日志文件: /Use*******************************************************************************************************
[2026-06-14 15:01:27] INFO [setup_logging] 未检测到 tkinter，将使用命令行交互模式
[2026-06-14 15:01:27] INFO [parse] 开始处理东亚银行文件: /var*********************************************************************************
[2026-06-14 15:01:27] DEBUG [detect_excel_format] 文件 /var********************************************************************************* Magic Bytes 检测为 xlsx 格式 (ZIP/OOXML)
[2026-06-14 15:01:27] INFO [validate_headers] 东亚银行文件工作表「交易明细」表头校验通过，7 个字段均匹配
[2026-06-14 15:01:27] DEBUG [detect_excel_format] 文件 /var******************************************************************************* Magic Bytes 检测为 xlsx 格式 (ZIP/OOXML)
[2026-06-14 15:01:27] INFO [load_lookup_table] 查找表加载完成：共 5 条条目，5 个唯一账号，0 个扩展字段
[2026-06-14 15:01:27] DEBUG [get_subject_info] 银行账号「3881年23月」匹配到主体: 上********司（优先级: 0）
[2026-06-14 15:01:27] INFO [_parse_sheet] 东亚银行文件工作表「交易明细」提取 2 条记录
[2026-06-14 15:01:27] INFO [parse] 东亚银行文件处理完成，共提取 2 条记录
[2026-06-14 15:01:27] INFO [setup_logging] 日志系统初始化完成，日志文件: /Use*******************************************************************************************************
[2026-06-14 15:01:27] INFO [setup_logging] 未检测到 tkinter，将使用命令行交互模式
[2026-06-14 15:01:27] INFO [parse] 开始处理工商银行文件: /var*********************************************************************************
[2026-06-14 15:01:27] DEBUG [detect_excel_format] 文件 /var********************************************************************************* Magic Bytes 检测为 xlsx 格式 (ZIP/OOXML)
[2026-06-14 15:01:27] INFO [validate_headers] 工商银行文件工作表「交易明细」表头校验通过，7 个字段均匹配
[2026-06-14 15:01:27] DEBUG [detect_excel_format] 文件 /var******************************************************************************* Magic Bytes 检测为 xlsx 格式 (ZIP/OOXML)
[2026-06-14 15:01:27] INFO [load_lookup_table] 查找表加载完成：共 5 条条目，5 个唯一账号，0 个扩展字段
[2026-06-14 15:01:27] DEBUG [get_subject_info] 银行账号「6222年02月」匹配到主体: 深********司（优先级: 0）
[2026-06-14 15:01:27] INFO [_parse_sheet] 工商银行文件工作表「交易明细」提取 2 条记录
[2026-06-14 15:01:27] INFO [parse] 工商银行文件处理完成，共提取 2 条记录
[2026-06-14 15:01:27] INFO [setup_logging] 日志系统初始化完成，日志文件: /Use*******************************************************************************************************
[2026-06-14 15:01:27] INFO [setup_logging] 未检测到 tkinter，将使用命令行交互模式
[2026-06-14 15:01:27] INFO [parse] 开始处理建设银行文件: /var*********************************************************************************
[2026-06-14 15:01:27] DEBUG [detect_excel_format] 文件 /var********************************************************************************* Magic Bytes 检测为 xlsx 格式 (ZIP/OOXML)
[2026-06-14 15:01:27] INFO [validate_headers] 建设银行文件工作表「交易明细」表头校验通过，7 个字段均匹配
[2026-06-14 15:01:27] DEBUG [detect_excel_format] 文件 /var******************************************************************************* Magic Bytes 检测为 xlsx 格式 (ZIP/OOXML)
[2026-06-14 15:01:27] INFO [load_lookup_table] 查找表加载完成：共 5 条条目，5 个唯一账号，0 个扩展字段
[2026-06-14 15:01:27] DEBUG [get_subject_info] 银行账号「6227年00月」匹配到主体: 广**********司（优先级: 0）
[2026-06-14 15:01:27] INFO [_parse_sheet] 建设银行文件工作表「交易明细」提取 2 条记录
[2026-06-14 15:01:27] INFO [parse] 建设银行文件处理完成，共提取 2 条记录
[2026-06-14 15:01:27] INFO [setup_logging] 日志系统初始化完成，日志文件: /Use*******************************************************************************************************
[2026-06-14 15:01:27] INFO [setup_logging] 未检测到 tkinter，将使用命令行交互模式
[2026-06-14 15:01:27] INFO [parse] 开始处理招商银行文件: /var*********************************************************************************
[2026-06-14 15:01:27] DEBUG [detect_excel_format] 文件 /var********************************************************************************* Magic Bytes 检测为 xlsx 格式 (ZIP/OOXML)
[2026-06-14 15:01:27] INFO [validate_headers] 招商银行文件工作表「活期交易明细」表头校验通过，7 个字段均匹配
[2026-06-14 15:01:27] DEBUG [detect_excel_format] 文件 /var******************************************************************************* Magic Bytes 检测为 xlsx 格式 (ZIP/OOXML)
[2026-06-14 15:01:27] INFO [load_lookup_table] 查找表加载完成：共 5 条条目，5 个唯一账号，0 个扩展字段
[2026-06-14 15:01:27] DEBUG [get_subject_info] 银行账号「6225年88月」匹配到主体: 杭**********司（优先级: 0）
[2026-06-14 15:01:27] INFO [_parse_sheet] 招商银行文件工作表「活期交易明细」提取 2 条记录
[2026-06-14 15:01:27] INFO [parse] 招商银行文件处理完成，共提取 2 条记录
[2026-06-14 15:01:27] INFO [setup_logging] 日志系统初始化完成，日志文件: /Use*******************************************************************************************************
[2026-06-14 15:01:27] INFO [setup_logging] 未检测到 tkinter，将使用命令行交互模式
[2026-06-14 15:01:27] INFO [parse] 开始处理北京银行文件: /var*********************************************************************************
[2026-06-14 15:01:27] DEBUG [detect_excel_format] 文件 /var********************************************************************************* Magic Bytes 检测为 xlsx 格式 (ZIP/OOXML)
[2026-06-14 15:01:27] INFO [validate_headers] 北京银行文件工作表「交易明细」表头校验通过，7 个字段均匹配
[2026-06-14 15:01:27] DEBUG [detect_excel_format] 文件 /var******************************************************************************* Magic Bytes 检测为 xlsx 格式 (ZIP/OOXML)
[2026-06-14 15:01:27] INFO [load_lookup_table] 查找表加载完成：共 5 条条目，5 个唯一账号，0 个扩展字段
[2026-06-14 15:01:27] DEBUG [get_subject_info] 银行账号「0109年03月」匹配到主体: 北********司（优先级: 0）
[2026-06-14 15:01:27] INFO [_parse_sheet] 北京银行文件工作表「交易明细」提取 2 条记录
[2026-06-14 15:01:27] INFO [parse] 北京银行文件处理完成，共提取 2 条记录
[2026-06-14 15:01:27] INFO [setup_logging] 日志系统初始化完成，日志文件: /Use*******************************************************************************************************
[2026-06-14 15:01:27] INFO [setup_logging] 未检测到 tkinter，将使用命令行交互模式
[2026-06-14 15:01:27] INFO [parse] 开始处理东亚银行文件: /var*********************************************************************************
[2026-06-14 15:01:27] DEBUG [detect_excel_format] 文件 /var********************************************************************************* Magic Bytes 检测为 xlsx 格式 (ZIP/OOXML)
[2026-06-14 15:01:27] INFO [validate_headers] 东亚银行文件工作表「交易明细」表头校验通过，7 个字段均匹配
[2026-06-14 15:01:27] DEBUG [detect_excel_format] 文件 /var******************************************************************************* Magic Bytes 检测为 xlsx 格式 (ZIP/OOXML)
[2026-06-14 15:01:27] INFO [load_lookup_table] 查找表加载完成：共 5 条条目，5 个唯一账号，0 个扩展字段
[2026-06-14 15:01:27] DEBUG [get_subject_info] 银行账号「3881年23月」匹配到主体: 上********司（优先级: 0）
[2026-06-14 15:01:27] INFO [_parse_sheet] 东亚银行文件工作表「交易明细」提取 2 条记录
[2026-06-14 15:01:27] INFO [parse] 东亚银行文件处理完成，共提取 2 条记录
[2026-06-14 15:01:27] INFO [setup_logging] 日志系统初始化完成，日志文件: /Use*******************************************************************************************************
[2026-06-14 15:01:27] INFO [setup_logging] 未检测到 tkinter，将使用命令行交互模式
[2026-06-14 15:01:27] INFO [parse] 开始处理工商银行文件: /var*********************************************************************************
[2026-06-14 15:01:27] DEBUG [detect_excel_format] 文件 /var********************************************************************************* Magic Bytes 检测为 xlsx 格式 (ZIP/OOXML)
[2026-06-14 15:01:27] INFO [validate_headers] 工商银行文件工作表「交易明细」表头校验通过，7 个字段均匹配
[2026-06-14 15:01:27] DEBUG [detect_excel_format] 文件 /var******************************************************************************* Magic Bytes 检测为 xlsx 格式 (ZIP/OOXML)
[2026-06-14 15:01:27] INFO [load_lookup_table] 查找表加载完成：共 5 条条目，5 个唯一账号，0 个扩展字段
[2026-06-14 15:01:27] DEBUG [get_subject_info] 银行账号「6222年02月」匹配到主体: 深********司（优先级: 0）
[2026-06-14 15:01:27] INFO [_parse_sheet] 工商银行文件工作表「交易明细」提取 2 条记录
[2026-06-14 15:01:27] INFO [parse] 工商银行文件处理完成，共提取 2 条记录
[2026-06-14 15:01:27] INFO [setup_logging] 日志系统初始化完成，日志文件: /Use*******************************************************************************************************
[2026-06-14 15:01:27] INFO [setup_logging] 未检测到 tkinter，将使用命令行交互模式
[2026-06-14 15:01:27] INFO [parse] 开始处理建设银行文件: /var*********************************************************************************
[2026-06-14 15:01:27] DEBUG [detect_excel_format] 文件 /var********************************************************************************* Magic Bytes 检测为 xlsx 格式 (ZIP/OOXML)
[2026-06-14 15:01:27] INFO [validate_headers] 建设银行文件工作表「交易明细」表头校验通过，7 个字段均匹配
[2026-06-14 15:01:27] DEBUG [detect_excel_format] 文件 /var******************************************************************************* Magic Bytes 检测为 xlsx 格式 (ZIP/OOXML)
[2026-06-14 15:01:27] INFO [load_lookup_table] 查找表加载完成：共 5 条条目，5 个唯一账号，0 个扩展字段
[2026-06-14 15:01:27] DEBUG [get_subject_info] 银行账号「6227年00月」匹配到主体: 广**********司（优先级: 0）
[2026-06-14 15:01:27] INFO [_parse_sheet] 建设银行文件工作表「交易明细」提取 2 条记录
[2026-06-14 15:01:27] INFO [parse] 建设银行文件处理完成，共提取 2 条记录
[2026-06-14 15:01:27] INFO [setup_logging] 日志系统初始化完成，日志文件: /Use*******************************************************************************************************
[2026-06-14 15:01:27] INFO [setup_logging] 未检测到 tkinter，将使用命令行交互模式
[2026-06-14 15:01:27] INFO [parse] 开始处理招商银行文件: /var*********************************************************************************
[2026-06-14 15:01:27] DEBUG [detect_excel_format] 文件 /var********************************************************************************* Magic Bytes 检测为 xlsx 格式 (ZIP/OOXML)
[2026-06-14 15:01:27] INFO [validate_headers] 招商银行文件工作表「活期交易明细」表头校验通过，7 个字段均匹配
[2026-06-14 15:01:27] DEBUG [detect_excel_format] 文件 /var******************************************************************************* Magic Bytes 检测为 xlsx 格式 (ZIP/OOXML)
[2026-06-14 15:01:27] INFO [load_lookup_table] 查找表加载完成：共 5 条条目，5 个唯一账号，0 个扩展字段
[2026-06-14 15:01:27] DEBUG [get_subject_info] 银行账号「6225年88月」匹配到主体: 杭**********司（优先级: 0）
[2026-06-14 15:01:27] INFO [_parse_sheet] 招商银行文件工作表「活期交易明细」提取 2 条记录
[2026-06-14 15:01:27] INFO [parse] 招商银行文件处理完成，共提取 2 条记录
[2026-06-14 15:01:27] INFO [setup_logging] 日志系统初始化完成，日志文件: /Use*******************************************************************************************************
[2026-06-14 15:01:27] INFO [setup_logging] 未检测到 tkinter，将使用命令行交互模式
[2026-06-14 15:01:27] INFO [parse] 开始处理北京银行文件: /var*********************************************************************************
[2026-06-14 15:01:27] DEBUG [detect_excel_format] 文件 /var********************************************************************************* Magic Bytes 检测为 xlsx 格式 (ZIP/OOXML)
[2026-06-14 15:01:27] INFO [validate_headers] 北京银行文件工作表「交易明细」表头校验通过，7 个字段均匹配
[2026-06-14 15:01:27] DEBUG [detect_excel_format] 文件 /var******************************************************************************* Magic Bytes 检测为 xlsx 格式 (ZIP/OOXML)
[2026-06-14 15:01:27] INFO [load_lookup_table] 查找表加载完成：共 5 条条目，5 个唯一账号，0 个扩展字段
[2026-06-14 15:01:27] DEBUG [get_subject_info] 银行账号「0109年03月」匹配到主体: 北********司（优先级: 0）
[2026-06-14 15:01:27] INFO [_parse_sheet] 北京银行文件工作表「交易明细」提取 2 条记录
[2026-06-14 15:01:27] INFO [parse] 北京银行文件处理完成，共提取 2 条记录
[2026-06-14 15:01:27] INFO [setup_logging] 日志系统初始化完成，日志文件: /Use*******************************************************************************************************
[2026-06-14 15:01:27] INFO [setup_logging] 未检测到 tkinter，将使用命令行交互模式
[2026-06-14 15:01:27] INFO [parse] 开始处理东亚银行文件: /var*********************************************************************************
[2026-06-14 15:01:27] DEBUG [detect_excel_format] 文件 /var********************************************************************************* Magic Bytes 检测为 xlsx 格式 (ZIP/OOXML)
[2026-06-14 15:01:27] INFO [validate_headers] 东亚银行文件工作表「交易明细」表头校验通过，7 个字段均匹配
[2026-06-14 15:01:27] DEBUG [detect_excel_format] 文件 /var******************************************************************************* Magic Bytes 检测为 xlsx 格式 (ZIP/OOXML)
[2026-06-14 15:01:27] INFO [load_lookup_table] 查找表加载完成：共 5 条条目，5 个唯一账号，0 个扩展字段
[2026-06-14 15:01:27] DEBUG [get_subject_info] 银行账号「3881年23月」匹配到主体: 上********司（优先级: 0）
[2026-06-14 15:01:27] INFO [_parse_sheet] 东亚银行文件工作表「交易明细」提取 2 条记录
[2026-06-14 15:01:27] INFO [parse] 东亚银行文件处理完成，共提取 2 条记录
[2026-06-14 15:01:27] INFO [setup_logging] 日志系统初始化完成，日志文件: /Use*******************************************************************************************************
[2026-06-14 15:01:27] INFO [setup_logging] 未检测到 tkinter，将使用命令行交互模式
[2026-06-14 15:01:27] INFO [parse] 开始处理工商银行文件: /var*********************************************************************************
[2026-06-14 15:01:27] DEBUG [detect_excel_format] 文件 /var********************************************************************************* Magic Bytes 检测为 xlsx 格式 (ZIP/OOXML)
[2026-06-14 15:01:27] INFO [validate_headers] 工商银行文件工作表「交易明细」表头校验通过，7 个字段均匹配
[2026-06-14 15:01:27] DEBUG [detect_excel_format] 文件 /var******************************************************************************* Magic Bytes 检测为 xlsx 格式 (ZIP/OOXML)
[2026-06-14 15:01:27] INFO [load_lookup_table] 查找表加载完成：共 5 条条目，5 个唯一账号，0 个扩展字段
[2026-06-14 15:01:27] DEBUG [get_subject_info] 银行账号「6222年02月」匹配到主体: 深********司（优先级: 0）
[2026-06-14 15:01:27] INFO [_parse_sheet] 工商银行文件工作表「交易明细」提取 2 条记录
[2026-06-14 15:01:27] INFO [parse] 工商银行文件处理完成，共提取 2 条记录
[2026-06-14 15:01:27] INFO [setup_logging] 日志系统初始化完成，日志文件: /Use*******************************************************************************************************
[2026-06-14 15:01:27] INFO [setup_logging] 未检测到 tkinter，将使用命令行交互模式
[2026-06-14 15:01:27] INFO [parse] 开始处理建设银行文件: /var*********************************************************************************
[2026-06-14 15:01:27] DEBUG [detect_excel_format] 文件 /var********************************************************************************* Magic Bytes 检测为 xlsx 格式 (ZIP/OOXML)
[2026-06-14 15:01:27] INFO [validate_headers] 建设银行文件工作表「交易明细」表头校验通过，7 个字段均匹配
[2026-06-14 15:01:27] DEBUG [detect_excel_format] 文件 /var******************************************************************************* Magic Bytes 检测为 xlsx 格式 (ZIP/OOXML)
[2026-06-14 15:01:27] INFO [load_lookup_table] 查找表加载完成：共 5 条条目，5 个唯一账号，0 个扩展字段
[2026-06-14 15:01:27] DEBUG [get_subject_info] 银行账号「6227年00月」匹配到主体: 广**********司（优先级: 0）
[2026-06-14 15:01:27] INFO [_parse_sheet] 建设银行文件工作表「交易明细」提取 2 条记录
[2026-06-14 15:01:27] INFO [parse] 建设银行文件处理完成，共提取 2 条记录
[2026-06-14 15:01:27] INFO [setup_logging] 日志系统初始化完成，日志文件: /Use*******************************************************************************************************
[2026-06-14 15:01:27] INFO [setup_logging] 未检测到 tkinter，将使用命令行交互模式
[2026-06-14 15:01:27] INFO [parse] 开始处理招商银行文件: /var*********************************************************************************
[2026-06-14 15:01:27] DEBUG [detect_excel_format] 文件 /var********************************************************************************* Magic Bytes 检测为 xlsx 格式 (ZIP/OOXML)
[2026-06-14 15:01:27] INFO [validate_headers] 招商银行文件工作表「活期交易明细」表头校验通过，7 个字段均匹配
[2026-06-14 15:01:27] DEBUG [detect_excel_format] 文件 /var******************************************************************************* Magic Bytes 检测为 xlsx 格式 (ZIP/OOXML)
[2026-06-14 15:01:27] INFO [load_lookup_table] 查找表加载完成：共 5 条条目，5 个唯一账号，0 个扩展字段
[2026-06-14 15:01:27] DEBUG [get_subject_info] 银行账号「6225年88月」匹配到主体: 杭**********司（优先级: 0）
[2026-06-14 15:01:27] INFO [_parse_sheet] 招商银行文件工作表「活期交易明细」提取 2 条记录
[2026-06-14 15:01:27] INFO [parse] 招商银行文件处理完成，共提取 2 条记录
[2026-06-14 15:01:27] INFO [setup_logging] 日志系统初始化完成，日志文件: /Use*******************************************************************************************************
[2026-06-14 15:01:27] INFO [setup_logging] 未检测到 tkinter，将使用命令行交互模式
[2026-06-14 15:01:27] INFO [parse] 开始处理北京银行文件: /var*********************************************************************************
[2026-06-14 15:01:27] DEBUG [detect_excel_format] 文件 /var********************************************************************************* Magic Bytes 检测为 xlsx 格式 (ZIP/OOXML)
[2026-06-14 15:01:27] INFO [validate_headers] 北京银行文件工作表「交易明细」表头校验通过，7 个字段均匹配
[2026-06-14 15:01:27] DEBUG [detect_excel_format] 文件 /var******************************************************************************* Magic Bytes 检测为 xlsx 格式 (ZIP/OOXML)
[2026-06-14 15:01:27] INFO [load_lookup_table] 查找表加载完成：共 5 条条目，5 个唯一账号，0 个扩展字段
[2026-06-14 15:01:27] DEBUG [get_subject_info] 银行账号「0109年03月」匹配到主体: 北********司（优先级: 0）
[2026-06-14 15:01:27] INFO [_parse_sheet] 北京银行文件工作表「交易明细」提取 2 条记录
[2026-06-14 15:01:27] INFO [parse] 北京银行文件处理完成，共提取 2 条记录
[2026-06-14 15:01:27] INFO [setup_logging] 日志系统初始化完成，日志文件: /Use*******************************************************************************************************
[2026-06-14 15:01:27] INFO [setup_logging] 未检测到 tkinter，将使用命令行交互模式
[2026-06-14 15:01:27] INFO [parse] 开始处理东亚银行文件: /var*********************************************************************************
[2026-06-14 15:01:27] DEBUG [detect_excel_format] 文件 /var********************************************************************************* Magic Bytes 检测为 xlsx 格式 (ZIP/OOXML)
[2026-06-14 15:01:27] INFO [validate_headers] 东亚银行文件工作表「交易明细」表头校验通过，7 个字段均匹配
[2026-06-14 15:01:27] DEBUG [detect_excel_format] 文件 /var******************************************************************************* Magic Bytes 检测为 xlsx 格式 (ZIP/OOXML)
[2026-06-14 15:01:27] INFO [load_lookup_table] 查找表加载完成：共 5 条条目，5 个唯一账号，0 个扩展字段
[2026-06-14 15:01:27] DEBUG [get_subject_info] 银行账号「3881年23月」匹配到主体: 上********司（优先级: 0）
[2026-06-14 15:01:27] INFO [_parse_sheet] 东亚银行文件工作表「交易明细」提取 2 条记录
[2026-06-14 15:01:27] INFO [parse] 东亚银行文件处理完成，共提取 2 条记录
[2026-06-14 15:01:27] INFO [setup_logging] 日志系统初始化完成，日志文件: /Use*******************************************************************************************************
[2026-06-14 15:01:27] INFO [setup_logging] 未检测到 tkinter，将使用命令行交互模式
[2026-06-14 15:01:27] INFO [parse] 开始处理工商银行文件: /var*********************************************************************************
[2026-06-14 15:01:27] DEBUG [detect_excel_format] 文件 /var********************************************************************************* Magic Bytes 检测为 xlsx 格式 (ZIP/OOXML)
[2026-06-14 15:01:27] INFO [validate_headers] 工商银行文件工作表「交易明细」表头校验通过，7 个字段均匹配
[2026-06-14 15:01:27] DEBUG [detect_excel_format] 文件 /var******************************************************************************* Magic Bytes 检测为 xlsx 格式 (ZIP/OOXML)
[2026-06-14 15:01:27] INFO [load_lookup_table] 查找表加载完成：共 5 条条目，5 个唯一账号，0 个扩展字段
[2026-06-14 15:01:27] DEBUG [get_subject_info] 银行账号「6222年02月」匹配到主体: 深********司（优先级: 0）
[2026-06-14 15:01:27] INFO [_parse_sheet] 工商银行文件工作表「交易明细」提取 2 条记录
[2026-06-14 15:01:27] INFO [parse] 工商银行文件处理完成，共提取 2 条记录
[2026-06-14 15:01:27] INFO [setup_logging] 日志系统初始化完成，日志文件: /Use*******************************************************************************************************
[2026-06-14 15:01:27] INFO [setup_logging] 未检测到 tkinter，将使用命令行交互模式
[2026-06-14 15:01:27] INFO [parse] 开始处理建设银行文件: /var*********************************************************************************
[2026-06-14 15:01:27] DEBUG [detect_excel_format] 文件 /var********************************************************************************* Magic Bytes 检测为 xlsx 格式 (ZIP/OOXML)
[2026-06-14 15:01:27] INFO [validate_headers] 建设银行文件工作表「交易明细」表头校验通过，7 个字段均匹配
[2026-06-14 15:01:27] DEBUG [detect_excel_format] 文件 /var******************************************************************************* Magic Bytes 检测为 xlsx 格式 (ZIP/OOXML)
[2026-06-14 15:01:27] INFO [load_lookup_table] 查找表加载完成：共 5 条条目，5 个唯一账号，0 个扩展字段
[2026-06-14 15:01:27] DEBUG [get_subject_info] 银行账号「6227年00月」匹配到主体: 广**********司（优先级: 0）
[2026-06-14 15:01:27] INFO [_parse_sheet] 建设银行文件工作表「交易明细」提取 2 条记录
[2026-06-14 15:01:27] INFO [parse] 建设银行文件处理完成，共提取 2 条记录
[2026-06-14 15:01:27] INFO [setup_logging] 日志系统初始化完成，日志文件: /Use*******************************************************************************************************
[2026-06-14 15:01:27] INFO [setup_logging] 未检测到 tkinter，将使用命令行交互模式
[2026-06-14 15:01:27] INFO [parse] 开始处理招商银行文件: /var*********************************************************************************
[2026-06-14 15:01:27] DEBUG [detect_excel_format] 文件 /var********************************************************************************* Magic Bytes 检测为 xlsx 格式 (ZIP/OOXML)
[2026-06-14 15:01:27] INFO [validate_headers] 招商银行文件工作表「活期交易明细」表头校验通过，7 个字段均匹配
[2026-06-14 15:01:27] DEBUG [detect_excel_format] 文件 /var******************************************************************************* Magic Bytes 检测为 xlsx 格式 (ZIP/OOXML)
[2026-06-14 15:01:27] INFO [load_lookup_table] 查找表加载完成：共 5 条条目，5 个唯一账号，0 个扩展字段
[2026-06-14 15:01:27] DEBUG [get_subject_info] 银行账号「6225年88月」匹配到主体: 杭**********司（优先级: 0）
[2026-06-14 15:01:27] INFO [_parse_sheet] 招商银行文件工作表「活期交易明细」提取 2 条记录
[2026-06-14 15:01:27] INFO [parse] 招商银行文件处理完成，共提取 2 条记录
[2026-06-14 15:01:27] INFO [setup_logging] 日志系统初始化完成，日志文件: /Use*******************************************************************************************************
[2026-06-14 15:01:27] INFO [setup_logging] 未检测到 tkinter，将使用命令行交互模式
[2026-06-14 15:01:27] INFO [parse] 开始处理北京银行文件: /var*********************************************************************************
[2026-06-14 15:01:27] DEBUG [detect_excel_format] 文件 /var********************************************************************************* Magic Bytes 检测为 xlsx 格式 (ZIP/OOXML)
[2026-06-14 15:01:27] INFO [validate_headers] 北京银行文件工作表「交易明细」表头校验通过，7 个字段均匹配
[2026-06-14 15:01:27] DEBUG [detect_excel_format] 文件 /var******************************************************************************* Magic Bytes 检测为 xlsx 格式 (ZIP/OOXML)
[2026-06-14 15:01:27] INFO [load_lookup_table] 查找表加载完成：共 5 条条目，5 个唯一账号，0 个扩展字段
[2026-06-14 15:01:27] DEBUG [get_subject_info] 银行账号「0109年03月」匹配到主体: 北********司（优先级: 0）
[2026-06-14 15:01:27] INFO [_parse_sheet] 北京银行文件工作表「交易明细」提取 2 条记录
[2026-06-14 15:01:27] INFO [parse] 北京银行文件处理完成，共提取 2 条记录
[2026-06-14 15:01:27] INFO [setup_logging] 日志系统初始化完成，日志文件: /Use*******************************************************************************************************
[2026-06-14 15:01:27] INFO [setup_logging] 未检测到 tkinter，将使用命令行交互模式
[2026-06-14 15:01:27] INFO [parse] 开始处理东亚银行文件: /var*********************************************************************************
[2026-06-14 15:01:27] DEBUG [detect_excel_format] 文件 /var********************************************************************************* Magic Bytes 检测为 xlsx 格式 (ZIP/OOXML)
[2026-06-14 15:01:27] INFO [validate_headers] 东亚银行文件工作表「交易明细」表头校验通过，7 个字段均匹配
[2026-06-14 15:01:27] DEBUG [detect_excel_format] 文件 /var******************************************************************************* Magic Bytes 检测为 xlsx 格式 (ZIP/OOXML)
[2026-06-14 15:01:27] INFO [load_lookup_table] 查找表加载完成：共 5 条条目，5 个唯一账号，0 个扩展字段
[2026-06-14 15:01:27] DEBUG [get_subject_info] 银行账号「3881年23月」匹配到主体: 上********司（优先级: 0）
[2026-06-14 15:01:27] INFO [_parse_sheet] 东亚银行文件工作表「交易明细」提取 2 条记录
[2026-06-14 15:01:27] INFO [parse] 东亚银行文件处理完成，共提取 2 条记录
[2026-06-14 15:01:27] INFO [setup_logging] 日志系统初始化完成，日志文件: /Use*******************************************************************************************************
[2026-06-14 15:01:27] INFO [setup_logging] 未检测到 tkinter，将使用命令行交互模式
[2026-06-14 15:01:27] INFO [parse] 开始处理工商银行文件: /var*********************************************************************************
[2026-06-14 15:01:27] DEBUG [detect_excel_format] 文件 /var********************************************************************************* Magic Bytes 检测为 xlsx 格式 (ZIP/OOXML)
[2026-06-14 15:01:27] INFO [validate_headers] 工商银行文件工作表「交易明细」表头校验通过，7 个字段均匹配
[2026-06-14 15:01:27] DEBUG [detect_excel_format] 文件 /var******************************************************************************* Magic Bytes 检测为 xlsx 格式 (ZIP/OOXML)
[2026-06-14 15:01:27] INFO [load_lookup_table] 查找表加载完成：共 5 条条目，5 个唯一账号，0 个扩展字段
[2026-06-14 15:01:27] DEBUG [get_subject_info] 银行账号「6222年02月」匹配到主体: 深********司（优先级: 0）
[2026-06-14 15:01:27] INFO [_parse_sheet] 工商银行文件工作表「交易明细」提取 2 条记录
[2026-06-14 15:01:27] INFO [parse] 工商银行文件处理完成，共提取 2 条记录
[2026-06-14 15:01:27] INFO [setup_logging] 日志系统初始化完成，日志文件: /Use*******************************************************************************************************
[2026-06-14 15:01:27] INFO [setup_logging] 未检测到 tkinter，将使用命令行交互模式
[2026-06-14 15:01:27] INFO [parse] 开始处理建设银行文件: /var*********************************************************************************
[2026-06-14 15:01:27] DEBUG [detect_excel_format] 文件 /var********************************************************************************* Magic Bytes 检测为 xlsx 格式 (ZIP/OOXML)
[2026-06-14 15:01:27] INFO [validate_headers] 建设银行文件工作表「交易明细」表头校验通过，7 个字段均匹配
[2026-06-14 15:01:27] DEBUG [detect_excel_format] 文件 /var******************************************************************************* Magic Bytes 检测为 xlsx 格式 (ZIP/OOXML)
[2026-06-14 15:01:27] INFO [load_lookup_table] 查找表加载完成：共 5 条条目，5 个唯一账号，0 个扩展字段
[2026-06-14 15:01:27] DEBUG [get_subject_info] 银行账号「6227年00月」匹配到主体: 广**********司（优先级: 0）
[2026-06-14 15:01:27] INFO [_parse_sheet] 建设银行文件工作表「交易明细」提取 2 条记录
[2026-06-14 15:01:27] INFO [parse] 建设银行文件处理完成，共提取 2 条记录
[2026-06-14 15:01:27] INFO [setup_logging] 日志系统初始化完成，日志文件: /Use*******************************************************************************************************
[2026-06-14 15:01:27] INFO [setup_logging] 未检测到 tkinter，将使用命令行交互模式
[2026-06-14 15:01:27] INFO [parse] 开始处理招商银行文件: /var*********************************************************************************
[2026-06-14 15:01:27] DEBUG [detect_excel_format] 文件 /var********************************************************************************* Magic Bytes 检测为 xlsx 格式 (ZIP/OOXML)
[2026-06-14 15:01:27] INFO [validate_headers] 招商银行文件工作表「活期交易明细」表头校验通过，7 个字段均匹配
[2026-06-14 15:01:27] DEBUG [detect_excel_format] 文件 /var******************************************************************************* Magic Bytes 检测为 xlsx 格式 (ZIP/OOXML)
[2026-06-14 15:01:27] INFO [load_lookup_table] 查找表加载完成：共 5 条条目，5 个唯一账号，0 个扩展字段
[2026-06-14 15:01:27] DEBUG [get_subject_info] 银行账号「6225年88月」匹配到主体: 杭**********司（优先级: 0）
[2026-06-14 15:01:27] INFO [_parse_sheet] 招商银行文件工作表「活期交易明细」提取 2 条记录
[2026-06-14 15:01:27] INFO [parse] 招商银行文件处理完成，共提取 2 条记录
[2026-06-14 15:01:27] INFO [setup_logging] 日志系统初始化完成，日志文件: /Use*******************************************************************************************************
[2026-06-14 15:01:27] INFO [setup_logging] 未检测到 tkinter，将使用命令行交互模式
[2026-06-14 15:01:27] INFO [parse] 开始处理北京银行文件: /var*********************************************************************************
[2026-06-14 15:01:27] DEBUG [detect_excel_format] 文件 /var********************************************************************************* Magic Bytes 检测为 xlsx 格式 (ZIP/OOXML)
[2026-06-14 15:01:27] INFO [validate_headers] 北京银行文件工作表「交易明细」表头校验通过，7 个字段均匹配
[2026-06-14 15:01:27] DEBUG [detect_excel_format] 文件 /var******************************************************************************* Magic Bytes 检测为 xlsx 格式 (ZIP/OOXML)
[2026-06-14 15:01:27] INFO [load_lookup_table] 查找表加载完成：共 5 条条目，5 个唯一账号，0 个扩展字段
[2026-06-14 15:01:27] DEBUG [get_subject_info] 银行账号「0109年03月」匹配到主体: 北********司（优先级: 0）
[2026-06-14 15:01:27] INFO [_parse_sheet] 北京银行文件工作表「交易明细」提取 2 条记录
[2026-06-14 15:01:27] INFO [parse] 北京银行文件处理完成，共提取 2 条记录
[2026-06-14 15:01:27] INFO [setup_logging] 日志系统初始化完成，日志文件: /Use*******************************************************************************************************
[2026-06-14 15:01:27] INFO [setup_logging] 未检测到 tkinter，将使用命令行交互模式
[2026-06-14 15:01:27] INFO [parse] 开始处理东亚银行文件: /var*********************************************************************************
[2026-06-14 15:01:27] DEBUG [detect_excel_format] 文件 /var********************************************************************************* Magic Bytes 检测为 xlsx 格式 (ZIP/OOXML)
[2026-06-14 15:01:27] INFO [validate_headers] 东亚银行文件工作表「交易明细」表头校验通过，7 个字段均匹配
[2026-06-14 15:01:27] DEBUG [detect_excel_format] 文件 /var******************************************************************************* Magic Bytes 检测为 xlsx 格式 (ZIP/OOXML)
[2026-06-14 15:01:27] INFO [load_lookup_table] 查找表加载完成：共 5 条条目，5 个唯一账号，0 个扩展字段
[2026-06-14 15:01:27] DEBUG [get_subject_info] 银行账号「3881年23月」匹配到主体: 上********司（优先级: 0）
[2026-06-14 15:01:27] INFO [_parse_sheet] 东亚银行文件工作表「交易明细」提取 2 条记录
[2026-06-14 15:01:27] INFO [parse] 东亚银行文件处理完成，共提取 2 条记录
[2026-06-14 15:01:27] INFO [setup_logging] 日志系统初始化完成，日志文件: /Use*******************************************************************************************************
[2026-06-14 15:01:27] INFO [setup_logging] 未检测到 tkinter，将使用命令行交互模式
[2026-06-14 15:01:27] INFO [parse] 开始处理工商银行文件: /var*********************************************************************************
[2026-06-14 15:01:27] DEBUG [detect_excel_format] 文件 /var********************************************************************************* Magic Bytes 检测为 xlsx 格式 (ZIP/OOXML)
[2026-06-14 15:01:27] INFO [validate_headers] 工商银行文件工作表「交易明细」表头校验通过，7 个字段均匹配
[2026-06-14 15:01:27] DEBUG [detect_excel_format] 文件 /var******************************************************************************* Magic Bytes 检测为 xlsx 格式 (ZIP/OOXML)
[2026-06-14 15:01:27] INFO [load_lookup_table] 查找表加载完成：共 5 条条目，5 个唯一账号，0 个扩展字段
[2026-06-14 15:01:27] DEBUG [get_subject_info] 银行账号「6222年02月」匹配到主体: 深********司（优先级: 0）
[2026-06-14 15:01:27] INFO [_parse_sheet] 工商银行文件工作表「交易明细」提取 2 条记录
[2026-06-14 15:01:27] INFO [parse] 工商银行文件处理完成，共提取 2 条记录
[2026-06-14 15:01:27] INFO [setup_logging] 日志系统初始化完成，日志文件: /Use*******************************************************************************************************
[2026-06-14 15:01:27] INFO [setup_logging] 未检测到 tkinter，将使用命令行交互模式
[2026-06-14 15:01:27] INFO [parse] 开始处理建设银行文件: /var*********************************************************************************
[2026-06-14 15:01:27] DEBUG [detect_excel_format] 文件 /var********************************************************************************* Magic Bytes 检测为 xlsx 格式 (ZIP/OOXML)
[2026-06-14 15:01:27] INFO [validate_headers] 建设银行文件工作表「交易明细」表头校验通过，7 个字段均匹配
[2026-06-14 15:01:27] DEBUG [detect_excel_format] 文件 /var******************************************************************************* Magic Bytes 检测为 xlsx 格式 (ZIP/OOXML)
[2026-06-14 15:01:27] INFO [load_lookup_table] 查找表加载完成：共 5 条条目，5 个唯一账号，0 个扩展字段
[2026-06-14 15:01:27] DEBUG [get_subject_info] 银行账号「6227年00月」匹配到主体: 广**********司（优先级: 0）
[2026-06-14 15:01:27] INFO [_parse_sheet] 建设银行文件工作表「交易明细」提取 2 条记录
[2026-06-14 15:01:27] INFO [parse] 建设银行文件处理完成，共提取 2 条记录
[2026-06-14 15:01:27] INFO [setup_logging] 日志系统初始化完成，日志文件: /Use*******************************************************************************************************
[2026-06-14 15:01:27] INFO [setup_logging] 未检测到 tkinter，将使用命令行交互模式
[2026-06-14 15:01:27] INFO [parse] 开始处理招商银行文件: /var*********************************************************************************
[2026-06-14 15:01:27] DEBUG [detect_excel_format] 文件 /var********************************************************************************* Magic Bytes 检测为 xlsx 格式 (ZIP/OOXML)
[2026-06-14 15:01:27] INFO [validate_headers] 招商银行文件工作表「活期交易明细」表头校验通过，7 个字段均匹配
[2026-06-14 15:01:27] DEBUG [detect_excel_format] 文件 /var******************************************************************************* Magic Bytes 检测为 xlsx 格式 (ZIP/OOXML)
[2026-06-14 15:01:27] INFO [load_lookup_table] 查找表加载完成：共 5 条条目，5 个唯一账号，0 个扩展字段
[2026-06-14 15:01:27] DEBUG [get_subject_info] 银行账号「6225年88月」匹配到主体: 杭**********司（优先级: 0）
[2026-06-14 15:01:27] INFO [_parse_sheet] 招商银行文件工作表「活期交易明细」提取 2 条记录
[2026-06-14 15:01:27] INFO [parse] 招商银行文件处理完成，共提取 2 条记录
[2026-06-14 15:01:27] INFO [setup_logging] 日志系统初始化完成，日志文件: /Use*******************************************************************************************************
[2026-06-14 15:01:27] INFO [setup_logging] 未检测到 tkinter，将使用命令行交互模式
[2026-06-14 15:01:27] INFO [parse] 开始处理北京银行文件: /var*********************************************************************************
[2026-06-14 15:01:27] DEBUG [detect_excel_format] 文件 /var********************************************************************************* Magic Bytes 检测为 xlsx 格式 (ZIP/OOXML)
[2026-06-14 15:01:27] INFO [validate_headers] 北京银行文件工作表「交易明细」表头校验通过，7 个字段均匹配
[2026-06-14 15:01:27] DEBUG [detect_excel_format] 文件 /var******************************************************************************* Magic Bytes 检测为 xlsx 格式 (ZIP/OOXML)
[2026-06-14 15:01:27] INFO [load_lookup_table] 查找表加载完成：共 5 条条目，5 个唯一账号，0 个扩展字段
[2026-06-14 15:01:27] DEBUG [get_subject_info] 银行账号「0109年03月」匹配到主体: 北********司（优先级: 0）
[2026-06-14 15:01:27] INFO [_parse_sheet] 北京银行文件工作表「交易明细」提取 2 条记录
[2026-06-14 15:01:27] INFO [parse] 北京银行文件处理完成，共提取 2 条记录
[2026-06-14 15:01:27] INFO [setup_logging] 日志系统初始化完成，日志文件: /Use*******************************************************************************************************
[2026-06-14 15:01:27] INFO [setup_logging] 未检测到 tkinter，将使用命令行交互模式
[2026-06-14 15:01:27] INFO [parse] 开始处理东亚银行文件: /var*********************************************************************************
[2026-06-14 15:01:27] DEBUG [detect_excel_format] 文件 /var********************************************************************************* Magic Bytes 检测为 xlsx 格式 (ZIP/OOXML)
[2026-06-14 15:01:27] INFO [validate_headers] 东亚银行文件工作表「交易明细」表头校验通过，7 个字段均匹配
[2026-06-14 15:01:27] DEBUG [detect_excel_format] 文件 /var******************************************************************************* Magic Bytes 检测为 xlsx 格式 (ZIP/OOXML)
[2026-06-14 15:01:27] INFO [load_lookup_table] 查找表加载完成：共 5 条条目，5 个唯一账号，0 个扩展字段
[2026-06-14 15:01:27] DEBUG [get_subject_info] 银行账号「3881年23月」匹配到主体: 上********司（优先级: 0）
[2026-06-14 15:01:27] INFO [_parse_sheet] 东亚银行文件工作表「交易明细」提取 2 条记录
[2026-06-14 15:01:27] INFO [parse] 东亚银行文件处理完成，共提取 2 条记录
[2026-06-14 15:01:27] INFO [setup_logging] 日志系统初始化完成，日志文件: /Use*******************************************************************************************************
[2026-06-14 15:01:27] INFO [setup_logging] 未检测到 tkinter，将使用命令行交互模式
[2026-06-14 15:01:27] INFO [parse] 开始处理工商银行文件: /var*********************************************************************************
[2026-06-14 15:01:27] DEBUG [detect_excel_format] 文件 /var********************************************************************************* Magic Bytes 检测为 xlsx 格式 (ZIP/OOXML)
[2026-06-14 15:01:27] INFO [validate_headers] 工商银行文件工作表「交易明细」表头校验通过，7 个字段均匹配
[2026-06-14 15:01:27] DEBUG [detect_excel_format] 文件 /var******************************************************************************* Magic Bytes 检测为 xlsx 格式 (ZIP/OOXML)
[2026-06-14 15:01:27] INFO [load_lookup_table] 查找表加载完成：共 5 条条目，5 个唯一账号，0 个扩展字段
[2026-06-14 15:01:27] DEBUG [get_subject_info] 银行账号「6222年02月」匹配到主体: 深********司（优先级: 0）
[2026-06-14 15:01:27] INFO [_parse_sheet] 工商银行文件工作表「交易明细」提取 2 条记录
[2026-06-14 15:01:27] INFO [parse] 工商银行文件处理完成，共提取 2 条记录
[2026-06-14 15:01:27] INFO [setup_logging] 日志系统初始化完成，日志文件: /Use*******************************************************************************************************
[2026-06-14 15:01:27] INFO [setup_logging] 未检测到 tkinter，将使用命令行交互模式
[2026-06-14 15:01:27] INFO [parse] 开始处理建设银行文件: /var*********************************************************************************
[2026-06-14 15:01:27] DEBUG [detect_excel_format] 文件 /var********************************************************************************* Magic Bytes 检测为 xlsx 格式 (ZIP/OOXML)
[2026-06-14 15:01:27] INFO [validate_headers] 建设银行文件工作表「交易明细」表头校验通过，7 个字段均匹配
[2026-06-14 15:01:27] DEBUG [detect_excel_format] 文件 /var******************************************************************************* Magic Bytes 检测为 xlsx 格式 (ZIP/OOXML)
[2026-06-14 15:01:27] INFO [load_lookup_table] 查找表加载完成：共 5 条条目，5 个唯一账号，0 个扩展字段
[2026-06-14 15:01:27] DEBUG [get_subject_info] 银行账号「6227年00月」匹配到主体: 广**********司（优先级: 0）
[2026-06-14 15:01:27] INFO [_parse_sheet] 建设银行文件工作表「交易明细」提取 2 条记录
[2026-06-14 15:01:27] INFO [parse] 建设银行文件处理完成，共提取 2 条记录
[2026-06-14 15:01:27] INFO [setup_logging] 日志系统初始化完成，日志文件: /Use*******************************************************************************************************
[2026-06-14 15:01:27] INFO [setup_logging] 未检测到 tkinter，将使用命令行交互模式
[2026-06-14 15:01:27] INFO [parse] 开始处理招商银行文件: /var*********************************************************************************
[2026-06-14 15:01:27] DEBUG [detect_excel_format] 文件 /var********************************************************************************* Magic Bytes 检测为 xlsx 格式 (ZIP/OOXML)
[2026-06-14 15:01:27] INFO [validate_headers] 招商银行文件工作表「活期交易明细」表头校验通过，7 个字段均匹配
[2026-06-14 15:01:27] DEBUG [detect_excel_format] 文件 /var******************************************************************************* Magic Bytes 检测为 xlsx 格式 (ZIP/OOXML)
[2026-06-14 15:01:27] INFO [load_lookup_table] 查找表加载完成：共 5 条条目，5 个唯一账号，0 个扩展字段
[2026-06-14 15:01:27] DEBUG [get_subject_info] 银行账号「6225年88月」匹配到主体: 杭**********司（优先级: 0）
[2026-06-14 15:01:27] INFO [_parse_sheet] 招商银行文件工作表「活期交易明细」提取 2 条记录
[2026-06-14 15:01:27] INFO [parse] 招商银行文件处理完成，共提取 2 条记录
[2026-06-14 15:01:27] INFO [setup_logging] 日志系统初始化完成，日志文件: /Use*******************************************************************************************************
[2026-06-14 15:01:27] INFO [setup_logging] 未检测到 tkinter，将使用命令行交互模式
[2026-06-14 15:01:27] INFO [parse] 开始处理北京银行文件: /var*********************************************************************************
[2026-06-14 15:01:27] DEBUG [detect_excel_format] 文件 /var********************************************************************************* Magic Bytes 检测为 xlsx 格式 (ZIP/OOXML)
[2026-06-14 15:01:27] INFO [validate_headers] 北京银行文件工作表「交易明细」表头校验通过，7 个字段均匹配
[2026-06-14 15:01:27] DEBUG [detect_excel_format] 文件 /var******************************************************************************* Magic Bytes 检测为 xlsx 格式 (ZIP/OOXML)
[2026-06-14 15:01:27] INFO [load_lookup_table] 查找表加载完成：共 5 条条目，5 个唯一账号，0 个扩展字段
[2026-06-14 15:01:27] DEBUG [get_subject_info] 银行账号「0109年03月」匹配到主体: 北********司（优先级: 0）
[2026-06-14 15:01:27] INFO [_parse_sheet] 北京银行文件工作表「交易明细」提取 2 条记录
[2026-06-14 15:01:27] INFO [parse] 北京银行文件处理完成，共提取 2 条记录
[2026-06-14 15:01:27] INFO [setup_logging] 日志系统初始化完成，日志文件: /Use*******************************************************************************************************
[2026-06-14 15:01:27] INFO [setup_logging] 未检测到 tkinter，将使用命令行交互模式
[2026-06-14 15:01:27] INFO [parse] 开始处理东亚银行文件: /var*********************************************************************************
[2026-06-14 15:01:27] DEBUG [detect_excel_format] 文件 /var********************************************************************************* Magic Bytes 检测为 xlsx 格式 (ZIP/OOXML)
[2026-06-14 15:01:27] INFO [validate_headers] 东亚银行文件工作表「交易明细」表头校验通过，7 个字段均匹配
[2026-06-14 15:01:27] DEBUG [detect_excel_format] 文件 /var******************************************************************************* Magic Bytes 检测为 xlsx 格式 (ZIP/OOXML)
[2026-06-14 15:01:27] INFO [load_lookup_table] 查找表加载完成：共 5 条条目，5 个唯一账号，0 个扩展字段
[2026-06-14 15:01:27] DEBUG [get_subject_info] 银行账号「3881年23月」匹配到主体: 上********司（优先级: 0）
[2026-06-14 15:01:27] INFO [_parse_sheet] 东亚银行文件工作表「交易明细」提取 2 条记录
[2026-06-14 15:01:27] INFO [parse] 东亚银行文件处理完成，共提取 2 条记录
[2026-06-14 15:01:27] INFO [setup_logging] 日志系统初始化完成，日志文件: /Use*******************************************************************************************************
[2026-06-14 15:01:27] INFO [setup_logging] 未检测到 tkinter，将使用命令行交互模式
[2026-06-14 15:01:27] INFO [parse] 开始处理工商银行文件: /var*********************************************************************************
[2026-06-14 15:01:27] DEBUG [detect_excel_format] 文件 /var********************************************************************************* Magic Bytes 检测为 xlsx 格式 (ZIP/OOXML)
[2026-06-14 15:01:27] INFO [validate_headers] 工商银行文件工作表「交易明细」表头校验通过，7 个字段均匹配
[2026-06-14 15:01:27] DEBUG [detect_excel_format] 文件 /var******************************************************************************* Magic Bytes 检测为 xlsx 格式 (ZIP/OOXML)
[2026-06-14 15:01:27] INFO [load_lookup_table] 查找表加载完成：共 5 条条目，5 个唯一账号，0 个扩展字段
[2026-06-14 15:01:27] DEBUG [get_subject_info] 银行账号「6222年02月」匹配到主体: 深********司（优先级: 0）
[2026-06-14 15:01:27] INFO [_parse_sheet] 工商银行文件工作表「交易明细」提取 2 条记录
[2026-06-14 15:01:27] INFO [parse] 工商银行文件处理完成，共提取 2 条记录
[2026-06-14 15:01:27] INFO [setup_logging] 日志系统初始化完成，日志文件: /Use*******************************************************************************************************
[2026-06-14 15:01:27] INFO [setup_logging] 未检测到 tkinter，将使用命令行交互模式
[2026-06-14 15:01:27] INFO [parse] 开始处理建设银行文件: /var*********************************************************************************
[2026-06-14 15:01:27] DEBUG [detect_excel_format] 文件 /var********************************************************************************* Magic Bytes 检测为 xlsx 格式 (ZIP/OOXML)
[2026-06-14 15:01:27] INFO [validate_headers] 建设银行文件工作表「交易明细」表头校验通过，7 个字段均匹配
[2026-06-14 15:01:27] DEBUG [detect_excel_format] 文件 /var******************************************************************************* Magic Bytes 检测为 xlsx 格式 (ZIP/OOXML)
[2026-06-14 15:01:27] INFO [load_lookup_table] 查找表加载完成：共 5 条条目，5 个唯一账号，0 个扩展字段
[2026-06-14 15:01:27] DEBUG [get_subject_info] 银行账号「6227年00月」匹配到主体: 广**********司（优先级: 0）
[2026-06-14 15:01:27] INFO [_parse_sheet] 建设银行文件工作表「交易明细」提取 2 条记录
[2026-06-14 15:01:27] INFO [parse] 建设银行文件处理完成，共提取 2 条记录
[2026-06-14 15:01:27] INFO [setup_logging] 日志系统初始化完成，日志文件: /Use*******************************************************************************************************
[2026-06-14 15:01:27] INFO [setup_logging] 未检测到 tkinter，将使用命令行交互模式
[2026-06-14 15:01:27] INFO [parse] 开始处理招商银行文件: /var*********************************************************************************
[2026-06-14 15:01:27] DEBUG [detect_excel_format] 文件 /var********************************************************************************* Magic Bytes 检测为 xlsx 格式 (ZIP/OOXML)
[2026-06-14 15:01:27] INFO [validate_headers] 招商银行文件工作表「活期交易明细」表头校验通过，7 个字段均匹配
[2026-06-14 15:01:27] DEBUG [detect_excel_format] 文件 /var******************************************************************************* Magic Bytes 检测为 xlsx 格式 (ZIP/OOXML)
[2026-06-14 15:01:27] INFO [load_lookup_table] 查找表加载完成：共 5 条条目，5 个唯一账号，0 个扩展字段
[2026-06-14 15:01:27] DEBUG [get_subject_info] 银行账号「6225年88月」匹配到主体: 杭**********司（优先级: 0）
[2026-06-14 15:01:27] INFO [_parse_sheet] 招商银行文件工作表「活期交易明细」提取 2 条记录
[2026-06-14 15:01:27] INFO [parse] 招商银行文件处理完成，共提取 2 条记录
[2026-06-14 15:01:27] INFO [setup_logging] 日志系统初始化完成，日志文件: /Use*******************************************************************************************************
[2026-06-14 15:01:27] INFO [setup_logging] 未检测到 tkinter，将使用命令行交互模式
[2026-06-14 15:01:27] INFO [parse] 开始处理北京银行文件: /var*********************************************************************************
[2026-06-14 15:01:27] DEBUG [detect_excel_format] 文件 /var********************************************************************************* Magic Bytes 检测为 xlsx 格式 (ZIP/OOXML)
[2026-06-14 15:01:27] INFO [validate_headers] 北京银行文件工作表「交易明细」表头校验通过，7 个字段均匹配
[2026-06-14 15:01:27] DEBUG [detect_excel_format] 文件 /var******************************************************************************* Magic Bytes 检测为 xlsx 格式 (ZIP/OOXML)
[2026-06-14 15:01:27] INFO [load_lookup_table] 查找表加载完成：共 5 条条目，5 个唯一账号，0 个扩展字段
[2026-06-14 15:01:27] DEBUG [get_subject_info] 银行账号「0109年03月」匹配到主体: 北********司（优先级: 0）
[2026-06-14 15:01:27] INFO [_parse_sheet] 北京银行文件工作表「交易明细」提取 2 条记录
[2026-06-14 15:01:27] INFO [parse] 北京银行文件处理完成，共提取 2 条记录
[2026-06-14 15:01:27] INFO [setup_logging] 日志系统初始化完成，日志文件: /Use*******************************************************************************************************
[2026-06-14 15:01:27] INFO [setup_logging] 未检测到 tkinter，将使用命令行交互模式
[2026-06-14 15:01:27] INFO [parse] 开始处理东亚银行文件: /var*********************************************************************************
[2026-06-14 15:01:27] DEBUG [detect_excel_format] 文件 /var********************************************************************************* Magic Bytes 检测为 xlsx 格式 (ZIP/OOXML)
[2026-06-14 15:01:27] INFO [validate_headers] 东亚银行文件工作表「交易明细」表头校验通过，7 个字段均匹配
[2026-06-14 15:01:27] DEBUG [detect_excel_format] 文件 /var******************************************************************************* Magic Bytes 检测为 xlsx 格式 (ZIP/OOXML)
[2026-06-14 15:01:27] INFO [load_lookup_table] 查找表加载完成：共 5 条条目，5 个唯一账号，0 个扩展字段
[2026-06-14 15:01:27] DEBUG [get_subject_info] 银行账号「3881年23月」匹配到主体: 上********司（优先级: 0）
[2026-06-14 15:01:27] INFO [_parse_sheet] 东亚银行文件工作表「交易明细」提取 2 条记录
[2026-06-14 15:01:27] INFO [parse] 东亚银行文件处理完成，共提取 2 条记录
[2026-06-14 15:01:27] INFO [setup_logging] 日志系统初始化完成，日志文件: /Use*******************************************************************************************************
[2026-06-14 15:01:27] INFO [setup_logging] 未检测到 tkinter，将使用命令行交互模式
[2026-06-14 15:01:27] INFO [parse] 开始处理工商银行文件: /var*********************************************************************************
[2026-06-14 15:01:27] DEBUG [detect_excel_format] 文件 /var********************************************************************************* Magic Bytes 检测为 xlsx 格式 (ZIP/OOXML)
[2026-06-14 15:01:27] INFO [validate_headers] 工商银行文件工作表「交易明细」表头校验通过，7 个字段均匹配
[2026-06-14 15:01:27] DEBUG [detect_excel_format] 文件 /var******************************************************************************* Magic Bytes 检测为 xlsx 格式 (ZIP/OOXML)
[2026-06-14 15:01:27] INFO [load_lookup_table] 查找表加载完成：共 5 条条目，5 个唯一账号，0 个扩展字段
[2026-06-14 15:01:27] DEBUG [get_subject_info] 银行账号「6222年02月」匹配到主体: 深********司（优先级: 0）
[2026-06-14 15:01:27] INFO [_parse_sheet] 工商银行文件工作表「交易明细」提取 2 条记录
[2026-06-14 15:01:27] INFO [parse] 工商银行文件处理完成，共提取 2 条记录
[2026-06-14 15:01:27] INFO [setup_logging] 日志系统初始化完成，日志文件: /Use*******************************************************************************************************
[2026-06-14 15:01:27] INFO [setup_logging] 未检测到 tkinter，将使用命令行交互模式
[2026-06-14 15:01:27] INFO [parse] 开始处理建设银行文件: /var*********************************************************************************
[2026-06-14 15:01:27] DEBUG [detect_excel_format] 文件 /var********************************************************************************* Magic Bytes 检测为 xlsx 格式 (ZIP/OOXML)
[2026-06-14 15:01:27] INFO [validate_headers] 建设银行文件工作表「交易明细」表头校验通过，7 个字段均匹配
[2026-06-14 15:01:27] DEBUG [detect_excel_format] 文件 /var******************************************************************************* Magic Bytes 检测为 xlsx 格式 (ZIP/OOXML)
[2026-06-14 15:01:27] INFO [load_lookup_table] 查找表加载完成：共 5 条条目，5 个唯一账号，0 个扩展字段
[2026-06-14 15:01:27] DEBUG [get_subject_info] 银行账号「6227年00月」匹配到主体: 广**********司（优先级: 0）
[2026-06-14 15:01:27] INFO [_parse_sheet] 建设银行文件工作表「交易明细」提取 2 条记录
[2026-06-14 15:01:27] INFO [parse] 建设银行文件处理完成，共提取 2 条记录
[2026-06-14 15:01:27] INFO [setup_logging] 日志系统初始化完成，日志文件: /Use*******************************************************************************************************
[2026-06-14 15:01:27] INFO [setup_logging] 未检测到 tkinter，将使用命令行交互模式
[2026-06-14 15:01:27] INFO [parse] 开始处理招商银行文件: /var*********************************************************************************
[2026-06-14 15:01:27] DEBUG [detect_excel_format] 文件 /var********************************************************************************* Magic Bytes 检测为 xlsx 格式 (ZIP/OOXML)
[2026-06-14 15:01:27] INFO [validate_headers] 招商银行文件工作表「活期交易明细」表头校验通过，7 个字段均匹配
[2026-06-14 15:01:27] DEBUG [detect_excel_format] 文件 /var******************************************************************************* Magic Bytes 检测为 xlsx 格式 (ZIP/OOXML)
[2026-06-14 15:01:27] INFO [load_lookup_table] 查找表加载完成：共 5 条条目，5 个唯一账号，0 个扩展字段
[2026-06-14 15:01:27] DEBUG [get_subject_info] 银行账号「6225年88月」匹配到主体: 杭**********司（优先级: 0）
[2026-06-14 15:01:27] INFO [_parse_sheet] 招商银行文件工作表「活期交易明细」提取 2 条记录
[2026-06-14 15:01:27] INFO [parse] 招商银行文件处理完成，共提取 2 条记录
[2026-06-14 15:01:27] INFO [setup_logging] 日志系统初始化完成，日志文件: /Use*******************************************************************************************************
[2026-06-14 15:01:27] INFO [setup_logging] 未检测到 tkinter，将使用命令行交互模式
[2026-06-14 15:01:27] INFO [parse] 开始处理北京银行文件: /var*********************************************************************************
[2026-06-14 15:01:27] DEBUG [detect_excel_format] 文件 /var********************************************************************************* Magic Bytes 检测为 xlsx 格式 (ZIP/OOXML)
[2026-06-14 15:01:27] INFO [validate_headers] 北京银行文件工作表「交易明细」表头校验通过，7 个字段均匹配
[2026-06-14 15:01:27] DEBUG [detect_excel_format] 文件 /var******************************************************************************* Magic Bytes 检测为 xlsx 格式 (ZIP/OOXML)
[2026-06-14 15:01:27] INFO [load_lookup_table] 查找表加载完成：共 5 条条目，5 个唯一账号，0 个扩展字段
[2026-06-14 15:01:27] DEBUG [get_subject_info] 银行账号「0109年03月」匹配到主体: 北********司（优先级: 0）
[2026-06-14 15:01:27] INFO [_parse_sheet] 北京银行文件工作表「交易明细」提取 2 条记录
[2026-06-14 15:01:27] INFO [parse] 北京银行文件处理完成，共提取 2 条记录
[2026-06-14 15:01:27] INFO [setup_logging] 日志系统初始化完成，日志文件: /Use*******************************************************************************************************
[2026-06-14 15:01:27] INFO [setup_logging] 未检测到 tkinter，将使用命令行交互模式
[2026-06-14 15:01:27] INFO [parse] 开始处理东亚银行文件: /var*********************************************************************************
[2026-06-14 15:01:27] DEBUG [detect_excel_format] 文件 /var********************************************************************************* Magic Bytes 检测为 xlsx 格式 (ZIP/OOXML)
[2026-06-14 15:01:27] INFO [validate_headers] 东亚银行文件工作表「交易明细」表头校验通过，7 个字段均匹配
[2026-06-14 15:01:27] DEBUG [detect_excel_format] 文件 /var******************************************************************************* Magic Bytes 检测为 xlsx 格式 (ZIP/OOXML)
[2026-06-14 15:01:27] INFO [load_lookup_table] 查找表加载完成：共 5 条条目，5 个唯一账号，0 个扩展字段
[2026-06-14 15:01:27] DEBUG [get_subject_info] 银行账号「3881年23月」匹配到主体: 上********司（优先级: 0）
[2026-06-14 15:01:27] INFO [_parse_sheet] 东亚银行文件工作表「交易明细」提取 2 条记录
[2026-06-14 15:01:27] INFO [parse] 东亚银行文件处理完成，共提取 2 条记录
[2026-06-14 15:01:27] INFO [setup_logging] 日志系统初始化完成，日志文件: /Use*******************************************************************************************************
[2026-06-14 15:01:27] INFO [setup_logging] 未检测到 tkinter，将使用命令行交互模式
[2026-06-14 15:01:27] INFO [parse] 开始处理工商银行文件: /var*********************************************************************************
[2026-06-14 15:01:27] DEBUG [detect_excel_format] 文件 /var********************************************************************************* Magic Bytes 检测为 xlsx 格式 (ZIP/OOXML)
[2026-06-14 15:01:27] INFO [validate_headers] 工商银行文件工作表「交易明细」表头校验通过，7 个字段均匹配
[2026-06-14 15:01:27] DEBUG [detect_excel_format] 文件 /var******************************************************************************* Magic Bytes 检测为 xlsx 格式 (ZIP/OOXML)
[2026-06-14 15:01:27] INFO [load_lookup_table] 查找表加载完成：共 5 条条目，5 个唯一账号，0 个扩展字段
[2026-06-14 15:01:27] DEBUG [get_subject_info] 银行账号「6222年02月」匹配到主体: 深********司（优先级: 0）
[2026-06-14 15:01:27] INFO [_parse_sheet] 工商银行文件工作表「交易明细」提取 2 条记录
[2026-06-14 15:01:27] INFO [parse] 工商银行文件处理完成，共提取 2 条记录
[2026-06-14 15:01:27] INFO [setup_logging] 日志系统初始化完成，日志文件: /Use*******************************************************************************************************
[2026-06-14 15:01:27] INFO [setup_logging] 未检测到 tkinter，将使用命令行交互模式
[2026-06-14 15:01:27] INFO [parse] 开始处理建设银行文件: /var*********************************************************************************
[2026-06-14 15:01:27] DEBUG [detect_excel_format] 文件 /var********************************************************************************* Magic Bytes 检测为 xlsx 格式 (ZIP/OOXML)
[2026-06-14 15:01:27] INFO [validate_headers] 建设银行文件工作表「交易明细」表头校验通过，7 个字段均匹配
[2026-06-14 15:01:27] DEBUG [detect_excel_format] 文件 /var******************************************************************************* Magic Bytes 检测为 xlsx 格式 (ZIP/OOXML)
[2026-06-14 15:01:27] INFO [load_lookup_table] 查找表加载完成：共 5 条条目，5 个唯一账号，0 个扩展字段
[2026-06-14 15:01:27] DEBUG [get_subject_info] 银行账号「6227年00月」匹配到主体: 广**********司（优先级: 0）
[2026-06-14 15:01:27] INFO [_parse_sheet] 建设银行文件工作表「交易明细」提取 2 条记录
[2026-06-14 15:01:27] INFO [parse] 建设银行文件处理完成，共提取 2 条记录
[2026-06-14 15:01:27] INFO [setup_logging] 日志系统初始化完成，日志文件: /Use*******************************************************************************************************
[2026-06-14 15:01:27] INFO [setup_logging] 未检测到 tkinter，将使用命令行交互模式
[2026-06-14 15:01:27] INFO [parse] 开始处理招商银行文件: /var*********************************************************************************
[2026-06-14 15:01:27] DEBUG [detect_excel_format] 文件 /var********************************************************************************* Magic Bytes 检测为 xlsx 格式 (ZIP/OOXML)
[2026-06-14 15:01:27] INFO [validate_headers] 招商银行文件工作表「活期交易明细」表头校验通过，7 个字段均匹配
[2026-06-14 15:01:27] DEBUG [detect_excel_format] 文件 /var******************************************************************************* Magic Bytes 检测为 xlsx 格式 (ZIP/OOXML)
[2026-06-14 15:01:27] INFO [load_lookup_table] 查找表加载完成：共 5 条条目，5 个唯一账号，0 个扩展字段
[2026-06-14 15:01:27] DEBUG [get_subject_info] 银行账号「6225年88月」匹配到主体: 杭**********司（优先级: 0）
[2026-06-14 15:01:27] INFO [_parse_sheet] 招商银行文件工作表「活期交易明细」提取 2 条记录
[2026-06-14 15:01:27] INFO [parse] 招商银行文件处理完成，共提取 2 条记录
[2026-06-14 15:01:27] INFO [setup_logging] 日志系统初始化完成，日志文件: /Use*******************************************************************************************************
[2026-06-14 15:01:27] INFO [setup_logging] 未检测到 tkinter，将使用命令行交互模式
[2026-06-14 15:01:27] INFO [parse] 开始处理北京银行文件: /var*********************************************************************************
[2026-06-14 15:01:27] DEBUG [detect_excel_format] 文件 /var********************************************************************************* Magic Bytes 检测为 xlsx 格式 (ZIP/OOXML)
[2026-06-14 15:01:27] INFO [validate_headers] 北京银行文件工作表「交易明细」表头校验通过，7 个字段均匹配
[2026-06-14 15:01:27] DEBUG [detect_excel_format] 文件 /var******************************************************************************* Magic Bytes 检测为 xlsx 格式 (ZIP/OOXML)
[2026-06-14 15:01:27] INFO [load_lookup_table] 查找表加载完成：共 5 条条目，5 个唯一账号，0 个扩展字段
[2026-06-14 15:01:27] DEBUG [get_subject_info] 银行账号「0109年03月」匹配到主体: 北********司（优先级: 0）
[2026-06-14 15:01:27] INFO [_parse_sheet] 北京银行文件工作表「交易明细」提取 2 条记录
[2026-06-14 15:01:27] INFO [parse] 北京银行文件处理完成，共提取 2 条记录
[2026-06-14 15:01:27] INFO [setup_logging] 日志系统初始化完成，日志文件: /Use*******************************************************************************************************
[2026-06-14 15:01:27] INFO [setup_logging] 未检测到 tkinter，将使用命令行交互模式
[2026-06-14 15:01:27] INFO [parse] 开始处理东亚银行文件: /var*********************************************************************************
[2026-06-14 15:01:27] DEBUG [detect_excel_format] 文件 /var********************************************************************************* Magic Bytes 检测为 xlsx 格式 (ZIP/OOXML)
[2026-06-14 15:01:27] INFO [validate_headers] 东亚银行文件工作表「交易明细」表头校验通过，7 个字段均匹配
[2026-06-14 15:01:27] DEBUG [detect_excel_format] 文件 /var******************************************************************************* Magic Bytes 检测为 xlsx 格式 (ZIP/OOXML)
[2026-06-14 15:01:27] INFO [load_lookup_table] 查找表加载完成：共 5 条条目，5 个唯一账号，0 个扩展字段
[2026-06-14 15:01:27] DEBUG [get_subject_info] 银行账号「3881年23月」匹配到主体: 上********司（优先级: 0）
[2026-06-14 15:01:27] INFO [_parse_sheet] 东亚银行文件工作表「交易明细」提取 2 条记录
[2026-06-14 15:01:27] INFO [parse] 东亚银行文件处理完成，共提取 2 条记录
[2026-06-14 15:01:27] INFO [setup_logging] 日志系统初始化完成，日志文件: /Use*******************************************************************************************************
[2026-06-14 15:01:27] INFO [setup_logging] 未检测到 tkinter，将使用命令行交互模式
[2026-06-14 15:01:27] INFO [parse] 开始处理工商银行文件: /var*********************************************************************************
[2026-06-14 15:01:27] DEBUG [detect_excel_format] 文件 /var********************************************************************************* Magic Bytes 检测为 xlsx 格式 (ZIP/OOXML)
[2026-06-14 15:01:27] INFO [validate_headers] 工商银行文件工作表「交易明细」表头校验通过，7 个字段均匹配
[2026-06-14 15:01:27] DEBUG [detect_excel_format] 文件 /var******************************************************************************* Magic Bytes 检测为 xlsx 格式 (ZIP/OOXML)
[2026-06-14 15:01:27] INFO [load_lookup_table] 查找表加载完成：共 5 条条目，5 个唯一账号，0 个扩展字段
[2026-06-14 15:01:27] DEBUG [get_subject_info] 银行账号「6222年02月」匹配到主体: 深********司（优先级: 0）
[2026-06-14 15:01:27] INFO [_parse_sheet] 工商银行文件工作表「交易明细」提取 2 条记录
[2026-06-14 15:01:27] INFO [parse] 工商银行文件处理完成，共提取 2 条记录
[2026-06-14 15:01:27] INFO [setup_logging] 日志系统初始化完成，日志文件: /Use*******************************************************************************************************
[2026-06-14 15:01:27] INFO [setup_logging] 未检测到 tkinter，将使用命令行交互模式
[2026-06-14 15:01:27] INFO [parse] 开始处理建设银行文件: /var*********************************************************************************
[2026-06-14 15:01:27] DEBUG [detect_excel_format] 文件 /var********************************************************************************* Magic Bytes 检测为 xlsx 格式 (ZIP/OOXML)
[2026-06-14 15:01:27] INFO [validate_headers] 建设银行文件工作表「交易明细」表头校验通过，7 个字段均匹配
[2026-06-14 15:01:27] DEBUG [detect_excel_format] 文件 /var******************************************************************************* Magic Bytes 检测为 xlsx 格式 (ZIP/OOXML)
[2026-06-14 15:01:27] INFO [load_lookup_table] 查找表加载完成：共 5 条条目，5 个唯一账号，0 个扩展字段
[2026-06-14 15:01:27] DEBUG [get_subject_info] 银行账号「6227年00月」匹配到主体: 广**********司（优先级: 0）
[2026-06-14 15:01:27] INFO [_parse_sheet] 建设银行文件工作表「交易明细」提取 2 条记录
[2026-06-14 15:01:27] INFO [parse] 建设银行文件处理完成，共提取 2 条记录
[2026-06-14 15:01:27] INFO [setup_logging] 日志系统初始化完成，日志文件: /Use*******************************************************************************************************
[2026-06-14 15:01:27] INFO [setup_logging] 未检测到 tkinter，将使用命令行交互模式
[2026-06-14 15:01:27] INFO [parse] 开始处理招商银行文件: /var*********************************************************************************
[2026-06-14 15:01:27] DEBUG [detect_excel_format] 文件 /var********************************************************************************* Magic Bytes 检测为 xlsx 格式 (ZIP/OOXML)
[2026-06-14 15:01:27] INFO [validate_headers] 招商银行文件工作表「活期交易明细」表头校验通过，7 个字段均匹配
[2026-06-14 15:01:27] DEBUG [detect_excel_format] 文件 /var******************************************************************************* Magic Bytes 检测为 xlsx 格式 (ZIP/OOXML)
[2026-06-14 15:01:27] INFO [load_lookup_table] 查找表加载完成：共 5 条条目，5 个唯一账号，0 个扩展字段
[2026-06-14 15:01:27] DEBUG [get_subject_info] 银行账号「6225年88月」匹配到主体: 杭**********司（优先级: 0）
[2026-06-14 15:01:27] INFO [_parse_sheet] 招商银行文件工作表「活期交易明细」提取 2 条记录
[2026-06-14 15:01:27] INFO [parse] 招商银行文件处理完成，共提取 2 条记录
[2026-06-14 15:01:27] INFO [setup_logging] 日志系统初始化完成，日志文件: /Use*******************************************************************************************************
[2026-06-14 15:01:27] INFO [setup_logging] 未检测到 tkinter，将使用命令行交互模式
[2026-06-14 15:01:27] INFO [parse] 开始处理北京银行文件: /var*********************************************************************************
[2026-06-14 15:01:27] DEBUG [detect_excel_format] 文件 /var********************************************************************************* Magic Bytes 检测为 xlsx 格式 (ZIP/OOXML)
[2026-06-14 15:01:27] INFO [validate_headers] 北京银行文件工作表「交易明细」表头校验通过，7 个字段均匹配
[2026-06-14 15:01:27] DEBUG [detect_excel_format] 文件 /var******************************************************************************* Magic Bytes 检测为 xlsx 格式 (ZIP/OOXML)
[2026-06-14 15:01:27] INFO [load_lookup_table] 查找表加载完成：共 5 条条目，5 个唯一账号，0 个扩展字段
[2026-06-14 15:01:27] DEBUG [get_subject_info] 银行账号「0109年03月」匹配到主体: 北********司（优先级: 0）
[2026-06-14 15:01:27] INFO [_parse_sheet] 北京银行文件工作表「交易明细」提取 2 条记录
[2026-06-14 15:01:28] INFO [parse] 北京银行文件处理完成，共提取 2 条记录
[2026-06-14 15:01:28] INFO [setup_logging] 日志系统初始化完成，日志文件: /Use*******************************************************************************************************
[2026-06-14 15:01:28] INFO [setup_logging] 未检测到 tkinter，将使用命令行交互模式
[2026-06-14 15:01:28] INFO [parse] 开始处理东亚银行文件: /var*********************************************************************************
[2026-06-14 15:01:28] DEBUG [detect_excel_format] 文件 /var********************************************************************************* Magic Bytes 检测为 xlsx 格式 (ZIP/OOXML)
[2026-06-14 15:01:28] INFO [validate_headers] 东亚银行文件工作表「交易明细」表头校验通过，7 个字段均匹配
[2026-06-14 15:01:28] DEBUG [detect_excel_format] 文件 /var******************************************************************************* Magic Bytes 检测为 xlsx 格式 (ZIP/OOXML)
[2026-06-14 15:01:28] INFO [load_lookup_table] 查找表加载完成：共 5 条条目，5 个唯一账号，0 个扩展字段
[2026-06-14 15:01:28] DEBUG [get_subject_info] 银行账号「3881年23月」匹配到主体: 上********司（优先级: 0）
[2026-06-14 15:01:28] INFO [_parse_sheet] 东亚银行文件工作表「交易明细」提取 2 条记录
[2026-06-14 15:01:28] INFO [parse] 东亚银行文件处理完成，共提取 2 条记录
[2026-06-14 15:01:28] INFO [setup_logging] 日志系统初始化完成，日志文件: /Use*******************************************************************************************************
[2026-06-14 15:01:28] INFO [setup_logging] 未检测到 tkinter，将使用命令行交互模式
[2026-06-14 15:01:28] INFO [parse] 开始处理工商银行文件: /var*********************************************************************************
[2026-06-14 15:01:28] DEBUG [detect_excel_format] 文件 /var********************************************************************************* Magic Bytes 检测为 xlsx 格式 (ZIP/OOXML)
[2026-06-14 15:01:28] INFO [validate_headers] 工商银行文件工作表「交易明细」表头校验通过，7 个字段均匹配
[2026-06-14 15:01:28] DEBUG [detect_excel_format] 文件 /var******************************************************************************* Magic Bytes 检测为 xlsx 格式 (ZIP/OOXML)
[2026-06-14 15:01:28] INFO [load_lookup_table] 查找表加载完成：共 5 条条目，5 个唯一账号，0 个扩展字段
[2026-06-14 15:01:28] DEBUG [get_subject_info] 银行账号「6222年02月」匹配到主体: 深********司（优先级: 0）
[2026-06-14 15:01:28] INFO [_parse_sheet] 工商银行文件工作表「交易明细」提取 2 条记录
[2026-06-14 15:01:28] INFO [parse] 工商银行文件处理完成，共提取 2 条记录
[2026-06-14 15:01:28] INFO [setup_logging] 日志系统初始化完成，日志文件: /Use*******************************************************************************************************
[2026-06-14 15:01:28] INFO [setup_logging] 未检测到 tkinter，将使用命令行交互模式
[2026-06-14 15:01:28] INFO [parse] 开始处理建设银行文件: /var*********************************************************************************
[2026-06-14 15:01:28] DEBUG [detect_excel_format] 文件 /var********************************************************************************* Magic Bytes 检测为 xlsx 格式 (ZIP/OOXML)
[2026-06-14 15:01:28] INFO [validate_headers] 建设银行文件工作表「交易明细」表头校验通过，7 个字段均匹配
[2026-06-14 15:01:28] DEBUG [detect_excel_format] 文件 /var******************************************************************************* Magic Bytes 检测为 xlsx 格式 (ZIP/OOXML)
[2026-06-14 15:01:28] INFO [load_lookup_table] 查找表加载完成：共 5 条条目，5 个唯一账号，0 个扩展字段
[2026-06-14 15:01:28] DEBUG [get_subject_info] 银行账号「6227年00月」匹配到主体: 广**********司（优先级: 0）
[2026-06-14 15:01:28] INFO [_parse_sheet] 建设银行文件工作表「交易明细」提取 2 条记录
[2026-06-14 15:01:28] INFO [parse] 建设银行文件处理完成，共提取 2 条记录
[2026-06-14 15:01:28] INFO [setup_logging] 日志系统初始化完成，日志文件: /Use*******************************************************************************************************
[2026-06-14 15:01:28] INFO [setup_logging] 未检测到 tkinter，将使用命令行交互模式
[2026-06-14 15:01:28] INFO [parse] 开始处理招商银行文件: /var*********************************************************************************
[2026-06-14 15:01:28] DEBUG [detect_excel_format] 文件 /var********************************************************************************* Magic Bytes 检测为 xlsx 格式 (ZIP/OOXML)
[2026-06-14 15:01:28] INFO [validate_headers] 招商银行文件工作表「活期交易明细」表头校验通过，7 个字段均匹配
[2026-06-14 15:01:28] DEBUG [detect_excel_format] 文件 /var******************************************************************************* Magic Bytes 检测为 xlsx 格式 (ZIP/OOXML)
[2026-06-14 15:01:28] INFO [load_lookup_table] 查找表加载完成：共 5 条条目，5 个唯一账号，0 个扩展字段
[2026-06-14 15:01:28] DEBUG [get_subject_info] 银行账号「6225年88月」匹配到主体: 杭**********司（优先级: 0）
[2026-06-14 15:01:28] INFO [_parse_sheet] 招商银行文件工作表「活期交易明细」提取 2 条记录
[2026-06-14 15:01:28] INFO [parse] 招商银行文件处理完成，共提取 2 条记录
[2026-06-14 15:01:28] INFO [setup_logging] 日志系统初始化完成，日志文件: /Use*******************************************************************************************************
[2026-06-14 15:01:28] INFO [setup_logging] 未检测到 tkinter，将使用命令行交互模式
[2026-06-14 15:01:28] INFO [parse] 开始处理北京银行文件: /var*********************************************************************************
[2026-06-14 15:01:28] DEBUG [detect_excel_format] 文件 /var********************************************************************************* Magic Bytes 检测为 xlsx 格式 (ZIP/OOXML)
[2026-06-14 15:01:28] INFO [validate_headers] 北京银行文件工作表「交易明细」表头校验通过，7 个字段均匹配
[2026-06-14 15:01:28] DEBUG [detect_excel_format] 文件 /var******************************************************************************* Magic Bytes 检测为 xlsx 格式 (ZIP/OOXML)
[2026-06-14 15:01:28] INFO [load_lookup_table] 查找表加载完成：共 5 条条目，5 个唯一账号，0 个扩展字段
[2026-06-14 15:01:28] DEBUG [get_subject_info] 银行账号「0109年03月」匹配到主体: 北********司（优先级: 0）
[2026-06-14 15:01:28] INFO [_parse_sheet] 北京银行文件工作表「交易明细」提取 2 条记录
[2026-06-14 15:01:28] INFO [parse] 北京银行文件处理完成，共提取 2 条记录
[2026-06-14 15:01:28] INFO [setup_logging] 日志系统初始化完成，日志文件: /Use*******************************************************************************************************
[2026-06-14 15:01:28] INFO [setup_logging] 未检测到 tkinter，将使用命令行交互模式
[2026-06-14 15:01:28] INFO [parse] 开始处理东亚银行文件: /var*********************************************************************************
[2026-06-14 15:01:28] DEBUG [detect_excel_format] 文件 /var********************************************************************************* Magic Bytes 检测为 xlsx 格式 (ZIP/OOXML)
[2026-06-14 15:01:28] INFO [validate_headers] 东亚银行文件工作表「交易明细」表头校验通过，7 个字段均匹配
[2026-06-14 15:01:28] DEBUG [detect_excel_format] 文件 /var******************************************************************************* Magic Bytes 检测为 xlsx 格式 (ZIP/OOXML)
[2026-06-14 15:01:28] INFO [load_lookup_table] 查找表加载完成：共 5 条条目，5 个唯一账号，0 个扩展字段
[2026-06-14 15:01:28] DEBUG [get_subject_info] 银行账号「3881年23月」匹配到主体: 上********司（优先级: 0）
[2026-06-14 15:01:28] INFO [_parse_sheet] 东亚银行文件工作表「交易明细」提取 2 条记录
[2026-06-14 15:01:28] INFO [parse] 东亚银行文件处理完成，共提取 2 条记录
[2026-06-14 15:01:28] INFO [setup_logging] 日志系统初始化完成，日志文件: /Use*******************************************************************************************************
[2026-06-14 15:01:28] INFO [setup_logging] 未检测到 tkinter，将使用命令行交互模式
[2026-06-14 15:01:28] INFO [parse] 开始处理工商银行文件: /var*********************************************************************************
[2026-06-14 15:01:28] DEBUG [detect_excel_format] 文件 /var********************************************************************************* Magic Bytes 检测为 xlsx 格式 (ZIP/OOXML)
[2026-06-14 15:01:28] INFO [validate_headers] 工商银行文件工作表「交易明细」表头校验通过，7 个字段均匹配
[2026-06-14 15:01:28] DEBUG [detect_excel_format] 文件 /var******************************************************************************* Magic Bytes 检测为 xlsx 格式 (ZIP/OOXML)
[2026-06-14 15:01:28] INFO [load_lookup_table] 查找表加载完成：共 5 条条目，5 个唯一账号，0 个扩展字段
[2026-06-14 15:01:28] DEBUG [get_subject_info] 银行账号「6222年02月」匹配到主体: 深********司（优先级: 0）
[2026-06-14 15:01:28] INFO [_parse_sheet] 工商银行文件工作表「交易明细」提取 2 条记录
[2026-06-14 15:01:28] INFO [parse] 工商银行文件处理完成，共提取 2 条记录
[2026-06-14 15:01:28] INFO [setup_logging] 日志系统初始化完成，日志文件: /Use*******************************************************************************************************
[2026-06-14 15:01:28] INFO [setup_logging] 未检测到 tkinter，将使用命令行交互模式
[2026-06-14 15:01:28] INFO [parse] 开始处理建设银行文件: /var*********************************************************************************
[2026-06-14 15:01:28] DEBUG [detect_excel_format] 文件 /var********************************************************************************* Magic Bytes 检测为 xlsx 格式 (ZIP/OOXML)
[2026-06-14 15:01:28] INFO [validate_headers] 建设银行文件工作表「交易明细」表头校验通过，7 个字段均匹配
[2026-06-14 15:01:28] DEBUG [detect_excel_format] 文件 /var******************************************************************************* Magic Bytes 检测为 xlsx 格式 (ZIP/OOXML)
[2026-06-14 15:01:28] INFO [load_lookup_table] 查找表加载完成：共 5 条条目，5 个唯一账号，0 个扩展字段
[2026-06-14 15:01:28] DEBUG [get_subject_info] 银行账号「6227年00月」匹配到主体: 广**********司（优先级: 0）
[2026-06-14 15:01:28] INFO [_parse_sheet] 建设银行文件工作表「交易明细」提取 2 条记录
[2026-06-14 15:01:28] INFO [parse] 建设银行文件处理完成，共提取 2 条记录
[2026-06-14 15:01:28] INFO [setup_logging] 日志系统初始化完成，日志文件: /Use*******************************************************************************************************
[2026-06-14 15:01:28] INFO [setup_logging] 未检测到 tkinter，将使用命令行交互模式
[2026-06-14 15:01:28] INFO [parse] 开始处理招商银行文件: /var*********************************************************************************
[2026-06-14 15:01:28] DEBUG [detect_excel_format] 文件 /var********************************************************************************* Magic Bytes 检测为 xlsx 格式 (ZIP/OOXML)
[2026-06-14 15:01:28] INFO [validate_headers] 招商银行文件工作表「活期交易明细」表头校验通过，7 个字段均匹配
[2026-06-14 15:01:28] DEBUG [detect_excel_format] 文件 /var******************************************************************************* Magic Bytes 检测为 xlsx 格式 (ZIP/OOXML)
[2026-06-14 15:01:28] INFO [load_lookup_table] 查找表加载完成：共 5 条条目，5 个唯一账号，0 个扩展字段
[2026-06-14 15:01:28] DEBUG [get_subject_info] 银行账号「6225年88月」匹配到主体: 杭**********司（优先级: 0）
[2026-06-14 15:01:28] INFO [_parse_sheet] 招商银行文件工作表「活期交易明细」提取 2 条记录
[2026-06-14 15:01:28] INFO [parse] 招商银行文件处理完成，共提取 2 条记录
[2026-06-14 15:01:28] INFO [setup_logging] 日志系统初始化完成，日志文件: /Use*******************************************************************************************************
[2026-06-14 15:01:28] INFO [setup_logging] 未检测到 tkinter，将使用命令行交互模式
[2026-06-14 15:01:28] INFO [parse] 开始处理北京银行文件: /var*********************************************************************************
[2026-06-14 15:01:28] DEBUG [detect_excel_format] 文件 /var********************************************************************************* Magic Bytes 检测为 xlsx 格式 (ZIP/OOXML)
[2026-06-14 15:01:28] INFO [validate_headers] 北京银行文件工作表「交易明细」表头校验通过，7 个字段均匹配
[2026-06-14 15:01:28] DEBUG [detect_excel_format] 文件 /var******************************************************************************* Magic Bytes 检测为 xlsx 格式 (ZIP/OOXML)
[2026-06-14 15:01:28] INFO [load_lookup_table] 查找表加载完成：共 5 条条目，5 个唯一账号，0 个扩展字段
[2026-06-14 15:01:28] DEBUG [get_subject_info] 银行账号「0109年03月」匹配到主体: 北********司（优先级: 0）
[2026-06-14 15:01:28] INFO [_parse_sheet] 北京银行文件工作表「交易明细」提取 2 条记录
[2026-06-14 15:01:28] INFO [parse] 北京银行文件处理完成，共提取 2 条记录
[2026-06-14 15:01:28] INFO [setup_logging] 日志系统初始化完成，日志文件: /Use*******************************************************************************************************
[2026-06-14 15:01:28] INFO [setup_logging] 未检测到 tkinter，将使用命令行交互模式
[2026-06-14 15:01:28] INFO [parse] 开始处理东亚银行文件: /var*********************************************************************************
[2026-06-14 15:01:28] DEBUG [detect_excel_format] 文件 /var********************************************************************************* Magic Bytes 检测为 xlsx 格式 (ZIP/OOXML)
[2026-06-14 15:01:28] INFO [validate_headers] 东亚银行文件工作表「交易明细」表头校验通过，7 个字段均匹配
[2026-06-14 15:01:28] DEBUG [detect_excel_format] 文件 /var******************************************************************************* Magic Bytes 检测为 xlsx 格式 (ZIP/OOXML)
[2026-06-14 15:01:28] INFO [load_lookup_table] 查找表加载完成：共 5 条条目，5 个唯一账号，0 个扩展字段
[2026-06-14 15:01:28] DEBUG [get_subject_info] 银行账号「3881年23月」匹配到主体: 上********司（优先级: 0）
[2026-06-14 15:01:28] INFO [_parse_sheet] 东亚银行文件工作表「交易明细」提取 2 条记录
[2026-06-14 15:01:28] INFO [parse] 东亚银行文件处理完成，共提取 2 条记录
[2026-06-14 15:01:28] INFO [setup_logging] 日志系统初始化完成，日志文件: /Use*******************************************************************************************************
[2026-06-14 15:01:28] INFO [setup_logging] 未检测到 tkinter，将使用命令行交互模式
[2026-06-14 15:01:28] INFO [parse] 开始处理工商银行文件: /var*********************************************************************************
[2026-06-14 15:01:28] DEBUG [detect_excel_format] 文件 /var********************************************************************************* Magic Bytes 检测为 xlsx 格式 (ZIP/OOXML)
[2026-06-14 15:01:28] INFO [validate_headers] 工商银行文件工作表「交易明细」表头校验通过，7 个字段均匹配
[2026-06-14 15:01:28] DEBUG [detect_excel_format] 文件 /var******************************************************************************* Magic Bytes 检测为 xlsx 格式 (ZIP/OOXML)
[2026-06-14 15:01:28] INFO [load_lookup_table] 查找表加载完成：共 5 条条目，5 个唯一账号，0 个扩展字段
[2026-06-14 15:01:28] DEBUG [get_subject_info] 银行账号「6222年02月」匹配到主体: 深********司（优先级: 0）
[2026-06-14 15:01:28] INFO [_parse_sheet] 工商银行文件工作表「交易明细」提取 2 条记录
[2026-06-14 15:01:28] INFO [parse] 工商银行文件处理完成，共提取 2 条记录
[2026-06-14 15:01:28] INFO [setup_logging] 日志系统初始化完成，日志文件: /Use*******************************************************************************************************
[2026-06-14 15:01:28] INFO [setup_logging] 未检测到 tkinter，将使用命令行交互模式
[2026-06-14 15:01:28] INFO [parse] 开始处理建设银行文件: /var*********************************************************************************
[2026-06-14 15:01:28] DEBUG [detect_excel_format] 文件 /var********************************************************************************* Magic Bytes 检测为 xlsx 格式 (ZIP/OOXML)
[2026-06-14 15:01:28] INFO [validate_headers] 建设银行文件工作表「交易明细」表头校验通过，7 个字段均匹配
[2026-06-14 15:01:28] DEBUG [detect_excel_format] 文件 /var******************************************************************************* Magic Bytes 检测为 xlsx 格式 (ZIP/OOXML)
[2026-06-14 15:01:28] INFO [load_lookup_table] 查找表加载完成：共 5 条条目，5 个唯一账号，0 个扩展字段
[2026-06-14 15:01:28] DEBUG [get_subject_info] 银行账号「6227年00月」匹配到主体: 广**********司（优先级: 0）
[2026-06-14 15:01:28] INFO [_parse_sheet] 建设银行文件工作表「交易明细」提取 2 条记录
[2026-06-14 15:01:28] INFO [parse] 建设银行文件处理完成，共提取 2 条记录
[2026-06-14 15:01:28] INFO [setup_logging] 日志系统初始化完成，日志文件: /Use*******************************************************************************************************
[2026-06-14 15:01:28] INFO [setup_logging] 未检测到 tkinter，将使用命令行交互模式
[2026-06-14 15:01:28] INFO [parse] 开始处理招商银行文件: /var*********************************************************************************
[2026-06-14 15:01:28] DEBUG [detect_excel_format] 文件 /var********************************************************************************* Magic Bytes 检测为 xlsx 格式 (ZIP/OOXML)
[2026-06-14 15:01:28] INFO [validate_headers] 招商银行文件工作表「活期交易明细」表头校验通过，7 个字段均匹配
[2026-06-14 15:01:28] DEBUG [detect_excel_format] 文件 /var******************************************************************************* Magic Bytes 检测为 xlsx 格式 (ZIP/OOXML)
[2026-06-14 15:01:28] INFO [load_lookup_table] 查找表加载完成：共 5 条条目，5 个唯一账号，0 个扩展字段
[2026-06-14 15:01:28] DEBUG [get_subject_info] 银行账号「6225年88月」匹配到主体: 杭**********司（优先级: 0）
[2026-06-14 15:01:28] INFO [_parse_sheet] 招商银行文件工作表「活期交易明细」提取 2 条记录
[2026-06-14 15:01:28] INFO [parse] 招商银行文件处理完成，共提取 2 条记录
[2026-06-14 15:01:28] INFO [setup_logging] 日志系统初始化完成，日志文件: /Use*******************************************************************************************************
[2026-06-14 15:01:28] INFO [setup_logging] 未检测到 tkinter，将使用命令行交互模式
[2026-06-14 15:01:28] INFO [parse] 开始处理北京银行文件: /var*********************************************************************************
[2026-06-14 15:01:28] DEBUG [detect_excel_format] 文件 /var********************************************************************************* Magic Bytes 检测为 xlsx 格式 (ZIP/OOXML)
[2026-06-14 15:01:28] INFO [validate_headers] 北京银行文件工作表「交易明细」表头校验通过，7 个字段均匹配
[2026-06-14 15:01:28] WARNING [load_lookup_table] 主体查找表不存在或未指定，返回空查找表结构
[2026-06-14 15:01:28] WARNING [get_subject_info] 主体查找表不存在或未指定，银行账号「0109年03月」的主体将为空
[2026-06-14 15:01:28] INFO [_parse_sheet] 北京银行文件工作表「交易明细」提取 2 条记录
[2026-06-14 15:01:28] INFO [parse] 北京银行文件处理完成，共提取 2 条记录
[2026-06-14 15:01:28] INFO [setup_logging] 日志系统初始化完成，日志文件: /Use*******************************************************************************************************
[2026-06-14 15:01:28] INFO [setup_logging] 未检测到 tkinter，将使用命令行交互模式
[2026-06-14 15:01:28] INFO [parse] 开始处理东亚银行文件: /var*********************************************************************************
[2026-06-14 15:01:28] DEBUG [detect_excel_format] 文件 /var********************************************************************************* Magic Bytes 检测为 xlsx 格式 (ZIP/OOXML)
[2026-06-14 15:01:28] INFO [validate_headers] 东亚银行文件工作表「交易明细」表头校验通过，7 个字段均匹配
[2026-06-14 15:01:28] WARNING [load_lookup_table] 主体查找表不存在或未指定，返回空查找表结构
[2026-06-14 15:01:28] WARNING [get_subject_info] 主体查找表不存在或未指定，银行账号「3881年23月」的主体将为空
[2026-06-14 15:01:28] INFO [_parse_sheet] 东亚银行文件工作表「交易明细」提取 2 条记录
[2026-06-14 15:01:28] INFO [parse] 东亚银行文件处理完成，共提取 2 条记录
[2026-06-14 15:01:28] INFO [setup_logging] 日志系统初始化完成，日志文件: /Use*******************************************************************************************************
[2026-06-14 15:01:28] INFO [setup_logging] 未检测到 tkinter，将使用命令行交互模式
[2026-06-14 15:01:28] INFO [parse] 开始处理工商银行文件: /var*********************************************************************************
[2026-06-14 15:01:28] DEBUG [detect_excel_format] 文件 /var********************************************************************************* Magic Bytes 检测为 xlsx 格式 (ZIP/OOXML)
[2026-06-14 15:01:28] INFO [validate_headers] 工商银行文件工作表「交易明细」表头校验通过，7 个字段均匹配
[2026-06-14 15:01:28] WARNING [load_lookup_table] 主体查找表不存在或未指定，返回空查找表结构
[2026-06-14 15:01:28] WARNING [get_subject_info] 主体查找表不存在或未指定，银行账号「6222年02月」的主体将为空
[2026-06-14 15:01:28] INFO [_parse_sheet] 工商银行文件工作表「交易明细」提取 2 条记录
[2026-06-14 15:01:28] INFO [parse] 工商银行文件处理完成，共提取 2 条记录
[2026-06-14 15:01:28] INFO [setup_logging] 日志系统初始化完成，日志文件: /Use*******************************************************************************************************
[2026-06-14 15:01:28] INFO [setup_logging] 未检测到 tkinter，将使用命令行交互模式
[2026-06-14 15:01:28] INFO [parse] 开始处理建设银行文件: /var*********************************************************************************
[2026-06-14 15:01:28] DEBUG [detect_excel_format] 文件 /var********************************************************************************* Magic Bytes 检测为 xlsx 格式 (ZIP/OOXML)
[2026-06-14 15:01:28] INFO [validate_headers] 建设银行文件工作表「交易明细」表头校验通过，7 个字段均匹配
[2026-06-14 15:01:28] WARNING [load_lookup_table] 主体查找表不存在或未指定，返回空查找表结构
[2026-06-14 15:01:28] WARNING [get_subject_info] 主体查找表不存在或未指定，银行账号「6227年00月」的主体将为空
[2026-06-14 15:01:28] INFO [_parse_sheet] 建设银行文件工作表「交易明细」提取 2 条记录
[2026-06-14 15:01:28] INFO [parse] 建设银行文件处理完成，共提取 2 条记录
[2026-06-14 15:01:28] INFO [setup_logging] 日志系统初始化完成，日志文件: /Use*******************************************************************************************************
[2026-06-14 15:01:28] INFO [setup_logging] 未检测到 tkinter，将使用命令行交互模式
[2026-06-14 15:01:28] INFO [parse] 开始处理招商银行文件: /var*********************************************************************************
[2026-06-14 15:01:28] DEBUG [detect_excel_format] 文件 /var********************************************************************************* Magic Bytes 检测为 xlsx 格式 (ZIP/OOXML)
[2026-06-14 15:01:28] INFO [validate_headers] 招商银行文件工作表「活期交易明细」表头校验通过，7 个字段均匹配
[2026-06-14 15:01:28] WARNING [load_lookup_table] 主体查找表不存在或未指定，返回空查找表结构
[2026-06-14 15:01:28] WARNING [get_subject_info] 主体查找表不存在或未指定，银行账号「6225年88月」的主体将为空
[2026-06-14 15:01:28] INFO [_parse_sheet] 招商银行文件工作表「活期交易明细」提取 2 条记录
[2026-06-14 15:01:28] INFO [parse] 招商银行文件处理完成，共提取 2 条记录
[2026-06-14 15:01:28] INFO [setup_logging] 日志系统初始化完成，日志文件: /Use*******************************************************************************************************
[2026-06-14 15:01:28] INFO [setup_logging] 未检测到 tkinter，将使用命令行交互模式
[2026-06-14 15:01:28] INFO [parse] 开始处理北京银行文件: /var*********************************************************************************
[2026-06-14 15:01:28] DEBUG [detect_excel_format] 文件 /var********************************************************************************* Magic Bytes 检测为 xlsx 格式 (ZIP/OOXML)
[2026-06-14 15:01:28] INFO [validate_headers] 北京银行文件工作表「交易明细」表头校验通过，7 个字段均匹配
[2026-06-14 15:01:28] DEBUG [detect_excel_format] 文件 /var******************************************************************************* Magic Bytes 检测为 xlsx 格式 (ZIP/OOXML)
[2026-06-14 15:01:28] INFO [load_lookup_table] 查找表加载完成：共 5 条条目，5 个唯一账号，0 个扩展字段
[2026-06-14 15:01:28] WARNING [get_subject_info] 银行账号「{account}」在查找表中未找到对应主体
[2026-06-14 15:01:28] INFO [_parse_sheet] 北京银行文件工作表「交易明细」提取 2 条记录
[2026-06-14 15:01:28] INFO [parse] 北京银行文件处理完成，共提取 2 条记录
[2026-06-14 15:01:28] INFO [setup_logging] 日志系统初始化完成，日志文件: /Use*******************************************************************************************************
[2026-06-14 15:01:28] INFO [setup_logging] 未检测到 tkinter，将使用命令行交互模式
[2026-06-14 15:01:28] INFO [parse] 开始处理东亚银行文件: /var*********************************************************************************
[2026-06-14 15:01:28] DEBUG [detect_excel_format] 文件 /var********************************************************************************* Magic Bytes 检测为 xlsx 格式 (ZIP/OOXML)
[2026-06-14 15:01:28] INFO [validate_headers] 东亚银行文件工作表「交易明细」表头校验通过，7 个字段均匹配
[2026-06-14 15:01:28] DEBUG [detect_excel_format] 文件 /var******************************************************************************* Magic Bytes 检测为 xlsx 格式 (ZIP/OOXML)
[2026-06-14 15:01:28] INFO [load_lookup_table] 查找表加载完成：共 5 条条目，5 个唯一账号，0 个扩展字段
[2026-06-14 15:01:28] WARNING [get_subject_info] 银行账号「{account}」在查找表中未找到对应主体
[2026-06-14 15:01:28] INFO [_parse_sheet] 东亚银行文件工作表「交易明细」提取 2 条记录
[2026-06-14 15:01:28] INFO [parse] 东亚银行文件处理完成，共提取 2 条记录
[2026-06-14 15:01:28] INFO [setup_logging] 日志系统初始化完成，日志文件: /Use*******************************************************************************************************
[2026-06-14 15:01:28] INFO [setup_logging] 未检测到 tkinter，将使用命令行交互模式
[2026-06-14 15:01:28] INFO [parse] 开始处理工商银行文件: /var*********************************************************************************
[2026-06-14 15:01:28] DEBUG [detect_excel_format] 文件 /var********************************************************************************* Magic Bytes 检测为 xlsx 格式 (ZIP/OOXML)
[2026-06-14 15:01:28] INFO [validate_headers] 工商银行文件工作表「交易明细」表头校验通过，7 个字段均匹配
[2026-06-14 15:01:28] DEBUG [detect_excel_format] 文件 /var******************************************************************************* Magic Bytes 检测为 xlsx 格式 (ZIP/OOXML)
[2026-06-14 15:01:28] INFO [load_lookup_table] 查找表加载完成：共 5 条条目，5 个唯一账号，0 个扩展字段
[2026-06-14 15:01:28] WARNING [get_subject_info] 银行账号「{account}」在查找表中未找到对应主体
[2026-06-14 15:01:28] INFO [_parse_sheet] 工商银行文件工作表「交易明细」提取 2 条记录
[2026-06-14 15:01:28] INFO [parse] 工商银行文件处理完成，共提取 2 条记录
[2026-06-14 15:01:28] INFO [setup_logging] 日志系统初始化完成，日志文件: /Use*******************************************************************************************************
[2026-06-14 15:01:28] INFO [setup_logging] 未检测到 tkinter，将使用命令行交互模式
[2026-06-14 15:01:28] INFO [parse] 开始处理建设银行文件: /var*********************************************************************************
[2026-06-14 15:01:28] DEBUG [detect_excel_format] 文件 /var********************************************************************************* Magic Bytes 检测为 xlsx 格式 (ZIP/OOXML)
[2026-06-14 15:01:28] INFO [validate_headers] 建设银行文件工作表「交易明细」表头校验通过，7 个字段均匹配
[2026-06-14 15:01:28] DEBUG [detect_excel_format] 文件 /var******************************************************************************* Magic Bytes 检测为 xlsx 格式 (ZIP/OOXML)
[2026-06-14 15:01:28] INFO [load_lookup_table] 查找表加载完成：共 5 条条目，5 个唯一账号，0 个扩展字段
[2026-06-14 15:01:28] WARNING [get_subject_info] 银行账号「{account}」在查找表中未找到对应主体
[2026-06-14 15:01:28] INFO [_parse_sheet] 建设银行文件工作表「交易明细」提取 2 条记录
[2026-06-14 15:01:28] INFO [parse] 建设银行文件处理完成，共提取 2 条记录
[2026-06-14 15:01:28] INFO [setup_logging] 日志系统初始化完成，日志文件: /Use*******************************************************************************************************
[2026-06-14 15:01:28] INFO [setup_logging] 未检测到 tkinter，将使用命令行交互模式
[2026-06-14 15:01:28] INFO [parse] 开始处理招商银行文件: /var*********************************************************************************
[2026-06-14 15:01:28] DEBUG [detect_excel_format] 文件 /var********************************************************************************* Magic Bytes 检测为 xlsx 格式 (ZIP/OOXML)
[2026-06-14 15:01:28] INFO [validate_headers] 招商银行文件工作表「活期交易明细」表头校验通过，7 个字段均匹配
[2026-06-14 15:01:28] DEBUG [detect_excel_format] 文件 /var******************************************************************************* Magic Bytes 检测为 xlsx 格式 (ZIP/OOXML)
[2026-06-14 15:01:28] INFO [load_lookup_table] 查找表加载完成：共 5 条条目，5 个唯一账号，0 个扩展字段
[2026-06-14 15:01:28] WARNING [get_subject_info] 银行账号「{account}」在查找表中未找到对应主体
[2026-06-14 15:01:28] INFO [_parse_sheet] 招商银行文件工作表「活期交易明细」提取 2 条记录
[2026-06-14 15:01:28] INFO [parse] 招商银行文件处理完成，共提取 2 条记录
[2026-06-14 15:01:28] INFO [setup_logging] 日志系统初始化完成，日志文件: /Use*******************************************************************************************************
[2026-06-14 15:01:28] INFO [setup_logging] 未检测到 tkinter，将使用命令行交互模式
[2026-06-14 15:01:28] INFO [parse] 开始处理北京银行文件: /var*********************************************************************************
[2026-06-14 15:01:28] DEBUG [detect_excel_format] 文件 /var********************************************************************************* Magic Bytes 检测为 xlsx 格式 (ZIP/OOXML)
[2026-06-14 15:01:28] INFO [validate_headers] 北京银行文件工作表「交易明细」表头校验通过，7 个字段均匹配
[2026-06-14 15:01:28] DEBUG [detect_excel_format] 文件 /var******************************************************************************* Magic Bytes 检测为 xlsx 格式 (ZIP/OOXML)
[2026-06-14 15:01:28] INFO [load_lookup_table] 查找表加载完成：共 5 条条目，5 个唯一账号，0 个扩展字段
[2026-06-14 15:01:28] DEBUG [get_subject_info] 银行账号「0109年03月」匹配到主体: 北********司（优先级: 0）
[2026-06-14 15:01:28] INFO [_parse_sheet] 北京银行文件工作表「交易明细」提取 2 条记录
[2026-06-14 15:01:28] INFO [parse] 北京银行文件处理完成，共提取 2 条记录
[2026-06-14 15:01:28] INFO [setup_logging] 日志系统初始化完成，日志文件: /Use*******************************************************************************************************
[2026-06-14 15:01:28] INFO [setup_logging] 未检测到 tkinter，将使用命令行交互模式
[2026-06-14 15:01:28] INFO [parse] 开始处理东亚银行文件: /var*********************************************************************************
[2026-06-14 15:01:28] DEBUG [detect_excel_format] 文件 /var********************************************************************************* Magic Bytes 检测为 xlsx 格式 (ZIP/OOXML)
[2026-06-14 15:01:28] INFO [validate_headers] 东亚银行文件工作表「交易明细」表头校验通过，7 个字段均匹配
[2026-06-14 15:01:28] DEBUG [detect_excel_format] 文件 /var******************************************************************************* Magic Bytes 检测为 xlsx 格式 (ZIP/OOXML)
[2026-06-14 15:01:28] INFO [load_lookup_table] 查找表加载完成：共 5 条条目，5 个唯一账号，0 个扩展字段
[2026-06-14 15:01:28] DEBUG [get_subject_info] 银行账号「3881年23月」匹配到主体: 上********司（优先级: 0）
[2026-06-14 15:01:28] INFO [_parse_sheet] 东亚银行文件工作表「交易明细」提取 2 条记录
[2026-06-14 15:01:28] INFO [parse] 东亚银行文件处理完成，共提取 2 条记录
[2026-06-14 15:01:28] INFO [setup_logging] 日志系统初始化完成，日志文件: /Use*******************************************************************************************************
[2026-06-14 15:01:28] INFO [setup_logging] 未检测到 tkinter，将使用命令行交互模式
[2026-06-14 15:01:28] INFO [parse] 开始处理工商银行文件: /var*********************************************************************************
[2026-06-14 15:01:28] DEBUG [detect_excel_format] 文件 /var********************************************************************************* Magic Bytes 检测为 xlsx 格式 (ZIP/OOXML)
[2026-06-14 15:01:28] INFO [validate_headers] 工商银行文件工作表「交易明细」表头校验通过，7 个字段均匹配
[2026-06-14 15:01:28] DEBUG [detect_excel_format] 文件 /var******************************************************************************* Magic Bytes 检测为 xlsx 格式 (ZIP/OOXML)
[2026-06-14 15:01:28] INFO [load_lookup_table] 查找表加载完成：共 5 条条目，5 个唯一账号，0 个扩展字段
[2026-06-14 15:01:28] DEBUG [get_subject_info] 银行账号「6222年02月」匹配到主体: 深********司（优先级: 0）
[2026-06-14 15:01:28] INFO [_parse_sheet] 工商银行文件工作表「交易明细」提取 2 条记录
[2026-06-14 15:01:28] INFO [parse] 工商银行文件处理完成，共提取 2 条记录
[2026-06-14 15:01:28] INFO [setup_logging] 日志系统初始化完成，日志文件: /Use*******************************************************************************************************
[2026-06-14 15:01:28] INFO [setup_logging] 未检测到 tkinter，将使用命令行交互模式
[2026-06-14 15:01:28] INFO [parse] 开始处理建设银行文件: /var*********************************************************************************
[2026-06-14 15:01:28] DEBUG [detect_excel_format] 文件 /var********************************************************************************* Magic Bytes 检测为 xlsx 格式 (ZIP/OOXML)
[2026-06-14 15:01:28] INFO [validate_headers] 建设银行文件工作表「交易明细」表头校验通过，7 个字段均匹配
[2026-06-14 15:01:28] DEBUG [detect_excel_format] 文件 /var******************************************************************************* Magic Bytes 检测为 xlsx 格式 (ZIP/OOXML)
[2026-06-14 15:01:28] INFO [load_lookup_table] 查找表加载完成：共 5 条条目，5 个唯一账号，0 个扩展字段
[2026-06-14 15:01:28] DEBUG [get_subject_info] 银行账号「6227年00月」匹配到主体: 广**********司（优先级: 0）
[2026-06-14 15:01:28] INFO [_parse_sheet] 建设银行文件工作表「交易明细」提取 2 条记录
[2026-06-14 15:01:28] INFO [parse] 建设银行文件处理完成，共提取 2 条记录
[2026-06-14 15:01:28] INFO [setup_logging] 日志系统初始化完成，日志文件: /Use*******************************************************************************************************
[2026-06-14 15:01:28] INFO [setup_logging] 未检测到 tkinter，将使用命令行交互模式
[2026-06-14 15:01:28] INFO [parse] 开始处理招商银行文件: /var*********************************************************************************
[2026-06-14 15:01:28] DEBUG [detect_excel_format] 文件 /var********************************************************************************* Magic Bytes 检测为 xlsx 格式 (ZIP/OOXML)
[2026-06-14 15:01:28] INFO [validate_headers] 招商银行文件工作表「活期交易明细」表头校验通过，7 个字段均匹配
[2026-06-14 15:01:28] DEBUG [detect_excel_format] 文件 /var******************************************************************************* Magic Bytes 检测为 xlsx 格式 (ZIP/OOXML)
[2026-06-14 15:01:28] INFO [load_lookup_table] 查找表加载完成：共 5 条条目，5 个唯一账号，0 个扩展字段
[2026-06-14 15:01:28] DEBUG [get_subject_info] 银行账号「6225年88月」匹配到主体: 杭**********司（优先级: 0）
[2026-06-14 15:01:28] INFO [_parse_sheet] 招商银行文件工作表「活期交易明细」提取 2 条记录
[2026-06-14 15:01:28] INFO [parse] 招商银行文件处理完成，共提取 2 条记录
[2026-06-14 15:01:28] INFO [setup_logging] 日志系统初始化完成，日志文件: /Use*******************************************************************************************************
[2026-06-14 15:01:28] INFO [setup_logging] 未检测到 tkinter，将使用命令行交互模式
[2026-06-14 15:01:28] INFO [parse] 开始处理北京银行文件: /var*********************************************************************************
[2026-06-14 15:01:28] DEBUG [detect_excel_format] 文件 /var********************************************************************************* Magic Bytes 检测为 xlsx 格式 (ZIP/OOXML)
[2026-06-14 15:01:28] INFO [validate_headers] 北京银行文件工作表「交易明细」表头校验通过，7 个字段均匹配
[2026-06-14 15:01:28] DEBUG [detect_excel_format] 文件 /var******************************************************************************* Magic Bytes 检测为 xlsx 格式 (ZIP/OOXML)
[2026-06-14 15:01:28] INFO [load_lookup_table] 查找表加载完成：共 5 条条目，5 个唯一账号，0 个扩展字段
[2026-06-14 15:01:28] DEBUG [get_subject_info] 银行账号「0109年03月」匹配到主体: 北********司（优先级: 0）
[2026-06-14 15:01:28] INFO [_parse_sheet] 北京银行文件工作表「交易明细」提取 2 条记录
[2026-06-14 15:01:28] INFO [parse] 北京银行文件处理完成，共提取 2 条记录
[2026-06-14 15:01:28] INFO [setup_logging] 日志系统初始化完成，日志文件: /Use*******************************************************************************************************
[2026-06-14 15:01:28] INFO [setup_logging] 未检测到 tkinter，将使用命令行交互模式
[2026-06-14 15:01:28] INFO [parse] 开始处理东亚银行文件: /var*********************************************************************************
[2026-06-14 15:01:28] DEBUG [detect_excel_format] 文件 /var********************************************************************************* Magic Bytes 检测为 xlsx 格式 (ZIP/OOXML)
[2026-06-14 15:01:28] INFO [validate_headers] 东亚银行文件工作表「交易明细」表头校验通过，7 个字段均匹配
[2026-06-14 15:01:28] DEBUG [detect_excel_format] 文件 /var******************************************************************************* Magic Bytes 检测为 xlsx 格式 (ZIP/OOXML)
[2026-06-14 15:01:28] INFO [load_lookup_table] 查找表加载完成：共 5 条条目，5 个唯一账号，0 个扩展字段
[2026-06-14 15:01:28] DEBUG [get_subject_info] 银行账号「3881年23月」匹配到主体: 上********司（优先级: 0）
[2026-06-14 15:01:28] INFO [_parse_sheet] 东亚银行文件工作表「交易明细」提取 2 条记录
[2026-06-14 15:01:28] INFO [parse] 东亚银行文件处理完成，共提取 2 条记录
[2026-06-14 15:01:28] INFO [setup_logging] 日志系统初始化完成，日志文件: /Use*******************************************************************************************************
[2026-06-14 15:01:28] INFO [setup_logging] 未检测到 tkinter，将使用命令行交互模式
[2026-06-14 15:01:28] INFO [parse] 开始处理工商银行文件: /var*********************************************************************************
[2026-06-14 15:01:28] DEBUG [detect_excel_format] 文件 /var********************************************************************************* Magic Bytes 检测为 xlsx 格式 (ZIP/OOXML)
[2026-06-14 15:01:28] INFO [validate_headers] 工商银行文件工作表「交易明细」表头校验通过，7 个字段均匹配
[2026-06-14 15:01:28] DEBUG [detect_excel_format] 文件 /var******************************************************************************* Magic Bytes 检测为 xlsx 格式 (ZIP/OOXML)
[2026-06-14 15:01:28] INFO [load_lookup_table] 查找表加载完成：共 5 条条目，5 个唯一账号，0 个扩展字段
[2026-06-14 15:01:28] DEBUG [get_subject_info] 银行账号「6222年02月」匹配到主体: 深********司（优先级: 0）
[2026-06-14 15:01:28] INFO [_parse_sheet] 工商银行文件工作表「交易明细」提取 2 条记录
[2026-06-14 15:01:28] INFO [parse] 工商银行文件处理完成，共提取 2 条记录
[2026-06-14 15:01:28] INFO [setup_logging] 日志系统初始化完成，日志文件: /Use*******************************************************************************************************
[2026-06-14 15:01:28] INFO [setup_logging] 未检测到 tkinter，将使用命令行交互模式
[2026-06-14 15:01:28] INFO [parse] 开始处理建设银行文件: /var*********************************************************************************
[2026-06-14 15:01:28] DEBUG [detect_excel_format] 文件 /var********************************************************************************* Magic Bytes 检测为 xlsx 格式 (ZIP/OOXML)
[2026-06-14 15:01:28] INFO [validate_headers] 建设银行文件工作表「交易明细」表头校验通过，7 个字段均匹配
[2026-06-14 15:01:28] DEBUG [detect_excel_format] 文件 /var******************************************************************************* Magic Bytes 检测为 xlsx 格式 (ZIP/OOXML)
[2026-06-14 15:01:28] INFO [load_lookup_table] 查找表加载完成：共 5 条条目，5 个唯一账号，0 个扩展字段
[2026-06-14 15:01:28] DEBUG [get_subject_info] 银行账号「6227年00月」匹配到主体: 广**********司（优先级: 0）
[2026-06-14 15:01:28] INFO [_parse_sheet] 建设银行文件工作表「交易明细」提取 2 条记录
[2026-06-14 15:01:28] INFO [parse] 建设银行文件处理完成，共提取 2 条记录
[2026-06-14 15:01:28] INFO [setup_logging] 日志系统初始化完成，日志文件: /Use*******************************************************************************************************
[2026-06-14 15:01:28] INFO [setup_logging] 未检测到 tkinter，将使用命令行交互模式
[2026-06-14 15:01:28] INFO [parse] 开始处理招商银行文件: /var*********************************************************************************
[2026-06-14 15:01:28] DEBUG [detect_excel_format] 文件 /var********************************************************************************* Magic Bytes 检测为 xlsx 格式 (ZIP/OOXML)
[2026-06-14 15:01:28] INFO [validate_headers] 招商银行文件工作表「活期交易明细」表头校验通过，7 个字段均匹配
[2026-06-14 15:01:28] DEBUG [detect_excel_format] 文件 /var******************************************************************************* Magic Bytes 检测为 xlsx 格式 (ZIP/OOXML)
[2026-06-14 15:01:28] INFO [load_lookup_table] 查找表加载完成：共 5 条条目，5 个唯一账号，0 个扩展字段
[2026-06-14 15:01:28] DEBUG [get_subject_info] 银行账号「6225年88月」匹配到主体: 杭**********司（优先级: 0）
[2026-06-14 15:01:28] INFO [_parse_sheet] 招商银行文件工作表「活期交易明细」提取 2 条记录
[2026-06-14 15:01:28] INFO [parse] 招商银行文件处理完成，共提取 2 条记录
[2026-06-14 15:01:28] INFO [setup_logging] 日志系统初始化完成，日志文件: /Use*******************************************************************************************************
[2026-06-14 15:01:28] INFO [setup_logging] 未检测到 tkinter，将使用命令行交互模式
[2026-06-14 15:01:28] INFO [setup_logging] 日志系统初始化完成，日志文件: /Use*******************************************************************************************************
[2026-06-14 15:01:28] INFO [setup_logging] 未检测到 tkinter，将使用命令行交互模式
[2026-06-14 15:01:28] INFO [setup_logging] 日志系统初始化完成，日志文件: /Use*******************************************************************************************************
[2026-06-14 15:01:28] INFO [setup_logging] 未检测到 tkinter，将使用命令行交互模式
[2026-06-14 15:01:28] INFO [setup_logging] 日志系统初始化完成，日志文件: /Use*******************************************************************************************************
[2026-06-14 15:01:28] INFO [setup_logging] 未检测到 tkinter，将使用命令行交互模式
[2026-06-14 15:01:28] INFO [setup_logging] 日志系统初始化完成，日志文件: /Use*******************************************************************************************************
[2026-06-14 15:01:28] INFO [setup_logging] 未检测到 tkinter，将使用命令行交互模式
[2026-06-14 15:01:28] INFO [setup_logging] 日志系统初始化完成，日志文件: /Use*******************************************************************************************************
[2026-06-14 15:01:28] INFO [setup_logging] 未检测到 tkinter，将使用命令行交互模式
[2026-06-14 15:01:28] INFO [setup_logging] 日志系统初始化完成，日志文件: /Use*******************************************************************************************************
[2026-06-14 15:01:28] INFO [setup_logging] 未检测到 tkinter，将使用命令行交互模式
[2026-06-14 15:01:28] INFO [identify_bank] 文件「北京银行***************」通过前缀匹配识别为: 北京银行
[2026-06-14 15:01:28] INFO [setup_logging] 日志系统初始化完成，日志文件: /Use*******************************************************************************************************
[2026-06-14 15:01:28] INFO [setup_logging] 未检测到 tkinter，将使用命令行交互模式
[2026-06-14 15:01:28] INFO [identify_bank] 文件「东亚银行***************」通过前缀匹配识别为: 东亚银行
[2026-06-14 15:01:28] INFO [setup_logging] 日志系统初始化完成，日志文件: /Use*******************************************************************************************************
[2026-06-14 15:01:28] INFO [setup_logging] 未检测到 tkinter，将使用命令行交互模式
[2026-06-14 15:01:28] INFO [identify_bank] 文件「工商银行***************」通过前缀匹配识别为: 工商银行
[2026-06-14 15:01:28] INFO [setup_logging] 日志系统初始化完成，日志文件: /Use*******************************************************************************************************
[2026-06-14 15:01:28] INFO [setup_logging] 未检测到 tkinter，将使用命令行交互模式
[2026-06-14 15:01:28] INFO [identify_bank] 文件「建设银行***************」通过前缀匹配识别为: 建设银行
[2026-06-14 15:01:28] INFO [setup_logging] 日志系统初始化完成，日志文件: /Use*******************************************************************************************************
[2026-06-14 15:01:28] INFO [setup_logging] 未检测到 tkinter，将使用命令行交互模式
[2026-06-14 15:01:28] INFO [identify_bank] 文件「招商银行***************」通过前缀匹配识别为: 招商银行
[2026-06-14 15:01:28] INFO [setup_logging] 日志系统初始化完成，日志文件: /Use*******************************************************************************************************
[2026-06-14 15:01:28] INFO [setup_logging] 未检测到 tkinter，将使用命令行交互模式
[2026-06-14 15:01:28] INFO [identify_bank] 文件「2024****************」通过正则匹配识别为: 北京银行
[2026-06-14 15:01:28] INFO [setup_logging] 日志系统初始化完成，日志文件: /Use*******************************************************************************************************
[2026-06-14 15:01:28] INFO [setup_logging] 未检测到 tkinter，将使用命令行交互模式
[2026-06-14 15:01:28] INFO [identify_bank] 文件「2024****************」通过正则匹配识别为: 东亚银行
[2026-06-14 15:01:29] INFO [setup_logging] 日志系统初始化完成，日志文件: /Use*******************************************************************************************************
[2026-06-14 15:01:29] INFO [setup_logging] 未检测到 tkinter，将使用命令行交互模式
[2026-06-14 15:01:29] INFO [identify_bank] 文件「2024****************」通过正则匹配识别为: 工商银行
[2026-06-14 15:01:29] INFO [setup_logging] 日志系统初始化完成，日志文件: /Use*******************************************************************************************************
[2026-06-14 15:01:29] INFO [setup_logging] 未检测到 tkinter，将使用命令行交互模式
[2026-06-14 15:01:29] INFO [identify_bank] 文件「2024****************」通过正则匹配识别为: 建设银行
[2026-06-14 15:01:29] INFO [setup_logging] 日志系统初始化完成，日志文件: /Use*******************************************************************************************************
[2026-06-14 15:01:29] INFO [setup_logging] 未检测到 tkinter，将使用命令行交互模式
[2026-06-14 15:01:29] INFO [identify_bank] 文件「2024****************」通过正则匹配识别为: 招商银行
[2026-06-14 15:01:29] INFO [setup_logging] 日志系统初始化完成，日志文件: /Use*******************************************************************************************************
[2026-06-14 15:01:29] INFO [setup_logging] 未检测到 tkinter，将使用命令行交互模式
[2026-06-14 15:01:29] INFO [identify_bank] 文件「北京银行***************」通过前缀匹配识别为: 北京银行
[2026-06-14 15:01:29] INFO [setup_logging] 日志系统初始化完成，日志文件: /Use*******************************************************************************************************
[2026-06-14 15:01:29] INFO [setup_logging] 未检测到 tkinter，将使用命令行交互模式
[2026-06-14 15:01:29] INFO [identify_bank] 文件「东亚银行***************」通过前缀匹配识别为: 东亚银行
[2026-06-14 15:01:29] INFO [setup_logging] 日志系统初始化完成，日志文件: /Use*******************************************************************************************************
[2026-06-14 15:01:29] INFO [setup_logging] 未检测到 tkinter，将使用命令行交互模式
[2026-06-14 15:01:29] INFO [identify_bank] 文件「工商银行***************」通过前缀匹配识别为: 工商银行
[2026-06-14 15:01:29] INFO [setup_logging] 日志系统初始化完成，日志文件: /Use*******************************************************************************************************
[2026-06-14 15:01:29] INFO [setup_logging] 未检测到 tkinter，将使用命令行交互模式
[2026-06-14 15:01:29] INFO [identify_bank] 文件「建设银行***************」通过前缀匹配识别为: 建设银行
[2026-06-14 15:01:29] INFO [setup_logging] 日志系统初始化完成，日志文件: /Use*******************************************************************************************************
[2026-06-14 15:01:29] INFO [setup_logging] 未检测到 tkinter，将使用命令行交互模式
[2026-06-14 15:01:29] INFO [identify_bank] 文件「招商银行***************」通过前缀匹配识别为: 招商银行
[2026-06-14 15:01:29] INFO [setup_logging] 日志系统初始化完成，日志文件: /Use*******************************************************************************************************
[2026-06-14 15:01:29] INFO [setup_logging] 未检测到 tkinter，将使用命令行交互模式
[2026-06-14 15:01:29] INFO [parse] 开始处理北京银行文件: /var*********************************************************************************
[2026-06-14 15:01:29] DEBUG [detect_excel_format] 文件 /var********************************************************************************* Magic Bytes 检测为 xlsx 格式 (ZIP/OOXML)
[2026-06-14 15:01:29] INFO [validate_headers] 北京银行文件工作表「交易明细」表头校验通过，7 个字段均匹配
[2026-06-14 15:01:29] DEBUG [detect_excel_format] 文件 /var******************************************************************************* Magic Bytes 检测为 xlsx 格式 (ZIP/OOXML)
[2026-06-14 15:01:29] INFO [load_lookup_table] 查找表加载完成：共 5 条条目，5 个唯一账号，0 个扩展字段
[2026-06-14 15:01:29] DEBUG [get_subject_info] 银行账号「0109年03月」匹配到主体: 北********司（优先级: 0）
[2026-06-14 15:01:29] INFO [_parse_sheet] 北京银行文件工作表「交易明细」提取 2 条记录
[2026-06-14 15:01:29] INFO [parse] 北京银行文件处理完成，共提取 2 条记录
[2026-06-14 15:01:29] INFO [setup_logging] 日志系统初始化完成，日志文件: /Use*******************************************************************************************************
[2026-06-14 15:01:29] INFO [setup_logging] 未检测到 tkinter，将使用命令行交互模式
[2026-06-14 15:01:29] INFO [parse] 开始处理东亚银行文件: /var*********************************************************************************
[2026-06-14 15:01:29] DEBUG [detect_excel_format] 文件 /var********************************************************************************* Magic Bytes 检测为 xlsx 格式 (ZIP/OOXML)
[2026-06-14 15:01:29] INFO [validate_headers] 东亚银行文件工作表「交易明细」表头校验通过，7 个字段均匹配
[2026-06-14 15:01:29] DEBUG [detect_excel_format] 文件 /var******************************************************************************* Magic Bytes 检测为 xlsx 格式 (ZIP/OOXML)
[2026-06-14 15:01:29] INFO [load_lookup_table] 查找表加载完成：共 5 条条目，5 个唯一账号，0 个扩展字段
[2026-06-14 15:01:29] DEBUG [get_subject_info] 银行账号「3881年23月」匹配到主体: 上********司（优先级: 0）
[2026-06-14 15:01:29] INFO [_parse_sheet] 东亚银行文件工作表「交易明细」提取 2 条记录
[2026-06-14 15:01:29] INFO [parse] 东亚银行文件处理完成，共提取 2 条记录
[2026-06-14 15:01:29] INFO [setup_logging] 日志系统初始化完成，日志文件: /Use*******************************************************************************************************
[2026-06-14 15:01:29] INFO [setup_logging] 未检测到 tkinter，将使用命令行交互模式
[2026-06-14 15:01:29] INFO [parse] 开始处理工商银行文件: /var*********************************************************************************
[2026-06-14 15:01:29] DEBUG [detect_excel_format] 文件 /var********************************************************************************* Magic Bytes 检测为 xlsx 格式 (ZIP/OOXML)
[2026-06-14 15:01:29] INFO [validate_headers] 工商银行文件工作表「交易明细」表头校验通过，7 个字段均匹配
[2026-06-14 15:01:29] DEBUG [detect_excel_format] 文件 /var******************************************************************************* Magic Bytes 检测为 xlsx 格式 (ZIP/OOXML)
[2026-06-14 15:01:29] INFO [load_lookup_table] 查找表加载完成：共 5 条条目，5 个唯一账号，0 个扩展字段
[2026-06-14 15:01:29] DEBUG [get_subject_info] 银行账号「6222年02月」匹配到主体: 深********司（优先级: 0）
[2026-06-14 15:01:29] INFO [_parse_sheet] 工商银行文件工作表「交易明细」提取 2 条记录
[2026-06-14 15:01:29] INFO [parse] 工商银行文件处理完成，共提取 2 条记录
[2026-06-14 15:01:29] INFO [setup_logging] 日志系统初始化完成，日志文件: /Use*******************************************************************************************************
[2026-06-14 15:01:29] INFO [setup_logging] 未检测到 tkinter，将使用命令行交互模式
[2026-06-14 15:01:29] INFO [parse] 开始处理建设银行文件: /var*********************************************************************************
[2026-06-14 15:01:29] DEBUG [detect_excel_format] 文件 /var********************************************************************************* Magic Bytes 检测为 xlsx 格式 (ZIP/OOXML)
[2026-06-14 15:01:29] INFO [validate_headers] 建设银行文件工作表「交易明细」表头校验通过，7 个字段均匹配
[2026-06-14 15:01:29] DEBUG [detect_excel_format] 文件 /var******************************************************************************* Magic Bytes 检测为 xlsx 格式 (ZIP/OOXML)
[2026-06-14 15:01:29] INFO [load_lookup_table] 查找表加载完成：共 5 条条目，5 个唯一账号，0 个扩展字段
[2026-06-14 15:01:29] DEBUG [get_subject_info] 银行账号「6227年00月」匹配到主体: 广**********司（优先级: 0）
[2026-06-14 15:01:29] INFO [_parse_sheet] 建设银行文件工作表「交易明细」提取 2 条记录
[2026-06-14 15:01:29] INFO [parse] 建设银行文件处理完成，共提取 2 条记录
[2026-06-14 15:01:29] INFO [setup_logging] 日志系统初始化完成，日志文件: /Use*******************************************************************************************************
[2026-06-14 15:01:29] INFO [setup_logging] 未检测到 tkinter，将使用命令行交互模式
[2026-06-14 15:01:29] INFO [parse] 开始处理招商银行文件: /var*********************************************************************************
[2026-06-14 15:01:29] DEBUG [detect_excel_format] 文件 /var********************************************************************************* Magic Bytes 检测为 xlsx 格式 (ZIP/OOXML)
[2026-06-14 15:01:29] INFO [validate_headers] 招商银行文件工作表「活期交易明细」表头校验通过，7 个字段均匹配
[2026-06-14 15:01:29] DEBUG [detect_excel_format] 文件 /var******************************************************************************* Magic Bytes 检测为 xlsx 格式 (ZIP/OOXML)
[2026-06-14 15:01:29] INFO [load_lookup_table] 查找表加载完成：共 5 条条目，5 个唯一账号，0 个扩展字段
[2026-06-14 15:01:29] DEBUG [get_subject_info] 银行账号「6225年88月」匹配到主体: 杭**********司（优先级: 0）
[2026-06-14 15:01:29] INFO [_parse_sheet] 招商银行文件工作表「活期交易明细」提取 2 条记录
[2026-06-14 15:01:29] INFO [parse] 招商银行文件处理完成，共提取 2 条记录
[2026-06-14 15:01:29] INFO [setup_logging] 日志系统初始化完成，日志文件: /Use*******************************************************************************************************
[2026-06-14 15:01:29] INFO [setup_logging] 未检测到 tkinter，将使用命令行交互模式
[2026-06-14 15:01:29] INFO [parse] 开始处理北京银行文件: /var*********************************************************************************
[2026-06-14 15:01:29] DEBUG [detect_excel_format] 文件 /var********************************************************************************* Magic Bytes 检测为 xlsx 格式 (ZIP/OOXML)
[2026-06-14 15:01:29] INFO [validate_headers] 北京银行文件工作表「交易明细」表头校验通过，7 个字段均匹配
[2026-06-14 15:01:29] DEBUG [detect_excel_format] 文件 /var******************************************************************************* Magic Bytes 检测为 xlsx 格式 (ZIP/OOXML)
[2026-06-14 15:01:29] INFO [load_lookup_table] 查找表加载完成：共 5 条条目，5 个唯一账号，0 个扩展字段
[2026-06-14 15:01:29] DEBUG [get_subject_info] 银行账号「0109年03月」匹配到主体: 北********司（优先级: 0）
[2026-06-14 15:01:29] INFO [_parse_sheet] 北京银行文件工作表「交易明细」提取 2 条记录
[2026-06-14 15:01:29] INFO [parse] 北京银行文件处理完成，共提取 2 条记录
[2026-06-14 15:01:29] INFO [parse] 开始处理东亚银行文件: /var*********************************************************************************
[2026-06-14 15:01:29] DEBUG [detect_excel_format] 文件 /var********************************************************************************* Magic Bytes 检测为 xlsx 格式 (ZIP/OOXML)
[2026-06-14 15:01:29] INFO [validate_headers] 东亚银行文件工作表「交易明细」表头校验通过，7 个字段均匹配
[2026-06-14 15:01:29] DEBUG [detect_excel_format] 文件 /var******************************************************************************* Magic Bytes 检测为 xlsx 格式 (ZIP/OOXML)
[2026-06-14 15:01:29] INFO [load_lookup_table] 查找表加载完成：共 5 条条目，5 个唯一账号，0 个扩展字段
[2026-06-14 15:01:29] DEBUG [get_subject_info] 银行账号「3881年23月」匹配到主体: 上********司（优先级: 0）
[2026-06-14 15:01:29] INFO [_parse_sheet] 东亚银行文件工作表「交易明细」提取 2 条记录
[2026-06-14 15:01:29] INFO [parse] 东亚银行文件处理完成，共提取 2 条记录
[2026-06-14 15:01:29] INFO [parse] 开始处理工商银行文件: /var*********************************************************************************
[2026-06-14 15:01:29] DEBUG [detect_excel_format] 文件 /var********************************************************************************* Magic Bytes 检测为 xlsx 格式 (ZIP/OOXML)
[2026-06-14 15:01:29] INFO [validate_headers] 工商银行文件工作表「交易明细」表头校验通过，7 个字段均匹配
[2026-06-14 15:01:29] DEBUG [detect_excel_format] 文件 /var******************************************************************************* Magic Bytes 检测为 xlsx 格式 (ZIP/OOXML)
[2026-06-14 15:01:29] INFO [load_lookup_table] 查找表加载完成：共 5 条条目，5 个唯一账号，0 个扩展字段
[2026-06-14 15:01:29] DEBUG [get_subject_info] 银行账号「6222年02月」匹配到主体: 深********司（优先级: 0）
[2026-06-14 15:01:29] INFO [_parse_sheet] 工商银行文件工作表「交易明细」提取 2 条记录
[2026-06-14 15:01:29] INFO [parse] 工商银行文件处理完成，共提取 2 条记录
[2026-06-14 15:01:29] INFO [parse] 开始处理建设银行文件: /var*********************************************************************************
[2026-06-14 15:01:29] DEBUG [detect_excel_format] 文件 /var********************************************************************************* Magic Bytes 检测为 xlsx 格式 (ZIP/OOXML)
[2026-06-14 15:01:29] INFO [validate_headers] 建设银行文件工作表「交易明细」表头校验通过，7 个字段均匹配
[2026-06-14 15:01:29] DEBUG [detect_excel_format] 文件 /var******************************************************************************* Magic Bytes 检测为 xlsx 格式 (ZIP/OOXML)
[2026-06-14 15:01:29] INFO [load_lookup_table] 查找表加载完成：共 5 条条目，5 个唯一账号，0 个扩展字段
[2026-06-14 15:01:29] DEBUG [get_subject_info] 银行账号「6227年00月」匹配到主体: 广**********司（优先级: 0）
[2026-06-14 15:01:29] INFO [_parse_sheet] 建设银行文件工作表「交易明细」提取 2 条记录
[2026-06-14 15:01:29] INFO [parse] 建设银行文件处理完成，共提取 2 条记录
[2026-06-14 15:01:29] INFO [parse] 开始处理招商银行文件: /var*********************************************************************************
[2026-06-14 15:01:29] DEBUG [detect_excel_format] 文件 /var********************************************************************************* Magic Bytes 检测为 xlsx 格式 (ZIP/OOXML)
[2026-06-14 15:01:29] INFO [validate_headers] 招商银行文件工作表「活期交易明细」表头校验通过，7 个字段均匹配
[2026-06-14 15:01:29] DEBUG [detect_excel_format] 文件 /var******************************************************************************* Magic Bytes 检测为 xlsx 格式 (ZIP/OOXML)
[2026-06-14 15:01:29] INFO [load_lookup_table] 查找表加载完成：共 5 条条目，5 个唯一账号，0 个扩展字段
[2026-06-14 15:01:29] DEBUG [get_subject_info] 银行账号「6225年88月」匹配到主体: 杭**********司（优先级: 0）
[2026-06-14 15:01:29] INFO [_parse_sheet] 招商银行文件工作表「活期交易明细」提取 2 条记录
[2026-06-14 15:01:29] INFO [parse] 招商银行文件处理完成，共提取 2 条记录
[2026-06-14 15:01:29] INFO [setup_logging] 日志系统初始化完成，日志文件: /Use*******************************************************************************************************
[2026-06-14 15:01:29] INFO [setup_logging] 未检测到 tkinter，将使用命令行交互模式
[2026-06-14 15:01:29] INFO [parse] 开始处理北京银行文件: /var*********************************************************************************
[2026-06-14 15:01:29] DEBUG [detect_excel_format] 文件 /var********************************************************************************* Magic Bytes 检测为 xlsx 格式 (ZIP/OOXML)
[2026-06-14 15:01:29] INFO [validate_headers] 北京银行文件工作表「交易明细」表头校验通过，7 个字段均匹配
[2026-06-14 15:01:29] DEBUG [detect_excel_format] 文件 /var******************************************************************************* Magic Bytes 检测为 xlsx 格式 (ZIP/OOXML)
[2026-06-14 15:01:29] INFO [load_lookup_table] 查找表加载完成：共 5 条条目，5 个唯一账号，0 个扩展字段
[2026-06-14 15:01:29] DEBUG [get_subject_info] 银行账号「0109年03月」匹配到主体: 北********司（优先级: 0）
[2026-06-14 15:01:29] INFO [_parse_sheet] 北京银行文件工作表「交易明细」提取 2 条记录
[2026-06-14 15:01:29] INFO [parse] 北京银行文件处理完成，共提取 2 条记录
[2026-06-14 15:01:29] INFO [parse] 开始处理东亚银行文件: /var*********************************************************************************
[2026-06-14 15:01:29] DEBUG [detect_excel_format] 文件 /var********************************************************************************* Magic Bytes 检测为 xlsx 格式 (ZIP/OOXML)
[2026-06-14 15:01:29] INFO [validate_headers] 东亚银行文件工作表「交易明细」表头校验通过，7 个字段均匹配
[2026-06-14 15:01:29] DEBUG [detect_excel_format] 文件 /var******************************************************************************* Magic Bytes 检测为 xlsx 格式 (ZIP/OOXML)
[2026-06-14 15:01:29] INFO [load_lookup_table] 查找表加载完成：共 5 条条目，5 个唯一账号，0 个扩展字段
[2026-06-14 15:01:29] DEBUG [get_subject_info] 银行账号「3881年23月」匹配到主体: 上********司（优先级: 0）
[2026-06-14 15:01:29] INFO [_parse_sheet] 东亚银行文件工作表「交易明细」提取 2 条记录
[2026-06-14 15:01:29] INFO [parse] 东亚银行文件处理完成，共提取 2 条记录
[2026-06-14 15:01:29] INFO [parse] 开始处理工商银行文件: /var*********************************************************************************
[2026-06-14 15:01:29] DEBUG [detect_excel_format] 文件 /var********************************************************************************* Magic Bytes 检测为 xlsx 格式 (ZIP/OOXML)
[2026-06-14 15:01:29] INFO [validate_headers] 工商银行文件工作表「交易明细」表头校验通过，7 个字段均匹配
[2026-06-14 15:01:29] DEBUG [detect_excel_format] 文件 /var******************************************************************************* Magic Bytes 检测为 xlsx 格式 (ZIP/OOXML)
[2026-06-14 15:01:29] INFO [load_lookup_table] 查找表加载完成：共 5 条条目，5 个唯一账号，0 个扩展字段
[2026-06-14 15:01:29] DEBUG [get_subject_info] 银行账号「6222年02月」匹配到主体: 深********司（优先级: 0）
[2026-06-14 15:01:29] INFO [_parse_sheet] 工商银行文件工作表「交易明细」提取 2 条记录
[2026-06-14 15:01:29] INFO [parse] 工商银行文件处理完成，共提取 2 条记录
[2026-06-14 15:01:29] INFO [parse] 开始处理建设银行文件: /var*********************************************************************************
[2026-06-14 15:01:29] DEBUG [detect_excel_format] 文件 /var********************************************************************************* Magic Bytes 检测为 xlsx 格式 (ZIP/OOXML)
[2026-06-14 15:01:29] INFO [validate_headers] 建设银行文件工作表「交易明细」表头校验通过，7 个字段均匹配
[2026-06-14 15:01:29] DEBUG [detect_excel_format] 文件 /var******************************************************************************* Magic Bytes 检测为 xlsx 格式 (ZIP/OOXML)
[2026-06-14 15:01:29] INFO [load_lookup_table] 查找表加载完成：共 5 条条目，5 个唯一账号，0 个扩展字段
[2026-06-14 15:01:29] DEBUG [get_subject_info] 银行账号「6227年00月」匹配到主体: 广**********司（优先级: 0）
[2026-06-14 15:01:29] INFO [_parse_sheet] 建设银行文件工作表「交易明细」提取 2 条记录
[2026-06-14 15:01:29] INFO [parse] 建设银行文件处理完成，共提取 2 条记录
[2026-06-14 15:01:29] INFO [parse] 开始处理招商银行文件: /var*********************************************************************************
[2026-06-14 15:01:29] DEBUG [detect_excel_format] 文件 /var********************************************************************************* Magic Bytes 检测为 xlsx 格式 (ZIP/OOXML)
[2026-06-14 15:01:29] INFO [validate_headers] 招商银行文件工作表「活期交易明细」表头校验通过，7 个字段均匹配
[2026-06-14 15:01:29] DEBUG [detect_excel_format] 文件 /var******************************************************************************* Magic Bytes 检测为 xlsx 格式 (ZIP/OOXML)
[2026-06-14 15:01:29] INFO [load_lookup_table] 查找表加载完成：共 5 条条目，5 个唯一账号，0 个扩展字段
[2026-06-14 15:01:29] DEBUG [get_subject_info] 银行账号「6225年88月」匹配到主体: 杭**********司（优先级: 0）
[2026-06-14 15:01:29] INFO [_parse_sheet] 招商银行文件工作表「活期交易明细」提取 2 条记录
[2026-06-14 15:01:29] INFO [parse] 招商银行文件处理完成，共提取 2 条记录
[2026-06-14 15:01:29] INFO [setup_logging] 日志系统初始化完成，日志文件: /Use*******************************************************************************************************
[2026-06-14 15:01:29] INFO [setup_logging] 未检测到 tkinter，将使用命令行交互模式
[2026-06-14 15:01:29] INFO [parse] 开始处理北京银行文件: /var*********************************************************************************
[2026-06-14 15:01:29] DEBUG [detect_excel_format] 文件 /var********************************************************************************* Magic Bytes 检测为 xlsx 格式 (ZIP/OOXML)
[2026-06-14 15:01:29] INFO [validate_headers] 北京银行文件工作表「交易明细」表头校验通过，7 个字段均匹配
[2026-06-14 15:01:29] DEBUG [detect_excel_format] 文件 /var******************************************************************************* Magic Bytes 检测为 xlsx 格式 (ZIP/OOXML)
[2026-06-14 15:01:29] INFO [load_lookup_table] 查找表加载完成：共 5 条条目，5 个唯一账号，0 个扩展字段
[2026-06-14 15:01:29] DEBUG [get_subject_info] 银行账号「0109年03月」匹配到主体: 北********司（优先级: 0）
[2026-06-14 15:01:29] INFO [_parse_sheet] 北京银行文件工作表「交易明细」提取 2 条记录
[2026-06-14 15:01:29] INFO [parse] 北京银行文件处理完成，共提取 2 条记录
[2026-06-14 15:01:29] INFO [parse] 开始处理东亚银行文件: /var*********************************************************************************
[2026-06-14 15:01:29] DEBUG [detect_excel_format] 文件 /var********************************************************************************* Magic Bytes 检测为 xlsx 格式 (ZIP/OOXML)
[2026-06-14 15:01:29] INFO [validate_headers] 东亚银行文件工作表「交易明细」表头校验通过，7 个字段均匹配
[2026-06-14 15:01:29] DEBUG [detect_excel_format] 文件 /var******************************************************************************* Magic Bytes 检测为 xlsx 格式 (ZIP/OOXML)
[2026-06-14 15:01:29] INFO [load_lookup_table] 查找表加载完成：共 5 条条目，5 个唯一账号，0 个扩展字段
[2026-06-14 15:01:29] DEBUG [get_subject_info] 银行账号「3881年23月」匹配到主体: 上********司（优先级: 0）
[2026-06-14 15:01:29] INFO [_parse_sheet] 东亚银行文件工作表「交易明细」提取 2 条记录
[2026-06-14 15:01:29] INFO [parse] 东亚银行文件处理完成，共提取 2 条记录
[2026-06-14 15:01:29] INFO [parse] 开始处理工商银行文件: /var*********************************************************************************
[2026-06-14 15:01:29] DEBUG [detect_excel_format] 文件 /var********************************************************************************* Magic Bytes 检测为 xlsx 格式 (ZIP/OOXML)
[2026-06-14 15:01:29] INFO [validate_headers] 工商银行文件工作表「交易明细」表头校验通过，7 个字段均匹配
[2026-06-14 15:01:29] DEBUG [detect_excel_format] 文件 /var******************************************************************************* Magic Bytes 检测为 xlsx 格式 (ZIP/OOXML)
[2026-06-14 15:01:29] INFO [load_lookup_table] 查找表加载完成：共 5 条条目，5 个唯一账号，0 个扩展字段
[2026-06-14 15:01:29] DEBUG [get_subject_info] 银行账号「6222年02月」匹配到主体: 深********司（优先级: 0）
[2026-06-14 15:01:29] INFO [_parse_sheet] 工商银行文件工作表「交易明细」提取 2 条记录
[2026-06-14 15:01:29] INFO [parse] 工商银行文件处理完成，共提取 2 条记录
[2026-06-14 15:01:29] INFO [parse] 开始处理建设银行文件: /var*********************************************************************************
[2026-06-14 15:01:29] DEBUG [detect_excel_format] 文件 /var********************************************************************************* Magic Bytes 检测为 xlsx 格式 (ZIP/OOXML)
[2026-06-14 15:01:29] INFO [validate_headers] 建设银行文件工作表「交易明细」表头校验通过，7 个字段均匹配
[2026-06-14 15:01:29] DEBUG [detect_excel_format] 文件 /var******************************************************************************* Magic Bytes 检测为 xlsx 格式 (ZIP/OOXML)
[2026-06-14 15:01:29] INFO [load_lookup_table] 查找表加载完成：共 5 条条目，5 个唯一账号，0 个扩展字段
[2026-06-14 15:01:29] DEBUG [get_subject_info] 银行账号「6227年00月」匹配到主体: 广**********司（优先级: 0）
[2026-06-14 15:01:29] INFO [_parse_sheet] 建设银行文件工作表「交易明细」提取 2 条记录
[2026-06-14 15:01:29] INFO [parse] 建设银行文件处理完成，共提取 2 条记录
[2026-06-14 15:01:29] INFO [parse] 开始处理招商银行文件: /var*********************************************************************************
[2026-06-14 15:01:29] DEBUG [detect_excel_format] 文件 /var********************************************************************************* Magic Bytes 检测为 xlsx 格式 (ZIP/OOXML)
[2026-06-14 15:01:29] INFO [validate_headers] 招商银行文件工作表「活期交易明细」表头校验通过，7 个字段均匹配
[2026-06-14 15:01:29] DEBUG [detect_excel_format] 文件 /var******************************************************************************* Magic Bytes 检测为 xlsx 格式 (ZIP/OOXML)
[2026-06-14 15:01:29] INFO [load_lookup_table] 查找表加载完成：共 5 条条目，5 个唯一账号，0 个扩展字段
[2026-06-14 15:01:29] DEBUG [get_subject_info] 银行账号「6225年88月」匹配到主体: 杭**********司（优先级: 0）
[2026-06-14 15:01:29] INFO [_parse_sheet] 招商银行文件工作表「活期交易明细」提取 2 条记录
[2026-06-14 15:01:29] INFO [parse] 招商银行文件处理完成，共提取 2 条记录
[2026-06-14 15:01:29] INFO [setup_logging] 日志系统初始化完成，日志文件: /Use*******************************************************************************************************
[2026-06-14 15:01:29] INFO [setup_logging] 未检测到 tkinter，将使用命令行交互模式
[2026-06-14 15:01:29] INFO [parse] 开始处理北京银行文件: /var*********************************************************************************
[2026-06-14 15:01:29] DEBUG [detect_excel_format] 文件 /var********************************************************************************* Magic Bytes 检测为 xlsx 格式 (ZIP/OOXML)
[2026-06-14 15:01:29] INFO [validate_headers] 北京银行文件工作表「交易明细」表头校验通过，7 个字段均匹配
[2026-06-14 15:01:29] DEBUG [detect_excel_format] 文件 /var******************************************************************************* Magic Bytes 检测为 xlsx 格式 (ZIP/OOXML)
[2026-06-14 15:01:29] INFO [load_lookup_table] 查找表加载完成：共 5 条条目，5 个唯一账号，0 个扩展字段
[2026-06-14 15:01:29] DEBUG [get_subject_info] 银行账号「0109年03月」匹配到主体: 北********司（优先级: 0）
[2026-06-14 15:01:29] INFO [_parse_sheet] 北京银行文件工作表「交易明细」提取 2 条记录
[2026-06-14 15:01:29] INFO [parse] 北京银行文件处理完成，共提取 2 条记录
[2026-06-14 15:01:29] INFO [parse] 开始处理东亚银行文件: /var*********************************************************************************
[2026-06-14 15:01:29] DEBUG [detect_excel_format] 文件 /var********************************************************************************* Magic Bytes 检测为 xlsx 格式 (ZIP/OOXML)
[2026-06-14 15:01:29] INFO [validate_headers] 东亚银行文件工作表「交易明细」表头校验通过，7 个字段均匹配
[2026-06-14 15:01:29] DEBUG [detect_excel_format] 文件 /var******************************************************************************* Magic Bytes 检测为 xlsx 格式 (ZIP/OOXML)
[2026-06-14 15:01:29] INFO [load_lookup_table] 查找表加载完成：共 5 条条目，5 个唯一账号，0 个扩展字段
[2026-06-14 15:01:29] DEBUG [get_subject_info] 银行账号「3881年23月」匹配到主体: 上********司（优先级: 0）
[2026-06-14 15:01:29] INFO [_parse_sheet] 东亚银行文件工作表「交易明细」提取 2 条记录
[2026-06-14 15:01:29] INFO [parse] 东亚银行文件处理完成，共提取 2 条记录
[2026-06-14 15:01:29] INFO [parse] 开始处理工商银行文件: /var*********************************************************************************
[2026-06-14 15:01:29] DEBUG [detect_excel_format] 文件 /var********************************************************************************* Magic Bytes 检测为 xlsx 格式 (ZIP/OOXML)
[2026-06-14 15:01:29] INFO [validate_headers] 工商银行文件工作表「交易明细」表头校验通过，7 个字段均匹配
[2026-06-14 15:01:29] DEBUG [detect_excel_format] 文件 /var******************************************************************************* Magic Bytes 检测为 xlsx 格式 (ZIP/OOXML)
[2026-06-14 15:01:29] INFO [load_lookup_table] 查找表加载完成：共 5 条条目，5 个唯一账号，0 个扩展字段
[2026-06-14 15:01:29] DEBUG [get_subject_info] 银行账号「6222年02月」匹配到主体: 深********司（优先级: 0）
[2026-06-14 15:01:29] INFO [_parse_sheet] 工商银行文件工作表「交易明细」提取 2 条记录
[2026-06-14 15:01:29] INFO [parse] 工商银行文件处理完成，共提取 2 条记录
[2026-06-14 15:01:29] INFO [parse] 开始处理建设银行文件: /var*********************************************************************************
[2026-06-14 15:01:29] DEBUG [detect_excel_format] 文件 /var********************************************************************************* Magic Bytes 检测为 xlsx 格式 (ZIP/OOXML)
[2026-06-14 15:01:29] INFO [validate_headers] 建设银行文件工作表「交易明细」表头校验通过，7 个字段均匹配
[2026-06-14 15:01:29] DEBUG [detect_excel_format] 文件 /var******************************************************************************* Magic Bytes 检测为 xlsx 格式 (ZIP/OOXML)
[2026-06-14 15:01:29] INFO [load_lookup_table] 查找表加载完成：共 5 条条目，5 个唯一账号，0 个扩展字段
[2026-06-14 15:01:29] DEBUG [get_subject_info] 银行账号「6227年00月」匹配到主体: 广**********司（优先级: 0）
[2026-06-14 15:01:29] INFO [_parse_sheet] 建设银行文件工作表「交易明细」提取 2 条记录
[2026-06-14 15:01:29] INFO [parse] 建设银行文件处理完成，共提取 2 条记录
[2026-06-14 15:01:29] INFO [parse] 开始处理招商银行文件: /var*********************************************************************************
[2026-06-14 15:01:29] DEBUG [detect_excel_format] 文件 /var********************************************************************************* Magic Bytes 检测为 xlsx 格式 (ZIP/OOXML)
[2026-06-14 15:01:29] INFO [validate_headers] 招商银行文件工作表「活期交易明细」表头校验通过，7 个字段均匹配
[2026-06-14 15:01:29] DEBUG [detect_excel_format] 文件 /var******************************************************************************* Magic Bytes 检测为 xlsx 格式 (ZIP/OOXML)
[2026-06-14 15:01:29] INFO [load_lookup_table] 查找表加载完成：共 5 条条目，5 个唯一账号，0 个扩展字段
[2026-06-14 15:01:29] DEBUG [get_subject_info] 银行账号「6225年88月」匹配到主体: 杭**********司（优先级: 0）
[2026-06-14 15:01:29] INFO [_parse_sheet] 招商银行文件工作表「活期交易明细」提取 2 条记录
[2026-06-14 15:01:29] INFO [parse] 招商银行文件处理完成，共提取 2 条记录
[2026-06-14 15:01:29] DEBUG [detect_excel_format] 文件 /var******************************************************************************* Magic Bytes 检测为 xlsx 格式 (ZIP/OOXML)
[2026-06-14 15:01:29] INFO [load_lookup_table] 查找表加载完成：共 5 条条目，5 个唯一账号，0 个扩展字段
[2026-06-14 15:01:29] INFO [setup_logging] 日志系统初始化完成，日志文件: /Use*******************************************************************************************************
[2026-06-14 15:01:29] INFO [setup_logging] 未检测到 tkinter，将使用命令行交互模式
[2026-06-14 15:01:29] INFO [parse] 开始处理北京银行文件: /var*********************************************************************************
[2026-06-14 15:01:30] DEBUG [detect_excel_format] 文件 /var********************************************************************************* Magic Bytes 检测为 xlsx 格式 (ZIP/OOXML)
[2026-06-14 15:01:30] INFO [validate_headers] 北京银行文件工作表「交易明细」表头校验通过，7 个字段均匹配
[2026-06-14 15:01:30] DEBUG [detect_excel_format] 文件 /var******************************************************************************* Magic Bytes 检测为 xlsx 格式 (ZIP/OOXML)
[2026-06-14 15:01:30] INFO [load_lookup_table] 查找表加载完成：共 5 条条目，5 个唯一账号，0 个扩展字段
[2026-06-14 15:01:30] DEBUG [get_subject_info] 银行账号「0109年03月」匹配到主体: 北********司（优先级: 0）
[2026-06-14 15:01:30] INFO [_parse_sheet] 北京银行文件工作表「交易明细」提取 2 条记录
[2026-06-14 15:01:30] INFO [parse] 北京银行文件处理完成，共提取 2 条记录
[2026-06-14 15:01:30] INFO [parse] 开始处理东亚银行文件: /var*********************************************************************************
[2026-06-14 15:01:30] DEBUG [detect_excel_format] 文件 /var********************************************************************************* Magic Bytes 检测为 xlsx 格式 (ZIP/OOXML)
[2026-06-14 15:01:30] INFO [validate_headers] 东亚银行文件工作表「交易明细」表头校验通过，7 个字段均匹配
[2026-06-14 15:01:30] DEBUG [detect_excel_format] 文件 /var******************************************************************************* Magic Bytes 检测为 xlsx 格式 (ZIP/OOXML)
[2026-06-14 15:01:30] INFO [load_lookup_table] 查找表加载完成：共 5 条条目，5 个唯一账号，0 个扩展字段
[2026-06-14 15:01:30] DEBUG [get_subject_info] 银行账号「3881年23月」匹配到主体: 上********司（优先级: 0）
[2026-06-14 15:01:30] INFO [_parse_sheet] 东亚银行文件工作表「交易明细」提取 2 条记录
[2026-06-14 15:01:30] INFO [parse] 东亚银行文件处理完成，共提取 2 条记录
[2026-06-14 15:01:30] INFO [parse] 开始处理工商银行文件: /var*********************************************************************************
[2026-06-14 15:01:30] DEBUG [detect_excel_format] 文件 /var********************************************************************************* Magic Bytes 检测为 xlsx 格式 (ZIP/OOXML)
[2026-06-14 15:01:30] INFO [validate_headers] 工商银行文件工作表「交易明细」表头校验通过，7 个字段均匹配
[2026-06-14 15:01:30] DEBUG [detect_excel_format] 文件 /var******************************************************************************* Magic Bytes 检测为 xlsx 格式 (ZIP/OOXML)
[2026-06-14 15:01:30] INFO [load_lookup_table] 查找表加载完成：共 5 条条目，5 个唯一账号，0 个扩展字段
[2026-06-14 15:01:30] DEBUG [get_subject_info] 银行账号「6222年02月」匹配到主体: 深********司（优先级: 0）
[2026-06-14 15:01:30] INFO [_parse_sheet] 工商银行文件工作表「交易明细」提取 2 条记录
[2026-06-14 15:01:30] INFO [parse] 工商银行文件处理完成，共提取 2 条记录
[2026-06-14 15:01:30] INFO [parse] 开始处理建设银行文件: /var*********************************************************************************
[2026-06-14 15:01:30] DEBUG [detect_excel_format] 文件 /var********************************************************************************* Magic Bytes 检测为 xlsx 格式 (ZIP/OOXML)
[2026-06-14 15:01:30] INFO [validate_headers] 建设银行文件工作表「交易明细」表头校验通过，7 个字段均匹配
[2026-06-14 15:01:30] DEBUG [detect_excel_format] 文件 /var******************************************************************************* Magic Bytes 检测为 xlsx 格式 (ZIP/OOXML)
[2026-06-14 15:01:30] INFO [load_lookup_table] 查找表加载完成：共 5 条条目，5 个唯一账号，0 个扩展字段
[2026-06-14 15:01:30] DEBUG [get_subject_info] 银行账号「6227年00月」匹配到主体: 广**********司（优先级: 0）
[2026-06-14 15:01:30] INFO [_parse_sheet] 建设银行文件工作表「交易明细」提取 2 条记录
[2026-06-14 15:01:30] INFO [parse] 建设银行文件处理完成，共提取 2 条记录
[2026-06-14 15:01:30] INFO [parse] 开始处理招商银行文件: /var*********************************************************************************
[2026-06-14 15:01:30] DEBUG [detect_excel_format] 文件 /var********************************************************************************* Magic Bytes 检测为 xlsx 格式 (ZIP/OOXML)
[2026-06-14 15:01:30] INFO [validate_headers] 招商银行文件工作表「活期交易明细」表头校验通过，7 个字段均匹配
[2026-06-14 15:01:30] DEBUG [detect_excel_format] 文件 /var******************************************************************************* Magic Bytes 检测为 xlsx 格式 (ZIP/OOXML)
[2026-06-14 15:01:30] INFO [load_lookup_table] 查找表加载完成：共 5 条条目，5 个唯一账号，0 个扩展字段
[2026-06-14 15:01:30] DEBUG [get_subject_info] 银行账号「6225年88月」匹配到主体: 杭**********司（优先级: 0）
[2026-06-14 15:01:30] INFO [_parse_sheet] 招商银行文件工作表「活期交易明细」提取 2 条记录
[2026-06-14 15:01:30] INFO [parse] 招商银行文件处理完成，共提取 2 条记录
[2026-06-14 15:01:30] DEBUG [detect_excel_format] 文件 /var******************************************************************************* Magic Bytes 检测为 xlsx 格式 (ZIP/OOXML)
[2026-06-14 15:01:30] INFO [load_lookup_table] 查找表加载完成：共 5 条条目，5 个唯一账号，0 个扩展字段
[2026-06-14 15:01:30] INFO [setup_logging] 日志系统初始化完成，日志文件: /Use*******************************************************************************************************
[2026-06-14 15:01:30] INFO [setup_logging] 未检测到 tkinter，将使用命令行交互模式
[2026-06-14 15:01:30] INFO [parse] 开始处理工商银行文件: /var*********************************************************************************
[2026-06-14 15:01:30] DEBUG [detect_excel_format] 文件 /var********************************************************************************* Magic Bytes 检测为 xlsx 格式 (ZIP/OOXML)
[2026-06-14 15:01:30] INFO [validate_headers] 工商银行文件工作表「交易明细」表头校验通过，7 个字段均匹配
[2026-06-14 15:01:30] DEBUG [detect_excel_format] 文件 /var******************************************************************************* Magic Bytes 检测为 xlsx 格式 (ZIP/OOXML)
[2026-06-14 15:01:30] INFO [load_lookup_table] 查找表加载完成：共 5 条条目，5 个唯一账号，0 个扩展字段
[2026-06-14 15:01:30] DEBUG [get_subject_info] 银行账号「6222年02月」匹配到主体: 深********司（优先级: 0）
[2026-06-14 15:01:30] INFO [_parse_sheet] 工商银行文件工作表「交易明细」提取 2 条记录
[2026-06-14 15:01:30] INFO [parse] 工商银行文件处理完成，共提取 2 条记录
[2026-06-14 15:01:30] INFO [setup_logging] 日志系统初始化完成，日志文件: /Use*******************************************************************************************************
[2026-06-14 15:01:30] INFO [setup_logging] 未检测到 tkinter，将使用命令行交互模式
[2026-06-14 15:01:30] INFO [parse] 开始处理建设银行文件: /var*********************************************************************************
[2026-06-14 15:01:30] DEBUG [detect_excel_format] 文件 /var********************************************************************************* Magic Bytes 检测为 xlsx 格式 (ZIP/OOXML)
[2026-06-14 15:01:30] INFO [validate_headers] 建设银行文件工作表「交易明细」表头校验通过，7 个字段均匹配
[2026-06-14 15:01:30] DEBUG [detect_excel_format] 文件 /var******************************************************************************* Magic Bytes 检测为 xlsx 格式 (ZIP/OOXML)
[2026-06-14 15:01:30] INFO [load_lookup_table] 查找表加载完成：共 5 条条目，5 个唯一账号，0 个扩展字段
[2026-06-14 15:01:30] DEBUG [get_subject_info] 银行账号「6227年00月」匹配到主体: 广**********司（优先级: 0）
[2026-06-14 15:01:30] INFO [_parse_sheet] 建设银行文件工作表「交易明细」提取 2 条记录
[2026-06-14 15:01:30] INFO [parse] 建设银行文件处理完成，共提取 2 条记录
[2026-06-14 15:01:30] INFO [setup_logging] 日志系统初始化完成，日志文件: /Use*******************************************************************************************************
[2026-06-14 15:01:30] INFO [setup_logging] 未检测到 tkinter，将使用命令行交互模式
[2026-06-14 15:01:30] INFO [parse] 开始处理招商银行文件: /var*********************************************************************************
[2026-06-14 15:01:30] DEBUG [detect_excel_format] 文件 /var********************************************************************************* Magic Bytes 检测为 xlsx 格式 (ZIP/OOXML)
[2026-06-14 15:01:30] INFO [validate_headers] 招商银行文件工作表「活期交易明细」表头校验通过，7 个字段均匹配
[2026-06-14 15:01:30] DEBUG [detect_excel_format] 文件 /var******************************************************************************* Magic Bytes 检测为 xlsx 格式 (ZIP/OOXML)
[2026-06-14 15:01:30] INFO [load_lookup_table] 查找表加载完成：共 5 条条目，5 个唯一账号，0 个扩展字段
[2026-06-14 15:01:30] DEBUG [get_subject_info] 银行账号「6225年88月」匹配到主体: 杭**********司（优先级: 0）
[2026-06-14 15:01:30] INFO [_parse_sheet] 招商银行文件工作表「活期交易明细」提取 2 条记录
[2026-06-14 15:01:30] INFO [parse] 招商银行文件处理完成，共提取 2 条记录
[2026-06-14 15:01:30] INFO [setup_logging] 日志系统初始化完成，日志文件: /Use*******************************************************************************************************
[2026-06-14 15:01:30] INFO [setup_logging] 未检测到 tkinter，将使用命令行交互模式
[2026-06-14 15:01:30] INFO [_identify_bank_by_content] 文件「无银行名_流水.xlsx」通过内容特征识别为: 北京银行
[2026-06-14 15:01:30] INFO [setup_logging] 日志系统初始化完成，日志文件: /Use*******************************************************************************************************
[2026-06-14 15:01:30] INFO [setup_logging] 未检测到 tkinter，将使用命令行交互模式
[2026-06-14 15:01:30] INFO [_identify_bank_by_content] 文件「无银行名_流水.xlsx」通过内容特征识别为: 东亚银行
[2026-06-14 15:01:30] INFO [setup_logging] 日志系统初始化完成，日志文件: /Use*******************************************************************************************************
[2026-06-14 15:01:30] INFO [setup_logging] 未检测到 tkinter，将使用命令行交互模式
[2026-06-14 15:01:30] INFO [_identify_bank_by_content] 文件「无银行名_流水.xlsx」通过内容特征识别为: 工商银行
[2026-06-14 15:01:30] INFO [setup_logging] 日志系统初始化完成，日志文件: /Use*******************************************************************************************************
[2026-06-14 15:01:30] INFO [setup_logging] 未检测到 tkinter，将使用命令行交互模式
[2026-06-14 15:01:30] INFO [_identify_bank_by_content] 文件「无银行名_流水.xlsx」通过内容特征识别为: 建设银行
[2026-06-14 15:01:30] INFO [setup_logging] 日志系统初始化完成，日志文件: /Use*******************************************************************************************************
[2026-06-14 15:01:30] INFO [setup_logging] 未检测到 tkinter，将使用命令行交互模式
[2026-06-14 15:01:30] INFO [_identify_bank_by_content] 文件「无银行名_流水.xlsx」通过内容特征识别为: 招商银行
[2026-06-14 15:01:30] INFO [setup_logging] 日志系统初始化完成，日志文件: /Use*******************************************************************************************************
[2026-06-14 15:01:30] INFO [setup_logging] 未检测到 tkinter，将使用命令行交互模式
[2026-06-14 15:01:30] INFO [parse] 开始处理北京银行文件: /var*********************************************************************************
[2026-06-14 15:01:30] DEBUG [detect_excel_format] 文件 /var********************************************************************************* Magic Bytes 检测为 xlsx 格式 (ZIP/OOXML)
[2026-06-14 15:01:30] INFO [validate_headers] 北京银行文件工作表「交易明细」表头校验通过，7 个字段均匹配
[2026-06-14 15:01:30] DEBUG [detect_excel_format] 文件 /var******************************************************************************* Magic Bytes 检测为 xlsx 格式 (ZIP/OOXML)
[2026-06-14 15:01:30] INFO [load_lookup_table] 查找表加载完成：共 5 条条目，5 个唯一账号，0 个扩展字段
[2026-06-14 15:01:30] DEBUG [get_subject_info] 银行账号「0109年03月」匹配到主体: 北********司（优先级: 0）
[2026-06-14 15:01:30] INFO [_parse_sheet] 北京银行文件工作表「交易明细」提取 2 条记录
[2026-06-14 15:01:30] INFO [parse] 北京银行文件处理完成，共提取 2 条记录
[2026-06-14 15:01:30] INFO [setup_logging] 日志系统初始化完成，日志文件: /Use*******************************************************************************************************
[2026-06-14 15:01:30] INFO [setup_logging] 未检测到 tkinter，将使用命令行交互模式
[2026-06-14 15:01:30] INFO [parse] 开始处理东亚银行文件: /var*********************************************************************************
[2026-06-14 15:01:30] DEBUG [detect_excel_format] 文件 /var********************************************************************************* Magic Bytes 检测为 xlsx 格式 (ZIP/OOXML)
[2026-06-14 15:01:30] INFO [validate_headers] 东亚银行文件工作表「交易明细」表头校验通过，7 个字段均匹配
[2026-06-14 15:01:30] DEBUG [detect_excel_format] 文件 /var******************************************************************************* Magic Bytes 检测为 xlsx 格式 (ZIP/OOXML)
[2026-06-14 15:01:30] INFO [load_lookup_table] 查找表加载完成：共 5 条条目，5 个唯一账号，0 个扩展字段
[2026-06-14 15:01:30] DEBUG [get_subject_info] 银行账号「3881年23月」匹配到主体: 上********司（优先级: 0）
[2026-06-14 15:01:30] INFO [_parse_sheet] 东亚银行文件工作表「交易明细」提取 2 条记录
[2026-06-14 15:01:30] INFO [parse] 东亚银行文件处理完成，共提取 2 条记录
[2026-06-14 15:01:30] INFO [setup_logging] 日志系统初始化完成，日志文件: /Use*******************************************************************************************************
[2026-06-14 15:01:30] INFO [setup_logging] 未检测到 tkinter，将使用命令行交互模式
[2026-06-14 15:01:30] INFO [parse] 开始处理工商银行文件: /var*********************************************************************************
[2026-06-14 15:01:30] DEBUG [detect_excel_format] 文件 /var********************************************************************************* Magic Bytes 检测为 xlsx 格式 (ZIP/OOXML)
[2026-06-14 15:01:30] INFO [validate_headers] 工商银行文件工作表「交易明细」表头校验通过，7 个字段均匹配
[2026-06-14 15:01:30] DEBUG [detect_excel_format] 文件 /var******************************************************************************* Magic Bytes 检测为 xlsx 格式 (ZIP/OOXML)
[2026-06-14 15:01:30] INFO [load_lookup_table] 查找表加载完成：共 5 条条目，5 个唯一账号，0 个扩展字段
[2026-06-14 15:01:30] DEBUG [get_subject_info] 银行账号「6222年02月」匹配到主体: 深********司（优先级: 0）
[2026-06-14 15:01:30] INFO [_parse_sheet] 工商银行文件工作表「交易明细」提取 2 条记录
[2026-06-14 15:01:30] INFO [parse] 工商银行文件处理完成，共提取 2 条记录
[2026-06-14 15:01:30] INFO [setup_logging] 日志系统初始化完成，日志文件: /Use*******************************************************************************************************
[2026-06-14 15:01:30] INFO [setup_logging] 未检测到 tkinter，将使用命令行交互模式
[2026-06-14 15:01:30] INFO [parse] 开始处理建设银行文件: /var*********************************************************************************
[2026-06-14 15:01:30] DEBUG [detect_excel_format] 文件 /var********************************************************************************* Magic Bytes 检测为 xlsx 格式 (ZIP/OOXML)
[2026-06-14 15:01:30] INFO [validate_headers] 建设银行文件工作表「交易明细」表头校验通过，7 个字段均匹配
[2026-06-14 15:01:30] DEBUG [detect_excel_format] 文件 /var******************************************************************************* Magic Bytes 检测为 xlsx 格式 (ZIP/OOXML)
[2026-06-14 15:01:30] INFO [load_lookup_table] 查找表加载完成：共 5 条条目，5 个唯一账号，0 个扩展字段
[2026-06-14 15:01:30] DEBUG [get_subject_info] 银行账号「6227年00月」匹配到主体: 广**********司（优先级: 0）
[2026-06-14 15:01:30] INFO [_parse_sheet] 建设银行文件工作表「交易明细」提取 2 条记录
[2026-06-14 15:01:30] INFO [parse] 建设银行文件处理完成，共提取 2 条记录
[2026-06-14 15:01:30] INFO [setup_logging] 日志系统初始化完成，日志文件: /Use*******************************************************************************************************
[2026-06-14 15:01:30] INFO [setup_logging] 未检测到 tkinter，将使用命令行交互模式
[2026-06-14 15:01:30] INFO [parse] 开始处理招商银行文件: /var*********************************************************************************
[2026-06-14 15:01:30] DEBUG [detect_excel_format] 文件 /var********************************************************************************* Magic Bytes 检测为 xlsx 格式 (ZIP/OOXML)
[2026-06-14 15:01:30] INFO [validate_headers] 招商银行文件工作表「活期交易明细」表头校验通过，7 个字段均匹配
[2026-06-14 15:01:30] DEBUG [detect_excel_format] 文件 /var******************************************************************************* Magic Bytes 检测为 xlsx 格式 (ZIP/OOXML)
[2026-06-14 15:01:30] INFO [load_lookup_table] 查找表加载完成：共 5 条条目，5 个唯一账号，0 个扩展字段
[2026-06-14 15:01:30] DEBUG [get_subject_info] 银行账号「6225年88月」匹配到主体: 杭**********司（优先级: 0）
[2026-06-14 15:01:30] INFO [_parse_sheet] 招商银行文件工作表「活期交易明细」提取 2 条记录
[2026-06-14 15:01:30] INFO [parse] 招商银行文件处理完成，共提取 2 条记录
[2026-06-14 15:01:30] INFO [setup_logging] 日志系统初始化完成，日志文件: /Use*******************************************************************************************************
[2026-06-14 15:01:30] INFO [setup_logging] 未检测到 tkinter，将使用命令行交互模式
[2026-06-14 15:01:30] INFO [parse] 开始处理北京银行文件: /var*********************************************************************************
[2026-06-14 15:01:30] DEBUG [detect_excel_format] 文件 /var********************************************************************************* Magic Bytes 检测为 xlsx 格式 (ZIP/OOXML)
[2026-06-14 15:01:30] INFO [validate_headers] 北京银行文件工作表「交易明细」表头校验通过，7 个字段均匹配
[2026-06-14 15:01:30] DEBUG [detect_excel_format] 文件 /var******************************************************************************* Magic Bytes 检测为 xlsx 格式 (ZIP/OOXML)
[2026-06-14 15:01:30] INFO [load_lookup_table] 查找表加载完成：共 5 条条目，5 个唯一账号，0 个扩展字段
[2026-06-14 15:01:30] DEBUG [get_subject_info] 银行账号「0109年03月」匹配到主体: 北********司（优先级: 0）
[2026-06-14 15:01:30] INFO [_parse_sheet] 北京银行文件工作表「交易明细」提取 2 条记录
[2026-06-14 15:01:30] INFO [parse] 北京银行文件处理完成，共提取 2 条记录
[2026-06-14 15:01:30] INFO [setup_logging] 日志系统初始化完成，日志文件: /Use*******************************************************************************************************
[2026-06-14 15:01:30] INFO [setup_logging] 未检测到 tkinter，将使用命令行交互模式
[2026-06-14 15:01:30] INFO [parse] 开始处理东亚银行文件: /var*********************************************************************************
[2026-06-14 15:01:30] DEBUG [detect_excel_format] 文件 /var********************************************************************************* Magic Bytes 检测为 xlsx 格式 (ZIP/OOXML)
[2026-06-14 15:01:30] INFO [validate_headers] 东亚银行文件工作表「交易明细」表头校验通过，7 个字段均匹配
[2026-06-14 15:01:30] DEBUG [detect_excel_format] 文件 /var******************************************************************************* Magic Bytes 检测为 xlsx 格式 (ZIP/OOXML)
[2026-06-14 15:01:30] INFO [load_lookup_table] 查找表加载完成：共 5 条条目，5 个唯一账号，0 个扩展字段
[2026-06-14 15:01:30] DEBUG [get_subject_info] 银行账号「3881年23月」匹配到主体: 上********司（优先级: 0）
[2026-06-14 15:01:30] INFO [_parse_sheet] 东亚银行文件工作表「交易明细」提取 2 条记录
[2026-06-14 15:01:30] INFO [parse] 东亚银行文件处理完成，共提取 2 条记录
[2026-06-14 15:01:30] INFO [setup_logging] 日志系统初始化完成，日志文件: /Use*******************************************************************************************************
[2026-06-14 15:01:30] INFO [setup_logging] 未检测到 tkinter，将使用命令行交互模式
[2026-06-14 15:01:30] INFO [parse] 开始处理工商银行文件: /var*********************************************************************************
[2026-06-14 15:01:30] DEBUG [detect_excel_format] 文件 /var********************************************************************************* Magic Bytes 检测为 xlsx 格式 (ZIP/OOXML)
[2026-06-14 15:01:30] INFO [validate_headers] 工商银行文件工作表「交易明细」表头校验通过，7 个字段均匹配
[2026-06-14 15:01:30] DEBUG [detect_excel_format] 文件 /var******************************************************************************* Magic Bytes 检测为 xlsx 格式 (ZIP/OOXML)
[2026-06-14 15:01:30] INFO [load_lookup_table] 查找表加载完成：共 5 条条目，5 个唯一账号，0 个扩展字段
[2026-06-14 15:01:30] DEBUG [get_subject_info] 银行账号「6222年02月」匹配到主体: 深********司（优先级: 0）
[2026-06-14 15:01:30] INFO [_parse_sheet] 工商银行文件工作表「交易明细」提取 2 条记录
[2026-06-14 15:01:30] INFO [parse] 工商银行文件处理完成，共提取 2 条记录
[2026-06-14 15:01:30] INFO [setup_logging] 日志系统初始化完成，日志文件: /Use*******************************************************************************************************
[2026-06-14 15:01:30] INFO [setup_logging] 未检测到 tkinter，将使用命令行交互模式
[2026-06-14 15:01:30] INFO [parse] 开始处理建设银行文件: /var*********************************************************************************
[2026-06-14 15:01:30] DEBUG [detect_excel_format] 文件 /var********************************************************************************* Magic Bytes 检测为 xlsx 格式 (ZIP/OOXML)
[2026-06-14 15:01:30] INFO [validate_headers] 建设银行文件工作表「交易明细」表头校验通过，7 个字段均匹配
[2026-06-14 15:01:30] DEBUG [detect_excel_format] 文件 /var******************************************************************************* Magic Bytes 检测为 xlsx 格式 (ZIP/OOXML)
[2026-06-14 15:01:30] INFO [load_lookup_table] 查找表加载完成：共 5 条条目，5 个唯一账号，0 个扩展字段
[2026-06-14 15:01:30] DEBUG [get_subject_info] 银行账号「6227年00月」匹配到主体: 广**********司（优先级: 0）
[2026-06-14 15:01:30] INFO [_parse_sheet] 建设银行文件工作表「交易明细」提取 2 条记录
[2026-06-14 15:01:30] INFO [parse] 建设银行文件处理完成，共提取 2 条记录
[2026-06-14 15:01:30] INFO [setup_logging] 日志系统初始化完成，日志文件: /Use*******************************************************************************************************
[2026-06-14 15:01:30] INFO [setup_logging] 未检测到 tkinter，将使用命令行交互模式
[2026-06-14 15:01:30] INFO [parse] 开始处理招商银行文件: /var*********************************************************************************
[2026-06-14 15:01:30] DEBUG [detect_excel_format] 文件 /var********************************************************************************* Magic Bytes 检测为 xlsx 格式 (ZIP/OOXML)
[2026-06-14 15:01:30] INFO [validate_headers] 招商银行文件工作表「活期交易明细」表头校验通过，7 个字段均匹配
[2026-06-14 15:01:30] DEBUG [detect_excel_format] 文件 /var******************************************************************************* Magic Bytes 检测为 xlsx 格式 (ZIP/OOXML)
[2026-06-14 15:01:30] INFO [load_lookup_table] 查找表加载完成：共 5 条条目，5 个唯一账号，0 个扩展字段
[2026-06-14 15:01:30] DEBUG [get_subject_info] 银行账号「6225年88月」匹配到主体: 杭**********司（优先级: 0）
[2026-06-14 15:01:30] INFO [_parse_sheet] 招商银行文件工作表「活期交易明细」提取 2 条记录
[2026-06-14 15:01:30] INFO [parse] 招商银行文件处理完成，共提取 2 条记录
[2026-06-14 15:01:30] INFO [setup_logging] 日志系统初始化完成，日志文件: /Use*******************************************************************************************************
[2026-06-14 15:01:30] INFO [setup_logging] 未检测到 tkinter，将使用命令行交互模式
[2026-06-14 15:01:30] INFO [parse] 开始处理北京银行文件: /var*********************************************************************************
[2026-06-14 15:01:30] DEBUG [detect_excel_format] 文件 /var********************************************************************************* Magic Bytes 检测为 xlsx 格式 (ZIP/OOXML)
[2026-06-14 15:01:30] INFO [validate_headers] 北京银行文件工作表「交易明细」表头校验通过，7 个字段均匹配
[2026-06-14 15:01:30] DEBUG [detect_excel_format] 文件 /var******************************************************************************* Magic Bytes 检测为 xlsx 格式 (ZIP/OOXML)
[2026-06-14 15:01:30] INFO [load_lookup_table] 查找表加载完成：共 5 条条目，5 个唯一账号，0 个扩展字段
[2026-06-14 15:01:30] DEBUG [get_subject_info] 银行账号「0109年03月」匹配到主体: 北********司（优先级: 0）
[2026-06-14 15:01:30] INFO [_parse_sheet] 北京银行文件工作表「交易明细」提取 2 条记录
[2026-06-14 15:01:30] INFO [parse] 北京银行文件处理完成，共提取 2 条记录
[2026-06-14 15:01:30] INFO [setup_logging] 日志系统初始化完成，日志文件: /Use*******************************************************************************************************
[2026-06-14 15:01:30] INFO [setup_logging] 未检测到 tkinter，将使用命令行交互模式
[2026-06-14 15:01:30] INFO [parse] 开始处理东亚银行文件: /var*********************************************************************************
[2026-06-14 15:01:30] DEBUG [detect_excel_format] 文件 /var********************************************************************************* Magic Bytes 检测为 xlsx 格式 (ZIP/OOXML)
[2026-06-14 15:01:30] INFO [validate_headers] 东亚银行文件工作表「交易明细」表头校验通过，7 个字段均匹配
[2026-06-14 15:01:30] DEBUG [detect_excel_format] 文件 /var******************************************************************************* Magic Bytes 检测为 xlsx 格式 (ZIP/OOXML)
[2026-06-14 15:01:30] INFO [load_lookup_table] 查找表加载完成：共 5 条条目，5 个唯一账号，0 个扩展字段
[2026-06-14 15:01:30] DEBUG [get_subject_info] 银行账号「3881年23月」匹配到主体: 上********司（优先级: 0）
[2026-06-14 15:01:30] INFO [_parse_sheet] 东亚银行文件工作表「交易明细」提取 2 条记录
[2026-06-14 15:01:30] INFO [parse] 东亚银行文件处理完成，共提取 2 条记录
[2026-06-14 15:01:30] INFO [setup_logging] 日志系统初始化完成，日志文件: /Use*******************************************************************************************************
[2026-06-14 15:01:30] INFO [setup_logging] 未检测到 tkinter，将使用命令行交互模式
[2026-06-14 15:01:30] INFO [parse] 开始处理工商银行文件: /var*********************************************************************************
[2026-06-14 15:01:30] DEBUG [detect_excel_format] 文件 /var********************************************************************************* Magic Bytes 检测为 xlsx 格式 (ZIP/OOXML)
[2026-06-14 15:01:30] INFO [validate_headers] 工商银行文件工作表「交易明细」表头校验通过，7 个字段均匹配
[2026-06-14 15:01:30] DEBUG [detect_excel_format] 文件 /var******************************************************************************* Magic Bytes 检测为 xlsx 格式 (ZIP/OOXML)
[2026-06-14 15:01:30] INFO [load_lookup_table] 查找表加载完成：共 5 条条目，5 个唯一账号，0 个扩展字段
[2026-06-14 15:01:30] DEBUG [get_subject_info] 银行账号「6222年02月」匹配到主体: 深********司（优先级: 0）
[2026-06-14 15:01:30] INFO [_parse_sheet] 工商银行文件工作表「交易明细」提取 2 条记录
[2026-06-14 15:01:30] INFO [parse] 工商银行文件处理完成，共提取 2 条记录
[2026-06-14 15:01:30] INFO [setup_logging] 日志系统初始化完成，日志文件: /Use*******************************************************************************************************
[2026-06-14 15:01:30] INFO [setup_logging] 未检测到 tkinter，将使用命令行交互模式
[2026-06-14 15:01:30] INFO [parse] 开始处理建设银行文件: /var*********************************************************************************
[2026-06-14 15:01:30] DEBUG [detect_excel_format] 文件 /var********************************************************************************* Magic Bytes 检测为 xlsx 格式 (ZIP/OOXML)
[2026-06-14 15:01:30] INFO [validate_headers] 建设银行文件工作表「交易明细」表头校验通过，7 个字段均匹配
[2026-06-14 15:01:30] DEBUG [detect_excel_format] 文件 /var******************************************************************************* Magic Bytes 检测为 xlsx 格式 (ZIP/OOXML)
[2026-06-14 15:01:30] INFO [load_lookup_table] 查找表加载完成：共 5 条条目，5 个唯一账号，0 个扩展字段
[2026-06-14 15:01:30] DEBUG [get_subject_info] 银行账号「6227年00月」匹配到主体: 广**********司（优先级: 0）
[2026-06-14 15:01:30] INFO [_parse_sheet] 建设银行文件工作表「交易明细」提取 2 条记录
[2026-06-14 15:01:31] INFO [parse] 建设银行文件处理完成，共提取 2 条记录
[2026-06-14 15:01:31] INFO [setup_logging] 日志系统初始化完成，日志文件: /Use*******************************************************************************************************
[2026-06-14 15:01:31] INFO [setup_logging] 未检测到 tkinter，将使用命令行交互模式
[2026-06-14 15:01:31] INFO [parse] 开始处理招商银行文件: /var*********************************************************************************
[2026-06-14 15:01:31] DEBUG [detect_excel_format] 文件 /var********************************************************************************* Magic Bytes 检测为 xlsx 格式 (ZIP/OOXML)
[2026-06-14 15:01:31] INFO [validate_headers] 招商银行文件工作表「活期交易明细」表头校验通过，7 个字段均匹配
[2026-06-14 15:01:31] DEBUG [detect_excel_format] 文件 /var******************************************************************************* Magic Bytes 检测为 xlsx 格式 (ZIP/OOXML)
[2026-06-14 15:01:31] INFO [load_lookup_table] 查找表加载完成：共 5 条条目，5 个唯一账号，0 个扩展字段
[2026-06-14 15:01:31] DEBUG [get_subject_info] 银行账号「6225年88月」匹配到主体: 杭**********司（优先级: 0）
[2026-06-14 15:01:31] INFO [_parse_sheet] 招商银行文件工作表「活期交易明细」提取 2 条记录
[2026-06-14 15:01:31] INFO [parse] 招商银行文件处理完成，共提取 2 条记录
[2026-06-14 15:01:31] INFO [setup_logging] 日志系统初始化完成，日志文件: /Use*******************************************************************************************************
[2026-06-14 15:01:31] INFO [setup_logging] 未检测到 tkinter，将使用命令行交互模式
[2026-06-14 15:01:31] INFO [setup_logging] 日志系统初始化完成，日志文件: /Use*******************************************************************************************************
[2026-06-14 15:01:31] INFO [setup_logging] 未检测到 tkinter，将使用命令行交互模式
[2026-06-14 15:01:31] INFO [setup_logging] 日志系统初始化完成，日志文件: /Use*******************************************************************************************************
[2026-06-14 15:01:31] INFO [setup_logging] 未检测到 tkinter，将使用命令行交互模式
[2026-06-14 15:01:31] INFO [setup_logging] 日志系统初始化完成，日志文件: /Use*******************************************************************************************************
[2026-06-14 15:01:31] INFO [setup_logging] 未检测到 tkinter，将使用命令行交互模式
[2026-06-14 15:01:31] INFO [setup_logging] 日志系统初始化完成，日志文件: /Use*******************************************************************************************************
[2026-06-14 15:01:31] INFO [setup_logging] 未检测到 tkinter，将使用命令行交互模式
[2026-06-14 15:01:31] INFO [setup_logging] 日志系统初始化完成，日志文件: /Use*******************************************************************************************************
[2026-06-14 15:01:31] INFO [setup_logging] 未检测到 tkinter，将使用命令行交互模式
[2026-06-14 15:01:31] INFO [setup_logging] 日志系统初始化完成，日志文件: /Use*******************************************************************************************************
[2026-06-14 15:01:31] INFO [setup_logging] 未检测到 tkinter，将使用命令行交互模式
[2026-06-14 15:01:31] INFO [setup_logging] 日志系统初始化完成，日志文件: /Use*******************************************************************************************************
[2026-06-14 15:01:31] INFO [setup_logging] 未检测到 tkinter，将使用命令行交互模式
[2026-06-14 15:01:31] INFO [setup_logging] 日志系统初始化完成，日志文件: /Use*******************************************************************************************************
[2026-06-14 15:01:31] INFO [setup_logging] 未检测到 tkinter，将使用命令行交互模式
[2026-06-14 15:01:31] INFO [setup_logging] 日志系统初始化完成，日志文件: /Use*******************************************************************************************************
[2026-06-14 15:01:31] INFO [setup_logging] 未检测到 tkinter，将使用命令行交互模式
[2026-06-14 15:01:31] WARNING [summarize_transactions] 无交易记录可汇总
[2026-06-14 15:01:31] INFO [setup_logging] 日志系统初始化完成，日志文件: /Use*******************************************************************************************************
[2026-06-14 15:01:31] INFO [setup_logging] 未检测到 tkinter，将使用命令行交互模式
[2026-06-14 15:01:31] WARNING [summarize_transactions] 无交易记录可汇总
[2026-06-14 15:01:31] INFO [setup_logging] 日志系统初始化完成，日志文件: /Use*******************************************************************************************************
[2026-06-14 15:01:31] INFO [setup_logging] 未检测到 tkinter，将使用命令行交互模式
[2026-06-14 15:01:31] INFO [summarize_transactions] 主体维度汇总完成: 9 条记录, 3 个主体, 3 家银行, 3 个月份, 0 个未匹配账号
[2026-06-14 15:01:31] INFO [setup_logging] 日志系统初始化完成，日志文件: /Use*******************************************************************************************************
[2026-06-14 15:01:31] INFO [setup_logging] 未检测到 tkinter，将使用命令行交互模式
[2026-06-14 15:01:31] INFO [summarize_transactions] 主体维度汇总完成: 9 条记录, 3 个主体, 3 家银行, 3 个月份, 0 个未匹配账号
[2026-06-14 15:01:31] INFO [setup_logging] 日志系统初始化完成，日志文件: /Use*******************************************************************************************************
[2026-06-14 15:01:31] INFO [setup_logging] 未检测到 tkinter，将使用命令行交互模式
[2026-06-14 15:01:31] INFO [summarize_transactions] 主体维度汇总完成: 9 条记录, 3 个主体, 3 家银行, 3 个月份, 0 个未匹配账号
[2026-06-14 15:01:31] INFO [setup_logging] 日志系统初始化完成，日志文件: /Use*******************************************************************************************************
[2026-06-14 15:01:31] INFO [setup_logging] 未检测到 tkinter，将使用命令行交互模式
[2026-06-14 15:01:31] INFO [summarize_transactions] 主体维度汇总完成: 9 条记录, 3 个主体, 3 家银行, 3 个月份, 0 个未匹配账号
[2026-06-14 15:01:31] INFO [setup_logging] 日志系统初始化完成，日志文件: /Use*******************************************************************************************************
[2026-06-14 15:01:31] INFO [setup_logging] 未检测到 tkinter，将使用命令行交互模式
[2026-06-14 15:01:31] INFO [summarize_transactions] 主体维度汇总完成: 9 条记录, 3 个主体, 3 家银行, 3 个月份, 0 个未匹配账号
[2026-06-14 15:01:31] INFO [setup_logging] 日志系统初始化完成，日志文件: /Use*******************************************************************************************************
[2026-06-14 15:01:31] INFO [setup_logging] 未检测到 tkinter，将使用命令行交互模式
[2026-06-14 15:01:31] INFO [summarize_transactions] 主体维度汇总完成: 1 条记录, 1 个主体, 1 家银行, 1 个月份, 1 个未匹配账号
[2026-06-14 15:01:31] INFO [setup_logging] 日志系统初始化完成，日志文件: /Use*******************************************************************************************************
[2026-06-14 15:01:31] INFO [setup_logging] 未检测到 tkinter，将使用命令行交互模式
[2026-06-14 15:01:31] INFO [summarize_transactions] 主体维度汇总完成: 0 条记录, 0 个主体, 0 家银行, 0 个月份, 0 个未匹配账号
[2026-06-14 15:01:31] INFO [setup_logging] 日志系统初始化完成，日志文件: /Use*******************************************************************************************************
[2026-06-14 15:01:31] INFO [setup_logging] 未检测到 tkinter，将使用命令行交互模式
[2026-06-14 15:01:31] INFO [summarize_transactions] 主体维度汇总完成: 9 条记录, 3 个主体, 3 家银行, 3 个月份, 0 个未匹配账号
[2026-06-14 15:01:31] INFO [export_subject_summary] 主体维度汇总分析已导出: /var************************************************************************************
[2026-06-14 15:01:31] INFO [setup_logging] 日志系统初始化完成，日志文件: /Use*******************************************************************************************************
[2026-06-14 15:01:31] INFO [setup_logging] 未检测到 tkinter，将使用命令行交互模式
[2026-06-14 15:01:31] INFO [summarize_transactions] 主体维度汇总完成: 9 条记录, 3 个主体, 3 家银行, 3 个月份, 0 个未匹配账号
[2026-06-14 15:01:31] INFO [export_subject_summary] 主体维度汇总分析已导出: /var************************************************************************************
[2026-06-14 15:01:31] INFO [setup_logging] 日志系统初始化完成，日志文件: /Use*******************************************************************************************************
[2026-06-14 15:01:31] INFO [setup_logging] 未检测到 tkinter，将使用命令行交互模式
[2026-06-14 15:01:31] INFO [summarize_transactions] 主体维度汇总完成: 9 条记录, 3 个主体, 3 家银行, 3 个月份, 0 个未匹配账号
[2026-06-14 15:01:31] INFO [export_subject_summary] 主体维度汇总分析已导出: /var************************************************************************************
[2026-06-14 15:01:31] INFO [setup_logging] 日志系统初始化完成，日志文件: /Use*******************************************************************************************************
[2026-06-14 15:01:31] INFO [setup_logging] 未检测到 tkinter，将使用命令行交互模式
[2026-06-14 15:01:31] INFO [summarize_transactions] 主体维度汇总完成: 9 条记录, 3 个主体, 3 家银行, 3 个月份, 0 个未匹配账号
[2026-06-14 15:01:31] INFO [export_subject_summary] 主体维度汇总分析已导出: /var************************************************************************************
[2026-06-14 15:01:31] INFO [setup_logging] 日志系统初始化完成，日志文件: /Use*******************************************************************************************************
[2026-06-14 15:01:31] INFO [setup_logging] 未检测到 tkinter，将使用命令行交互模式
[2026-06-14 15:01:31] INFO [summarize_transactions] 主体维度汇总完成: 9 条记录, 3 个主体, 3 家银行, 3 个月份, 0 个未匹配账号
[2026-06-14 15:01:31] INFO [export_subject_summary] 主体维度汇总分析已导出: /var************************************************************************************
[2026-06-14 15:01:31] INFO [setup_logging] 日志系统初始化完成，日志文件: /Use*******************************************************************************************************
[2026-06-14 15:01:31] INFO [setup_logging] 未检测到 tkinter，将使用命令行交互模式
[2026-06-14 15:01:31] INFO [export_subject_summary] 主体维度汇总分析已导出: /var***********************************************************************************
[2026-06-14 15:01:31] INFO [setup_logging] 日志系统初始化完成，日志文件: /Use*******************************************************************************************************
[2026-06-14 15:01:31] INFO [setup_logging] 未检测到 tkinter，将使用命令行交互模式
[2026-06-14 15:01:31] INFO [summarize_transactions] 主体维度汇总完成: 9 条记录, 3 个主体, 3 家银行, 3 个月份, 0 个未匹配账号
[2026-06-14 15:01:31] INFO [export_subject_summary] 主体维度汇总分析已导出: /var********************************************************************************************************
[2026-06-14 15:01:31] INFO [setup_logging] 日志系统初始化完成，日志文件: /Use*******************************************************************************************************
[2026-06-14 15:01:31] INFO [setup_logging] 未检测到 tkinter，将使用命令行交互模式
[2026-06-14 15:01:31] WARNING [generate_subject_summary_from_records] 无交易记录，跳过汇总分析生成
[2026-06-14 15:01:31] INFO [setup_logging] 日志系统初始化完成，日志文件: /Use*******************************************************************************************************
[2026-06-14 15:01:31] INFO [setup_logging] 未检测到 tkinter，将使用命令行交互模式
[2026-06-14 15:01:31] INFO [load_total_table] 加载总表成功，共 9 条记录
[2026-06-14 15:01:31] INFO [summarize_transactions] 主体维度汇总完成: 9 条记录, 3 个主体, 3 家银行, 3 个月份, 0 个未匹配账号
[2026-06-14 15:01:31] INFO [export_subject_summary] 主体维度汇总分析已导出: /var********************************************************************************************************
[2026-06-14 15:01:31] INFO [setup_logging] 日志系统初始化完成，日志文件: /Use*******************************************************************************************************
[2026-06-14 15:01:31] INFO [setup_logging] 未检测到 tkinter，将使用命令行交互模式
[2026-06-14 15:01:31] ERROR [load_total_table] 总表文件不存在: /var***********************************************************************************
[2026-06-14 15:01:31] WARNING [generate_subject_summary_from_total] 总表无数据: /var***********************************************************************************
[2026-06-14 15:01:31] INFO [setup_logging] 日志系统初始化完成，日志文件: /Use*******************************************************************************************************
[2026-06-14 15:01:31] INFO [setup_logging] 未检测到 tkinter，将使用命令行交互模式
[2026-06-14 15:01:31] INFO [summarize_transactions] 主体维度汇总完成: 2 条记录, 1 个主体, 1 家银行, 1 个月份, 0 个未匹配账号
[2026-06-14 15:01:31] INFO [setup_logging] 日志系统初始化完成，日志文件: /Use*******************************************************************************************************
[2026-06-14 15:01:31] INFO [setup_logging] 未检测到 tkinter，将使用命令行交互模式
[2026-06-14 15:01:31] INFO [summarize_transactions] 主体维度汇总完成: 2 条记录, 1 个主体, 1 家银行, 1 个月份, 0 个未匹配账号
[2026-06-14 15:01:31] INFO [setup_logging] 日志系统初始化完成，日志文件: /Use*******************************************************************************************************
[2026-06-14 15:01:31] INFO [setup_logging] 未检测到 tkinter，将使用命令行交互模式
[2026-06-14 15:01:31] INFO [summarize_transactions] 主体维度汇总完成: 1 条记录, 1 个主体, 1 家银行, 1 个月份, 0 个未匹配账号
[2026-06-14 15:01:31] INFO [setup_logging] 日志系统初始化完成，日志文件: /Use*******************************************************************************************************
[2026-06-14 15:01:31] INFO [setup_logging] 未检测到 tkinter，将使用命令行交互模式
[2026-06-14 15:01:31] INFO [summarize_transactions] 主体维度汇总完成: 2 条记录, 1 个主体, 1 家银行, 1 个月份, 1 个未匹配账号
[2026-06-14 15:01:31] INFO [setup_logging] 日志系统初始化完成，日志文件: /Use*******************************************************************************************************
[2026-06-14 15:01:31] INFO [setup_logging] 未检测到 tkinter，将使用命令行交互模式
[2026-06-14 15:01:31] INFO [summarize_transactions] 主体维度汇总完成: 4 条记录, 1 个主体, 2 家银行, 1 个月份, 2 个未匹配账号
[2026-06-14 15:01:32] INFO [setup_logging] 日志系统初始化完成，日志文件: /Use*******************************************************************************************************
[2026-06-14 15:01:32] INFO [setup_logging] 未检测到 tkinter，将使用命令行交互模式
[2026-06-14 15:01:32] INFO [summarize_transactions] 主体维度汇总完成: 2 条记录, 1 个主体, 2 家银行, 1 个月份, 1 个未匹配账号
[2026-06-14 15:01:32] INFO [setup_logging] 日志系统初始化完成，日志文件: /Use*******************************************************************************************************
[2026-06-14 15:01:32] INFO [setup_logging] 未检测到 tkinter，将使用命令行交互模式
[2026-06-14 15:01:32] INFO [summarize_transactions] 主体维度汇总完成: 1 条记录, 1 个主体, 1 家银行, 1 个月份, 0 个未匹配账号
[2026-06-14 15:01:32] INFO [setup_logging] 日志系统初始化完成，日志文件: /Use*******************************************************************************************************
[2026-06-14 15:01:32] INFO [setup_logging] 未检测到 tkinter，将使用命令行交互模式
[2026-06-14 15:01:32] INFO [summarize_transactions] 主体维度汇总完成: 2 条记录, 2 个主体, 1 家银行, 1 个月份, 1 个未匹配账号
[2026-06-14 15:01:32] INFO [setup_logging] 日志系统初始化完成，日志文件: /Use*******************************************************************************************************
[2026-06-14 15:01:32] INFO [setup_logging] 未检测到 tkinter，将使用命令行交互模式
[2026-06-14 15:01:32] INFO [summarize_transactions] 主体维度汇总完成: 1 条记录, 1 个主体, 1 家银行, 1 个月份, 1 个未匹配账号
[2026-06-14 15:01:32] INFO [export_subject_summary] 主体维度汇总分析已导出: /var*************************************************************************************
[2026-06-14 15:01:32] INFO [setup_logging] 日志系统初始化完成，日志文件: /Use*******************************************************************************************************
[2026-06-14 15:01:32] INFO [setup_logging] 未检测到 tkinter，将使用命令行交互模式
[2026-06-14 15:01:32] INFO [summarize_transactions] 主体维度汇总完成: 1 条记录, 1 个主体, 1 家银行, 1 个月份, 0 个未匹配账号
[2026-06-14 15:01:32] INFO [export_subject_summary] 主体维度汇总分析已导出: /var**************************************************************************************
[2026-06-14 15:01:32] INFO [setup_logging] 日志系统初始化完成，日志文件: /Use*******************************************************************************************************
[2026-06-14 15:01:32] INFO [setup_logging] 未检测到 tkinter，将使用命令行交互模式
[2026-06-14 15:01:32] INFO [summarize_transactions] 主体维度汇总完成: 2 条记录, 1 个主体, 1 家银行, 1 个月份, 2 个未匹配账号
[2026-06-14 15:01:32] INFO [export_subject_summary] 主体维度汇总分析已导出: /var************************************************************************************
[2026-06-14 15:01:32] INFO [setup_logging] 日志系统初始化完成，日志文件: /Use*******************************************************************************************************
[2026-06-14 15:01:32] INFO [setup_logging] 未检测到 tkinter，将使用命令行交互模式
[2026-06-14 15:01:32] INFO [summarize_transactions] 主体维度汇总完成: 1 条记录, 1 个主体, 1 家银行, 1 个月份, 1 个未匹配账号
[2026-06-14 15:01:32] INFO [export_subject_summary] 主体维度汇总分析已导出: /var********************************************************************************************************
