[2026-06-15 10:03:02] INFO [setup_logging] 日志系统初始化完成，日志文件: /Use*******************************************************************************************************
[2026-06-15 10:03:02] INFO [setup_logging] 未检测到 tkinter，将使用命令行交互模式
[2026-06-15 10:03:02] INFO [setup_logging] 日志系统初始化完成，日志文件: /Use*******************************************************************************************************
[2026-06-15 10:03:02] INFO [setup_logging] 未检测到 tkinter，将使用命令行交互模式
[2026-06-15 10:03:02] INFO [setup_logging] 日志系统初始化完成，日志文件: /Use*******************************************************************************************************
[2026-06-15 10:03:02] INFO [setup_logging] 未检测到 tkinter，将使用命令行交互模式
[2026-06-15 10:03:02] INFO [setup_logging] 日志系统初始化完成，日志文件: /Use*******************************************************************************************************
[2026-06-15 10:03:02] INFO [setup_logging] 未检测到 tkinter，将使用命令行交互模式
[2026-06-15 10:03:02] INFO [setup_logging] 日志系统初始化完成，日志文件: /Use*******************************************************************************************************
[2026-06-15 10:03:02] INFO [setup_logging] 未检测到 tkinter，将使用命令行交互模式
[2026-06-15 10:03:02] INFO [setup_logging] 日志系统初始化完成，日志文件: /Use*******************************************************************************************************
[2026-06-15 10:03:02] INFO [setup_logging] 未检测到 tkinter，将使用命令行交互模式
[2026-06-15 10:03:02] INFO [setup_logging] 日志系统初始化完成，日志文件: /Use*******************************************************************************************************
[2026-06-15 10:03:02] INFO [setup_logging] 未检测到 tkinter，将使用命令行交互模式
[2026-06-15 10:03:02] INFO [setup_logging] 日志系统初始化完成，日志文件: /Use*******************************************************************************************************
[2026-06-15 10:03:02] INFO [setup_logging] 未检测到 tkinter，将使用命令行交互模式
[2026-06-15 10:03:02] INFO [setup_logging] 日志系统初始化完成，日志文件: /Use*******************************************************************************************************
[2026-06-15 10:03:02] INFO [setup_logging] 未检测到 tkinter，将使用命令行交互模式
[2026-06-15 10:03:02] INFO [setup_logging] 日志系统初始化完成，日志文件: /Use*******************************************************************************************************
[2026-06-15 10:03:02] INFO [setup_logging] 未检测到 tkinter，将使用命令行交互模式
[2026-06-15 10:03:02] INFO [setup_logging] 日志系统初始化完成，日志文件: /Use*******************************************************************************************************
[2026-06-15 10:03:02] INFO [setup_logging] 未检测到 tkinter，将使用命令行交互模式
[2026-06-15 10:03:02] INFO [setup_logging] 日志系统初始化完成，日志文件: /Use*******************************************************************************************************
[2026-06-15 10:03:02] INFO [setup_logging] 未检测到 tkinter，将使用命令行交互模式
[2026-06-15 10:03:02] INFO [setup_logging] 日志系统初始化完成，日志文件: /Use*******************************************************************************************************
[2026-06-15 10:03:02] INFO [setup_logging] 未检测到 tkinter，将使用命令行交互模式
[2026-06-15 10:03:02] INFO [setup_logging] 日志系统初始化完成，日志文件: /Use*******************************************************************************************************
[2026-06-15 10:03:02] INFO [setup_logging] 未检测到 tkinter，将使用命令行交互模式
[2026-06-15 10:03:02] INFO [setup_logging] 日志系统初始化完成，日志文件: /Use*******************************************************************************************************
[2026-06-15 10:03:02] INFO [setup_logging] 未检测到 tkinter，将使用命令行交互模式
[2026-06-15 10:03:02] DEBUG [detect_file_format] 文件 /var******************************************************************************* Magic Bytes 检测为 xlsx 格式 (ZIP/OOXML)
[2026-06-15 10:03:02] INFO [load_lookup_table] 查找表加载完成：共 2 条条目，2 个唯一账号，0 个扩展字段
[2026-06-15 10:03:02] DEBUG [get_subject_info] 银行账号「0109年03月」匹配到主体: 北********司（优先级: 0）
[2026-06-15 10:03:02] INFO [convert_table_to_rows] 表格转换完成，共 2 条有效记录
[2026-06-15 10:03:02] INFO [setup_logging] 日志系统初始化完成，日志文件: /Use*******************************************************************************************************
[2026-06-15 10:03:02] INFO [setup_logging] 未检测到 tkinter，将使用命令行交互模式
[2026-06-15 10:03:02] DEBUG [detect_file_format] 文件 /var******************************************************************************* Magic Bytes 检测为 xlsx 格式 (ZIP/OOXML)
[2026-06-15 10:03:02] INFO [load_lookup_table] 查找表加载完成：共 2 条条目，2 个唯一账号，0 个扩展字段
[2026-06-15 10:03:02] INFO [setup_logging] 日志系统初始化完成，日志文件: /Use*******************************************************************************************************
[2026-06-15 10:03:02] INFO [setup_logging] 未检测到 tkinter，将使用命令行交互模式
[2026-06-15 10:03:02] DEBUG [detect_file_format] 文件 /var******************************************************************************* Magic Bytes 检测为 xlsx 格式 (ZIP/OOXML)
[2026-06-15 10:03:02] INFO [load_lookup_table] 查找表加载完成：共 2 条条目，2 个唯一账号，0 个扩展字段
[2026-06-15 10:03:02] DEBUG [get_subject_info] 银行账号「0109年03月」匹配到主体: 北********司（优先级: 0）
[2026-06-15 10:03:02] INFO [parse_text_to_rows] 纯文本解析得到 3 条记录
[2026-06-15 10:03:02] INFO [setup_logging] 日志系统初始化完成，日志文件: /Use*******************************************************************************************************
[2026-06-15 10:03:02] INFO [setup_logging] 未检测到 tkinter，将使用命令行交互模式
[2026-06-15 10:03:02] INFO [setup_logging] 日志系统初始化完成，日志文件: /Use*******************************************************************************************************
[2026-06-15 10:03:02] INFO [setup_logging] 未检测到 tkinter，将使用命令行交互模式
[2026-06-15 10:03:02] DEBUG [scan_pdf_files] 发现 PDF 文件: /var********************************************************************************
[2026-06-15 10:03:02] DEBUG [scan_pdf_files] 发现 PDF 文件: /var************************************************************************************
[2026-06-15 10:03:02] INFO [scan_pdf_files] 共扫描到 2 个 PDF 文件
[2026-06-15 10:03:02] INFO [setup_logging] 日志系统初始化完成，日志文件: /Use*******************************************************************************************************
[2026-06-15 10:03:02] INFO [setup_logging] 未检测到 tkinter，将使用命令行交互模式
[2026-06-15 10:03:02] DEBUG [scan_bank_files] 发现银行导出文件: /var*********************************************************************************
[2026-06-15 10:03:02] INFO [scan_bank_files] 共扫描到 1 个银行导出文件
[2026-06-15 10:03:02] DEBUG [scan_pdf_files] 发现 PDF 文件: /var********************************************************************************
[2026-06-15 10:03:02] INFO [scan_pdf_files] 共扫描到 1 个 PDF 文件
[2026-06-15 10:03:02] INFO [setup_logging] 日志系统初始化完成，日志文件: /Use*******************************************************************************************************
[2026-06-15 10:03:02] INFO [setup_logging] 未检测到 tkinter，将使用命令行交互模式
[2026-06-15 10:03:02] INFO [setup_logging] 日志系统初始化完成，日志文件: /Use*******************************************************************************************************
[2026-06-15 10:03:02] INFO [setup_logging] 未检测到 tkinter，将使用命令行交互模式
[2026-06-15 10:03:02] INFO [setup_logging] 日志系统初始化完成，日志文件: /Use*******************************************************************************************************
[2026-06-15 10:03:02] INFO [setup_logging] 未检测到 tkinter，将使用命令行交互模式
[2026-06-15 10:03:02] INFO [setup_logging] 日志系统初始化完成，日志文件: /Use*******************************************************************************************************
[2026-06-15 10:03:02] INFO [setup_logging] 未检测到 tkinter，将使用命令行交互模式
[2026-06-15 10:03:02] INFO [find_lookup_file] 精确匹配到主体查找表: /var**************************************************************************************
[2026-06-15 10:03:02] INFO [run_pipeline] 正在预加载主体查找表...
[2026-06-15 10:03:02] DEBUG [detect_file_format] 文件 /var************************************************************************************** Magic Bytes 检测为 xlsx 格式 (ZIP/OOXML)
[2026-06-15 10:03:02] INFO [load_lookup_table] 查找表加载完成：共 2 条条目，2 个唯一账号，0 个扩展字段
[2026-06-15 10:03:02] INFO [run_pipeline] 主体查找表预加载完成
[2026-06-15 10:03:02] INFO [load_existing_keys] 未找到历史总表，将以全量模式运行
[2026-06-15 10:03:02] INFO [run_pipeline] 无历史数据，将以全量模式运行
[2026-06-15 10:03:02] INFO [prepare_working_folder] 已复制文件夹到同级目录: /var******************************************************************************
[2026-06-15 10:03:02] DEBUG [scan_bank_files] 发现银行导出文件: /var*******************************************************************************************
[2026-06-15 10:03:02] INFO [scan_bank_files] 共扫描到 1 个银行导出文件
[2026-06-15 10:03:02] DEBUG [detect_file_format] 文件 /var******************************************************************************************* Magic Bytes 检测为 xlsx 格式 (ZIP/OOXML)
[2026-06-15 10:03:02] DEBUG [scan_pdf_files] 发现 PDF 文件: /var******************************************************************************************
[2026-06-15 10:03:02] INFO [scan_pdf_files] 共扫描到 1 个 PDF 文件
[2026-06-15 10:03:02] INFO [identify_bank] 文件「北京银行_流水.xlsx」通过前缀匹配识别为: 北京银行
[2026-06-15 10:03:02] INFO [parse] 开始处理北京银行文件: /var*******************************************************************************************
[2026-06-15 10:03:02] DEBUG [detect_file_format] 文件 /var******************************************************************************************* Magic Bytes 检测为 xlsx 格式 (ZIP/OOXML)
[2026-06-15 10:03:02] INFO [validate_headers] 北京银行文件工作表「交易明细」表头校验通过，7 个字段均匹配
[2026-06-15 10:03:02] DEBUG [get_subject_info] 银行账号「0109年03月」匹配到主体: 北********司（优先级: 0）
[2026-06-15 10:03:02] INFO [_parse_sheet] 北京银行文件工作表「交易明细」提取 2 条记录
[2026-06-15 10:03:02] INFO [parse] 北京银行文件处理完成，共提取 2 条记录
[2026-06-15 10:03:02] INFO [run_pipeline] 成功处理文件: /var*******************************************************************************************（2 条记录）
[2026-06-15 10:03:02] INFO [identify_bank] 文件「东亚银行_流水.pdf」通过前缀匹配识别为: 东亚银行
[2026-06-15 10:03:02] WARNING [extract_tables_with_pdfplumber] pdfplumber 未安装，无法提取 PDF 表格
[2026-06-15 10:03:02] WARNING [extract_text_with_ocr] OCR 依赖未安装（Pillow / pytesseract），跳过 OCR
[2026-06-15 10:03:02] WARNING [extract_tables_with_pdfplumber] pdfplumber 未安装，无法提取 PDF 表格
[2026-06-15 10:03:02] INFO [parse_pdf_bank_statement] 表格提取无有效记录，尝试 OCR 纯文本解析...
[2026-06-15 10:03:02] WARNING [extract_text_with_ocr] OCR 依赖未安装（Pillow / pytesseract），跳过 OCR
[2026-06-15 10:03:02] WARNING [parse_pdf_bank_statement] 未从 PDF 中解析到任何有效流水记录
[2026-06-15 10:03:02] WARNING [run_pipeline] PDF 文件未解析出有效记录: /var******************************************************************************************
[2026-06-15 10:03:02] DEBUG [delete_processed_files] 已删除文件: /var*******************************************************************************************
[2026-06-15 10:03:02] INFO [run_pipeline] 总表输出完成: /var***************************************************************************************（共 2 条记录）
[2026-06-15 10:03:02] INFO [apply_amount_anomaly_detection] 开始金额异常检测，单笔阈值: [金额已隐藏] 元
[2026-06-15 10:03:02] INFO [apply_amount_anomaly_detection] 金额异常检测完成：共 2 条记录，0 条异常 (0.00%)
[2026-06-15 10:03:02] INFO [save_config] 对方户名规则配置已保存: /var***************************************************************************************************
[2026-06-15 10:03:02] INFO [apply_counterparty_rules] 对方户名规则匹配完成: 总记录 2, 命中 0, 黑名单 0, 白名单 0
[2026-06-15 10:03:02] INFO [export_masked_summary] 脱敏版总表输出完成: /var*******************************************************************************************（共 2 条记录）
[2026-06-15 10:03:02] DEBUG [init_schema] 数据库表结构初始化完成
[2026-06-15 10:03:02] INFO [connect] SQLite 数据库已连接: /Use************************************************************************************
[2026-06-15 10:03:02] INFO [insert_records] 已加载 25 个历史匹配键用于去重
[2026-06-15 10:03:02] INFO [insert_records] 批量导入完成: 批次 BATC***************, 共 2 条, 新增 0 条, 重复 2 条
[2026-06-15 10:03:02] INFO [disconnect] SQLite 数据库已断开
[2026-06-15 10:03:02] INFO [run_pipeline] 数据库持久化完成: 批次 BATC***************, 插入 0 条, 去重跳过 2 条
[2026-06-15 10:03:02] INFO [identify_internal_transfers] 内部划转识别完成: 2 条记录, 识别出 0 对 (0 划出 + 0 划入), 涉及 0 个主体, 0 家银行
[2026-06-15 10:03:02] INFO [summarize_transactions] 主体维度汇总完成: 2 条记录, 1 个主体, 1 家银行, 1 个月份, 0 个未匹配账号
[2026-06-15 10:03:02] INFO [export_subject_summary] 主体维度汇总分析已导出: /var*********************************************************************************************************
[2026-06-15 10:03:02] INFO [run_pipeline] 主体维度汇总分析已自动生成: /var*********************************************************************************************************
[2026-06-15 10:03:02] INFO [check_balance_continuity] 共 1 个账号待校验
[2026-06-15 10:03:02] DEBUG [check_balance_continuity] 校验账号: 0109年03月, 记录数: 2
[2026-06-15 10:03:02] INFO [check_balance_continuity] 余额连续性校验完成 - 总账号: 1, 已校验: 1, 跳过: 0, 异常笔数: 0, 异常账号: 0
[2026-06-15 10:03:02] INFO [export_balance_check_result] 余额连续性校验结果已导出: /var**********************************************************************************************************
[2026-06-15 10:03:02] INFO [run_pipeline] 余额连续性校验报告已自动生成: /var**********************************************************************************************************
[2026-06-15 10:03:02] INFO [detect_duplicates] 重复交易检测完成 - 总记录: 2, 疑似重复组: 0, 疑似重复记录: 0, 重复率: 0.00%
[2026-06-15 10:03:02] INFO [generate_duplicate_check_from_records] 未检测到重复交易，仍导出报告
[2026-06-15 10:03:02] INFO [export_duplicate_check_result] 重复交易检测结果已导出: /var*********************************************************************************************************
[2026-06-15 10:03:02] INFO [run_pipeline] 重复交易检测报告已自动生成: /var*********************************************************************************************************
[2026-06-15 10:03:02] INFO [filter_interest_fee_transactions] 筛选出 0 条利息手续费交易
[2026-06-15 10:03:02] INFO [summarize_by_period] 按month汇总生成 0 条期间汇总记录，异常 0 条
[2026-06-15 10:03:02] INFO [check_interest_fee] 利息手续费核对完成 - 总记录: 0 (利息: 0, 手续费: 0), 期间汇总: 0, 异常: 0
[2026-06-15 10:03:02] WARNING [generate_interest_fee_check_from_records] 未筛选到任何利息手续费交易，跳过报告生成
[2026-06-15 10:03:02] INFO [mark_non_workday_transactions] 非工作日交易标记完成: 总记录 2, 工作日 2, 周末 0, 法定节假日 0, 调休工作日 0
[2026-06-15 10:03:02] INFO [generate_holiday_check_from_records] 未发现非工作日交易，仍导出报告
[2026-06-15 10:03:02] INFO [export_holiday_check_result] 非工作日交易标记结果已导出: /var***********************************************************************************************************
[2026-06-15 10:03:02] INFO [run_pipeline] 非工作日交易标记报告已自动生成: /var***********************************************************************************************************
[2026-06-15 10:03:02] INFO [load_config] 会计期间配置已加载: period_type=monthly, cutoff_day=25, fiscal_year_start_month=1, format=YYYY-MM
[2026-06-15 10:03:02] INFO [assign_accounting_period] 会计期间归属完成: 2 条记录, 1 个期间
[2026-06-15 10:03:02] INFO [export_accounting_period_summary] 会计期间总表已导出: /var*******************************************************************************************************（1 个期间）
[2026-06-15 10:03:02] INFO [run_pipeline] 会计期间总表已自动生成: /var*******************************************************************************************************
[2026-06-15 10:03:02] INFO [save_report] 性能剖析报告已保存: /var*****************************************************************************************************
[2026-06-15 10:03:02] INFO [save_report] 性能剖析数据已保存: /var*******************************************************************************************************
[2026-06-15 10:03:02] INFO [run_pipeline] 性能剖析报告已生成: /var*****************************************************************************************************
[2026-06-15 10:03:02] INFO [generate_collab_template] 财务协同编辑模板生成完成: /var***************************************************************************************************************（可编辑列: 凭证号, 凭证日期, 会计科目编码, 会计科目名称, 备注, 制单人）
[2026-06-15 10:03:02] INFO [run_pipeline] 财务协同编辑模板已自动生成: /var***************************************************************************************************************
[2026-06-15 10:03:02] INFO [generate_pending_list_xlsx] 待处理清单已生成: /var******************************************************************************************************（共 1 条记录）
[2026-06-15 10:03:02] INFO [generate_processing_manifest] 处理清单(JSON)已生成: /var*****************************************************************************************************
[2026-06-15 10:03:02] INFO [generate_processing_manifest] 处理清单(CSV)已生成: /var****************************************************************************************************
[2026-06-15 10:03:02] INFO [setup_logging] 日志系统初始化完成，日志文件: /Use*******************************************************************************************************
[2026-06-15 10:03:02] INFO [setup_logging] 未检测到 tkinter，将使用命令行交互模式
[2026-06-15 10:03:02] DEBUG [detect_file_format] 文件 /var******************************************************************************* Magic Bytes 检测为 xlsx 格式 (ZIP/OOXML)
[2026-06-15 10:03:02] INFO [load_lookup_table] 查找表加载完成：共 2 条条目，2 个唯一账号，0 个扩展字段
[2026-06-15 10:03:02] ERROR [parse_pdf_bank_statement] 文件不存在: /var/folders/8t/8rw7_pg16cx2c2mkh_cvpz8m0000gn/T/bankcheck_test_6z71vyla/不存在.pdf
[2026-06-15 10:03:02] INFO [setup_logging] 日志系统初始化完成，日志文件: /Use*******************************************************************************************************
[2026-06-15 10:03:02] INFO [setup_logging] 未检测到 tkinter，将使用命令行交互模式
[2026-06-15 10:03:02] DEBUG [detect_file_format] 文件 /var******************************************************************************* Magic Bytes 检测为 xlsx 格式 (ZIP/OOXML)
[2026-06-15 10:03:02] INFO [load_lookup_table] 查找表加载完成：共 2 条条目，2 个唯一账号，0 个扩展字段
[2026-06-15 10:03:02] ERROR [parse_pdf_bank_statement] 不是 PDF 文件: /var/folders/8t/8rw7_pg16cx2c2mkh_cvpz8m0000gn/T/bankcheck_test_9tykeekl/test.txt
[2026-06-15 10:03:02] INFO [setup_logging] 日志系统初始化完成，日志文件: /Use*******************************************************************************************************
[2026-06-15 10:03:02] INFO [setup_logging] 未检测到 tkinter，将使用命令行交互模式
[2026-06-15 10:03:02] INFO [setup_logging] 日志系统初始化完成，日志文件: /Use*******************************************************************************************************
[2026-06-15 10:03:02] INFO [setup_logging] 未检测到 tkinter，将使用命令行交互模式
[2026-06-15 10:03:02] INFO [setup_logging] 日志系统初始化完成，日志文件: /Use*******************************************************************************************************
[2026-06-15 10:03:02] INFO [setup_logging] 未检测到 tkinter，将使用命令行交互模式
[2026-06-15 10:03:02] INFO [setup_logging] 日志系统初始化完成，日志文件: /Use*******************************************************************************************************
[2026-06-15 10:03:02] INFO [setup_logging] 未检测到 tkinter，将使用命令行交互模式
[2026-06-15 10:03:02] INFO [setup_logging] 日志系统初始化完成，日志文件: /Use*******************************************************************************************************
[2026-06-15 10:03:02] INFO [setup_logging] 未检测到 tkinter，将使用命令行交互模式
[2026-06-15 10:03:02] INFO [setup_logging] 日志系统初始化完成，日志文件: /Use*******************************************************************************************************
[2026-06-15 10:03:02] INFO [setup_logging] 未检测到 tkinter，将使用命令行交互模式
[2026-06-15 10:03:02] INFO [setup_logging] 日志系统初始化完成，日志文件: /Use*******************************************************************************************************
[2026-06-15 10:03:02] INFO [setup_logging] 未检测到 tkinter，将使用命令行交互模式
[2026-06-15 10:03:02] INFO [setup_logging] 日志系统初始化完成，日志文件: /Use*******************************************************************************************************
[2026-06-15 10:03:02] INFO [setup_logging] 未检测到 tkinter，将使用命令行交互模式
[2026-06-15 10:03:02] INFO [setup_logging] 日志系统初始化完成，日志文件: /Use*******************************************************************************************************
[2026-06-15 10:03:02] INFO [setup_logging] 未检测到 tkinter，将使用命令行交互模式
[2026-06-15 10:03:02] INFO [setup_logging] 日志系统初始化完成，日志文件: /Use*******************************************************************************************************
[2026-06-15 10:03:02] INFO [setup_logging] 未检测到 tkinter，将使用命令行交互模式
[2026-06-15 10:03:02] INFO [identify_bank] 文件「北京银行***************」通过前缀匹配识别为: 北京银行
[2026-06-15 10:03:02] INFO [setup_logging] 日志系统初始化完成，日志文件: /Use*******************************************************************************************************
[2026-06-15 10:03:02] INFO [setup_logging] 未检测到 tkinter，将使用命令行交互模式
[2026-06-15 10:03:02] INFO [identify_bank] 文件「东亚银行***************」通过前缀匹配识别为: 东亚银行
[2026-06-15 10:03:02] INFO [setup_logging] 日志系统初始化完成，日志文件: /Use*******************************************************************************************************
[2026-06-15 10:03:02] INFO [setup_logging] 未检测到 tkinter，将使用命令行交互模式
[2026-06-15 10:03:02] INFO [identify_bank] 文件「工商银行***************」通过前缀匹配识别为: 工商银行
[2026-06-15 10:03:02] INFO [setup_logging] 日志系统初始化完成，日志文件: /Use*******************************************************************************************************
[2026-06-15 10:03:02] INFO [setup_logging] 未检测到 tkinter，将使用命令行交互模式
[2026-06-15 10:03:02] INFO [identify_bank] 文件「建设银行***************」通过前缀匹配识别为: 建设银行
[2026-06-15 10:03:02] INFO [setup_logging] 日志系统初始化完成，日志文件: /Use*******************************************************************************************************
[2026-06-15 10:03:02] INFO [setup_logging] 未检测到 tkinter，将使用命令行交互模式
[2026-06-15 10:03:02] INFO [identify_bank] 文件「招商银行***************」通过前缀匹配识别为: 招商银行
[2026-06-15 10:03:02] INFO [setup_logging] 日志系统初始化完成，日志文件: /Use*******************************************************************************************************
[2026-06-15 10:03:02] INFO [setup_logging] 未检测到 tkinter，将使用命令行交互模式
[2026-06-15 10:03:02] INFO [identify_bank] 文件「2024****************」通过正则匹配识别为: 北京银行
[2026-06-15 10:03:02] INFO [setup_logging] 日志系统初始化完成，日志文件: /Use*******************************************************************************************************
[2026-06-15 10:03:02] INFO [setup_logging] 未检测到 tkinter，将使用命令行交互模式
[2026-06-15 10:03:03] INFO [identify_bank] 文件「2024****************」通过正则匹配识别为: 东亚银行
[2026-06-15 10:03:03] INFO [setup_logging] 日志系统初始化完成，日志文件: /Use*******************************************************************************************************
[2026-06-15 10:03:03] INFO [setup_logging] 未检测到 tkinter，将使用命令行交互模式
[2026-06-15 10:03:03] INFO [identify_bank] 文件「2024****************」通过正则匹配识别为: 工商银行
[2026-06-15 10:03:03] INFO [setup_logging] 日志系统初始化完成，日志文件: /Use*******************************************************************************************************
[2026-06-15 10:03:03] INFO [setup_logging] 未检测到 tkinter，将使用命令行交互模式
[2026-06-15 10:03:03] INFO [identify_bank] 文件「2024****************」通过正则匹配识别为: 建设银行
[2026-06-15 10:03:03] INFO [setup_logging] 日志系统初始化完成，日志文件: /Use*******************************************************************************************************
[2026-06-15 10:03:03] INFO [setup_logging] 未检测到 tkinter，将使用命令行交互模式
[2026-06-15 10:03:03] INFO [identify_bank] 文件「2024****************」通过正则匹配识别为: 招商银行
[2026-06-15 10:03:03] INFO [setup_logging] 日志系统初始化完成，日志文件: /Use*******************************************************************************************************
[2026-06-15 10:03:03] INFO [setup_logging] 未检测到 tkinter，将使用命令行交互模式
[2026-06-15 10:03:03] INFO [identify_bank] 文件「北京银行***************」通过前缀匹配识别为: 北京银行
[2026-06-15 10:03:03] INFO [setup_logging] 日志系统初始化完成，日志文件: /Use*******************************************************************************************************
[2026-06-15 10:03:03] INFO [setup_logging] 未检测到 tkinter，将使用命令行交互模式
[2026-06-15 10:03:03] INFO [identify_bank] 文件「东亚银行***************」通过前缀匹配识别为: 东亚银行
[2026-06-15 10:03:03] INFO [setup_logging] 日志系统初始化完成，日志文件: /Use*******************************************************************************************************
[2026-06-15 10:03:03] INFO [setup_logging] 未检测到 tkinter，将使用命令行交互模式
[2026-06-15 10:03:03] INFO [identify_bank] 文件「工商银行***************」通过前缀匹配识别为: 工商银行
[2026-06-15 10:03:03] INFO [setup_logging] 日志系统初始化完成，日志文件: /Use*******************************************************************************************************
[2026-06-15 10:03:03] INFO [setup_logging] 未检测到 tkinter，将使用命令行交互模式
[2026-06-15 10:03:03] INFO [identify_bank] 文件「建设银行***************」通过前缀匹配识别为: 建设银行
[2026-06-15 10:03:03] INFO [setup_logging] 日志系统初始化完成，日志文件: /Use*******************************************************************************************************
[2026-06-15 10:03:03] INFO [setup_logging] 未检测到 tkinter，将使用命令行交互模式
[2026-06-15 10:03:03] INFO [identify_bank] 文件「招商银行***************」通过前缀匹配识别为: 招商银行
[2026-06-15 10:03:03] INFO [setup_logging] 日志系统初始化完成，日志文件: /Use*******************************************************************************************************
[2026-06-15 10:03:03] INFO [setup_logging] 未检测到 tkinter，将使用命令行交互模式
[2026-06-15 10:03:03] INFO [parse] 开始处理北京银行文件: /var*********************************************************************************
[2026-06-15 10:03:03] DEBUG [detect_file_format] 文件 /var********************************************************************************* Magic Bytes 检测为 xlsx 格式 (ZIP/OOXML)
[2026-06-15 10:03:03] INFO [validate_headers] 北京银行文件工作表「交易明细」表头校验通过，7 个字段均匹配
[2026-06-15 10:03:03] DEBUG [detect_file_format] 文件 /var******************************************************************************* Magic Bytes 检测为 xlsx 格式 (ZIP/OOXML)
[2026-06-15 10:03:03] INFO [load_lookup_table] 查找表加载完成：共 5 条条目，5 个唯一账号，0 个扩展字段
[2026-06-15 10:03:03] DEBUG [get_subject_info] 银行账号「0109年03月」匹配到主体: 北********司（优先级: 0）
[2026-06-15 10:03:03] INFO [_parse_sheet] 北京银行文件工作表「交易明细」提取 2 条记录
[2026-06-15 10:03:03] INFO [parse] 北京银行文件处理完成，共提取 2 条记录
[2026-06-15 10:03:03] INFO [setup_logging] 日志系统初始化完成，日志文件: /Use*******************************************************************************************************
[2026-06-15 10:03:03] INFO [setup_logging] 未检测到 tkinter，将使用命令行交互模式
[2026-06-15 10:03:03] INFO [parse] 开始处理东亚银行文件: /var*********************************************************************************
[2026-06-15 10:03:03] DEBUG [detect_file_format] 文件 /var********************************************************************************* Magic Bytes 检测为 xlsx 格式 (ZIP/OOXML)
[2026-06-15 10:03:03] INFO [validate_headers] 东亚银行文件工作表「交易明细」表头校验通过，7 个字段均匹配
[2026-06-15 10:03:03] DEBUG [detect_file_format] 文件 /var******************************************************************************* Magic Bytes 检测为 xlsx 格式 (ZIP/OOXML)
[2026-06-15 10:03:03] INFO [load_lookup_table] 查找表加载完成：共 5 条条目，5 个唯一账号，0 个扩展字段
[2026-06-15 10:03:03] DEBUG [get_subject_info] 银行账号「3881年23月」匹配到主体: 上********司（优先级: 0）
[2026-06-15 10:03:03] INFO [_parse_sheet] 东亚银行文件工作表「交易明细」提取 2 条记录
[2026-06-15 10:03:03] INFO [parse] 东亚银行文件处理完成，共提取 2 条记录
[2026-06-15 10:03:03] INFO [setup_logging] 日志系统初始化完成，日志文件: /Use*******************************************************************************************************
[2026-06-15 10:03:03] INFO [setup_logging] 未检测到 tkinter，将使用命令行交互模式
[2026-06-15 10:03:03] INFO [parse] 开始处理工商银行文件: /var*********************************************************************************
[2026-06-15 10:03:03] DEBUG [detect_file_format] 文件 /var********************************************************************************* Magic Bytes 检测为 xlsx 格式 (ZIP/OOXML)
[2026-06-15 10:03:03] INFO [validate_headers] 工商银行文件工作表「交易明细」表头校验通过，7 个字段均匹配
[2026-06-15 10:03:03] DEBUG [detect_file_format] 文件 /var******************************************************************************* Magic Bytes 检测为 xlsx 格式 (ZIP/OOXML)
[2026-06-15 10:03:03] INFO [load_lookup_table] 查找表加载完成：共 5 条条目，5 个唯一账号，0 个扩展字段
[2026-06-15 10:03:03] DEBUG [get_subject_info] 银行账号「6222年02月」匹配到主体: 深********司（优先级: 0）
[2026-06-15 10:03:03] INFO [_parse_sheet] 工商银行文件工作表「交易明细」提取 2 条记录
[2026-06-15 10:03:03] INFO [parse] 工商银行文件处理完成，共提取 2 条记录
[2026-06-15 10:03:03] INFO [setup_logging] 日志系统初始化完成，日志文件: /Use*******************************************************************************************************
[2026-06-15 10:03:03] INFO [setup_logging] 未检测到 tkinter，将使用命令行交互模式
[2026-06-15 10:03:03] INFO [parse] 开始处理建设银行文件: /var*********************************************************************************
[2026-06-15 10:03:03] DEBUG [detect_file_format] 文件 /var********************************************************************************* Magic Bytes 检测为 xlsx 格式 (ZIP/OOXML)
[2026-06-15 10:03:03] INFO [validate_headers] 建设银行文件工作表「交易明细」表头校验通过，7 个字段均匹配
[2026-06-15 10:03:03] DEBUG [detect_file_format] 文件 /var******************************************************************************* Magic Bytes 检测为 xlsx 格式 (ZIP/OOXML)
[2026-06-15 10:03:03] INFO [load_lookup_table] 查找表加载完成：共 5 条条目，5 个唯一账号，0 个扩展字段
[2026-06-15 10:03:03] DEBUG [get_subject_info] 银行账号「6227年00月」匹配到主体: 广**********司（优先级: 0）
[2026-06-15 10:03:03] INFO [_parse_sheet] 建设银行文件工作表「交易明细」提取 2 条记录
[2026-06-15 10:03:03] INFO [parse] 建设银行文件处理完成，共提取 2 条记录
[2026-06-15 10:03:03] INFO [setup_logging] 日志系统初始化完成，日志文件: /Use*******************************************************************************************************
[2026-06-15 10:03:03] INFO [setup_logging] 未检测到 tkinter，将使用命令行交互模式
[2026-06-15 10:03:03] INFO [parse] 开始处理招商银行文件: /var*********************************************************************************
[2026-06-15 10:03:03] DEBUG [detect_file_format] 文件 /var********************************************************************************* Magic Bytes 检测为 xlsx 格式 (ZIP/OOXML)
[2026-06-15 10:03:03] INFO [validate_headers] 招商银行文件工作表「活期交易明细」表头校验通过，7 个字段均匹配
[2026-06-15 10:03:03] DEBUG [detect_file_format] 文件 /var******************************************************************************* Magic Bytes 检测为 xlsx 格式 (ZIP/OOXML)
[2026-06-15 10:03:03] INFO [load_lookup_table] 查找表加载完成：共 5 条条目，5 个唯一账号，0 个扩展字段
[2026-06-15 10:03:03] DEBUG [get_subject_info] 银行账号「6225年88月」匹配到主体: 杭**********司（优先级: 0）
[2026-06-15 10:03:03] INFO [_parse_sheet] 招商银行文件工作表「活期交易明细」提取 2 条记录
[2026-06-15 10:03:03] INFO [parse] 招商银行文件处理完成，共提取 2 条记录
[2026-06-15 10:03:03] INFO [setup_logging] 日志系统初始化完成，日志文件: /Use*******************************************************************************************************
[2026-06-15 10:03:03] INFO [setup_logging] 未检测到 tkinter，将使用命令行交互模式
[2026-06-15 10:03:03] INFO [parse] 开始处理北京银行文件: /var*********************************************************************************
[2026-06-15 10:03:03] DEBUG [detect_file_format] 文件 /var********************************************************************************* Magic Bytes 检测为 xlsx 格式 (ZIP/OOXML)
[2026-06-15 10:03:03] INFO [validate_headers] 北京银行文件工作表「交易明细」表头校验通过，7 个字段均匹配
[2026-06-15 10:03:03] DEBUG [detect_file_format] 文件 /var******************************************************************************* Magic Bytes 检测为 xlsx 格式 (ZIP/OOXML)
[2026-06-15 10:03:03] INFO [load_lookup_table] 查找表加载完成：共 5 条条目，5 个唯一账号，0 个扩展字段
[2026-06-15 10:03:03] DEBUG [get_subject_info] 银行账号「0109年03月」匹配到主体: 北********司（优先级: 0）
[2026-06-15 10:03:03] INFO [_parse_sheet] 北京银行文件工作表「交易明细」提取 2 条记录
[2026-06-15 10:03:03] INFO [parse] 北京银行文件处理完成，共提取 2 条记录
[2026-06-15 10:03:03] INFO [parse] 开始处理东亚银行文件: /var*********************************************************************************
[2026-06-15 10:03:03] DEBUG [detect_file_format] 文件 /var********************************************************************************* Magic Bytes 检测为 xlsx 格式 (ZIP/OOXML)
[2026-06-15 10:03:03] INFO [validate_headers] 东亚银行文件工作表「交易明细」表头校验通过，7 个字段均匹配
[2026-06-15 10:03:03] DEBUG [detect_file_format] 文件 /var******************************************************************************* Magic Bytes 检测为 xlsx 格式 (ZIP/OOXML)
[2026-06-15 10:03:03] INFO [load_lookup_table] 查找表加载完成：共 5 条条目，5 个唯一账号，0 个扩展字段
[2026-06-15 10:03:03] DEBUG [get_subject_info] 银行账号「3881年23月」匹配到主体: 上********司（优先级: 0）
[2026-06-15 10:03:03] INFO [_parse_sheet] 东亚银行文件工作表「交易明细」提取 2 条记录
[2026-06-15 10:03:03] INFO [parse] 东亚银行文件处理完成，共提取 2 条记录
[2026-06-15 10:03:03] INFO [parse] 开始处理工商银行文件: /var*********************************************************************************
[2026-06-15 10:03:03] DEBUG [detect_file_format] 文件 /var********************************************************************************* Magic Bytes 检测为 xlsx 格式 (ZIP/OOXML)
[2026-06-15 10:03:03] INFO [validate_headers] 工商银行文件工作表「交易明细」表头校验通过，7 个字段均匹配
[2026-06-15 10:03:03] DEBUG [detect_file_format] 文件 /var******************************************************************************* Magic Bytes 检测为 xlsx 格式 (ZIP/OOXML)
[2026-06-15 10:03:03] INFO [load_lookup_table] 查找表加载完成：共 5 条条目，5 个唯一账号，0 个扩展字段
[2026-06-15 10:03:03] DEBUG [get_subject_info] 银行账号「6222年02月」匹配到主体: 深********司（优先级: 0）
[2026-06-15 10:03:03] INFO [_parse_sheet] 工商银行文件工作表「交易明细」提取 2 条记录
[2026-06-15 10:03:03] INFO [parse] 工商银行文件处理完成，共提取 2 条记录
[2026-06-15 10:03:03] INFO [parse] 开始处理建设银行文件: /var*********************************************************************************
[2026-06-15 10:03:03] DEBUG [detect_file_format] 文件 /var********************************************************************************* Magic Bytes 检测为 xlsx 格式 (ZIP/OOXML)
[2026-06-15 10:03:03] INFO [validate_headers] 建设银行文件工作表「交易明细」表头校验通过，7 个字段均匹配
[2026-06-15 10:03:03] DEBUG [detect_file_format] 文件 /var******************************************************************************* Magic Bytes 检测为 xlsx 格式 (ZIP/OOXML)
[2026-06-15 10:03:03] INFO [load_lookup_table] 查找表加载完成：共 5 条条目，5 个唯一账号，0 个扩展字段
[2026-06-15 10:03:03] DEBUG [get_subject_info] 银行账号「6227年00月」匹配到主体: 广**********司（优先级: 0）
[2026-06-15 10:03:03] INFO [_parse_sheet] 建设银行文件工作表「交易明细」提取 2 条记录
[2026-06-15 10:03:03] INFO [parse] 建设银行文件处理完成，共提取 2 条记录
[2026-06-15 10:03:03] INFO [parse] 开始处理招商银行文件: /var*********************************************************************************
[2026-06-15 10:03:03] DEBUG [detect_file_format] 文件 /var********************************************************************************* Magic Bytes 检测为 xlsx 格式 (ZIP/OOXML)
[2026-06-15 10:03:03] INFO [validate_headers] 招商银行文件工作表「活期交易明细」表头校验通过，7 个字段均匹配
[2026-06-15 10:03:03] DEBUG [detect_file_format] 文件 /var******************************************************************************* Magic Bytes 检测为 xlsx 格式 (ZIP/OOXML)
[2026-06-15 10:03:03] INFO [load_lookup_table] 查找表加载完成：共 5 条条目，5 个唯一账号，0 个扩展字段
[2026-06-15 10:03:03] DEBUG [get_subject_info] 银行账号「6225年88月」匹配到主体: 杭**********司（优先级: 0）
[2026-06-15 10:03:03] INFO [_parse_sheet] 招商银行文件工作表「活期交易明细」提取 2 条记录
[2026-06-15 10:03:03] INFO [parse] 招商银行文件处理完成，共提取 2 条记录
[2026-06-15 10:03:03] INFO [setup_logging] 日志系统初始化完成，日志文件: /Use*******************************************************************************************************
[2026-06-15 10:03:03] INFO [setup_logging] 未检测到 tkinter，将使用命令行交互模式
[2026-06-15 10:03:03] INFO [parse] 开始处理北京银行文件: /var*********************************************************************************
[2026-06-15 10:03:03] DEBUG [detect_file_format] 文件 /var********************************************************************************* Magic Bytes 检测为 xlsx 格式 (ZIP/OOXML)
[2026-06-15 10:03:03] INFO [validate_headers] 北京银行文件工作表「交易明细」表头校验通过，7 个字段均匹配
[2026-06-15 10:03:03] DEBUG [detect_file_format] 文件 /var******************************************************************************* Magic Bytes 检测为 xlsx 格式 (ZIP/OOXML)
[2026-06-15 10:03:03] INFO [load_lookup_table] 查找表加载完成：共 5 条条目，5 个唯一账号，0 个扩展字段
[2026-06-15 10:03:03] DEBUG [get_subject_info] 银行账号「0109年03月」匹配到主体: 北********司（优先级: 0）
[2026-06-15 10:03:03] INFO [_parse_sheet] 北京银行文件工作表「交易明细」提取 2 条记录
[2026-06-15 10:03:03] INFO [parse] 北京银行文件处理完成，共提取 2 条记录
[2026-06-15 10:03:03] INFO [parse] 开始处理东亚银行文件: /var*********************************************************************************
[2026-06-15 10:03:03] DEBUG [detect_file_format] 文件 /var********************************************************************************* Magic Bytes 检测为 xlsx 格式 (ZIP/OOXML)
[2026-06-15 10:03:03] INFO [validate_headers] 东亚银行文件工作表「交易明细」表头校验通过，7 个字段均匹配
[2026-06-15 10:03:03] DEBUG [detect_file_format] 文件 /var******************************************************************************* Magic Bytes 检测为 xlsx 格式 (ZIP/OOXML)
[2026-06-15 10:03:03] INFO [load_lookup_table] 查找表加载完成：共 5 条条目，5 个唯一账号，0 个扩展字段
[2026-06-15 10:03:03] DEBUG [get_subject_info] 银行账号「3881年23月」匹配到主体: 上********司（优先级: 0）
[2026-06-15 10:03:03] INFO [_parse_sheet] 东亚银行文件工作表「交易明细」提取 2 条记录
[2026-06-15 10:03:03] INFO [parse] 东亚银行文件处理完成，共提取 2 条记录
[2026-06-15 10:03:03] INFO [parse] 开始处理工商银行文件: /var*********************************************************************************
[2026-06-15 10:03:03] DEBUG [detect_file_format] 文件 /var********************************************************************************* Magic Bytes 检测为 xlsx 格式 (ZIP/OOXML)
[2026-06-15 10:03:03] INFO [validate_headers] 工商银行文件工作表「交易明细」表头校验通过，7 个字段均匹配
[2026-06-15 10:03:03] DEBUG [detect_file_format] 文件 /var******************************************************************************* Magic Bytes 检测为 xlsx 格式 (ZIP/OOXML)
[2026-06-15 10:03:03] INFO [load_lookup_table] 查找表加载完成：共 5 条条目，5 个唯一账号，0 个扩展字段
[2026-06-15 10:03:03] DEBUG [get_subject_info] 银行账号「6222年02月」匹配到主体: 深********司（优先级: 0）
[2026-06-15 10:03:03] INFO [_parse_sheet] 工商银行文件工作表「交易明细」提取 2 条记录
[2026-06-15 10:03:03] INFO [parse] 工商银行文件处理完成，共提取 2 条记录
[2026-06-15 10:03:03] INFO [parse] 开始处理建设银行文件: /var*********************************************************************************
[2026-06-15 10:03:03] DEBUG [detect_file_format] 文件 /var********************************************************************************* Magic Bytes 检测为 xlsx 格式 (ZIP/OOXML)
[2026-06-15 10:03:03] INFO [validate_headers] 建设银行文件工作表「交易明细」表头校验通过，7 个字段均匹配
[2026-06-15 10:03:03] DEBUG [detect_file_format] 文件 /var******************************************************************************* Magic Bytes 检测为 xlsx 格式 (ZIP/OOXML)
[2026-06-15 10:03:03] INFO [load_lookup_table] 查找表加载完成：共 5 条条目，5 个唯一账号，0 个扩展字段
[2026-06-15 10:03:03] DEBUG [get_subject_info] 银行账号「6227年00月」匹配到主体: 广**********司（优先级: 0）
[2026-06-15 10:03:03] INFO [_parse_sheet] 建设银行文件工作表「交易明细」提取 2 条记录
[2026-06-15 10:03:03] INFO [parse] 建设银行文件处理完成，共提取 2 条记录
[2026-06-15 10:03:03] INFO [parse] 开始处理招商银行文件: /var*********************************************************************************
[2026-06-15 10:03:03] DEBUG [detect_file_format] 文件 /var********************************************************************************* Magic Bytes 检测为 xlsx 格式 (ZIP/OOXML)
[2026-06-15 10:03:03] INFO [validate_headers] 招商银行文件工作表「活期交易明细」表头校验通过，7 个字段均匹配
[2026-06-15 10:03:03] DEBUG [detect_file_format] 文件 /var******************************************************************************* Magic Bytes 检测为 xlsx 格式 (ZIP/OOXML)
[2026-06-15 10:03:03] INFO [load_lookup_table] 查找表加载完成：共 5 条条目，5 个唯一账号，0 个扩展字段
[2026-06-15 10:03:03] DEBUG [get_subject_info] 银行账号「6225年88月」匹配到主体: 杭**********司（优先级: 0）
[2026-06-15 10:03:03] INFO [_parse_sheet] 招商银行文件工作表「活期交易明细」提取 2 条记录
[2026-06-15 10:03:03] INFO [parse] 招商银行文件处理完成，共提取 2 条记录
[2026-06-15 10:03:03] INFO [setup_logging] 日志系统初始化完成，日志文件: /Use*******************************************************************************************************
[2026-06-15 10:03:03] INFO [setup_logging] 未检测到 tkinter，将使用命令行交互模式
[2026-06-15 10:03:03] INFO [parse] 开始处理北京银行文件: /var*********************************************************************************
[2026-06-15 10:03:03] DEBUG [detect_file_format] 文件 /var********************************************************************************* Magic Bytes 检测为 xlsx 格式 (ZIP/OOXML)
[2026-06-15 10:03:03] INFO [validate_headers] 北京银行文件工作表「交易明细」表头校验通过，7 个字段均匹配
[2026-06-15 10:03:03] DEBUG [detect_file_format] 文件 /var******************************************************************************* Magic Bytes 检测为 xlsx 格式 (ZIP/OOXML)
[2026-06-15 10:03:03] INFO [load_lookup_table] 查找表加载完成：共 5 条条目，5 个唯一账号，0 个扩展字段
[2026-06-15 10:03:03] DEBUG [get_subject_info] 银行账号「0109年03月」匹配到主体: 北********司（优先级: 0）
[2026-06-15 10:03:03] INFO [_parse_sheet] 北京银行文件工作表「交易明细」提取 2 条记录
[2026-06-15 10:03:03] INFO [parse] 北京银行文件处理完成，共提取 2 条记录
[2026-06-15 10:03:03] INFO [parse] 开始处理东亚银行文件: /var*********************************************************************************
[2026-06-15 10:03:03] DEBUG [detect_file_format] 文件 /var********************************************************************************* Magic Bytes 检测为 xlsx 格式 (ZIP/OOXML)
[2026-06-15 10:03:03] INFO [validate_headers] 东亚银行文件工作表「交易明细」表头校验通过，7 个字段均匹配
[2026-06-15 10:03:03] DEBUG [detect_file_format] 文件 /var******************************************************************************* Magic Bytes 检测为 xlsx 格式 (ZIP/OOXML)
[2026-06-15 10:03:03] INFO [load_lookup_table] 查找表加载完成：共 5 条条目，5 个唯一账号，0 个扩展字段
[2026-06-15 10:03:03] DEBUG [get_subject_info] 银行账号「3881年23月」匹配到主体: 上********司（优先级: 0）
[2026-06-15 10:03:03] INFO [_parse_sheet] 东亚银行文件工作表「交易明细」提取 2 条记录
[2026-06-15 10:03:03] INFO [parse] 东亚银行文件处理完成，共提取 2 条记录
[2026-06-15 10:03:03] INFO [parse] 开始处理工商银行文件: /var*********************************************************************************
[2026-06-15 10:03:03] DEBUG [detect_file_format] 文件 /var********************************************************************************* Magic Bytes 检测为 xlsx 格式 (ZIP/OOXML)
[2026-06-15 10:03:03] INFO [validate_headers] 工商银行文件工作表「交易明细」表头校验通过，7 个字段均匹配
[2026-06-15 10:03:03] DEBUG [detect_file_format] 文件 /var******************************************************************************* Magic Bytes 检测为 xlsx 格式 (ZIP/OOXML)
[2026-06-15 10:03:03] INFO [load_lookup_table] 查找表加载完成：共 5 条条目，5 个唯一账号，0 个扩展字段
[2026-06-15 10:03:03] DEBUG [get_subject_info] 银行账号「6222年02月」匹配到主体: 深********司（优先级: 0）
[2026-06-15 10:03:03] INFO [_parse_sheet] 工商银行文件工作表「交易明细」提取 2 条记录
[2026-06-15 10:03:03] INFO [parse] 工商银行文件处理完成，共提取 2 条记录
[2026-06-15 10:03:03] INFO [parse] 开始处理建设银行文件: /var*********************************************************************************
[2026-06-15 10:03:03] DEBUG [detect_file_format] 文件 /var********************************************************************************* Magic Bytes 检测为 xlsx 格式 (ZIP/OOXML)
[2026-06-15 10:03:03] INFO [validate_headers] 建设银行文件工作表「交易明细」表头校验通过，7 个字段均匹配
[2026-06-15 10:03:03] DEBUG [detect_file_format] 文件 /var******************************************************************************* Magic Bytes 检测为 xlsx 格式 (ZIP/OOXML)
[2026-06-15 10:03:03] INFO [load_lookup_table] 查找表加载完成：共 5 条条目，5 个唯一账号，0 个扩展字段
[2026-06-15 10:03:03] DEBUG [get_subject_info] 银行账号「6227年00月」匹配到主体: 广**********司（优先级: 0）
[2026-06-15 10:03:03] INFO [_parse_sheet] 建设银行文件工作表「交易明细」提取 2 条记录
[2026-06-15 10:03:03] INFO [parse] 建设银行文件处理完成，共提取 2 条记录
[2026-06-15 10:03:03] INFO [parse] 开始处理招商银行文件: /var*********************************************************************************
[2026-06-15 10:03:03] DEBUG [detect_file_format] 文件 /var********************************************************************************* Magic Bytes 检测为 xlsx 格式 (ZIP/OOXML)
[2026-06-15 10:03:03] INFO [validate_headers] 招商银行文件工作表「活期交易明细」表头校验通过，7 个字段均匹配
[2026-06-15 10:03:03] DEBUG [detect_file_format] 文件 /var******************************************************************************* Magic Bytes 检测为 xlsx 格式 (ZIP/OOXML)
[2026-06-15 10:03:03] INFO [load_lookup_table] 查找表加载完成：共 5 条条目，5 个唯一账号，0 个扩展字段
[2026-06-15 10:03:03] DEBUG [get_subject_info] 银行账号「6225年88月」匹配到主体: 杭**********司（优先级: 0）
[2026-06-15 10:03:03] INFO [_parse_sheet] 招商银行文件工作表「活期交易明细」提取 2 条记录
[2026-06-15 10:03:03] INFO [parse] 招商银行文件处理完成，共提取 2 条记录
[2026-06-15 10:03:03] INFO [setup_logging] 日志系统初始化完成，日志文件: /Use*******************************************************************************************************
[2026-06-15 10:03:03] INFO [setup_logging] 未检测到 tkinter，将使用命令行交互模式
[2026-06-15 10:03:03] INFO [parse] 开始处理北京银行文件: /var*********************************************************************************
[2026-06-15 10:03:03] DEBUG [detect_file_format] 文件 /var********************************************************************************* Magic Bytes 检测为 xlsx 格式 (ZIP/OOXML)
[2026-06-15 10:03:03] INFO [validate_headers] 北京银行文件工作表「交易明细」表头校验通过，7 个字段均匹配
[2026-06-15 10:03:03] DEBUG [detect_file_format] 文件 /var******************************************************************************* Magic Bytes 检测为 xlsx 格式 (ZIP/OOXML)
[2026-06-15 10:03:03] INFO [load_lookup_table] 查找表加载完成：共 5 条条目，5 个唯一账号，0 个扩展字段
[2026-06-15 10:03:03] DEBUG [get_subject_info] 银行账号「0109年03月」匹配到主体: 北********司（优先级: 0）
[2026-06-15 10:03:03] INFO [_parse_sheet] 北京银行文件工作表「交易明细」提取 2 条记录
[2026-06-15 10:03:03] INFO [parse] 北京银行文件处理完成，共提取 2 条记录
[2026-06-15 10:03:03] INFO [parse] 开始处理东亚银行文件: /var*********************************************************************************
[2026-06-15 10:03:03] DEBUG [detect_file_format] 文件 /var********************************************************************************* Magic Bytes 检测为 xlsx 格式 (ZIP/OOXML)
[2026-06-15 10:03:03] INFO [validate_headers] 东亚银行文件工作表「交易明细」表头校验通过，7 个字段均匹配
[2026-06-15 10:03:03] DEBUG [detect_file_format] 文件 /var******************************************************************************* Magic Bytes 检测为 xlsx 格式 (ZIP/OOXML)
[2026-06-15 10:03:03] INFO [load_lookup_table] 查找表加载完成：共 5 条条目，5 个唯一账号，0 个扩展字段
[2026-06-15 10:03:03] DEBUG [get_subject_info] 银行账号「3881年23月」匹配到主体: 上********司（优先级: 0）
[2026-06-15 10:03:03] INFO [_parse_sheet] 东亚银行文件工作表「交易明细」提取 2 条记录
[2026-06-15 10:03:03] INFO [parse] 东亚银行文件处理完成，共提取 2 条记录
[2026-06-15 10:03:03] INFO [parse] 开始处理工商银行文件: /var*********************************************************************************
[2026-06-15 10:03:03] DEBUG [detect_file_format] 文件 /var********************************************************************************* Magic Bytes 检测为 xlsx 格式 (ZIP/OOXML)
[2026-06-15 10:03:03] INFO [validate_headers] 工商银行文件工作表「交易明细」表头校验通过，7 个字段均匹配
[2026-06-15 10:03:03] DEBUG [detect_file_format] 文件 /var******************************************************************************* Magic Bytes 检测为 xlsx 格式 (ZIP/OOXML)
[2026-06-15 10:03:03] INFO [load_lookup_table] 查找表加载完成：共 5 条条目，5 个唯一账号，0 个扩展字段
[2026-06-15 10:03:03] DEBUG [get_subject_info] 银行账号「6222年02月」匹配到主体: 深********司（优先级: 0）
[2026-06-15 10:03:03] INFO [_parse_sheet] 工商银行文件工作表「交易明细」提取 2 条记录
[2026-06-15 10:03:03] INFO [parse] 工商银行文件处理完成，共提取 2 条记录
[2026-06-15 10:03:03] INFO [parse] 开始处理建设银行文件: /var*********************************************************************************
[2026-06-15 10:03:03] DEBUG [detect_file_format] 文件 /var********************************************************************************* Magic Bytes 检测为 xlsx 格式 (ZIP/OOXML)
[2026-06-15 10:03:03] INFO [validate_headers] 建设银行文件工作表「交易明细」表头校验通过，7 个字段均匹配
[2026-06-15 10:03:03] DEBUG [detect_file_format] 文件 /var******************************************************************************* Magic Bytes 检测为 xlsx 格式 (ZIP/OOXML)
[2026-06-15 10:03:03] INFO [load_lookup_table] 查找表加载完成：共 5 条条目，5 个唯一账号，0 个扩展字段
[2026-06-15 10:03:03] DEBUG [get_subject_info] 银行账号「6227年00月」匹配到主体: 广**********司（优先级: 0）
[2026-06-15 10:03:03] INFO [_parse_sheet] 建设银行文件工作表「交易明细」提取 2 条记录
[2026-06-15 10:03:03] INFO [parse] 建设银行文件处理完成，共提取 2 条记录
[2026-06-15 10:03:03] INFO [parse] 开始处理招商银行文件: /var*********************************************************************************
[2026-06-15 10:03:03] DEBUG [detect_file_format] 文件 /var********************************************************************************* Magic Bytes 检测为 xlsx 格式 (ZIP/OOXML)
[2026-06-15 10:03:03] INFO [validate_headers] 招商银行文件工作表「活期交易明细」表头校验通过，7 个字段均匹配
[2026-06-15 10:03:03] DEBUG [detect_file_format] 文件 /var******************************************************************************* Magic Bytes 检测为 xlsx 格式 (ZIP/OOXML)
[2026-06-15 10:03:03] INFO [load_lookup_table] 查找表加载完成：共 5 条条目，5 个唯一账号，0 个扩展字段
[2026-06-15 10:03:03] DEBUG [get_subject_info] 银行账号「6225年88月」匹配到主体: 杭**********司（优先级: 0）
[2026-06-15 10:03:03] INFO [_parse_sheet] 招商银行文件工作表「活期交易明细」提取 2 条记录
[2026-06-15 10:03:03] INFO [parse] 招商银行文件处理完成，共提取 2 条记录
[2026-06-15 10:03:03] DEBUG [detect_file_format] 文件 /var******************************************************************************* Magic Bytes 检测为 xlsx 格式 (ZIP/OOXML)
[2026-06-15 10:03:03] INFO [load_lookup_table] 查找表加载完成：共 5 条条目，5 个唯一账号，0 个扩展字段
[2026-06-15 10:03:03] INFO [setup_logging] 日志系统初始化完成，日志文件: /Use*******************************************************************************************************
[2026-06-15 10:03:03] INFO [setup_logging] 未检测到 tkinter，将使用命令行交互模式
[2026-06-15 10:03:03] INFO [parse] 开始处理北京银行文件: /var*********************************************************************************
[2026-06-15 10:03:03] DEBUG [detect_file_format] 文件 /var********************************************************************************* Magic Bytes 检测为 xlsx 格式 (ZIP/OOXML)
[2026-06-15 10:03:03] INFO [validate_headers] 北京银行文件工作表「交易明细」表头校验通过，7 个字段均匹配
[2026-06-15 10:03:03] DEBUG [detect_file_format] 文件 /var******************************************************************************* Magic Bytes 检测为 xlsx 格式 (ZIP/OOXML)
[2026-06-15 10:03:03] INFO [load_lookup_table] 查找表加载完成：共 5 条条目，5 个唯一账号，0 个扩展字段
[2026-06-15 10:03:03] DEBUG [get_subject_info] 银行账号「0109年03月」匹配到主体: 北********司（优先级: 0）
[2026-06-15 10:03:03] INFO [_parse_sheet] 北京银行文件工作表「交易明细」提取 2 条记录
[2026-06-15 10:03:03] INFO [parse] 北京银行文件处理完成，共提取 2 条记录
[2026-06-15 10:03:03] INFO [parse] 开始处理东亚银行文件: /var*********************************************************************************
[2026-06-15 10:03:03] DEBUG [detect_file_format] 文件 /var********************************************************************************* Magic Bytes 检测为 xlsx 格式 (ZIP/OOXML)
[2026-06-15 10:03:03] INFO [validate_headers] 东亚银行文件工作表「交易明细」表头校验通过，7 个字段均匹配
[2026-06-15 10:03:03] DEBUG [detect_file_format] 文件 /var******************************************************************************* Magic Bytes 检测为 xlsx 格式 (ZIP/OOXML)
[2026-06-15 10:03:03] INFO [load_lookup_table] 查找表加载完成：共 5 条条目，5 个唯一账号，0 个扩展字段
[2026-06-15 10:03:03] DEBUG [get_subject_info] 银行账号「3881年23月」匹配到主体: 上********司（优先级: 0）
[2026-06-15 10:03:03] INFO [_parse_sheet] 东亚银行文件工作表「交易明细」提取 2 条记录
[2026-06-15 10:03:03] INFO [parse] 东亚银行文件处理完成，共提取 2 条记录
[2026-06-15 10:03:03] INFO [parse] 开始处理工商银行文件: /var*********************************************************************************
[2026-06-15 10:03:03] DEBUG [detect_file_format] 文件 /var********************************************************************************* Magic Bytes 检测为 xlsx 格式 (ZIP/OOXML)
[2026-06-15 10:03:03] INFO [validate_headers] 工商银行文件工作表「交易明细」表头校验通过，7 个字段均匹配
[2026-06-15 10:03:03] DEBUG [detect_file_format] 文件 /var******************************************************************************* Magic Bytes 检测为 xlsx 格式 (ZIP/OOXML)
[2026-06-15 10:03:03] INFO [load_lookup_table] 查找表加载完成：共 5 条条目，5 个唯一账号，0 个扩展字段
[2026-06-15 10:03:03] DEBUG [get_subject_info] 银行账号「6222年02月」匹配到主体: 深********司（优先级: 0）
[2026-06-15 10:03:03] INFO [_parse_sheet] 工商银行文件工作表「交易明细」提取 2 条记录
[2026-06-15 10:03:03] INFO [parse] 工商银行文件处理完成，共提取 2 条记录
[2026-06-15 10:03:03] INFO [parse] 开始处理建设银行文件: /var*********************************************************************************
[2026-06-15 10:03:03] DEBUG [detect_file_format] 文件 /var********************************************************************************* Magic Bytes 检测为 xlsx 格式 (ZIP/OOXML)
[2026-06-15 10:03:03] INFO [validate_headers] 建设银行文件工作表「交易明细」表头校验通过，7 个字段均匹配
[2026-06-15 10:03:03] DEBUG [detect_file_format] 文件 /var******************************************************************************* Magic Bytes 检测为 xlsx 格式 (ZIP/OOXML)
[2026-06-15 10:03:03] INFO [load_lookup_table] 查找表加载完成：共 5 条条目，5 个唯一账号，0 个扩展字段
[2026-06-15 10:03:03] DEBUG [get_subject_info] 银行账号「6227年00月」匹配到主体: 广**********司（优先级: 0）
[2026-06-15 10:03:03] INFO [_parse_sheet] 建设银行文件工作表「交易明细」提取 2 条记录
[2026-06-15 10:03:03] INFO [parse] 建设银行文件处理完成，共提取 2 条记录
[2026-06-15 10:03:03] INFO [parse] 开始处理招商银行文件: /var*********************************************************************************
[2026-06-15 10:03:03] DEBUG [detect_file_format] 文件 /var********************************************************************************* Magic Bytes 检测为 xlsx 格式 (ZIP/OOXML)
[2026-06-15 10:03:03] INFO [validate_headers] 招商银行文件工作表「活期交易明细」表头校验通过，7 个字段均匹配
[2026-06-15 10:03:03] DEBUG [detect_file_format] 文件 /var******************************************************************************* Magic Bytes 检测为 xlsx 格式 (ZIP/OOXML)
[2026-06-15 10:03:03] INFO [load_lookup_table] 查找表加载完成：共 5 条条目，5 个唯一账号，0 个扩展字段
[2026-06-15 10:03:03] DEBUG [get_subject_info] 银行账号「6225年88月」匹配到主体: 杭**********司（优先级: 0）
[2026-06-15 10:03:03] INFO [_parse_sheet] 招商银行文件工作表「活期交易明细」提取 2 条记录
[2026-06-15 10:03:03] INFO [parse] 招商银行文件处理完成，共提取 2 条记录
[2026-06-15 10:03:03] DEBUG [detect_file_format] 文件 /var******************************************************************************* Magic Bytes 检测为 xlsx 格式 (ZIP/OOXML)
[2026-06-15 10:03:03] INFO [load_lookup_table] 查找表加载完成：共 5 条条目，5 个唯一账号，0 个扩展字段
[2026-06-15 10:03:03] INFO [setup_logging] 日志系统初始化完成，日志文件: /Use*******************************************************************************************************
[2026-06-15 10:03:03] INFO [setup_logging] 未检测到 tkinter，将使用命令行交互模式
[2026-06-15 10:03:03] INFO [parse] 开始处理工商银行文件: /var*********************************************************************************
[2026-06-15 10:03:03] DEBUG [detect_file_format] 文件 /var********************************************************************************* Magic Bytes 检测为 xlsx 格式 (ZIP/OOXML)
[2026-06-15 10:03:03] INFO [validate_headers] 工商银行文件工作表「交易明细」表头校验通过，7 个字段均匹配
[2026-06-15 10:03:03] DEBUG [detect_file_format] 文件 /var******************************************************************************* Magic Bytes 检测为 xlsx 格式 (ZIP/OOXML)
[2026-06-15 10:03:03] INFO [load_lookup_table] 查找表加载完成：共 5 条条目，5 个唯一账号，0 个扩展字段
[2026-06-15 10:03:03] DEBUG [get_subject_info] 银行账号「6222年02月」匹配到主体: 深********司（优先级: 0）
[2026-06-15 10:03:03] INFO [_parse_sheet] 工商银行文件工作表「交易明细」提取 2 条记录
[2026-06-15 10:03:03] INFO [parse] 工商银行文件处理完成，共提取 2 条记录
[2026-06-15 10:03:03] INFO [setup_logging] 日志系统初始化完成，日志文件: /Use*******************************************************************************************************
[2026-06-15 10:03:03] INFO [setup_logging] 未检测到 tkinter，将使用命令行交互模式
[2026-06-15 10:03:03] INFO [parse] 开始处理建设银行文件: /var*********************************************************************************
[2026-06-15 10:03:03] DEBUG [detect_file_format] 文件 /var********************************************************************************* Magic Bytes 检测为 xlsx 格式 (ZIP/OOXML)
[2026-06-15 10:03:03] INFO [validate_headers] 建设银行文件工作表「交易明细」表头校验通过，7 个字段均匹配
[2026-06-15 10:03:03] DEBUG [detect_file_format] 文件 /var******************************************************************************* Magic Bytes 检测为 xlsx 格式 (ZIP/OOXML)
[2026-06-15 10:03:03] INFO [load_lookup_table] 查找表加载完成：共 5 条条目，5 个唯一账号，0 个扩展字段
[2026-06-15 10:03:03] DEBUG [get_subject_info] 银行账号「6227年00月」匹配到主体: 广**********司（优先级: 0）
[2026-06-15 10:03:03] INFO [_parse_sheet] 建设银行文件工作表「交易明细」提取 2 条记录
[2026-06-15 10:03:03] INFO [parse] 建设银行文件处理完成，共提取 2 条记录
[2026-06-15 10:03:03] INFO [setup_logging] 日志系统初始化完成，日志文件: /Use*******************************************************************************************************
[2026-06-15 10:03:03] INFO [setup_logging] 未检测到 tkinter，将使用命令行交互模式
[2026-06-15 10:03:03] INFO [parse] 开始处理招商银行文件: /var*********************************************************************************
[2026-06-15 10:03:03] DEBUG [detect_file_format] 文件 /var********************************************************************************* Magic Bytes 检测为 xlsx 格式 (ZIP/OOXML)
[2026-06-15 10:03:03] INFO [validate_headers] 招商银行文件工作表「活期交易明细」表头校验通过，7 个字段均匹配
[2026-06-15 10:03:03] DEBUG [detect_file_format] 文件 /var******************************************************************************* Magic Bytes 检测为 xlsx 格式 (ZIP/OOXML)
[2026-06-15 10:03:03] INFO [load_lookup_table] 查找表加载完成：共 5 条条目，5 个唯一账号，0 个扩展字段
[2026-06-15 10:03:03] DEBUG [get_subject_info] 银行账号「6225年88月」匹配到主体: 杭**********司（优先级: 0）
[2026-06-15 10:03:03] INFO [_parse_sheet] 招商银行文件工作表「活期交易明细」提取 2 条记录
[2026-06-15 10:03:03] INFO [parse] 招商银行文件处理完成，共提取 2 条记录
[2026-06-15 10:03:03] INFO [setup_logging] 日志系统初始化完成，日志文件: /Use*******************************************************************************************************
[2026-06-15 10:03:03] INFO [setup_logging] 未检测到 tkinter，将使用命令行交互模式
[2026-06-15 10:03:03] DEBUG [detect_file_format] 文件 /var********************************************************************************* Magic Bytes 检测为 xlsx 格式 (ZIP/OOXML)
[2026-06-15 10:03:03] INFO [_identify_bank_by_content] 文件「无银行名_流水.xlsx」通过内容特征识别为: 北京银行
[2026-06-15 10:03:03] INFO [setup_logging] 日志系统初始化完成，日志文件: /Use*******************************************************************************************************
[2026-06-15 10:03:03] INFO [setup_logging] 未检测到 tkinter，将使用命令行交互模式
[2026-06-15 10:03:03] DEBUG [detect_file_format] 文件 /var********************************************************************************* Magic Bytes 检测为 xlsx 格式 (ZIP/OOXML)
[2026-06-15 10:03:03] INFO [_identify_bank_by_content] 文件「无银行名_流水.xlsx」通过内容特征识别为: 东亚银行
[2026-06-15 10:03:03] INFO [setup_logging] 日志系统初始化完成，日志文件: /Use*******************************************************************************************************
[2026-06-15 10:03:03] INFO [setup_logging] 未检测到 tkinter，将使用命令行交互模式
[2026-06-15 10:03:03] DEBUG [detect_file_format] 文件 /var********************************************************************************* Magic Bytes 检测为 xlsx 格式 (ZIP/OOXML)
[2026-06-15 10:03:03] INFO [_identify_bank_by_content] 文件「无银行名_流水.xlsx」通过内容特征识别为: 工商银行
[2026-06-15 10:03:03] INFO [setup_logging] 日志系统初始化完成，日志文件: /Use*******************************************************************************************************
[2026-06-15 10:03:03] INFO [setup_logging] 未检测到 tkinter，将使用命令行交互模式
[2026-06-15 10:03:03] DEBUG [detect_file_format] 文件 /var********************************************************************************* Magic Bytes 检测为 xlsx 格式 (ZIP/OOXML)
[2026-06-15 10:03:03] INFO [_identify_bank_by_content] 文件「无银行名_流水.xlsx」通过内容特征识别为: 建设银行
[2026-06-15 10:03:03] INFO [setup_logging] 日志系统初始化完成，日志文件: /Use*******************************************************************************************************
[2026-06-15 10:03:03] INFO [setup_logging] 未检测到 tkinter，将使用命令行交互模式
[2026-06-15 10:03:03] DEBUG [detect_file_format] 文件 /var********************************************************************************* Magic Bytes 检测为 xlsx 格式 (ZIP/OOXML)
[2026-06-15 10:03:03] INFO [_identify_bank_by_content] 文件「无银行名_流水.xlsx」通过内容特征识别为: 招商银行
[2026-06-15 10:03:03] INFO [setup_logging] 日志系统初始化完成，日志文件: /Use*******************************************************************************************************
[2026-06-15 10:03:03] INFO [setup_logging] 未检测到 tkinter，将使用命令行交互模式
[2026-06-15 10:03:03] INFO [parse] 开始处理北京银行文件: /var*********************************************************************************
[2026-06-15 10:03:03] DEBUG [detect_file_format] 文件 /var********************************************************************************* Magic Bytes 检测为 xlsx 格式 (ZIP/OOXML)
[2026-06-15 10:03:03] INFO [validate_headers] 北京银行文件工作表「交易明细」表头校验通过，7 个字段均匹配
[2026-06-15 10:03:03] DEBUG [detect_file_format] 文件 /var******************************************************************************* Magic Bytes 检测为 xlsx 格式 (ZIP/OOXML)
[2026-06-15 10:03:03] INFO [load_lookup_table] 查找表加载完成：共 5 条条目，5 个唯一账号，0 个扩展字段
[2026-06-15 10:03:03] DEBUG [get_subject_info] 银行账号「0109年03月」匹配到主体: 北********司（优先级: 0）
[2026-06-15 10:03:03] INFO [_parse_sheet] 北京银行文件工作表「交易明细」提取 2 条记录
[2026-06-15 10:03:03] INFO [parse] 北京银行文件处理完成，共提取 2 条记录
[2026-06-15 10:03:03] INFO [setup_logging] 日志系统初始化完成，日志文件: /Use*******************************************************************************************************
[2026-06-15 10:03:03] INFO [setup_logging] 未检测到 tkinter，将使用命令行交互模式
[2026-06-15 10:03:03] INFO [parse] 开始处理东亚银行文件: /var*********************************************************************************
[2026-06-15 10:03:03] DEBUG [detect_file_format] 文件 /var********************************************************************************* Magic Bytes 检测为 xlsx 格式 (ZIP/OOXML)
[2026-06-15 10:03:03] INFO [validate_headers] 东亚银行文件工作表「交易明细」表头校验通过，7 个字段均匹配
[2026-06-15 10:03:03] DEBUG [detect_file_format] 文件 /var******************************************************************************* Magic Bytes 检测为 xlsx 格式 (ZIP/OOXML)
[2026-06-15 10:03:03] INFO [load_lookup_table] 查找表加载完成：共 5 条条目，5 个唯一账号，0 个扩展字段
[2026-06-15 10:03:03] DEBUG [get_subject_info] 银行账号「3881年23月」匹配到主体: 上********司（优先级: 0）
[2026-06-15 10:03:03] INFO [_parse_sheet] 东亚银行文件工作表「交易明细」提取 2 条记录
[2026-06-15 10:03:03] INFO [parse] 东亚银行文件处理完成，共提取 2 条记录
[2026-06-15 10:03:03] INFO [setup_logging] 日志系统初始化完成，日志文件: /Use*******************************************************************************************************
[2026-06-15 10:03:03] INFO [setup_logging] 未检测到 tkinter，将使用命令行交互模式
[2026-06-15 10:03:03] INFO [parse] 开始处理工商银行文件: /var*********************************************************************************
[2026-06-15 10:03:03] DEBUG [detect_file_format] 文件 /var********************************************************************************* Magic Bytes 检测为 xlsx 格式 (ZIP/OOXML)
[2026-06-15 10:03:03] INFO [validate_headers] 工商银行文件工作表「交易明细」表头校验通过，7 个字段均匹配
[2026-06-15 10:03:03] DEBUG [detect_file_format] 文件 /var******************************************************************************* Magic Bytes 检测为 xlsx 格式 (ZIP/OOXML)
[2026-06-15 10:03:03] INFO [load_lookup_table] 查找表加载完成：共 5 条条目，5 个唯一账号，0 个扩展字段
[2026-06-15 10:03:03] DEBUG [get_subject_info] 银行账号「6222年02月」匹配到主体: 深********司（优先级: 0）
[2026-06-15 10:03:03] INFO [_parse_sheet] 工商银行文件工作表「交易明细」提取 2 条记录
[2026-06-15 10:03:03] INFO [parse] 工商银行文件处理完成，共提取 2 条记录
[2026-06-15 10:03:03] INFO [setup_logging] 日志系统初始化完成，日志文件: /Use*******************************************************************************************************
[2026-06-15 10:03:03] INFO [setup_logging] 未检测到 tkinter，将使用命令行交互模式
[2026-06-15 10:03:03] INFO [parse] 开始处理建设银行文件: /var*********************************************************************************
[2026-06-15 10:03:03] DEBUG [detect_file_format] 文件 /var********************************************************************************* Magic Bytes 检测为 xlsx 格式 (ZIP/OOXML)
[2026-06-15 10:03:03] INFO [validate_headers] 建设银行文件工作表「交易明细」表头校验通过，7 个字段均匹配
[2026-06-15 10:03:03] DEBUG [detect_file_format] 文件 /var******************************************************************************* Magic Bytes 检测为 xlsx 格式 (ZIP/OOXML)
[2026-06-15 10:03:03] INFO [load_lookup_table] 查找表加载完成：共 5 条条目，5 个唯一账号，0 个扩展字段
[2026-06-15 10:03:03] DEBUG [get_subject_info] 银行账号「6227年00月」匹配到主体: 广**********司（优先级: 0）
[2026-06-15 10:03:03] INFO [_parse_sheet] 建设银行文件工作表「交易明细」提取 2 条记录
[2026-06-15 10:03:03] INFO [parse] 建设银行文件处理完成，共提取 2 条记录
[2026-06-15 10:03:03] INFO [setup_logging] 日志系统初始化完成，日志文件: /Use*******************************************************************************************************
[2026-06-15 10:03:03] INFO [setup_logging] 未检测到 tkinter，将使用命令行交互模式
[2026-06-15 10:03:03] INFO [parse] 开始处理招商银行文件: /var*********************************************************************************
[2026-06-15 10:03:03] DEBUG [detect_file_format] 文件 /var********************************************************************************* Magic Bytes 检测为 xlsx 格式 (ZIP/OOXML)
[2026-06-15 10:03:03] INFO [validate_headers] 招商银行文件工作表「活期交易明细」表头校验通过，7 个字段均匹配
[2026-06-15 10:03:03] DEBUG [detect_file_format] 文件 /var******************************************************************************* Magic Bytes 检测为 xlsx 格式 (ZIP/OOXML)
[2026-06-15 10:03:03] INFO [load_lookup_table] 查找表加载完成：共 5 条条目，5 个唯一账号，0 个扩展字段
[2026-06-15 10:03:03] DEBUG [get_subject_info] 银行账号「6225年88月」匹配到主体: 杭**********司（优先级: 0）
[2026-06-15 10:03:03] INFO [_parse_sheet] 招商银行文件工作表「活期交易明细」提取 2 条记录
[2026-06-15 10:03:03] INFO [parse] 招商银行文件处理完成，共提取 2 条记录
[2026-06-15 10:03:03] INFO [setup_logging] 日志系统初始化完成，日志文件: /Use*******************************************************************************************************
[2026-06-15 10:03:03] INFO [setup_logging] 未检测到 tkinter，将使用命令行交互模式
[2026-06-15 10:03:03] INFO [parse] 开始处理北京银行文件: /var*********************************************************************************
[2026-06-15 10:03:03] DEBUG [detect_file_format] 文件 /var********************************************************************************* Magic Bytes 检测为 xlsx 格式 (ZIP/OOXML)
[2026-06-15 10:03:03] INFO [validate_headers] 北京银行文件工作表「交易明细」表头校验通过，7 个字段均匹配
[2026-06-15 10:03:03] DEBUG [detect_file_format] 文件 /var******************************************************************************* Magic Bytes 检测为 xlsx 格式 (ZIP/OOXML)
[2026-06-15 10:03:03] INFO [load_lookup_table] 查找表加载完成：共 5 条条目，5 个唯一账号，0 个扩展字段
[2026-06-15 10:03:03] DEBUG [get_subject_info] 银行账号「0109年03月」匹配到主体: 北********司（优先级: 0）
[2026-06-15 10:03:03] INFO [_parse_sheet] 北京银行文件工作表「交易明细」提取 2 条记录
[2026-06-15 10:03:03] INFO [parse] 北京银行文件处理完成，共提取 2 条记录
[2026-06-15 10:03:03] INFO [setup_logging] 日志系统初始化完成，日志文件: /Use*******************************************************************************************************
[2026-06-15 10:03:03] INFO [setup_logging] 未检测到 tkinter，将使用命令行交互模式
[2026-06-15 10:03:04] INFO [parse] 开始处理东亚银行文件: /var*********************************************************************************
[2026-06-15 10:03:04] DEBUG [detect_file_format] 文件 /var********************************************************************************* Magic Bytes 检测为 xlsx 格式 (ZIP/OOXML)
[2026-06-15 10:03:04] INFO [validate_headers] 东亚银行文件工作表「交易明细」表头校验通过，7 个字段均匹配
[2026-06-15 10:03:04] DEBUG [detect_file_format] 文件 /var******************************************************************************* Magic Bytes 检测为 xlsx 格式 (ZIP/OOXML)
[2026-06-15 10:03:04] INFO [load_lookup_table] 查找表加载完成：共 5 条条目，5 个唯一账号，0 个扩展字段
[2026-06-15 10:03:04] DEBUG [get_subject_info] 银行账号「3881年23月」匹配到主体: 上********司（优先级: 0）
[2026-06-15 10:03:04] INFO [_parse_sheet] 东亚银行文件工作表「交易明细」提取 2 条记录
[2026-06-15 10:03:04] INFO [parse] 东亚银行文件处理完成，共提取 2 条记录
[2026-06-15 10:03:04] INFO [setup_logging] 日志系统初始化完成，日志文件: /Use*******************************************************************************************************
[2026-06-15 10:03:04] INFO [setup_logging] 未检测到 tkinter，将使用命令行交互模式
[2026-06-15 10:03:04] INFO [parse] 开始处理工商银行文件: /var*********************************************************************************
[2026-06-15 10:03:04] DEBUG [detect_file_format] 文件 /var********************************************************************************* Magic Bytes 检测为 xlsx 格式 (ZIP/OOXML)
[2026-06-15 10:03:04] INFO [validate_headers] 工商银行文件工作表「交易明细」表头校验通过，7 个字段均匹配
[2026-06-15 10:03:04] DEBUG [detect_file_format] 文件 /var******************************************************************************* Magic Bytes 检测为 xlsx 格式 (ZIP/OOXML)
[2026-06-15 10:03:04] INFO [load_lookup_table] 查找表加载完成：共 5 条条目，5 个唯一账号，0 个扩展字段
[2026-06-15 10:03:04] DEBUG [get_subject_info] 银行账号「6222年02月」匹配到主体: 深********司（优先级: 0）
[2026-06-15 10:03:04] INFO [_parse_sheet] 工商银行文件工作表「交易明细」提取 2 条记录
[2026-06-15 10:03:04] INFO [parse] 工商银行文件处理完成，共提取 2 条记录
[2026-06-15 10:03:04] INFO [setup_logging] 日志系统初始化完成，日志文件: /Use*******************************************************************************************************
[2026-06-15 10:03:04] INFO [setup_logging] 未检测到 tkinter，将使用命令行交互模式
[2026-06-15 10:03:04] INFO [parse] 开始处理建设银行文件: /var*********************************************************************************
[2026-06-15 10:03:04] DEBUG [detect_file_format] 文件 /var********************************************************************************* Magic Bytes 检测为 xlsx 格式 (ZIP/OOXML)
[2026-06-15 10:03:04] INFO [validate_headers] 建设银行文件工作表「交易明细」表头校验通过，7 个字段均匹配
[2026-06-15 10:03:04] DEBUG [detect_file_format] 文件 /var******************************************************************************* Magic Bytes 检测为 xlsx 格式 (ZIP/OOXML)
[2026-06-15 10:03:04] INFO [load_lookup_table] 查找表加载完成：共 5 条条目，5 个唯一账号，0 个扩展字段
[2026-06-15 10:03:04] DEBUG [get_subject_info] 银行账号「6227年00月」匹配到主体: 广**********司（优先级: 0）
[2026-06-15 10:03:04] INFO [_parse_sheet] 建设银行文件工作表「交易明细」提取 2 条记录
[2026-06-15 10:03:04] INFO [parse] 建设银行文件处理完成，共提取 2 条记录
[2026-06-15 10:03:04] INFO [setup_logging] 日志系统初始化完成，日志文件: /Use*******************************************************************************************************
[2026-06-15 10:03:04] INFO [setup_logging] 未检测到 tkinter，将使用命令行交互模式
[2026-06-15 10:03:04] INFO [parse] 开始处理招商银行文件: /var*********************************************************************************
[2026-06-15 10:03:04] DEBUG [detect_file_format] 文件 /var********************************************************************************* Magic Bytes 检测为 xlsx 格式 (ZIP/OOXML)
[2026-06-15 10:03:04] INFO [validate_headers] 招商银行文件工作表「活期交易明细」表头校验通过，7 个字段均匹配
[2026-06-15 10:03:04] DEBUG [detect_file_format] 文件 /var******************************************************************************* Magic Bytes 检测为 xlsx 格式 (ZIP/OOXML)
[2026-06-15 10:03:04] INFO [load_lookup_table] 查找表加载完成：共 5 条条目，5 个唯一账号，0 个扩展字段
[2026-06-15 10:03:04] DEBUG [get_subject_info] 银行账号「6225年88月」匹配到主体: 杭**********司（优先级: 0）
[2026-06-15 10:03:04] INFO [_parse_sheet] 招商银行文件工作表「活期交易明细」提取 2 条记录
[2026-06-15 10:03:04] INFO [parse] 招商银行文件处理完成，共提取 2 条记录
[2026-06-15 10:03:04] INFO [setup_logging] 日志系统初始化完成，日志文件: /Use*******************************************************************************************************
[2026-06-15 10:03:04] INFO [setup_logging] 未检测到 tkinter，将使用命令行交互模式
[2026-06-15 10:03:04] INFO [parse] 开始处理北京银行文件: /var*********************************************************************************
[2026-06-15 10:03:04] DEBUG [detect_file_format] 文件 /var********************************************************************************* Magic Bytes 检测为 xlsx 格式 (ZIP/OOXML)
[2026-06-15 10:03:04] INFO [validate_headers] 北京银行文件工作表「交易明细」表头校验通过，7 个字段均匹配
[2026-06-15 10:03:04] DEBUG [detect_file_format] 文件 /var******************************************************************************* Magic Bytes 检测为 xlsx 格式 (ZIP/OOXML)
[2026-06-15 10:03:04] INFO [load_lookup_table] 查找表加载完成：共 5 条条目，5 个唯一账号，0 个扩展字段
[2026-06-15 10:03:04] DEBUG [get_subject_info] 银行账号「0109年03月」匹配到主体: 北********司（优先级: 0）
[2026-06-15 10:03:04] INFO [_parse_sheet] 北京银行文件工作表「交易明细」提取 2 条记录
[2026-06-15 10:03:04] INFO [parse] 北京银行文件处理完成，共提取 2 条记录
[2026-06-15 10:03:04] INFO [setup_logging] 日志系统初始化完成，日志文件: /Use*******************************************************************************************************
[2026-06-15 10:03:04] INFO [setup_logging] 未检测到 tkinter，将使用命令行交互模式
[2026-06-15 10:03:04] INFO [parse] 开始处理东亚银行文件: /var*********************************************************************************
[2026-06-15 10:03:04] DEBUG [detect_file_format] 文件 /var********************************************************************************* Magic Bytes 检测为 xlsx 格式 (ZIP/OOXML)
[2026-06-15 10:03:04] INFO [validate_headers] 东亚银行文件工作表「交易明细」表头校验通过，7 个字段均匹配
[2026-06-15 10:03:04] DEBUG [detect_file_format] 文件 /var******************************************************************************* Magic Bytes 检测为 xlsx 格式 (ZIP/OOXML)
[2026-06-15 10:03:04] INFO [load_lookup_table] 查找表加载完成：共 5 条条目，5 个唯一账号，0 个扩展字段
[2026-06-15 10:03:04] DEBUG [get_subject_info] 银行账号「3881年23月」匹配到主体: 上********司（优先级: 0）
[2026-06-15 10:03:04] INFO [_parse_sheet] 东亚银行文件工作表「交易明细」提取 2 条记录
[2026-06-15 10:03:04] INFO [parse] 东亚银行文件处理完成，共提取 2 条记录
[2026-06-15 10:03:04] INFO [setup_logging] 日志系统初始化完成，日志文件: /Use*******************************************************************************************************
[2026-06-15 10:03:04] INFO [setup_logging] 未检测到 tkinter，将使用命令行交互模式
[2026-06-15 10:03:04] INFO [parse] 开始处理工商银行文件: /var*********************************************************************************
[2026-06-15 10:03:04] DEBUG [detect_file_format] 文件 /var********************************************************************************* Magic Bytes 检测为 xlsx 格式 (ZIP/OOXML)
[2026-06-15 10:03:04] INFO [validate_headers] 工商银行文件工作表「交易明细」表头校验通过，7 个字段均匹配
[2026-06-15 10:03:04] DEBUG [detect_file_format] 文件 /var******************************************************************************* Magic Bytes 检测为 xlsx 格式 (ZIP/OOXML)
[2026-06-15 10:03:04] INFO [load_lookup_table] 查找表加载完成：共 5 条条目，5 个唯一账号，0 个扩展字段
[2026-06-15 10:03:04] DEBUG [get_subject_info] 银行账号「6222年02月」匹配到主体: 深********司（优先级: 0）
[2026-06-15 10:03:04] INFO [_parse_sheet] 工商银行文件工作表「交易明细」提取 2 条记录
[2026-06-15 10:03:04] INFO [parse] 工商银行文件处理完成，共提取 2 条记录
[2026-06-15 10:03:04] INFO [setup_logging] 日志系统初始化完成，日志文件: /Use*******************************************************************************************************
[2026-06-15 10:03:04] INFO [setup_logging] 未检测到 tkinter，将使用命令行交互模式
[2026-06-15 10:03:04] INFO [parse] 开始处理建设银行文件: /var*********************************************************************************
[2026-06-15 10:03:04] DEBUG [detect_file_format] 文件 /var********************************************************************************* Magic Bytes 检测为 xlsx 格式 (ZIP/OOXML)
[2026-06-15 10:03:04] INFO [validate_headers] 建设银行文件工作表「交易明细」表头校验通过，7 个字段均匹配
[2026-06-15 10:03:04] DEBUG [detect_file_format] 文件 /var******************************************************************************* Magic Bytes 检测为 xlsx 格式 (ZIP/OOXML)
[2026-06-15 10:03:04] INFO [load_lookup_table] 查找表加载完成：共 5 条条目，5 个唯一账号，0 个扩展字段
[2026-06-15 10:03:04] DEBUG [get_subject_info] 银行账号「6227年00月」匹配到主体: 广**********司（优先级: 0）
[2026-06-15 10:03:04] INFO [_parse_sheet] 建设银行文件工作表「交易明细」提取 2 条记录
[2026-06-15 10:03:04] INFO [parse] 建设银行文件处理完成，共提取 2 条记录
[2026-06-15 10:03:04] INFO [setup_logging] 日志系统初始化完成，日志文件: /Use*******************************************************************************************************
[2026-06-15 10:03:04] INFO [setup_logging] 未检测到 tkinter，将使用命令行交互模式
[2026-06-15 10:03:04] INFO [parse] 开始处理招商银行文件: /var*********************************************************************************
[2026-06-15 10:03:04] DEBUG [detect_file_format] 文件 /var********************************************************************************* Magic Bytes 检测为 xlsx 格式 (ZIP/OOXML)
[2026-06-15 10:03:04] INFO [validate_headers] 招商银行文件工作表「活期交易明细」表头校验通过，7 个字段均匹配
[2026-06-15 10:03:04] DEBUG [detect_file_format] 文件 /var******************************************************************************* Magic Bytes 检测为 xlsx 格式 (ZIP/OOXML)
[2026-06-15 10:03:04] INFO [load_lookup_table] 查找表加载完成：共 5 条条目，5 个唯一账号，0 个扩展字段
[2026-06-15 10:03:04] DEBUG [get_subject_info] 银行账号「6225年88月」匹配到主体: 杭**********司（优先级: 0）
[2026-06-15 10:03:04] INFO [_parse_sheet] 招商银行文件工作表「活期交易明细」提取 2 条记录
[2026-06-15 10:03:04] INFO [parse] 招商银行文件处理完成，共提取 2 条记录
[2026-06-15 10:03:04] INFO [setup_logging] 日志系统初始化完成，日志文件: /Use*******************************************************************************************************
[2026-06-15 10:03:04] INFO [setup_logging] 未检测到 tkinter，将使用命令行交互模式
[2026-06-15 10:03:04] INFO [setup_logging] 日志系统初始化完成，日志文件: /Use*******************************************************************************************************
[2026-06-15 10:03:04] INFO [setup_logging] 未检测到 tkinter，将使用命令行交互模式
[2026-06-15 10:03:04] INFO [setup_logging] 日志系统初始化完成，日志文件: /Use*******************************************************************************************************
[2026-06-15 10:03:04] INFO [setup_logging] 未检测到 tkinter，将使用命令行交互模式
[2026-06-15 10:03:04] INFO [setup_logging] 日志系统初始化完成，日志文件: /Use*******************************************************************************************************
[2026-06-15 10:03:04] INFO [setup_logging] 未检测到 tkinter，将使用命令行交互模式
[2026-06-15 10:03:04] INFO [setup_logging] 日志系统初始化完成，日志文件: /Use*******************************************************************************************************
[2026-06-15 10:03:04] INFO [setup_logging] 未检测到 tkinter，将使用命令行交互模式
[2026-06-15 10:03:04] INFO [setup_logging] 日志系统初始化完成，日志文件: /Use*******************************************************************************************************
[2026-06-15 10:03:04] INFO [setup_logging] 未检测到 tkinter，将使用命令行交互模式
[2026-06-15 10:03:04] INFO [setup_logging] 日志系统初始化完成，日志文件: /Use*******************************************************************************************************
[2026-06-15 10:03:04] INFO [setup_logging] 未检测到 tkinter，将使用命令行交互模式
[2026-06-15 10:03:04] INFO [setup_logging] 日志系统初始化完成，日志文件: /Use*******************************************************************************************************
[2026-06-15 10:03:04] INFO [setup_logging] 未检测到 tkinter，将使用命令行交互模式
[2026-06-15 10:03:04] INFO [setup_logging] 日志系统初始化完成，日志文件: /Use*******************************************************************************************************
[2026-06-15 10:03:04] INFO [setup_logging] 未检测到 tkinter，将使用命令行交互模式
[2026-06-15 10:03:04] INFO [setup_logging] 日志系统初始化完成，日志文件: /Use*******************************************************************************************************
[2026-06-15 10:03:04] INFO [setup_logging] 未检测到 tkinter，将使用命令行交互模式
[2026-06-15 10:03:04] INFO [setup_logging] 日志系统初始化完成，日志文件: /Use*******************************************************************************************************
[2026-06-15 10:03:04] INFO [setup_logging] 未检测到 tkinter，将使用命令行交互模式
[2026-06-15 10:03:04] INFO [setup_logging] 日志系统初始化完成，日志文件: /Use*******************************************************************************************************
[2026-06-15 10:03:04] INFO [setup_logging] 未检测到 tkinter，将使用命令行交互模式
[2026-06-15 10:03:04] INFO [setup_logging] 日志系统初始化完成，日志文件: /Use*******************************************************************************************************
[2026-06-15 10:03:04] INFO [setup_logging] 未检测到 tkinter，将使用命令行交互模式
[2026-06-15 10:03:04] INFO [export_masked_summary] 脱敏版总表输出完成: /var****************************************************************************************（共 1 条记录）
[2026-06-15 10:03:04] INFO [setup_logging] 日志系统初始化完成，日志文件: /Use*******************************************************************************************************
[2026-06-15 10:03:04] INFO [setup_logging] 未检测到 tkinter，将使用命令行交互模式
[2026-06-15 10:03:04] INFO [export_masked_summary] 脱敏版总表输出完成: /var****************************************************************************************（共 1 条记录）
[2026-06-15 10:03:04] INFO [setup_logging] 日志系统初始化完成，日志文件: /Use*******************************************************************************************************
[2026-06-15 10:03:04] INFO [setup_logging] 未检测到 tkinter，将使用命令行交互模式
[2026-06-15 10:03:04] WARNING [export_masked_summary] 无记录可导出脱敏版
[2026-06-15 10:03:04] INFO [setup_logging] 日志系统初始化完成，日志文件: /Use*******************************************************************************************************
[2026-06-15 10:03:04] INFO [setup_logging] 未检测到 tkinter，将使用命令行交互模式
[2026-06-15 10:03:04] INFO [export_masked_summary] 脱敏版总表输出完成: /var****************************************************************************************（共 1 条记录）
[2026-06-15 10:03:04] INFO [setup_logging] 日志系统初始化完成，日志文件: /Use*******************************************************************************************************
[2026-06-15 10:03:04] INFO [setup_logging] 未检测到 tkinter，将使用命令行交互模式
[2026-06-15 10:03:04] INFO [export_masked_summary] 脱敏版总表输出完成: /var****************************************************************************************（共 1 条记录）
[2026-06-15 10:03:04] INFO [setup_logging] 日志系统初始化完成，日志文件: /Use*******************************************************************************************************
[2026-06-15 10:03:04] INFO [setup_logging] 未检测到 tkinter，将使用命令行交互模式
[2026-06-15 10:03:04] INFO [setup_logging] 日志系统初始化完成，日志文件: /Use*******************************************************************************************************
[2026-06-15 10:03:04] INFO [setup_logging] 未检测到 tkinter，将使用命令行交互模式
[2026-06-15 10:03:04] INFO [setup_logging] 日志系统初始化完成，日志文件: /Use*******************************************************************************************************
[2026-06-15 10:03:04] INFO [setup_logging] 未检测到 tkinter，将使用命令行交互模式
[2026-06-15 10:03:04] INFO [find_lookup_file] 精确匹配到主体查找表: /var****************************************************************************************
[2026-06-15 10:03:04] INFO [run_pipeline] 正在预加载主体查找表...
[2026-06-15 10:03:04] DEBUG [detect_file_format] 文件 /var**************************************************************************************** Magic Bytes 检测为 xlsx 格式 (ZIP/OOXML)
[2026-06-15 10:03:04] INFO [load_lookup_table] 查找表加载完成：共 2 条条目，2 个唯一账号，0 个扩展字段
[2026-06-15 10:03:04] INFO [run_pipeline] 主体查找表预加载完成
[2026-06-15 10:03:04] INFO [prepare_working_folder] 已复制文件夹到同级目录: /var********************************************************************************
[2026-06-15 10:03:04] DEBUG [scan_bank_files] 发现银行导出文件: /var*********************************************************************************************
[2026-06-15 10:03:04] INFO [scan_bank_files] 共扫描到 1 个银行导出文件
[2026-06-15 10:03:04] DEBUG [detect_file_format] 文件 /var********************************************************************************************* Magic Bytes 检测为 xlsx 格式 (ZIP/OOXML)
[2026-06-15 10:03:04] INFO [identify_bank] 文件「北京银行_流水.xlsx」通过前缀匹配识别为: 北京银行
[2026-06-15 10:03:04] INFO [parse] 开始处理北京银行文件: /var*********************************************************************************************
[2026-06-15 10:03:04] DEBUG [detect_file_format] 文件 /var********************************************************************************************* Magic Bytes 检测为 xlsx 格式 (ZIP/OOXML)
[2026-06-15 10:03:04] INFO [validate_headers] 北京银行文件工作表「交易明细」表头校验通过，7 个字段均匹配
[2026-06-15 10:03:04] DEBUG [get_subject_info] 银行账号「0109年03月」匹配到主体: 北********司（优先级: 0）
[2026-06-15 10:03:04] INFO [_parse_sheet] 北京银行文件工作表「交易明细」提取 2 条记录
[2026-06-15 10:03:04] INFO [parse] 北京银行文件处理完成，共提取 2 条记录
[2026-06-15 10:03:04] INFO [run_pipeline] 成功处理文件: /var*********************************************************************************************（2 条记录）
[2026-06-15 10:03:04] DEBUG [delete_processed_files] 已删除文件: /var*********************************************************************************************
[2026-06-15 10:03:04] INFO [run_pipeline] 总表输出完成: /var*****************************************************************************************（共 2 条记录）
[2026-06-15 10:03:04] INFO [apply_amount_anomaly_detection] 开始金额异常检测，单笔阈值: [金额已隐藏] 元
[2026-06-15 10:03:04] INFO [apply_amount_anomaly_detection] 金额异常检测完成：共 2 条记录，0 条异常 (0.00%)
[2026-06-15 10:03:04] INFO [apply_counterparty_rules] 对方户名规则匹配完成: 总记录 2, 命中 0, 黑名单 0, 白名单 0
[2026-06-15 10:03:04] INFO [export_masked_summary] 脱敏版总表输出完成: /var*********************************************************************************************（共 2 条记录）
[2026-06-15 10:03:04] DEBUG [init_schema] 数据库表结构初始化完成
[2026-06-15 10:03:04] INFO [connect] SQLite 数据库已连接: /Use************************************************************************************
[2026-06-15 10:03:04] INFO [insert_records] 已加载 25 个历史匹配键用于去重
[2026-06-15 10:03:04] INFO [insert_records] 批量导入完成: 批次 BATC***************, 共 2 条, 新增 0 条, 重复 2 条
[2026-06-15 10:03:04] INFO [disconnect] SQLite 数据库已断开
[2026-06-15 10:03:04] INFO [run_pipeline] 数据库持久化完成: 批次 BATC***************, 插入 0 条, 去重跳过 2 条
[2026-06-15 10:03:04] INFO [identify_internal_transfers] 内部划转识别完成: 2 条记录, 识别出 0 对 (0 划出 + 0 划入), 涉及 0 个主体, 0 家银行
[2026-06-15 10:03:04] INFO [summarize_transactions] 主体维度汇总完成: 2 条记录, 1 个主体, 1 家银行, 1 个月份, 0 个未匹配账号
[2026-06-15 10:03:04] INFO [export_subject_summary] 主体维度汇总分析已导出: /var***********************************************************************************************************
[2026-06-15 10:03:04] INFO [run_pipeline] 主体维度汇总分析已自动生成: /var***********************************************************************************************************
[2026-06-15 10:03:04] INFO [check_balance_continuity] 共 1 个账号待校验
[2026-06-15 10:03:04] DEBUG [check_balance_continuity] 校验账号: 0109年03月, 记录数: 2
[2026-06-15 10:03:04] INFO [check_balance_continuity] 余额连续性校验完成 - 总账号: 1, 已校验: 1, 跳过: 0, 异常笔数: 0, 异常账号: 0
[2026-06-15 10:03:04] INFO [export_balance_check_result] 余额连续性校验结果已导出: /var************************************************************************************************************
[2026-06-15 10:03:04] INFO [run_pipeline] 余额连续性校验报告已自动生成: /var************************************************************************************************************
[2026-06-15 10:03:04] INFO [detect_duplicates] 重复交易检测完成 - 总记录: 2, 疑似重复组: 0, 疑似重复记录: 0, 重复率: 0.00%
[2026-06-15 10:03:04] INFO [generate_duplicate_check_from_records] 未检测到重复交易，仍导出报告
[2026-06-15 10:03:04] INFO [export_duplicate_check_result] 重复交易检测结果已导出: /var***********************************************************************************************************
[2026-06-15 10:03:04] INFO [run_pipeline] 重复交易检测报告已自动生成: /var***********************************************************************************************************
[2026-06-15 10:03:04] INFO [filter_interest_fee_transactions] 筛选出 0 条利息手续费交易
[2026-06-15 10:03:04] INFO [summarize_by_period] 按month汇总生成 0 条期间汇总记录，异常 0 条
[2026-06-15 10:03:04] INFO [check_interest_fee] 利息手续费核对完成 - 总记录: 0 (利息: 0, 手续费: 0), 期间汇总: 0, 异常: 0
[2026-06-15 10:03:04] WARNING [generate_interest_fee_check_from_records] 未筛选到任何利息手续费交易，跳过报告生成
[2026-06-15 10:03:04] INFO [mark_non_workday_transactions] 非工作日交易标记完成: 总记录 2, 工作日 2, 周末 0, 法定节假日 0, 调休工作日 0
[2026-06-15 10:03:04] INFO [generate_holiday_check_from_records] 未发现非工作日交易，仍导出报告
[2026-06-15 10:03:04] INFO [export_holiday_check_result] 非工作日交易标记结果已导出: /var*************************************************************************************************************
[2026-06-15 10:03:04] INFO [run_pipeline] 非工作日交易标记报告已自动生成: /var*************************************************************************************************************
[2026-06-15 10:03:04] INFO [assign_accounting_period] 会计期间归属完成: 2 条记录, 1 个期间
[2026-06-15 10:03:04] INFO [export_accounting_period_summary] 会计期间总表已导出: /var*********************************************************************************************************（1 个期间）
[2026-06-15 10:03:04] INFO [run_pipeline] 会计期间总表已自动生成: /var*********************************************************************************************************
[2026-06-15 10:03:04] INFO [save_report] 性能剖析报告已保存: /var*******************************************************************************************************
[2026-06-15 10:03:04] INFO [save_report] 性能剖析数据已保存: /var*********************************************************************************************************
[2026-06-15 10:03:04] INFO [run_pipeline] 性能剖析报告已生成: /var*******************************************************************************************************
[2026-06-15 10:03:04] INFO [generate_collab_template] 财务协同编辑模板生成完成: /var*****************************************************************************************************************（可编辑列: 凭证号, 凭证日期, 会计科目编码, 会计科目名称, 备注, 制单人）
[2026-06-15 10:03:04] INFO [run_pipeline] 财务协同编辑模板已自动生成: /var*****************************************************************************************************************
[2026-06-15 10:03:04] INFO [generate_processing_manifest] 处理清单(JSON)已生成: /var*******************************************************************************************************
[2026-06-15 10:03:04] INFO [generate_processing_manifest] 处理清单(CSV)已生成: /var******************************************************************************************************
[2026-06-15 10:03:04] INFO [setup_logging] 日志系统初始化完成，日志文件: /Use*******************************************************************************************************
[2026-06-15 10:03:04] INFO [setup_logging] 未检测到 tkinter，将使用命令行交互模式
[2026-06-15 10:03:04] INFO [find_lookup_file] 精确匹配到主体查找表: /var****************************************************************************************
[2026-06-15 10:03:04] INFO [run_pipeline] 正在预加载主体查找表...
[2026-06-15 10:03:04] DEBUG [detect_file_format] 文件 /var**************************************************************************************** Magic Bytes 检测为 xlsx 格式 (ZIP/OOXML)
[2026-06-15 10:03:04] INFO [load_lookup_table] 查找表加载完成：共 2 条条目，2 个唯一账号，0 个扩展字段
[2026-06-15 10:03:04] INFO [run_pipeline] 主体查找表预加载完成
[2026-06-15 10:03:04] INFO [prepare_working_folder] 已复制文件夹到同级目录: /var********************************************************************************
[2026-06-15 10:03:04] DEBUG [scan_bank_files] 发现银行导出文件: /var*********************************************************************************************
[2026-06-15 10:03:04] INFO [scan_bank_files] 共扫描到 1 个银行导出文件
[2026-06-15 10:03:04] DEBUG [detect_file_format] 文件 /var********************************************************************************************* Magic Bytes 检测为 xlsx 格式 (ZIP/OOXML)
[2026-06-15 10:03:04] INFO [identify_bank] 文件「北京银行_流水.xlsx」通过前缀匹配识别为: 北京银行
[2026-06-15 10:03:04] INFO [parse] 开始处理北京银行文件: /var*********************************************************************************************
[2026-06-15 10:03:04] DEBUG [detect_file_format] 文件 /var********************************************************************************************* Magic Bytes 检测为 xlsx 格式 (ZIP/OOXML)
[2026-06-15 10:03:04] INFO [validate_headers] 北京银行文件工作表「交易明细」表头校验通过，7 个字段均匹配
[2026-06-15 10:03:04] DEBUG [get_subject_info] 银行账号「0109年03月」匹配到主体: 北********司（优先级: 0）
[2026-06-15 10:03:04] INFO [_parse_sheet] 北京银行文件工作表「交易明细」提取 2 条记录
[2026-06-15 10:03:04] INFO [parse] 北京银行文件处理完成，共提取 2 条记录
[2026-06-15 10:03:04] INFO [run_pipeline] 成功处理文件: /var*********************************************************************************************（2 条记录）
[2026-06-15 10:03:04] DEBUG [delete_processed_files] 已删除文件: /var*********************************************************************************************
[2026-06-15 10:03:04] INFO [run_pipeline] 总表输出完成: /var*****************************************************************************************（共 2 条记录）
[2026-06-15 10:03:04] INFO [apply_amount_anomaly_detection] 开始金额异常检测，单笔阈值: [金额已隐藏] 元
[2026-06-15 10:03:04] INFO [apply_amount_anomaly_detection] 金额异常检测完成：共 2 条记录，0 条异常 (0.00%)
[2026-06-15 10:03:04] INFO [apply_counterparty_rules] 对方户名规则匹配完成: 总记录 2, 命中 0, 黑名单 0, 白名单 0
[2026-06-15 10:03:04] INFO [export_masked_summary] 脱敏版总表输出完成: /var*********************************************************************************************（共 2 条记录）
[2026-06-15 10:03:04] DEBUG [init_schema] 数据库表结构初始化完成
[2026-06-15 10:03:04] INFO [connect] SQLite 数据库已连接: /Use************************************************************************************
[2026-06-15 10:03:04] INFO [disconnect] SQLite 数据库已断开
[2026-06-15 10:03:04] ERROR [persist_transactions] 数据库持久化失败: UNIQUE constraint failed: import_batches.batch_id
Traceback (most recent call last):
  File "/Users/zhangchengcheng/work/ai-project/Trea/solo0605/label-02552/tests/../backend/database.py", line 1612, in persist_transactions
    insert_count, duplicate_count = db.insert_records(
                                    ~~~~~~~~~~~~~~~~~^
        transaction_records,
        ^^^^^^^^^^^^^^^^^^^^
        batch_id=batch_id,
        ^^^^^^^^^^^^^^^^^^
        deduplicate=deduplicate,
        ^^^^^^^^^^^^^^^^^^^^^^^^
    )
    ^
  File "/Users/zhangchengcheng/work/ai-project/Trea/solo0605/label-02552/tests/../backend/database.py", line 554, in insert_records
    cursor.execute('''
    ~~~~~~~~~~~~~~^^^^
        INSERT INTO import_batches (
        ^^^^^^^^^^^^^^^^^^^^^^^^^^^^
            batch_id, total_records, started_at, status
            ^^^^^^^^^^^^^^^^^^^^^^^^^^^^^^^^^^^^^^^^^^^
        ) VALUES (?, ?, ?, ?)
        ^^^^^^^^^^^^^^^^^^^^^
    ''', (batch_id, len(records), started_at, 'processing'))
    ^^^^^^^^^^^^^^^^^^^^^^^^^^^^^^^^^^^^^^^^^^^^^^^^^^^^^^^^
sqlite3.IntegrityError: UNIQUE constraint failed: import_batches.batch_id
[2026-06-15 10:03:04] INFO [run_pipeline] 数据库持久化完成: 批次 BATC***************, 插入 0 条, 去重跳过 0 条
[2026-06-15 10:03:04] INFO [identify_internal_transfers] 内部划转识别完成: 2 条记录, 识别出 0 对 (0 划出 + 0 划入), 涉及 0 个主体, 0 家银行
[2026-06-15 10:03:04] INFO [summarize_transactions] 主体维度汇总完成: 2 条记录, 1 个主体, 1 家银行, 1 个月份, 0 个未匹配账号
[2026-06-15 10:03:04] INFO [export_subject_summary] 主体维度汇总分析已导出: /var***********************************************************************************************************
[2026-06-15 10:03:04] INFO [run_pipeline] 主体维度汇总分析已自动生成: /var***********************************************************************************************************
[2026-06-15 10:03:04] INFO [check_balance_continuity] 共 1 个账号待校验
[2026-06-15 10:03:04] DEBUG [check_balance_continuity] 校验账号: 0109年03月, 记录数: 2
[2026-06-15 10:03:04] INFO [check_balance_continuity] 余额连续性校验完成 - 总账号: 1, 已校验: 1, 跳过: 0, 异常笔数: 0, 异常账号: 0
[2026-06-15 10:03:04] INFO [export_balance_check_result] 余额连续性校验结果已导出: /var************************************************************************************************************
[2026-06-15 10:03:04] INFO [run_pipeline] 余额连续性校验报告已自动生成: /var************************************************************************************************************
[2026-06-15 10:03:04] INFO [detect_duplicates] 重复交易检测完成 - 总记录: 2, 疑似重复组: 0, 疑似重复记录: 0, 重复率: 0.00%
[2026-06-15 10:03:04] INFO [generate_duplicate_check_from_records] 未检测到重复交易，仍导出报告
[2026-06-15 10:03:04] INFO [export_duplicate_check_result] 重复交易检测结果已导出: /var***********************************************************************************************************
[2026-06-15 10:03:04] INFO [run_pipeline] 重复交易检测报告已自动生成: /var***********************************************************************************************************
[2026-06-15 10:03:04] INFO [filter_interest_fee_transactions] 筛选出 0 条利息手续费交易
[2026-06-15 10:03:04] INFO [summarize_by_period] 按month汇总生成 0 条期间汇总记录，异常 0 条
[2026-06-15 10:03:04] INFO [check_interest_fee] 利息手续费核对完成 - 总记录: 0 (利息: 0, 手续费: 0), 期间汇总: 0, 异常: 0
[2026-06-15 10:03:04] WARNING [generate_interest_fee_check_from_records] 未筛选到任何利息手续费交易，跳过报告生成
[2026-06-15 10:03:04] INFO [mark_non_workday_transactions] 非工作日交易标记完成: 总记录 2, 工作日 2, 周末 0, 法定节假日 0, 调休工作日 0
[2026-06-15 10:03:04] INFO [generate_holiday_check_from_records] 未发现非工作日交易，仍导出报告
[2026-06-15 10:03:04] INFO [export_holiday_check_result] 非工作日交易标记结果已导出: /var*************************************************************************************************************
[2026-06-15 10:03:04] INFO [run_pipeline] 非工作日交易标记报告已自动生成: /var*************************************************************************************************************
[2026-06-15 10:03:04] INFO [assign_accounting_period] 会计期间归属完成: 2 条记录, 1 个期间
[2026-06-15 10:03:04] INFO [export_accounting_period_summary] 会计期间总表已导出: /var*********************************************************************************************************（1 个期间）
[2026-06-15 10:03:04] INFO [run_pipeline] 会计期间总表已自动生成: /var*********************************************************************************************************
[2026-06-15 10:03:04] INFO [save_report] 性能剖析报告已保存: /var*******************************************************************************************************
[2026-06-15 10:03:04] INFO [save_report] 性能剖析数据已保存: /var*********************************************************************************************************
[2026-06-15 10:03:04] INFO [run_pipeline] 性能剖析报告已生成: /var*******************************************************************************************************
[2026-06-15 10:03:04] INFO [generate_collab_template] 财务协同编辑模板生成完成: /var*****************************************************************************************************************（可编辑列: 凭证号, 凭证日期, 会计科目编码, 会计科目名称, 备注, 制单人）
[2026-06-15 10:03:04] INFO [run_pipeline] 财务协同编辑模板已自动生成: /var*****************************************************************************************************************
[2026-06-15 10:03:04] INFO [generate_processing_manifest] 处理清单(JSON)已生成: /var*******************************************************************************************************
[2026-06-15 10:03:04] INFO [generate_processing_manifest] 处理清单(CSV)已生成: /var******************************************************************************************************
[2026-06-15 10:03:04] INFO [setup_logging] 日志系统初始化完成，日志文件: /Use*******************************************************************************************************
[2026-06-15 10:03:04] INFO [setup_logging] 未检测到 tkinter，将使用命令行交互模式
[2026-06-15 10:03:04] INFO [find_lookup_file] 精确匹配到主体查找表: /var****************************************************************************************
[2026-06-15 10:03:04] INFO [run_pipeline] 正在预加载主体查找表...
[2026-06-15 10:03:04] DEBUG [detect_file_format] 文件 /var**************************************************************************************** Magic Bytes 检测为 xlsx 格式 (ZIP/OOXML)
[2026-06-15 10:03:04] INFO [load_lookup_table] 查找表加载完成：共 2 条条目，2 个唯一账号，0 个扩展字段
[2026-06-15 10:03:04] INFO [run_pipeline] 主体查找表预加载完成
[2026-06-15 10:03:04] INFO [prepare_working_folder] 已复制文件夹到同级目录: /var********************************************************************************
[2026-06-15 10:03:04] DEBUG [scan_bank_files] 发现银行导出文件: /var*********************************************************************************************
[2026-06-15 10:03:04] INFO [scan_bank_files] 共扫描到 1 个银行导出文件
[2026-06-15 10:03:04] DEBUG [detect_file_format] 文件 /var********************************************************************************************* Magic Bytes 检测为 xlsx 格式 (ZIP/OOXML)
[2026-06-15 10:03:04] INFO [identify_bank] 文件「北京银行_流水.xlsx」通过前缀匹配识别为: 北京银行
[2026-06-15 10:03:04] INFO [parse] 开始处理北京银行文件: /var*********************************************************************************************
[2026-06-15 10:03:04] DEBUG [detect_file_format] 文件 /var********************************************************************************************* Magic Bytes 检测为 xlsx 格式 (ZIP/OOXML)
[2026-06-15 10:03:04] INFO [validate_headers] 北京银行文件工作表「交易明细」表头校验通过，7 个字段均匹配
[2026-06-15 10:03:04] DEBUG [get_subject_info] 银行账号「0109年03月」匹配到主体: 北********司（优先级: 0）
[2026-06-15 10:03:04] INFO [_parse_sheet] 北京银行文件工作表「交易明细」提取 2 条记录
[2026-06-15 10:03:04] INFO [parse] 北京银行文件处理完成，共提取 2 条记录
[2026-06-15 10:03:04] INFO [run_pipeline] 成功处理文件: /var*********************************************************************************************（2 条记录）
[2026-06-15 10:03:04] DEBUG [delete_processed_files] 已删除文件: /var*********************************************************************************************
[2026-06-15 10:03:05] INFO [run_pipeline] 总表输出完成: /var*****************************************************************************************（共 2 条记录）
[2026-06-15 10:03:05] INFO [apply_amount_anomaly_detection] 开始金额异常检测，单笔阈值: [金额已隐藏] 元
[2026-06-15 10:03:05] INFO [apply_amount_anomaly_detection] 金额异常检测完成：共 2 条记录，0 条异常 (0.00%)
[2026-06-15 10:03:05] INFO [apply_counterparty_rules] 对方户名规则匹配完成: 总记录 2, 命中 0, 黑名单 0, 白名单 0
[2026-06-15 10:03:05] INFO [export_masked_summary] 脱敏版总表输出完成: /var*********************************************************************************************（共 2 条记录）
[2026-06-15 10:03:05] DEBUG [init_schema] 数据库表结构初始化完成
[2026-06-15 10:03:05] INFO [connect] SQLite 数据库已连接: /Use************************************************************************************
[2026-06-15 10:03:05] INFO [insert_records] 已加载 25 个历史匹配键用于去重
[2026-06-15 10:03:05] INFO [insert_records] 批量导入完成: 批次 BATC***************, 共 2 条, 新增 0 条, 重复 2 条
[2026-06-15 10:03:05] INFO [disconnect] SQLite 数据库已断开
[2026-06-15 10:03:05] INFO [run_pipeline] 数据库持久化完成: 批次 BATC***************, 插入 0 条, 去重跳过 2 条
[2026-06-15 10:03:05] INFO [identify_internal_transfers] 内部划转识别完成: 2 条记录, 识别出 0 对 (0 划出 + 0 划入), 涉及 0 个主体, 0 家银行
[2026-06-15 10:03:05] INFO [summarize_transactions] 主体维度汇总完成: 2 条记录, 1 个主体, 1 家银行, 1 个月份, 0 个未匹配账号
[2026-06-15 10:03:05] INFO [export_subject_summary] 主体维度汇总分析已导出: /var***********************************************************************************************************
[2026-06-15 10:03:05] INFO [run_pipeline] 主体维度汇总分析已自动生成: /var***********************************************************************************************************
[2026-06-15 10:03:05] INFO [check_balance_continuity] 共 1 个账号待校验
[2026-06-15 10:03:05] DEBUG [check_balance_continuity] 校验账号: 0109年03月, 记录数: 2
[2026-06-15 10:03:05] INFO [check_balance_continuity] 余额连续性校验完成 - 总账号: 1, 已校验: 1, 跳过: 0, 异常笔数: 0, 异常账号: 0
[2026-06-15 10:03:05] INFO [export_balance_check_result] 余额连续性校验结果已导出: /var************************************************************************************************************
[2026-06-15 10:03:05] INFO [run_pipeline] 余额连续性校验报告已自动生成: /var************************************************************************************************************
[2026-06-15 10:03:05] INFO [detect_duplicates] 重复交易检测完成 - 总记录: 2, 疑似重复组: 0, 疑似重复记录: 0, 重复率: 0.00%
[2026-06-15 10:03:05] INFO [generate_duplicate_check_from_records] 未检测到重复交易，仍导出报告
[2026-06-15 10:03:05] INFO [export_duplicate_check_result] 重复交易检测结果已导出: /var***********************************************************************************************************
[2026-06-15 10:03:05] INFO [run_pipeline] 重复交易检测报告已自动生成: /var***********************************************************************************************************
[2026-06-15 10:03:05] INFO [filter_interest_fee_transactions] 筛选出 0 条利息手续费交易
[2026-06-15 10:03:05] INFO [summarize_by_period] 按month汇总生成 0 条期间汇总记录，异常 0 条
[2026-06-15 10:03:05] INFO [check_interest_fee] 利息手续费核对完成 - 总记录: 0 (利息: 0, 手续费: 0), 期间汇总: 0, 异常: 0
[2026-06-15 10:03:05] WARNING [generate_interest_fee_check_from_records] 未筛选到任何利息手续费交易，跳过报告生成
[2026-06-15 10:03:05] INFO [mark_non_workday_transactions] 非工作日交易标记完成: 总记录 2, 工作日 2, 周末 0, 法定节假日 0, 调休工作日 0
[2026-06-15 10:03:05] INFO [generate_holiday_check_from_records] 未发现非工作日交易，仍导出报告
[2026-06-15 10:03:05] INFO [export_holiday_check_result] 非工作日交易标记结果已导出: /var*************************************************************************************************************
[2026-06-15 10:03:05] INFO [run_pipeline] 非工作日交易标记报告已自动生成: /var*************************************************************************************************************
[2026-06-15 10:03:05] INFO [assign_accounting_period] 会计期间归属完成: 2 条记录, 1 个期间
[2026-06-15 10:03:05] INFO [export_accounting_period_summary] 会计期间总表已导出: /var*********************************************************************************************************（1 个期间）
[2026-06-15 10:03:05] INFO [run_pipeline] 会计期间总表已自动生成: /var*********************************************************************************************************
[2026-06-15 10:03:05] INFO [save_report] 性能剖析报告已保存: /var*******************************************************************************************************
[2026-06-15 10:03:05] INFO [save_report] 性能剖析数据已保存: /var*********************************************************************************************************
[2026-06-15 10:03:05] INFO [run_pipeline] 性能剖析报告已生成: /var*******************************************************************************************************
[2026-06-15 10:03:05] INFO [generate_collab_template] 财务协同编辑模板生成完成: /var*****************************************************************************************************************（可编辑列: 凭证号, 凭证日期, 会计科目编码, 会计科目名称, 备注, 制单人）
[2026-06-15 10:03:05] INFO [run_pipeline] 财务协同编辑模板已自动生成: /var*****************************************************************************************************************
[2026-06-15 10:03:05] INFO [generate_processing_manifest] 处理清单(JSON)已生成: /var*******************************************************************************************************
[2026-06-15 10:03:05] INFO [generate_processing_manifest] 处理清单(CSV)已生成: /var******************************************************************************************************
[2026-06-15 10:03:05] INFO [setup_logging] 日志系统初始化完成，日志文件: /Use*******************************************************************************************************
[2026-06-15 10:03:05] INFO [setup_logging] 未检测到 tkinter，将使用命令行交互模式
[2026-06-15 10:03:05] INFO [find_lookup_file] 精确匹配到主体查找表: /var****************************************************************************************
[2026-06-15 10:03:05] INFO [run_pipeline] 正在预加载主体查找表...
[2026-06-15 10:03:05] DEBUG [detect_file_format] 文件 /var**************************************************************************************** Magic Bytes 检测为 xlsx 格式 (ZIP/OOXML)
[2026-06-15 10:03:05] INFO [load_lookup_table] 查找表加载完成：共 2 条条目，2 个唯一账号，0 个扩展字段
[2026-06-15 10:03:05] INFO [run_pipeline] 主体查找表预加载完成
[2026-06-15 10:03:05] INFO [prepare_working_folder] 已复制文件夹到同级目录: /var********************************************************************************
[2026-06-15 10:03:05] DEBUG [scan_bank_files] 发现银行导出文件: /var*********************************************************************************************
[2026-06-15 10:03:05] INFO [scan_bank_files] 共扫描到 1 个银行导出文件
[2026-06-15 10:03:05] DEBUG [detect_file_format] 文件 /var********************************************************************************************* Magic Bytes 检测为 xlsx 格式 (ZIP/OOXML)
[2026-06-15 10:03:05] INFO [identify_bank] 文件「北京银行_流水.xlsx」通过前缀匹配识别为: 北京银行
[2026-06-15 10:03:05] INFO [parse] 开始处理北京银行文件: /var*********************************************************************************************
[2026-06-15 10:03:05] DEBUG [detect_file_format] 文件 /var********************************************************************************************* Magic Bytes 检测为 xlsx 格式 (ZIP/OOXML)
[2026-06-15 10:03:05] INFO [validate_headers] 北京银行文件工作表「交易明细」表头校验通过，7 个字段均匹配
[2026-06-15 10:03:05] DEBUG [get_subject_info] 银行账号「0109年03月」匹配到主体: 北********司（优先级: 0）
[2026-06-15 10:03:05] INFO [_parse_sheet] 北京银行文件工作表「交易明细」提取 2 条记录
[2026-06-15 10:03:05] INFO [parse] 北京银行文件处理完成，共提取 2 条记录
[2026-06-15 10:03:05] INFO [run_pipeline] 成功处理文件: /var*********************************************************************************************（2 条记录）
[2026-06-15 10:03:05] DEBUG [delete_processed_files] 已删除文件: /var*********************************************************************************************
[2026-06-15 10:03:05] INFO [run_pipeline] 总表输出完成: /var*****************************************************************************************（共 2 条记录）
[2026-06-15 10:03:05] INFO [apply_amount_anomaly_detection] 开始金额异常检测，单笔阈值: [金额已隐藏] 元
[2026-06-15 10:03:05] INFO [apply_amount_anomaly_detection] 金额异常检测完成：共 2 条记录，0 条异常 (0.00%)
[2026-06-15 10:03:05] INFO [apply_counterparty_rules] 对方户名规则匹配完成: 总记录 2, 命中 0, 黑名单 0, 白名单 0
[2026-06-15 10:03:05] INFO [export_masked_summary] 脱敏版总表输出完成: /var*********************************************************************************************（共 2 条记录）
[2026-06-15 10:03:05] DEBUG [init_schema] 数据库表结构初始化完成
[2026-06-15 10:03:05] INFO [connect] SQLite 数据库已连接: /Use************************************************************************************
[2026-06-15 10:03:05] INFO [disconnect] SQLite 数据库已断开
[2026-06-15 10:03:05] ERROR [persist_transactions] 数据库持久化失败: UNIQUE constraint failed: import_batches.batch_id
Traceback (most recent call last):
  File "/Users/zhangchengcheng/work/ai-project/Trea/solo0605/label-02552/tests/../backend/database.py", line 1612, in persist_transactions
    insert_count, duplicate_count = db.insert_records(
                                    ~~~~~~~~~~~~~~~~~^
        transaction_records,
        ^^^^^^^^^^^^^^^^^^^^
        batch_id=batch_id,
        ^^^^^^^^^^^^^^^^^^
        deduplicate=deduplicate,
        ^^^^^^^^^^^^^^^^^^^^^^^^
    )
    ^
  File "/Users/zhangchengcheng/work/ai-project/Trea/solo0605/label-02552/tests/../backend/database.py", line 554, in insert_records
    cursor.execute('''
    ~~~~~~~~~~~~~~^^^^
        INSERT INTO import_batches (
        ^^^^^^^^^^^^^^^^^^^^^^^^^^^^
            batch_id, total_records, started_at, status
            ^^^^^^^^^^^^^^^^^^^^^^^^^^^^^^^^^^^^^^^^^^^
        ) VALUES (?, ?, ?, ?)
        ^^^^^^^^^^^^^^^^^^^^^
    ''', (batch_id, len(records), started_at, 'processing'))
    ^^^^^^^^^^^^^^^^^^^^^^^^^^^^^^^^^^^^^^^^^^^^^^^^^^^^^^^^
sqlite3.IntegrityError: UNIQUE constraint failed: import_batches.batch_id
[2026-06-15 10:03:05] INFO [run_pipeline] 数据库持久化完成: 批次 BATC***************, 插入 0 条, 去重跳过 0 条
[2026-06-15 10:03:05] INFO [identify_internal_transfers] 内部划转识别完成: 2 条记录, 识别出 0 对 (0 划出 + 0 划入), 涉及 0 个主体, 0 家银行
[2026-06-15 10:03:05] INFO [summarize_transactions] 主体维度汇总完成: 2 条记录, 1 个主体, 1 家银行, 1 个月份, 0 个未匹配账号
[2026-06-15 10:03:05] INFO [export_subject_summary] 主体维度汇总分析已导出: /var***********************************************************************************************************
[2026-06-15 10:03:05] INFO [run_pipeline] 主体维度汇总分析已自动生成: /var***********************************************************************************************************
[2026-06-15 10:03:05] INFO [check_balance_continuity] 共 1 个账号待校验
[2026-06-15 10:03:05] DEBUG [check_balance_continuity] 校验账号: 0109年03月, 记录数: 2
[2026-06-15 10:03:05] INFO [check_balance_continuity] 余额连续性校验完成 - 总账号: 1, 已校验: 1, 跳过: 0, 异常笔数: 0, 异常账号: 0
[2026-06-15 10:03:05] INFO [export_balance_check_result] 余额连续性校验结果已导出: /var************************************************************************************************************
[2026-06-15 10:03:05] INFO [run_pipeline] 余额连续性校验报告已自动生成: /var************************************************************************************************************
[2026-06-15 10:03:05] INFO [detect_duplicates] 重复交易检测完成 - 总记录: 2, 疑似重复组: 0, 疑似重复记录: 0, 重复率: 0.00%
[2026-06-15 10:03:05] INFO [generate_duplicate_check_from_records] 未检测到重复交易，仍导出报告
[2026-06-15 10:03:05] INFO [export_duplicate_check_result] 重复交易检测结果已导出: /var***********************************************************************************************************
[2026-06-15 10:03:05] INFO [run_pipeline] 重复交易检测报告已自动生成: /var***********************************************************************************************************
[2026-06-15 10:03:05] INFO [filter_interest_fee_transactions] 筛选出 0 条利息手续费交易
[2026-06-15 10:03:05] INFO [summarize_by_period] 按month汇总生成 0 条期间汇总记录，异常 0 条
[2026-06-15 10:03:05] INFO [check_interest_fee] 利息手续费核对完成 - 总记录: 0 (利息: 0, 手续费: 0), 期间汇总: 0, 异常: 0
[2026-06-15 10:03:05] WARNING [generate_interest_fee_check_from_records] 未筛选到任何利息手续费交易，跳过报告生成
[2026-06-15 10:03:05] INFO [mark_non_workday_transactions] 非工作日交易标记完成: 总记录 2, 工作日 2, 周末 0, 法定节假日 0, 调休工作日 0
[2026-06-15 10:03:05] INFO [generate_holiday_check_from_records] 未发现非工作日交易，仍导出报告
[2026-06-15 10:03:05] INFO [export_holiday_check_result] 非工作日交易标记结果已导出: /var*************************************************************************************************************
[2026-06-15 10:03:05] INFO [run_pipeline] 非工作日交易标记报告已自动生成: /var*************************************************************************************************************
[2026-06-15 10:03:05] INFO [assign_accounting_period] 会计期间归属完成: 2 条记录, 1 个期间
[2026-06-15 10:03:05] INFO [export_accounting_period_summary] 会计期间总表已导出: /var*********************************************************************************************************（1 个期间）
[2026-06-15 10:03:05] INFO [run_pipeline] 会计期间总表已自动生成: /var*********************************************************************************************************
[2026-06-15 10:03:05] INFO [save_report] 性能剖析报告已保存: /var*******************************************************************************************************
[2026-06-15 10:03:05] INFO [save_report] 性能剖析数据已保存: /var*********************************************************************************************************
[2026-06-15 10:03:05] INFO [run_pipeline] 性能剖析报告已生成: /var*******************************************************************************************************
[2026-06-15 10:03:06] INFO [generate_collab_template] 财务协同编辑模板生成完成: /var*****************************************************************************************************************（可编辑列: 凭证号, 凭证日期, 会计科目编码, 会计科目名称, 备注, 制单人）
[2026-06-15 10:03:06] INFO [run_pipeline] 财务协同编辑模板已自动生成: /var*****************************************************************************************************************
[2026-06-15 10:03:06] INFO [generate_processing_manifest] 处理清单(JSON)已生成: /var*******************************************************************************************************
[2026-06-15 10:03:06] INFO [generate_processing_manifest] 处理清单(CSV)已生成: /var******************************************************************************************************
[2026-06-15 10:03:06] INFO [setup_logging] 日志系统初始化完成，日志文件: /Use*******************************************************************************************************
[2026-06-15 10:03:06] INFO [setup_logging] 未检测到 tkinter，将使用命令行交互模式
[2026-06-15 10:03:06] INFO [find_lookup_file] 精确匹配到主体查找表: /var****************************************************************************************
[2026-06-15 10:03:06] INFO [run_pipeline] 正在预加载主体查找表...
[2026-06-15 10:03:06] DEBUG [detect_file_format] 文件 /var**************************************************************************************** Magic Bytes 检测为 xlsx 格式 (ZIP/OOXML)
[2026-06-15 10:03:06] INFO [load_lookup_table] 查找表加载完成：共 2 条条目，2 个唯一账号，0 个扩展字段
[2026-06-15 10:03:06] INFO [run_pipeline] 主体查找表预加载完成
[2026-06-15 10:03:06] INFO [prepare_working_folder] 已复制文件夹到同级目录: /var********************************************************************************
[2026-06-15 10:03:06] DEBUG [scan_bank_files] 发现银行导出文件: /var*********************************************************************************************
[2026-06-15 10:03:06] INFO [scan_bank_files] 共扫描到 1 个银行导出文件
[2026-06-15 10:03:06] DEBUG [detect_file_format] 文件 /var********************************************************************************************* Magic Bytes 检测为 xlsx 格式 (ZIP/OOXML)
[2026-06-15 10:03:06] INFO [identify_bank] 文件「北京银行_流水.xlsx」通过前缀匹配识别为: 北京银行
[2026-06-15 10:03:06] INFO [parse] 开始处理北京银行文件: /var*********************************************************************************************
[2026-06-15 10:03:06] DEBUG [detect_file_format] 文件 /var********************************************************************************************* Magic Bytes 检测为 xlsx 格式 (ZIP/OOXML)
[2026-06-15 10:03:06] INFO [validate_headers] 北京银行文件工作表「交易明细」表头校验通过，7 个字段均匹配
[2026-06-15 10:03:06] DEBUG [get_subject_info] 银行账号「0109年03月」匹配到主体: 北********司（优先级: 0）
[2026-06-15 10:03:06] INFO [_parse_sheet] 北京银行文件工作表「交易明细」提取 2 条记录
[2026-06-15 10:03:06] INFO [parse] 北京银行文件处理完成，共提取 2 条记录
[2026-06-15 10:03:06] INFO [run_pipeline] 成功处理文件: /var*********************************************************************************************（2 条记录）
[2026-06-15 10:03:06] DEBUG [delete_processed_files] 已删除文件: /var*********************************************************************************************
[2026-06-15 10:03:06] INFO [run_pipeline] 总表输出完成: /var*****************************************************************************************（共 2 条记录）
[2026-06-15 10:03:06] INFO [apply_amount_anomaly_detection] 开始金额异常检测，单笔阈值: [金额已隐藏] 元
[2026-06-15 10:03:06] INFO [apply_amount_anomaly_detection] 金额异常检测完成：共 2 条记录，0 条异常 (0.00%)
[2026-06-15 10:03:06] INFO [apply_counterparty_rules] 对方户名规则匹配完成: 总记录 2, 命中 0, 黑名单 0, 白名单 0
[2026-06-15 10:03:06] INFO [export_masked_summary] 脱敏版总表输出完成: /var*********************************************************************************************（共 2 条记录）
[2026-06-15 10:03:06] DEBUG [init_schema] 数据库表结构初始化完成
[2026-06-15 10:03:06] INFO [connect] SQLite 数据库已连接: /Use************************************************************************************
[2026-06-15 10:03:06] INFO [insert_records] 已加载 25 个历史匹配键用于去重
[2026-06-15 10:03:06] INFO [insert_records] 批量导入完成: 批次 BATC***************, 共 2 条, 新增 0 条, 重复 2 条
[2026-06-15 10:03:06] INFO [disconnect] SQLite 数据库已断开
[2026-06-15 10:03:06] INFO [run_pipeline] 数据库持久化完成: 批次 BATC***************, 插入 0 条, 去重跳过 2 条
[2026-06-15 10:03:06] INFO [identify_internal_transfers] 内部划转识别完成: 2 条记录, 识别出 0 对 (0 划出 + 0 划入), 涉及 0 个主体, 0 家银行
[2026-06-15 10:03:06] INFO [summarize_transactions] 主体维度汇总完成: 2 条记录, 1 个主体, 1 家银行, 1 个月份, 0 个未匹配账号
[2026-06-15 10:03:06] INFO [export_subject_summary] 主体维度汇总分析已导出: /var***********************************************************************************************************
[2026-06-15 10:03:06] INFO [run_pipeline] 主体维度汇总分析已自动生成: /var***********************************************************************************************************
[2026-06-15 10:03:06] INFO [check_balance_continuity] 共 1 个账号待校验
[2026-06-15 10:03:06] DEBUG [check_balance_continuity] 校验账号: 0109年03月, 记录数: 2
[2026-06-15 10:03:06] INFO [check_balance_continuity] 余额连续性校验完成 - 总账号: 1, 已校验: 1, 跳过: 0, 异常笔数: 0, 异常账号: 0
[2026-06-15 10:03:06] INFO [export_balance_check_result] 余额连续性校验结果已导出: /var************************************************************************************************************
[2026-06-15 10:03:06] INFO [run_pipeline] 余额连续性校验报告已自动生成: /var************************************************************************************************************
[2026-06-15 10:03:06] INFO [detect_duplicates] 重复交易检测完成 - 总记录: 2, 疑似重复组: 0, 疑似重复记录: 0, 重复率: 0.00%
[2026-06-15 10:03:06] INFO [generate_duplicate_check_from_records] 未检测到重复交易，仍导出报告
[2026-06-15 10:03:06] INFO [export_duplicate_check_result] 重复交易检测结果已导出: /var***********************************************************************************************************
[2026-06-15 10:03:06] INFO [run_pipeline] 重复交易检测报告已自动生成: /var***********************************************************************************************************
[2026-06-15 10:03:06] INFO [filter_interest_fee_transactions] 筛选出 0 条利息手续费交易
[2026-06-15 10:03:06] INFO [summarize_by_period] 按month汇总生成 0 条期间汇总记录，异常 0 条
[2026-06-15 10:03:06] INFO [check_interest_fee] 利息手续费核对完成 - 总记录: 0 (利息: 0, 手续费: 0), 期间汇总: 0, 异常: 0
[2026-06-15 10:03:06] WARNING [generate_interest_fee_check_from_records] 未筛选到任何利息手续费交易，跳过报告生成
[2026-06-15 10:03:06] INFO [mark_non_workday_transactions] 非工作日交易标记完成: 总记录 2, 工作日 2, 周末 0, 法定节假日 0, 调休工作日 0
[2026-06-15 10:03:06] INFO [generate_holiday_check_from_records] 未发现非工作日交易，仍导出报告
[2026-06-15 10:03:06] INFO [export_holiday_check_result] 非工作日交易标记结果已导出: /var*************************************************************************************************************
[2026-06-15 10:03:06] INFO [run_pipeline] 非工作日交易标记报告已自动生成: /var*************************************************************************************************************
[2026-06-15 10:03:06] INFO [assign_accounting_period] 会计期间归属完成: 2 条记录, 1 个期间
[2026-06-15 10:03:06] INFO [export_accounting_period_summary] 会计期间总表已导出: /var*********************************************************************************************************（1 个期间）
[2026-06-15 10:03:06] INFO [run_pipeline] 会计期间总表已自动生成: /var*********************************************************************************************************
[2026-06-15 10:03:06] INFO [save_report] 性能剖析报告已保存: /var*******************************************************************************************************
[2026-06-15 10:03:06] INFO [save_report] 性能剖析数据已保存: /var*********************************************************************************************************
[2026-06-15 10:03:06] INFO [run_pipeline] 性能剖析报告已生成: /var*******************************************************************************************************
[2026-06-15 10:03:06] INFO [generate_collab_template] 财务协同编辑模板生成完成: /var*****************************************************************************************************************（可编辑列: 凭证号, 凭证日期, 会计科目编码, 会计科目名称, 备注, 制单人）
[2026-06-15 10:03:06] INFO [run_pipeline] 财务协同编辑模板已自动生成: /var*****************************************************************************************************************
[2026-06-15 10:03:06] INFO [generate_processing_manifest] 处理清单(JSON)已生成: /var*******************************************************************************************************
[2026-06-15 10:03:06] INFO [generate_processing_manifest] 处理清单(CSV)已生成: /var******************************************************************************************************
[2026-06-15 10:03:06] INFO [setup_logging] 日志系统初始化完成，日志文件: /Use*******************************************************************************************************
[2026-06-15 10:03:06] INFO [setup_logging] 未检测到 tkinter，将使用命令行交互模式
[2026-06-15 10:03:06] INFO [find_lookup_file] 精确匹配到主体查找表: /var****************************************************************************************
[2026-06-15 10:03:06] INFO [run_pipeline] 正在预加载主体查找表...
[2026-06-15 10:03:06] DEBUG [detect_file_format] 文件 /var**************************************************************************************** Magic Bytes 检测为 xlsx 格式 (ZIP/OOXML)
[2026-06-15 10:03:06] INFO [load_lookup_table] 查找表加载完成：共 2 条条目，2 个唯一账号，0 个扩展字段
[2026-06-15 10:03:06] INFO [run_pipeline] 主体查找表预加载完成
[2026-06-15 10:03:06] INFO [prepare_working_folder] 已复制文件夹到同级目录: /var********************************************************************************
[2026-06-15 10:03:06] DEBUG [scan_bank_files] 发现银行导出文件: /var*********************************************************************************************
[2026-06-15 10:03:06] INFO [scan_bank_files] 共扫描到 1 个银行导出文件
[2026-06-15 10:03:06] DEBUG [detect_file_format] 文件 /var********************************************************************************************* Magic Bytes 检测为 xlsx 格式 (ZIP/OOXML)
[2026-06-15 10:03:06] INFO [identify_bank] 文件「北京银行_流水.xlsx」通过前缀匹配识别为: 北京银行
[2026-06-15 10:03:06] INFO [parse] 开始处理北京银行文件: /var*********************************************************************************************
[2026-06-15 10:03:06] DEBUG [detect_file_format] 文件 /var********************************************************************************************* Magic Bytes 检测为 xlsx 格式 (ZIP/OOXML)
[2026-06-15 10:03:06] INFO [validate_headers] 北京银行文件工作表「交易明细」表头校验通过，7 个字段均匹配
[2026-06-15 10:03:06] DEBUG [get_subject_info] 银行账号「0109年03月」匹配到主体: 北********司（优先级: 0）
[2026-06-15 10:03:06] INFO [_parse_sheet] 北京银行文件工作表「交易明细」提取 2 条记录
[2026-06-15 10:03:06] INFO [parse] 北京银行文件处理完成，共提取 2 条记录
[2026-06-15 10:03:06] INFO [run_pipeline] 成功处理文件: /var*********************************************************************************************（2 条记录）
[2026-06-15 10:03:06] DEBUG [delete_processed_files] 已删除文件: /var*********************************************************************************************
[2026-06-15 10:03:06] INFO [run_pipeline] 总表输出完成: /var*****************************************************************************************（共 2 条记录）
[2026-06-15 10:03:06] INFO [apply_amount_anomaly_detection] 开始金额异常检测，单笔阈值: [金额已隐藏] 元
[2026-06-15 10:03:06] INFO [apply_amount_anomaly_detection] 金额异常检测完成：共 2 条记录，0 条异常 (0.00%)
[2026-06-15 10:03:06] INFO [apply_counterparty_rules] 对方户名规则匹配完成: 总记录 2, 命中 0, 黑名单 0, 白名单 0
[2026-06-15 10:03:06] INFO [export_masked_summary] 脱敏版总表输出完成: /var*********************************************************************************************（共 2 条记录）
[2026-06-15 10:03:06] DEBUG [init_schema] 数据库表结构初始化完成
[2026-06-15 10:03:06] INFO [connect] SQLite 数据库已连接: /Use************************************************************************************
[2026-06-15 10:03:06] INFO [disconnect] SQLite 数据库已断开
[2026-06-15 10:03:06] ERROR [persist_transactions] 数据库持久化失败: UNIQUE constraint failed: import_batches.batch_id
Traceback (most recent call last):
  File "/Users/zhangchengcheng/work/ai-project/Trea/solo0605/label-02552/tests/../backend/database.py", line 1612, in persist_transactions
    insert_count, duplicate_count = db.insert_records(
                                    ~~~~~~~~~~~~~~~~~^
        transaction_records,
        ^^^^^^^^^^^^^^^^^^^^
        batch_id=batch_id,
        ^^^^^^^^^^^^^^^^^^
        deduplicate=deduplicate,
        ^^^^^^^^^^^^^^^^^^^^^^^^
    )
    ^
  File "/Users/zhangchengcheng/work/ai-project/Trea/solo0605/label-02552/tests/../backend/database.py", line 554, in insert_records
    cursor.execute('''
    ~~~~~~~~~~~~~~^^^^
        INSERT INTO import_batches (
        ^^^^^^^^^^^^^^^^^^^^^^^^^^^^
            batch_id, total_records, started_at, status
            ^^^^^^^^^^^^^^^^^^^^^^^^^^^^^^^^^^^^^^^^^^^
        ) VALUES (?, ?, ?, ?)
        ^^^^^^^^^^^^^^^^^^^^^
    ''', (batch_id, len(records), started_at, 'processing'))
    ^^^^^^^^^^^^^^^^^^^^^^^^^^^^^^^^^^^^^^^^^^^^^^^^^^^^^^^^
sqlite3.IntegrityError: UNIQUE constraint failed: import_batches.batch_id
[2026-06-15 10:03:06] INFO [run_pipeline] 数据库持久化完成: 批次 BATC***************, 插入 0 条, 去重跳过 0 条
[2026-06-15 10:03:06] INFO [identify_internal_transfers] 内部划转识别完成: 2 条记录, 识别出 0 对 (0 划出 + 0 划入), 涉及 0 个主体, 0 家银行
[2026-06-15 10:03:06] INFO [summarize_transactions] 主体维度汇总完成: 2 条记录, 1 个主体, 1 家银行, 1 个月份, 0 个未匹配账号
[2026-06-15 10:03:06] INFO [export_subject_summary] 主体维度汇总分析已导出: /var***********************************************************************************************************
[2026-06-15 10:03:06] INFO [run_pipeline] 主体维度汇总分析已自动生成: /var***********************************************************************************************************
[2026-06-15 10:03:06] INFO [check_balance_continuity] 共 1 个账号待校验
[2026-06-15 10:03:06] DEBUG [check_balance_continuity] 校验账号: 0109年03月, 记录数: 2
[2026-06-15 10:03:06] INFO [check_balance_continuity] 余额连续性校验完成 - 总账号: 1, 已校验: 1, 跳过: 0, 异常笔数: 0, 异常账号: 0
[2026-06-15 10:03:06] INFO [export_balance_check_result] 余额连续性校验结果已导出: /var************************************************************************************************************
[2026-06-15 10:03:06] INFO [run_pipeline] 余额连续性校验报告已自动生成: /var************************************************************************************************************
[2026-06-15 10:03:06] INFO [detect_duplicates] 重复交易检测完成 - 总记录: 2, 疑似重复组: 0, 疑似重复记录: 0, 重复率: 0.00%
[2026-06-15 10:03:06] INFO [generate_duplicate_check_from_records] 未检测到重复交易，仍导出报告
[2026-06-15 10:03:06] INFO [export_duplicate_check_result] 重复交易检测结果已导出: /var***********************************************************************************************************
[2026-06-15 10:03:06] INFO [run_pipeline] 重复交易检测报告已自动生成: /var***********************************************************************************************************
[2026-06-15 10:03:06] INFO [filter_interest_fee_transactions] 筛选出 0 条利息手续费交易
[2026-06-15 10:03:06] INFO [summarize_by_period] 按month汇总生成 0 条期间汇总记录，异常 0 条
[2026-06-15 10:03:06] INFO [check_interest_fee] 利息手续费核对完成 - 总记录: 0 (利息: 0, 手续费: 0), 期间汇总: 0, 异常: 0
[2026-06-15 10:03:06] WARNING [generate_interest_fee_check_from_records] 未筛选到任何利息手续费交易，跳过报告生成
[2026-06-15 10:03:06] INFO [mark_non_workday_transactions] 非工作日交易标记完成: 总记录 2, 工作日 2, 周末 0, 法定节假日 0, 调休工作日 0
[2026-06-15 10:03:06] INFO [generate_holiday_check_from_records] 未发现非工作日交易，仍导出报告
[2026-06-15 10:03:06] INFO [export_holiday_check_result] 非工作日交易标记结果已导出: /var*************************************************************************************************************
[2026-06-15 10:03:06] INFO [run_pipeline] 非工作日交易标记报告已自动生成: /var*************************************************************************************************************
[2026-06-15 10:03:06] INFO [assign_accounting_period] 会计期间归属完成: 2 条记录, 1 个期间
[2026-06-15 10:03:06] INFO [export_accounting_period_summary] 会计期间总表已导出: /var*********************************************************************************************************（1 个期间）
[2026-06-15 10:03:06] INFO [run_pipeline] 会计期间总表已自动生成: /var*********************************************************************************************************
[2026-06-15 10:03:06] INFO [save_report] 性能剖析报告已保存: /var*******************************************************************************************************
[2026-06-15 10:03:06] INFO [save_report] 性能剖析数据已保存: /var*********************************************************************************************************
[2026-06-15 10:03:06] INFO [run_pipeline] 性能剖析报告已生成: /var*******************************************************************************************************
[2026-06-15 10:03:06] INFO [generate_collab_template] 财务协同编辑模板生成完成: /var*****************************************************************************************************************（可编辑列: 凭证号, 凭证日期, 会计科目编码, 会计科目名称, 备注, 制单人）
[2026-06-15 10:03:06] INFO [run_pipeline] 财务协同编辑模板已自动生成: /var*****************************************************************************************************************
[2026-06-15 10:03:06] INFO [generate_processing_manifest] 处理清单(JSON)已生成: /var*******************************************************************************************************
[2026-06-15 10:03:06] INFO [generate_processing_manifest] 处理清单(CSV)已生成: /var******************************************************************************************************
[2026-06-15 10:03:06] INFO [setup_logging] 日志系统初始化完成，日志文件: /Use*******************************************************************************************************
[2026-06-15 10:03:06] INFO [setup_logging] 未检测到 tkinter，将使用命令行交互模式
[2026-06-15 10:03:06] INFO [setup_logging] 日志系统初始化完成，日志文件: /Use*******************************************************************************************************
[2026-06-15 10:03:06] INFO [setup_logging] 未检测到 tkinter，将使用命令行交互模式
[2026-06-15 10:03:06] INFO [setup_logging] 日志系统初始化完成，日志文件: /Use*******************************************************************************************************
[2026-06-15 10:03:06] INFO [setup_logging] 未检测到 tkinter，将使用命令行交互模式
[2026-06-15 10:03:06] INFO [load_existing_keys] 未找到历史总表，将以全量模式运行
[2026-06-15 10:03:06] INFO [setup_logging] 日志系统初始化完成，日志文件: /Use*******************************************************************************************************
[2026-06-15 10:03:06] INFO [setup_logging] 未检测到 tkinter，将使用命令行交互模式
[2026-06-15 10:03:06] INFO [load_existing_keys] 历史总表为空，将以全量模式运行
[2026-06-15 10:03:06] INFO [setup_logging] 日志系统初始化完成，日志文件: /Use*******************************************************************************************************
[2026-06-15 10:03:06] INFO [setup_logging] 未检测到 tkinter，将使用命令行交互模式
[2026-06-15 10:03:06] WARNING [load_existing_keys] 历史总表缺少必要列「银行账号」，无法进行增量检测，将以全量模式运行
[2026-06-15 10:03:06] INFO [setup_logging] 日志系统初始化完成，日志文件: /Use*******************************************************************************************************
[2026-06-15 10:03:06] INFO [setup_logging] 未检测到 tkinter，将使用命令行交互模式
[2026-06-15 10:03:06] INFO [load_existing_keys] 已加载历史总表，共 2 条记录，2 个唯一匹配键
[2026-06-15 10:03:06] INFO [setup_logging] 日志系统初始化完成，日志文件: /Use*******************************************************************************************************
[2026-06-15 10:03:06] INFO [setup_logging] 未检测到 tkinter，将使用命令行交互模式
[2026-06-15 10:03:06] INFO [load_existing_keys] 已加载历史总表，共 2 条记录，2 个唯一匹配键
[2026-06-15 10:03:06] INFO [setup_logging] 日志系统初始化完成，日志文件: /Use*******************************************************************************************************
[2026-06-15 10:03:06] INFO [setup_logging] 未检测到 tkinter，将使用命令行交互模式
[2026-06-15 10:03:07] INFO [filter_incremental_records] 无历史记录，所有 2 条记录均为新增
[2026-06-15 10:03:07] INFO [setup_logging] 日志系统初始化完成，日志文件: /Use*******************************************************************************************************
[2026-06-15 10:03:07] INFO [setup_logging] 未检测到 tkinter，将使用命令行交互模式
[2026-06-15 10:03:07] DEBUG [filter_incremental_records] 检测到重复记录，匹配键: [匹配键已隐藏]
[2026-06-15 10:03:07] DEBUG [filter_incremental_records] 检测到重复记录，匹配键: [匹配键已隐藏]
[2026-06-15 10:03:07] INFO [filter_incremental_records] 增量过滤完成: 新记录 2 条，重复 2 条，实际新增 0 条
[2026-06-15 10:03:07] INFO [setup_logging] 日志系统初始化完成，日志文件: /Use*******************************************************************************************************
[2026-06-15 10:03:07] INFO [setup_logging] 未检测到 tkinter，将使用命令行交互模式
[2026-06-15 10:03:07] DEBUG [filter_incremental_records] 检测到重复记录，匹配键: [匹配键已隐藏]
[2026-06-15 10:03:07] DEBUG [filter_incremental_records] 检测到重复记录，匹配键: [匹配键已隐藏]
[2026-06-15 10:03:07] INFO [filter_incremental_records] 增量过滤完成: 新记录 3 条，重复 2 条，实际新增 1 条
[2026-06-15 10:03:07] INFO [setup_logging] 日志系统初始化完成，日志文件: /Use*******************************************************************************************************
[2026-06-15 10:03:07] INFO [setup_logging] 未检测到 tkinter，将使用命令行交互模式
[2026-06-15 10:03:07] INFO [filter_incremental_records] 增量过滤完成: 新记录 0 条，重复 0 条，实际新增 0 条
[2026-06-15 10:03:07] INFO [setup_logging] 日志系统初始化完成，日志文件: /Use*******************************************************************************************************
[2026-06-15 10:03:07] INFO [setup_logging] 未检测到 tkinter，将使用命令行交互模式
[2026-06-15 10:03:07] DEBUG [filter_incremental_records] 检测到重复记录，匹配键: [匹配键已隐藏]
[2026-06-15 10:03:07] INFO [filter_incremental_records] 增量过滤完成: 新记录 1 条，重复 1 条，实际新增 0 条
[2026-06-15 10:03:07] INFO [setup_logging] 日志系统初始化完成，日志文件: /Use*******************************************************************************************************
[2026-06-15 10:03:07] INFO [setup_logging] 未检测到 tkinter，将使用命令行交互模式
[2026-06-15 10:03:07] INFO [merge_and_export_summary] 总表输出完成: /var********************************************************************（历史 2 条 + 新增 1 条 = 共 3 条）
[2026-06-15 10:03:07] INFO [setup_logging] 日志系统初始化完成，日志文件: /Use*******************************************************************************************************
[2026-06-15 10:03:07] INFO [setup_logging] 未检测到 tkinter，将使用命令行交互模式
[2026-06-15 10:03:07] INFO [merge_and_export_summary] 总表输出完成: /var********************************************************************（历史 2 条 + 新增 0 条 = 共 2 条）
[2026-06-15 10:03:07] INFO [setup_logging] 日志系统初始化完成，日志文件: /Use*******************************************************************************************************
[2026-06-15 10:03:07] INFO [setup_logging] 未检测到 tkinter，将使用命令行交互模式
[2026-06-15 10:03:07] INFO [merge_and_export_summary] 总表输出完成: /var********************************************************************（历史 0 条 + 新增 1 条 = 共 1 条）
[2026-06-15 10:03:07] INFO [setup_logging] 日志系统初始化完成，日志文件: /Use*******************************************************************************************************
[2026-06-15 10:03:07] INFO [setup_logging] 未检测到 tkinter，将使用命令行交互模式
[2026-06-15 10:03:07] WARNING [merge_and_export_summary] 无任何记录可输出
[2026-06-15 10:03:07] INFO [setup_logging] 日志系统初始化完成，日志文件: /Use*******************************************************************************************************
[2026-06-15 10:03:07] INFO [setup_logging] 未检测到 tkinter，将使用命令行交互模式
[2026-06-15 10:03:07] INFO [merge_and_export_summary] 总表输出完成: /var********************************************************************（历史 2 条 + 新增 1 条 = 共 3 条）
[2026-06-15 10:03:07] INFO [setup_logging] 日志系统初始化完成，日志文件: /Use*******************************************************************************************************
[2026-06-15 10:03:07] INFO [setup_logging] 未检测到 tkinter，将使用命令行交互模式
[2026-06-15 10:03:07] INFO [setup_logging] 日志系统初始化完成，日志文件: /Use*******************************************************************************************************
[2026-06-15 10:03:07] INFO [setup_logging] 未检测到 tkinter，将使用命令行交互模式
[2026-06-15 10:03:07] INFO [setup_logging] 日志系统初始化完成，日志文件: /Use*******************************************************************************************************
[2026-06-15 10:03:07] INFO [setup_logging] 未检测到 tkinter，将使用命令行交互模式
[2026-06-15 10:03:07] INFO [setup_logging] 日志系统初始化完成，日志文件: /Use*******************************************************************************************************
[2026-06-15 10:03:07] INFO [setup_logging] 未检测到 tkinter，将使用命令行交互模式
[2026-06-15 10:03:07] INFO [setup_logging] 日志系统初始化完成，日志文件: /Use*******************************************************************************************************
[2026-06-15 10:03:07] INFO [setup_logging] 未检测到 tkinter，将使用命令行交互模式
[2026-06-15 10:03:07] INFO [setup_logging] 日志系统初始化完成，日志文件: /Use*******************************************************************************************************
[2026-06-15 10:03:07] INFO [setup_logging] 未检测到 tkinter，将使用命令行交互模式
[2026-06-15 10:03:07] INFO [find_lookup_file] 精确匹配到主体查找表: /pri****************************************************************************************************************************
[2026-06-15 10:03:07] INFO [run_pipeline] 正在预加载主体查找表...
[2026-06-15 10:03:07] DEBUG [detect_file_format] 文件 /pri**************************************************************************************************************************** Magic Bytes 检测为 xlsx 格式 (ZIP/OOXML)
[2026-06-15 10:03:07] INFO [load_lookup_table] 查找表加载完成：共 2 条条目，2 个唯一账号，0 个扩展字段
[2026-06-15 10:03:07] INFO [run_pipeline] 主体查找表预加载完成
[2026-06-15 10:03:07] INFO [prepare_working_folder] 已复制文件夹到同级目录: /pri***************************************************************************************************************************
[2026-06-15 10:03:07] DEBUG [scan_bank_files] 发现银行导出文件: /pri****************************************************************************************************************************************
[2026-06-15 10:03:07] INFO [scan_bank_files] 共扫描到 1 个银行导出文件
[2026-06-15 10:03:07] DEBUG [detect_file_format] 文件 /pri**************************************************************************************************************************************** Magic Bytes 检测为 xlsx 格式 (ZIP/OOXML)
[2026-06-15 10:03:07] INFO [identify_bank] 文件「北京银行_测试.xlsx」通过前缀匹配识别为: 北京银行
[2026-06-15 10:03:07] INFO [parse] 开始处理北京银行文件: /pri****************************************************************************************************************************************
[2026-06-15 10:03:07] DEBUG [detect_file_format] 文件 /pri**************************************************************************************************************************************** Magic Bytes 检测为 xlsx 格式 (ZIP/OOXML)
[2026-06-15 10:03:07] WARNING [validate_headers] 北京银行文件工作表「Sheet」表头校验：字段「trade_date」第 2 列第 3 行单元格为空，预期为「交易日期」
[2026-06-15 10:03:07] WARNING [validate_headers] 北京银行文件工作表「Sheet」表头校验：字段「payment」第 4 列第 3 行单元格为空，预期为「支出金额」
[2026-06-15 10:03:07] WARNING [validate_headers] 北京银行文件工作表「Sheet」表头校验：字段「receipt」第 5 列第 3 行单元格为空，预期为「收入金额」
[2026-06-15 10:03:07] WARNING [validate_headers] 北京银行文件工作表「Sheet」表头校验：字段「summary」第 12 列第 3 行单元格为空，预期为「摘要」
[2026-06-15 10:03:07] WARNING [validate_headers] 北京银行文件工作表「Sheet」表头校验：字段「cou*****art」第 7 列第 3 行单元格为空，预期为「对方户名」
[2026-06-15 10:03:07] WARNING [validate_headers] 北京银行文件工作表「Sheet」表头校验：字段「balance」第 6 列第 3 行单元格为空，预期为「余额」
[2026-06-15 10:03:07] WARNING [validate_headers] 北京银行文件工作表「Sheet」表头校验：字段「transaction_id」第 16 列第 3 行单元格为空，预期为「交易流水号」
[2026-06-15 10:03:07] WARNING [validate_headers] 北京银行文件工作表「Sheet」表头校验未通过：7/7 个字段不匹配（trade_date, payment, receipt, summary, counterpart, balance, transaction_id）
[2026-06-15 10:03:07] DEBUG [get_subject_info] 银行账号「0109年03月」匹配到主体: 北********司（优先级: 0）
[2026-06-15 10:03:07] INFO [_parse_sheet] 北京银行文件工作表「Sheet」提取 1 条记录
[2026-06-15 10:03:07] INFO [parse] 北京银行文件处理完成，共提取 1 条记录
[2026-06-15 10:03:07] INFO [run_pipeline] 成功处理文件: /pri****************************************************************************************************************************************（1 条记录）
[2026-06-15 10:03:07] DEBUG [delete_processed_files] 已删除文件: /pri****************************************************************************************************************************************
[2026-06-15 10:03:07] INFO [run_pipeline] 总表输出完成: /pri*****************************************************************************************************************************（共 1 条记录）
[2026-06-15 10:03:07] INFO [apply_amount_anomaly_detection] 开始金额异常检测，单笔阈值: [金额已隐藏] 元
[2026-06-15 10:03:07] INFO [apply_amount_anomaly_detection] 金额异常检测完成：共 1 条记录，0 条异常 (0.00%)
[2026-06-15 10:03:07] INFO [apply_counterparty_rules] 对方户名规则匹配完成: 总记录 1, 命中 0, 黑名单 0, 白名单 0
[2026-06-15 10:03:07] INFO [export_masked_summary] 脱敏版总表输出完成: /pri*********************************************************************************************************************************（共 1 条记录）
[2026-06-15 10:03:07] DEBUG [init_schema] 数据库表结构初始化完成
[2026-06-15 10:03:07] INFO [connect] SQLite 数据库已连接: /Use************************************************************************************
[2026-06-15 10:03:07] INFO [insert_records] 已加载 25 个历史匹配键用于去重
[2026-06-15 10:03:07] INFO [insert_records] 批量导入完成: 批次 BATC***************, 共 1 条, 新增 0 条, 重复 1 条
[2026-06-15 10:03:07] INFO [disconnect] SQLite 数据库已断开
[2026-06-15 10:03:07] INFO [run_pipeline] 数据库持久化完成: 批次 BATC***************, 插入 0 条, 去重跳过 1 条
[2026-06-15 10:03:07] INFO [identify_internal_transfers] 内部划转识别完成: 1 条记录, 识别出 0 对 (0 划出 + 0 划入), 涉及 0 个主体, 0 家银行
[2026-06-15 10:03:07] INFO [summarize_transactions] 主体维度汇总完成: 1 条记录, 1 个主体, 1 家银行, 1 个月份, 0 个未匹配账号
[2026-06-15 10:03:07] INFO [export_subject_summary] 主体维度汇总分析已导出: /pri***********************************************************************************************************************************************
[2026-06-15 10:03:07] INFO [run_pipeline] 主体维度汇总分析已自动生成: /pri***********************************************************************************************************************************************
[2026-06-15 10:03:07] INFO [check_balance_continuity] 共 1 个账号待校验
[2026-06-15 10:03:07] DEBUG [check_balance_continuity] 校验账号: 0109年03月, 记录数: 1
[2026-06-15 10:03:07] INFO [check_balance_continuity] 余额连续性校验完成 - 总账号: 1, 已校验: 1, 跳过: 0, 异常笔数: 0, 异常账号: 0
[2026-06-15 10:03:07] INFO [export_balance_check_result] 余额连续性校验结果已导出: /pri************************************************************************************************************************************************
[2026-06-15 10:03:07] INFO [run_pipeline] 余额连续性校验报告已自动生成: /pri************************************************************************************************************************************************
[2026-06-15 10:03:07] INFO [detect_duplicates] 重复交易检测完成 - 总记录: 1, 疑似重复组: 0, 疑似重复记录: 0, 重复率: 0.00%
[2026-06-15 10:03:07] INFO [generate_duplicate_check_from_records] 未检测到重复交易，仍导出报告
[2026-06-15 10:03:07] INFO [export_duplicate_check_result] 重复交易检测结果已导出: /pri***********************************************************************************************************************************************
[2026-06-15 10:03:07] INFO [run_pipeline] 重复交易检测报告已自动生成: /pri***********************************************************************************************************************************************
[2026-06-15 10:03:07] INFO [filter_interest_fee_transactions] 筛选出 0 条利息手续费交易
[2026-06-15 10:03:07] INFO [summarize_by_period] 按month汇总生成 0 条期间汇总记录，异常 0 条
[2026-06-15 10:03:07] INFO [check_interest_fee] 利息手续费核对完成 - 总记录: 0 (利息: 0, 手续费: 0), 期间汇总: 0, 异常: 0
[2026-06-15 10:03:07] WARNING [generate_interest_fee_check_from_records] 未筛选到任何利息手续费交易，跳过报告生成
[2026-06-15 10:03:07] INFO [mark_non_workday_transactions] 非工作日交易标记完成: 总记录 1, 工作日 1, 周末 0, 法定节假日 0, 调休工作日 0
[2026-06-15 10:03:07] INFO [generate_holiday_check_from_records] 未发现非工作日交易，仍导出报告
[2026-06-15 10:03:07] INFO [export_holiday_check_result] 非工作日交易标记结果已导出: /pri*************************************************************************************************************************************************
[2026-06-15 10:03:07] INFO [run_pipeline] 非工作日交易标记报告已自动生成: /pri*************************************************************************************************************************************************
[2026-06-15 10:03:07] INFO [assign_accounting_period] 会计期间归属完成: 1 条记录, 1 个期间
[2026-06-15 10:03:07] INFO [export_accounting_period_summary] 会计期间总表已导出: /pri*********************************************************************************************************************************************（1 个期间）
[2026-06-15 10:03:07] INFO [run_pipeline] 会计期间总表已自动生成: /pri*********************************************************************************************************************************************
[2026-06-15 10:03:07] INFO [save_report] 性能剖析报告已保存: /pri*******************************************************************************************************************************************
[2026-06-15 10:03:07] INFO [save_report] 性能剖析数据已保存: /pri*********************************************************************************************************************************************
[2026-06-15 10:03:07] INFO [run_pipeline] 性能剖析报告已生成: /pri*******************************************************************************************************************************************
[2026-06-15 10:03:07] INFO [generate_collab_template] 财务协同编辑模板生成完成: /pri*****************************************************************************************************************************************************（可编辑列: 凭证号, 凭证日期, 会计科目编码, 会计科目名称, 备注, 制单人）
[2026-06-15 10:03:07] INFO [run_pipeline] 财务协同编辑模板已自动生成: /pri*****************************************************************************************************************************************************
[2026-06-15 10:03:07] INFO [generate_processing_manifest] 处理清单(JSON)已生成: /pri*******************************************************************************************************************************************
[2026-06-15 10:03:07] INFO [generate_processing_manifest] 处理清单(CSV)已生成: /pri******************************************************************************************************************************************
[2026-06-15 10:03:07] INFO [setup_logging] 日志系统初始化完成，日志文件: /Use*******************************************************************************************************
[2026-06-15 10:03:07] INFO [setup_logging] 未检测到 tkinter，将使用命令行交互模式
[2026-06-15 10:03:07] INFO [find_lookup_file] 精确匹配到主体查找表: /pri**********************************************************************************************************************************
[2026-06-15 10:03:07] INFO [run_pipeline] 正在预加载主体查找表...
[2026-06-15 10:03:07] DEBUG [detect_file_format] 文件 /pri********************************************************************************************************************************** Magic Bytes 检测为 xlsx 格式 (ZIP/OOXML)
[2026-06-15 10:03:07] INFO [load_lookup_table] 查找表加载完成：共 2 条条目，2 个唯一账号，0 个扩展字段
[2026-06-15 10:03:07] INFO [run_pipeline] 主体查找表预加载完成
[2026-06-15 10:03:07] INFO [load_existing_keys] 已加载历史总表，共 2 条记录，2 个唯一匹配键
[2026-06-15 10:03:07] INFO [run_pipeline] ===== 增量合并模式已启用 =====
[2026-06-15 10:03:07] INFO [prepare_working_folder] 已复制文件夹到同级目录: /pri*********************************************************************************************************************************
[2026-06-15 10:03:07] DEBUG [scan_bank_files] 发现银行导出文件: /pri**********************************************************************************************************************************************
[2026-06-15 10:03:07] INFO [scan_bank_files] 共扫描到 1 个银行导出文件
[2026-06-15 10:03:07] DEBUG [detect_file_format] 文件 /pri********************************************************************************************************************************************** Magic Bytes 检测为 xlsx 格式 (ZIP/OOXML)
[2026-06-15 10:03:07] INFO [identify_bank] 文件「东亚银行_测试.xlsx」通过前缀匹配识别为: 东亚银行
[2026-06-15 10:03:07] INFO [parse] 开始处理东亚银行文件: /pri**********************************************************************************************************************************************
[2026-06-15 10:03:07] DEBUG [detect_file_format] 文件 /pri********************************************************************************************************************************************** Magic Bytes 检测为 xlsx 格式 (ZIP/OOXML)
[2026-06-15 10:03:07] WARNING [validate_headers] 东亚银行文件工作表「Sheet」表头校验：字段「trade_date」第 1 列第 4 行单元格为空，预期为「交易日期」
[2026-06-15 10:03:07] WARNING [validate_headers] 东亚银行文件工作表「Sheet」表头校验：字段「payment」第 4 列第 4 行单元格为空，预期为「支出金额」
[2026-06-15 10:03:08] WARNING [validate_headers] 东亚银行文件工作表「Sheet」表头校验：字段「receipt」第 5 列第 4 行单元格为空，预期为「收入金额」
[2026-06-15 10:03:08] WARNING [validate_headers] 东亚银行文件工作表「Sheet」表头校验：字段「summary」第 12 列第 4 行单元格为空，预期为「摘要」或「交易描述/对方」
[2026-06-15 10:03:08] WARNING [validate_headers] 东亚银行文件工作表「Sheet」表头校验：字段「cou*****art」第 12 列第 4 行单元格为空，预期为「对方户名」或「交易描述/对方」
[2026-06-15 10:03:08] WARNING [validate_headers] 东亚银行文件工作表「Sheet」表头校验：字段「balance」第 9 列第 4 行单元格为空，预期为「余额」
[2026-06-15 10:03:08] WARNING [validate_headers] 东亚银行文件工作表「Sheet」表头校验：字段「transaction_id」第 11 列第 4 行单元格为空，预期为「交易流水号」
[2026-06-15 10:03:08] WARNING [validate_headers] 东亚银行文件工作表「Sheet」表头校验未通过：7/7 个字段不匹配（trade_date, payment, receipt, summary, counterpart, balance, transaction_id）
[2026-06-15 10:03:08] DEBUG [get_subject_info] 银行账号「3881年23月」匹配到主体: 上********司（优先级: 0）
[2026-06-15 10:03:08] INFO [_parse_sheet] 东亚银行文件工作表「Sheet」提取 1 条记录
[2026-06-15 10:03:08] INFO [parse] 东亚银行文件处理完成，共提取 1 条记录
[2026-06-15 10:03:08] INFO [run_pipeline] 成功处理文件: /pri**********************************************************************************************************************************************（1 条记录）
[2026-06-15 10:03:08] DEBUG [delete_processed_files] 已删除文件: /pri**********************************************************************************************************************************************
[2026-06-15 10:03:08] INFO [filter_incremental_records] 增量过滤完成: 新记录 1 条，重复 0 条，实际新增 1 条
[2026-06-15 10:03:08] INFO [merge_and_export_summary] 总表输出完成: /pri***********************************************************************************************************************************（历史 2 条 + 新增 1 条 = 共 3 条）
[2026-06-15 10:03:08] INFO [apply_amount_anomaly_detection] 开始金额异常检测，单笔阈值: [金额已隐藏] 元
[2026-06-15 10:03:09] INFO [setup_logging] 日志系统初始化完成，日志文件: /Use*******************************************************************************************************
[2026-06-15 10:03:09] INFO [setup_logging] 未检测到 tkinter，将使用命令行交互模式
[2026-06-15 10:03:09] INFO [find_lookup_file] 精确匹配到主体查找表: /pri**********************************************************************************************************************************
[2026-06-15 10:03:09] INFO [run_pipeline] 正在预加载主体查找表...
[2026-06-15 10:03:09] DEBUG [detect_file_format] 文件 /pri********************************************************************************************************************************** Magic Bytes 检测为 xlsx 格式 (ZIP/OOXML)
[2026-06-15 10:03:09] INFO [load_lookup_table] 查找表加载完成：共 2 条条目，2 个唯一账号，0 个扩展字段
[2026-06-15 10:03:09] INFO [run_pipeline] 主体查找表预加载完成
[2026-06-15 10:03:09] INFO [load_existing_keys] 已加载历史总表，共 2 条记录，2 个唯一匹配键
[2026-06-15 10:03:09] INFO [run_pipeline] ===== 增量合并模式已启用 =====
[2026-06-15 10:03:09] INFO [prepare_working_folder] 已复制文件夹到同级目录: /pri*********************************************************************************************************************************
[2026-06-15 10:03:09] DEBUG [scan_bank_files] 发现银行导出文件: /pri**********************************************************************************************************************************************
[2026-06-15 10:03:09] INFO [scan_bank_files] 共扫描到 1 个银行导出文件
[2026-06-15 10:03:09] DEBUG [detect_file_format] 文件 /pri********************************************************************************************************************************************** Magic Bytes 检测为 xlsx 格式 (ZIP/OOXML)
[2026-06-15 10:03:09] INFO [identify_bank] 文件「北京银行_测试.xlsx」通过前缀匹配识别为: 北京银行
[2026-06-15 10:03:09] INFO [parse] 开始处理北京银行文件: /pri**********************************************************************************************************************************************
[2026-06-15 10:03:09] DEBUG [detect_file_format] 文件 /pri********************************************************************************************************************************************** Magic Bytes 检测为 xlsx 格式 (ZIP/OOXML)
[2026-06-15 10:03:09] WARNING [validate_headers] 北京银行文件工作表「Sheet」表头校验：字段「trade_date」第 2 列第 3 行单元格为空，预期为「交易日期」
[2026-06-15 10:03:09] WARNING [validate_headers] 北京银行文件工作表「Sheet」表头校验：字段「payment」第 4 列第 3 行单元格为空，预期为「支出金额」
[2026-06-15 10:03:09] WARNING [validate_headers] 北京银行文件工作表「Sheet」表头校验：字段「receipt」第 5 列第 3 行单元格为空，预期为「收入金额」
[2026-06-15 10:03:09] WARNING [validate_headers] 北京银行文件工作表「Sheet」表头校验：字段「summary」第 12 列第 3 行单元格为空，预期为「摘要」
[2026-06-15 10:03:09] WARNING [validate_headers] 北京银行文件工作表「Sheet」表头校验：字段「cou*****art」第 7 列第 3 行单元格为空，预期为「对方户名」
[2026-06-15 10:03:09] WARNING [validate_headers] 北京银行文件工作表「Sheet」表头校验：字段「balance」第 6 列第 3 行单元格为空，预期为「余额」
[2026-06-15 10:03:09] WARNING [validate_headers] 北京银行文件工作表「Sheet」表头校验：字段「transaction_id」第 16 列第 3 行单元格为空，预期为「交易流水号」
[2026-06-15 10:03:09] WARNING [validate_headers] 北京银行文件工作表「Sheet」表头校验未通过：7/7 个字段不匹配（trade_date, payment, receipt, summary, counterpart, balance, transaction_id）
[2026-06-15 10:03:09] DEBUG [get_subject_info] 银行账号「0109年03月」匹配到主体: 北********司（优先级: 0）
[2026-06-15 10:03:09] INFO [_parse_sheet] 北京银行文件工作表「Sheet」提取 1 条记录
[2026-06-15 10:03:09] INFO [parse] 北京银行文件处理完成，共提取 1 条记录
[2026-06-15 10:03:09] INFO [run_pipeline] 成功处理文件: /pri**********************************************************************************************************************************************（1 条记录）
[2026-06-15 10:03:09] DEBUG [delete_processed_files] 已删除文件: /pri**********************************************************************************************************************************************
[2026-06-15 10:03:09] DEBUG [filter_incremental_records] 检测到重复记录，匹配键: [匹配键已隐藏]
[2026-06-15 10:03:09] INFO [filter_incremental_records] 增量过滤完成: 新记录 1 条，重复 1 条，实际新增 0 条
[2026-06-15 10:03:09] INFO [merge_and_export_summary] 总表输出完成: /pri***********************************************************************************************************************************（历史 2 条 + 新增 0 条 = 共 2 条）
[2026-06-15 10:03:09] INFO [apply_amount_anomaly_detection] 开始金额异常检测，单笔阈值: [金额已隐藏] 元
[2026-06-15 10:03:09] INFO [apply_amount_anomaly_detection] 金额异常检测完成：共 2 条记录，2 条异常 (100.00%)
[2026-06-15 10:03:09] INFO [apply_amount_anomaly_detection]   - 付款和收款同时有值: 2 条
[2026-06-15 10:03:09] INFO [run_pipeline] 金额异常检测: 总记录 2, 异常 2 (100.00%)
[2026-06-15 10:03:09] INFO [run_pipeline] 已将金额异常检测结果回写到总表: /pri***********************************************************************************************************************************
[2026-06-15 10:03:09] INFO [apply_counterparty_rules] 对方户名规则匹配完成: 总记录 2, 命中 0, 黑名单 0, 白名单 0
[2026-06-15 10:03:09] INFO [export_masked_summary] 脱敏版总表输出完成: /pri***************************************************************************************************************************************（共 2 条记录）
[2026-06-15 10:03:09] DEBUG [init_schema] 数据库表结构初始化完成
[2026-06-15 10:03:09] INFO [connect] SQLite 数据库已连接: /Use************************************************************************************
[2026-06-15 10:03:09] INFO [insert_records] 已加载 25 个历史匹配键用于去重
[2026-06-15 10:03:09] INFO [insert_records] 批量导入完成: 批次 BATC***************, 共 2 条, 新增 0 条, 重复 2 条
[2026-06-15 10:03:09] INFO [disconnect] SQLite 数据库已断开
[2026-06-15 10:03:09] INFO [run_pipeline] 数据库持久化完成: 批次 BATC***************, 插入 0 条, 去重跳过 2 条
[2026-06-15 10:03:09] INFO [identify_internal_transfers] 内部划转识别完成: 2 条记录, 识别出 0 对 (0 划出 + 0 划入), 涉及 0 个主体, 0 家银行
[2026-06-15 10:03:09] INFO [summarize_transactions] 主体维度汇总完成: 2 条记录, 1 个主体, 1 家银行, 1 个月份, 0 个未匹配账号
[2026-06-15 10:03:09] INFO [export_subject_summary] 主体维度汇总分析已导出: /pri*****************************************************************************************************************************************************
[2026-06-15 10:03:09] INFO [run_pipeline] 主体维度汇总分析已自动生成: /pri*****************************************************************************************************************************************************
[2026-06-15 10:03:09] INFO [check_balance_continuity] 共 1 个账号待校验
[2026-06-15 10:03:09] DEBUG [check_balance_continuity] 校验账号: 1090年31月, 记录数: 2
[2026-06-15 10:03:09] INFO [check_balance_continuity] 余额连续性校验完成 - 总账号: 1, 已校验: 1, 跳过: 0, 异常笔数: 0, 异常账号: 0
[2026-06-15 10:03:09] INFO [export_balance_check_result] 余额连续性校验结果已导出: /pri******************************************************************************************************************************************************
[2026-06-15 10:03:09] INFO [run_pipeline] 余额连续性校验报告已自动生成: /pri******************************************************************************************************************************************************
[2026-06-15 10:03:09] INFO [detect_duplicates] 重复交易检测完成 - 总记录: 2, 疑似重复组: 0, 疑似重复记录: 0, 重复率: 0.00%
[2026-06-15 10:03:09] INFO [generate_duplicate_check_from_records] 未检测到重复交易，仍导出报告
[2026-06-15 10:03:09] INFO [export_duplicate_check_result] 重复交易检测结果已导出: /pri*****************************************************************************************************************************************************
[2026-06-15 10:03:09] INFO [run_pipeline] 重复交易检测报告已自动生成: /pri*****************************************************************************************************************************************************
[2026-06-15 10:03:09] INFO [filter_interest_fee_transactions] 筛选出 0 条利息手续费交易
[2026-06-15 10:03:09] INFO [summarize_by_period] 按month汇总生成 0 条期间汇总记录，异常 0 条
[2026-06-15 10:03:09] INFO [check_interest_fee] 利息手续费核对完成 - 总记录: 0 (利息: 0, 手续费: 0), 期间汇总: 0, 异常: 0
[2026-06-15 10:03:09] WARNING [generate_interest_fee_check_from_records] 未筛选到任何利息手续费交易，跳过报告生成
[2026-06-15 10:03:09] INFO [mark_non_workday_transactions] 非工作日交易标记完成: 总记录 2, 工作日 2, 周末 0, 法定节假日 0, 调休工作日 0
[2026-06-15 10:03:09] INFO [generate_holiday_check_from_records] 未发现非工作日交易，仍导出报告
[2026-06-15 10:03:09] INFO [export_holiday_check_result] 非工作日交易标记结果已导出: /pri*******************************************************************************************************************************************************
[2026-06-15 10:03:09] INFO [run_pipeline] 非工作日交易标记报告已自动生成: /pri*******************************************************************************************************************************************************
[2026-06-15 10:03:09] INFO [assign_accounting_period] 会计期间归属完成: 2 条记录, 1 个期间
[2026-06-15 10:03:09] INFO [export_accounting_period_summary] 会计期间总表已导出: /pri***************************************************************************************************************************************************（1 个期间）
[2026-06-15 10:03:09] INFO [run_pipeline] 会计期间总表已自动生成: /pri***************************************************************************************************************************************************
[2026-06-15 10:03:09] INFO [save_report] 性能剖析报告已保存: /pri*************************************************************************************************************************************************
[2026-06-15 10:03:09] INFO [save_report] 性能剖析数据已保存: /pri***************************************************************************************************************************************************
[2026-06-15 10:03:09] INFO [run_pipeline] 性能剖析报告已生成: /pri*************************************************************************************************************************************************
[2026-06-15 10:03:09] INFO [generate_collab_template] 财务协同编辑模板生成完成: /pri***********************************************************************************************************************************************************（可编辑列: 凭证号, 凭证日期, 会计科目编码, 会计科目名称, 备注, 制单人）
[2026-06-15 10:03:09] INFO [run_pipeline] 财务协同编辑模板已自动生成: /pri***********************************************************************************************************************************************************
[2026-06-15 10:03:09] INFO [generate_processing_manifest] 处理清单(JSON)已生成: /pri*************************************************************************************************************************************************
[2026-06-15 10:03:09] INFO [generate_processing_manifest] 处理清单(CSV)已生成: /pri************************************************************************************************************************************************
[2026-06-15 10:03:09] INFO [setup_logging] 日志系统初始化完成，日志文件: /Use*******************************************************************************************************
[2026-06-15 10:03:09] INFO [setup_logging] 未检测到 tkinter，将使用命令行交互模式
[2026-06-15 10:03:09] INFO [find_lookup_file] 精确匹配到主体查找表: /pri**********************************************************************************************************************************
[2026-06-15 10:03:09] INFO [run_pipeline] 正在预加载主体查找表...
[2026-06-15 10:03:09] DEBUG [detect_file_format] 文件 /pri********************************************************************************************************************************** Magic Bytes 检测为 xlsx 格式 (ZIP/OOXML)
[2026-06-15 10:03:09] INFO [load_lookup_table] 查找表加载完成：共 2 条条目，2 个唯一账号，0 个扩展字段
[2026-06-15 10:03:09] INFO [run_pipeline] 主体查找表预加载完成
[2026-06-15 10:03:09] INFO [load_existing_keys] 未找到历史总表，将以全量模式运行
[2026-06-15 10:03:09] INFO [run_pipeline] 无历史数据，将以全量模式运行
[2026-06-15 10:03:09] INFO [prepare_working_folder] 已复制文件夹到同级目录: /pri*********************************************************************************************************************************
[2026-06-15 10:03:09] DEBUG [scan_bank_files] 发现银行导出文件: /pri**********************************************************************************************************************************************
[2026-06-15 10:03:09] INFO [scan_bank_files] 共扫描到 1 个银行导出文件
[2026-06-15 10:03:09] DEBUG [detect_file_format] 文件 /pri********************************************************************************************************************************************** Magic Bytes 检测为 xlsx 格式 (ZIP/OOXML)
[2026-06-15 10:03:09] INFO [identify_bank] 文件「北京银行_测试.xlsx」通过前缀匹配识别为: 北京银行
[2026-06-15 10:03:09] INFO [parse] 开始处理北京银行文件: /pri**********************************************************************************************************************************************
[2026-06-15 10:03:09] DEBUG [detect_file_format] 文件 /pri********************************************************************************************************************************************** Magic Bytes 检测为 xlsx 格式 (ZIP/OOXML)
[2026-06-15 10:03:09] WARNING [validate_headers] 北京银行文件工作表「Sheet」表头校验：字段「trade_date」第 2 列第 3 行单元格为空，预期为「交易日期」
[2026-06-15 10:03:09] WARNING [validate_headers] 北京银行文件工作表「Sheet」表头校验：字段「payment」第 4 列第 3 行单元格为空，预期为「支出金额」
[2026-06-15 10:03:09] WARNING [validate_headers] 北京银行文件工作表「Sheet」表头校验：字段「receipt」第 5 列第 3 行单元格为空，预期为「收入金额」
[2026-06-15 10:03:09] WARNING [validate_headers] 北京银行文件工作表「Sheet」表头校验：字段「summary」第 12 列第 3 行单元格为空，预期为「摘要」
[2026-06-15 10:03:09] WARNING [validate_headers] 北京银行文件工作表「Sheet」表头校验：字段「cou*****art」第 7 列第 3 行单元格为空，预期为「对方户名」
[2026-06-15 10:03:09] WARNING [validate_headers] 北京银行文件工作表「Sheet」表头校验：字段「balance」第 6 列第 3 行单元格为空，预期为「余额」
[2026-06-15 10:03:09] WARNING [validate_headers] 北京银行文件工作表「Sheet」表头校验：字段「transaction_id」第 16 列第 3 行单元格为空，预期为「交易流水号」
[2026-06-15 10:03:09] WARNING [validate_headers] 北京银行文件工作表「Sheet」表头校验未通过：7/7 个字段不匹配（trade_date, payment, receipt, summary, counterpart, balance, transaction_id）
[2026-06-15 10:03:09] DEBUG [get_subject_info] 银行账号「0109年03月」匹配到主体: 北********司（优先级: 0）
[2026-06-15 10:03:09] INFO [_parse_sheet] 北京银行文件工作表「Sheet」提取 1 条记录
[2026-06-15 10:03:09] INFO [parse] 北京银行文件处理完成，共提取 1 条记录
[2026-06-15 10:03:10] INFO [run_pipeline] 成功处理文件: /pri**********************************************************************************************************************************************（1 条记录）
[2026-06-15 10:03:10] DEBUG [delete_processed_files] 已删除文件: /pri**********************************************************************************************************************************************
[2026-06-15 10:03:10] INFO [run_pipeline] 总表输出完成: /pri***********************************************************************************************************************************（共 1 条记录）
[2026-06-15 10:03:10] INFO [apply_amount_anomaly_detection] 开始金额异常检测，单笔阈值: [金额已隐藏] 元
[2026-06-15 10:03:10] INFO [apply_amount_anomaly_detection] 金额异常检测完成：共 1 条记录，0 条异常 (0.00%)
[2026-06-15 10:03:10] INFO [apply_counterparty_rules] 对方户名规则匹配完成: 总记录 1, 命中 0, 黑名单 0, 白名单 0
[2026-06-15 10:03:10] INFO [export_masked_summary] 脱敏版总表输出完成: /pri***************************************************************************************************************************************（共 1 条记录）
[2026-06-15 10:03:10] DEBUG [init_schema] 数据库表结构初始化完成
[2026-06-15 10:03:10] INFO [connect] SQLite 数据库已连接: /Use************************************************************************************
[2026-06-15 10:03:10] INFO [insert_records] 已加载 25 个历史匹配键用于去重
[2026-06-15 10:03:10] INFO [insert_records] 批量导入完成: 批次 BATC***************, 共 1 条, 新增 0 条, 重复 1 条
[2026-06-15 10:03:10] INFO [disconnect] SQLite 数据库已断开
[2026-06-15 10:03:10] INFO [run_pipeline] 数据库持久化完成: 批次 BATC***************, 插入 0 条, 去重跳过 1 条
[2026-06-15 10:03:10] INFO [identify_internal_transfers] 内部划转识别完成: 1 条记录, 识别出 0 对 (0 划出 + 0 划入), 涉及 0 个主体, 0 家银行
[2026-06-15 10:03:10] INFO [summarize_transactions] 主体维度汇总完成: 1 条记录, 1 个主体, 1 家银行, 1 个月份, 0 个未匹配账号
[2026-06-15 10:03:10] INFO [export_subject_summary] 主体维度汇总分析已导出: /pri*****************************************************************************************************************************************************
[2026-06-15 10:03:10] INFO [run_pipeline] 主体维度汇总分析已自动生成: /pri*****************************************************************************************************************************************************
[2026-06-15 10:03:10] INFO [check_balance_continuity] 共 1 个账号待校验
[2026-06-15 10:03:10] DEBUG [check_balance_continuity] 校验账号: 0109年03月, 记录数: 1
[2026-06-15 10:03:10] INFO [check_balance_continuity] 余额连续性校验完成 - 总账号: 1, 已校验: 1, 跳过: 0, 异常笔数: 0, 异常账号: 0
[2026-06-15 10:03:10] INFO [export_balance_check_result] 余额连续性校验结果已导出: /pri******************************************************************************************************************************************************
[2026-06-15 10:03:10] INFO [run_pipeline] 余额连续性校验报告已自动生成: /pri******************************************************************************************************************************************************
[2026-06-15 10:03:10] INFO [detect_duplicates] 重复交易检测完成 - 总记录: 1, 疑似重复组: 0, 疑似重复记录: 0, 重复率: 0.00%
[2026-06-15 10:03:10] INFO [generate_duplicate_check_from_records] 未检测到重复交易，仍导出报告
[2026-06-15 10:03:10] INFO [export_duplicate_check_result] 重复交易检测结果已导出: /pri*****************************************************************************************************************************************************
[2026-06-15 10:03:10] INFO [run_pipeline] 重复交易检测报告已自动生成: /pri*****************************************************************************************************************************************************
[2026-06-15 10:03:10] INFO [filter_interest_fee_transactions] 筛选出 0 条利息手续费交易
[2026-06-15 10:03:10] INFO [summarize_by_period] 按month汇总生成 0 条期间汇总记录，异常 0 条
[2026-06-15 10:03:10] INFO [check_interest_fee] 利息手续费核对完成 - 总记录: 0 (利息: 0, 手续费: 0), 期间汇总: 0, 异常: 0
[2026-06-15 10:03:10] WARNING [generate_interest_fee_check_from_records] 未筛选到任何利息手续费交易，跳过报告生成
[2026-06-15 10:03:10] INFO [mark_non_workday_transactions] 非工作日交易标记完成: 总记录 1, 工作日 1, 周末 0, 法定节假日 0, 调休工作日 0
[2026-06-15 10:03:10] INFO [generate_holiday_check_from_records] 未发现非工作日交易，仍导出报告
[2026-06-15 10:03:10] INFO [export_holiday_check_result] 非工作日交易标记结果已导出: /pri*******************************************************************************************************************************************************
[2026-06-15 10:03:10] INFO [run_pipeline] 非工作日交易标记报告已自动生成: /pri*******************************************************************************************************************************************************
[2026-06-15 10:03:10] INFO [assign_accounting_period] 会计期间归属完成: 1 条记录, 1 个期间
[2026-06-15 10:03:10] INFO [export_accounting_period_summary] 会计期间总表已导出: /pri***************************************************************************************************************************************************（1 个期间）
[2026-06-15 10:03:10] INFO [run_pipeline] 会计期间总表已自动生成: /pri***************************************************************************************************************************************************
[2026-06-15 10:03:10] INFO [save_report] 性能剖析报告已保存: /pri*************************************************************************************************************************************************
[2026-06-15 10:03:10] INFO [save_report] 性能剖析数据已保存: /pri***************************************************************************************************************************************************
[2026-06-15 10:03:10] INFO [run_pipeline] 性能剖析报告已生成: /pri*************************************************************************************************************************************************
[2026-06-15 10:03:10] INFO [generate_collab_template] 财务协同编辑模板生成完成: /pri***********************************************************************************************************************************************************（可编辑列: 凭证号, 凭证日期, 会计科目编码, 会计科目名称, 备注, 制单人）
[2026-06-15 10:03:10] INFO [run_pipeline] 财务协同编辑模板已自动生成: /pri***********************************************************************************************************************************************************
[2026-06-15 10:03:10] INFO [generate_processing_manifest] 处理清单(JSON)已生成: /pri*************************************************************************************************************************************************
[2026-06-15 10:03:10] INFO [generate_processing_manifest] 处理清单(CSV)已生成: /pri************************************************************************************************************************************************
