[2026-06-15 01:06:00] INFO [setup_logging] 日志系统初始化完成，日志文件: /Use*******************************************************************************************************
[2026-06-15 01:06:00] INFO [setup_logging] 未检测到 tkinter，将使用命令行交互模式
[2026-06-15 01:06:00] DEBUG [scan_bank_files] 发现银行导出文件: /var******************************************************************************
[2026-06-15 01:06:00] INFO [scan_bank_files] 共扫描到 1 个银行导出文件
[2026-06-15 01:06:00] INFO [setup_logging] 日志系统初始化完成，日志文件: /Use*******************************************************************************************************
[2026-06-15 01:06:00] INFO [setup_logging] 未检测到 tkinter，将使用命令行交互模式
[2026-06-15 01:06:00] DEBUG [scan_bank_files] 发现银行导出文件: /var*****************************************************************************
[2026-06-15 01:06:00] INFO [scan_bank_files] 共扫描到 1 个银行导出文件
[2026-06-15 01:06:00] INFO [setup_logging] 日志系统初始化完成，日志文件: /Use*******************************************************************************************************
[2026-06-15 01:06:00] INFO [setup_logging] 未检测到 tkinter，将使用命令行交互模式
[2026-06-15 01:06:00] DEBUG [scan_bank_files] 发现银行导出文件: /var******************************************************************************
[2026-06-15 01:06:00] INFO [scan_bank_files] 共扫描到 1 个银行导出文件
[2026-06-15 01:06:00] INFO [setup_logging] 日志系统初始化完成，日志文件: /Use*******************************************************************************************************
[2026-06-15 01:06:00] INFO [setup_logging] 未检测到 tkinter，将使用命令行交互模式
[2026-06-15 01:06:00] DEBUG [scan_bank_files] 发现银行导出文件: /var*****************************************************************************
[2026-06-15 01:06:00] INFO [scan_bank_files] 共扫描到 1 个银行导出文件
[2026-06-15 01:06:00] INFO [setup_logging] 日志系统初始化完成，日志文件: /Use*******************************************************************************************************
[2026-06-15 01:06:00] INFO [setup_logging] 未检测到 tkinter，将使用命令行交互模式
[2026-06-15 01:06:00] DEBUG [scan_bank_files] 发现银行导出文件: /var**************************************************************************
[2026-06-15 01:06:00] DEBUG [scan_bank_files] 发现银行导出文件: /var***************************************************************************
[2026-06-15 01:06:00] DEBUG [scan_bank_files] 发现银行导出文件: /var**************************************************************************
[2026-06-15 01:06:00] DEBUG [scan_bank_files] 发现银行导出文件: /var***************************************************************************
[2026-06-15 01:06:00] INFO [scan_bank_files] 共扫描到 4 个银行导出文件
[2026-06-15 01:06:00] INFO [setup_logging] 日志系统初始化完成，日志文件: /Use*******************************************************************************************************
[2026-06-15 01:06:00] INFO [setup_logging] 未检测到 tkinter，将使用命令行交互模式
[2026-06-15 01:06:00] DEBUG [scan_bank_files] 发现银行导出文件: /var******************************************************************************
[2026-06-15 01:06:00] INFO [scan_bank_files] 共扫描到 1 个银行导出文件
[2026-06-15 01:06:00] INFO [setup_logging] 日志系统初始化完成，日志文件: /Use*******************************************************************************************************
[2026-06-15 01:06:00] INFO [setup_logging] 未检测到 tkinter，将使用命令行交互模式
[2026-06-15 01:06:00] DEBUG [scan_bank_files] 发现银行导出文件: /var*****************************************************************************
[2026-06-15 01:06:00] INFO [scan_bank_files] 共扫描到 1 个银行导出文件
[2026-06-15 01:06:00] INFO [setup_logging] 日志系统初始化完成，日志文件: /Use*******************************************************************************************************
[2026-06-15 01:06:00] INFO [setup_logging] 未检测到 tkinter，将使用命令行交互模式
[2026-06-15 01:06:00] INFO [scan_bank_files] 共扫描到 0 个银行导出文件
[2026-06-15 01:06:00] INFO [setup_logging] 日志系统初始化完成，日志文件: /Use*******************************************************************************************************
[2026-06-15 01:06:00] INFO [setup_logging] 未检测到 tkinter，将使用命令行交互模式
[2026-06-15 01:06:00] DEBUG [scan_bank_files] 发现银行导出文件: /var******************************************************************************
[2026-06-15 01:06:00] DEBUG [scan_bank_files] 发现银行导出文件: /var***************************************************************************************
[2026-06-15 01:06:00] INFO [scan_bank_files] 共扫描到 2 个银行导出文件
[2026-06-15 01:06:00] INFO [setup_logging] 日志系统初始化完成，日志文件: /Use*******************************************************************************************************
[2026-06-15 01:06:00] INFO [setup_logging] 未检测到 tkinter，将使用命令行交互模式
[2026-06-15 01:06:00] DEBUG [scan_bank_files] 发现银行导出文件: /var******************************************************************************
[2026-06-15 01:06:00] DEBUG [scan_bank_files] 发现银行导出文件: /var**************************************************************************************
[2026-06-15 01:06:00] INFO [scan_bank_files] 共扫描到 2 个银行导出文件
[2026-06-15 01:06:00] INFO [setup_logging] 日志系统初始化完成，日志文件: /Use*******************************************************************************************************
[2026-06-15 01:06:00] INFO [setup_logging] 未检测到 tkinter，将使用命令行交互模式
[2026-06-15 01:06:00] INFO [scan_bank_files] 共扫描到 0 个银行导出文件
[2026-06-15 01:06:00] INFO [setup_logging] 日志系统初始化完成，日志文件: /Use*******************************************************************************************************
[2026-06-15 01:06:00] INFO [setup_logging] 未检测到 tkinter，将使用命令行交互模式
[2026-06-15 01:06:00] DEBUG [scan_bank_files] 发现银行导出文件: /var******************************************************************************
[2026-06-15 01:06:00] DEBUG [scan_bank_files] 发现银行导出文件: /var******************************************************************************
[2026-06-15 01:06:00] INFO [scan_bank_files] 共扫描到 2 个银行导出文件
[2026-06-15 01:06:00] INFO [setup_logging] 日志系统初始化完成，日志文件: /Use*******************************************************************************************************
[2026-06-15 01:06:00] INFO [setup_logging] 未检测到 tkinter，将使用命令行交互模式
[2026-06-15 01:06:00] DEBUG [scan_bank_files] 发现银行导出文件: /var*****************************************************************************
[2026-06-15 01:06:00] DEBUG [scan_bank_files] 发现银行导出文件: /var******************************************************************************
[2026-06-15 01:06:00] INFO [scan_bank_files] 共扫描到 2 个银行导出文件
[2026-06-15 01:06:00] INFO [setup_logging] 日志系统初始化完成，日志文件: /Use*******************************************************************************************************
[2026-06-15 01:06:00] INFO [setup_logging] 未检测到 tkinter，将使用命令行交互模式
[2026-06-15 01:06:00] DEBUG [scan_bank_files] 发现银行导出文件: /var*******************************************************************************
[2026-06-15 01:06:00] DEBUG [scan_bank_files] 发现银行导出文件: /var******************************************************************************
[2026-06-15 01:06:00] INFO [scan_bank_files] 共扫描到 2 个银行导出文件
[2026-06-15 01:06:00] INFO [setup_logging] 日志系统初始化完成，日志文件: /Use*******************************************************************************************************
[2026-06-15 01:06:00] INFO [setup_logging] 未检测到 tkinter，将使用命令行交互模式
[2026-06-15 01:06:00] DEBUG [scan_bank_files] 发现银行导出文件: /var*****************************************************************************
[2026-06-15 01:06:00] DEBUG [scan_bank_files] 发现银行导出文件: /var******************************************************************************
[2026-06-15 01:06:00] INFO [scan_bank_files] 共扫描到 2 个银行导出文件
[2026-06-15 01:06:00] DEBUG [scan_bank_files] 发现银行导出文件: /var*****************************************************************************
[2026-06-15 01:06:00] DEBUG [scan_bank_files] 发现银行导出文件: /var******************************************************************************
[2026-06-15 01:06:00] INFO [scan_bank_files] 共扫描到 2 个银行导出文件
[2026-06-15 01:06:00] INFO [setup_logging] 日志系统初始化完成，日志文件: /Use*******************************************************************************************************
[2026-06-15 01:06:00] INFO [setup_logging] 未检测到 tkinter，将使用命令行交互模式
[2026-06-15 01:06:00] INFO [setup_logging] 日志系统初始化完成，日志文件: /Use*******************************************************************************************************
[2026-06-15 01:06:00] INFO [setup_logging] 未检测到 tkinter，将使用命令行交互模式
[2026-06-15 01:06:00] INFO [setup_logging] 日志系统初始化完成，日志文件: /Use*******************************************************************************************************
[2026-06-15 01:06:00] INFO [setup_logging] 未检测到 tkinter，将使用命令行交互模式
[2026-06-15 01:06:00] INFO [setup_logging] 日志系统初始化完成，日志文件: /Use*******************************************************************************************************
[2026-06-15 01:06:00] INFO [setup_logging] 未检测到 tkinter，将使用命令行交互模式
[2026-06-15 01:06:00] INFO [setup_logging] 日志系统初始化完成，日志文件: /Use*******************************************************************************************************
[2026-06-15 01:06:00] INFO [setup_logging] 未检测到 tkinter，将使用命令行交互模式
[2026-06-15 01:06:00] INFO [setup_logging] 日志系统初始化完成，日志文件: /Use*******************************************************************************************************
[2026-06-15 01:06:00] INFO [setup_logging] 未检测到 tkinter，将使用命令行交互模式
[2026-06-15 01:06:00] INFO [setup_logging] 日志系统初始化完成，日志文件: /Use*******************************************************************************************************
[2026-06-15 01:06:00] INFO [setup_logging] 未检测到 tkinter，将使用命令行交互模式
[2026-06-15 01:06:00] INFO [setup_logging] 日志系统初始化完成，日志文件: /Use*******************************************************************************************************
[2026-06-15 01:06:00] INFO [setup_logging] 未检测到 tkinter，将使用命令行交互模式
[2026-06-15 01:06:00] INFO [setup_logging] 日志系统初始化完成，日志文件: /Use*******************************************************************************************************
[2026-06-15 01:06:00] INFO [setup_logging] 未检测到 tkinter，将使用命令行交互模式
[2026-06-15 01:06:00] INFO [setup_logging] 日志系统初始化完成，日志文件: /Use*******************************************************************************************************
[2026-06-15 01:06:00] INFO [setup_logging] 未检测到 tkinter，将使用命令行交互模式
[2026-06-15 01:06:00] INFO [setup_logging] 日志系统初始化完成，日志文件: /Use*******************************************************************************************************
[2026-06-15 01:06:00] INFO [setup_logging] 未检测到 tkinter，将使用命令行交互模式
[2026-06-15 01:06:00] DEBUG [detect_file_format] 文件 /var***************************************************************************** 检测为 csv 格式 (纯文本)
[2026-06-15 01:06:00] INFO [setup_logging] 日志系统初始化完成，日志文件: /Use*******************************************************************************************************
[2026-06-15 01:06:00] INFO [setup_logging] 未检测到 tkinter，将使用命令行交互模式
[2026-06-15 01:06:00] DEBUG [detect_file_format] 文件 /var****************************************************************************** Magic Bytes 检测为 xlsx 格式 (ZIP/OOXML)
[2026-06-15 01:06:00] INFO [setup_logging] 日志系统初始化完成，日志文件: /Use*******************************************************************************************************
[2026-06-15 01:06:00] INFO [setup_logging] 未检测到 tkinter，将使用命令行交互模式
[2026-06-15 01:06:00] DEBUG [detect_file_format] 文件 /var****************************************************************************** Magic Bytes 检测为 xlsm 格式 (ZIP/OOXML with macros)
[2026-06-15 01:06:00] INFO [setup_logging] 日志系统初始化完成，日志文件: /Use*******************************************************************************************************
[2026-06-15 01:06:00] INFO [setup_logging] 未检测到 tkinter，将使用命令行交互模式
[2026-06-15 01:06:00] DEBUG [read_csv_as_workbook] CSV 文件自动检测编码: utf-***** (test.csv)
[2026-06-15 01:06:00] DEBUG [read_csv_as_workbook] CSV 文件自动检测分隔符: ',' (test.csv)
[2026-06-15 01:06:00] INFO [setup_logging] 日志系统初始化完成，日志文件: /Use*******************************************************************************************************
[2026-06-15 01:06:00] INFO [setup_logging] 未检测到 tkinter，将使用命令行交互模式
[2026-06-15 01:06:00] DEBUG [read_csv_as_workbook] CSV 文件自动检测编码: utf-***** (test.csv)
[2026-06-15 01:06:00] DEBUG [read_csv_as_workbook] CSV 文件自动检测分隔符: ',' (test.csv)
[2026-06-15 01:06:00] INFO [setup_logging] 日志系统初始化完成，日志文件: /Use*******************************************************************************************************
[2026-06-15 01:06:00] INFO [setup_logging] 未检测到 tkinter，将使用命令行交互模式
[2026-06-15 01:06:00] DEBUG [read_csv_as_workbook] CSV 文件自动检测编码: gbk (test_gbk.csv)
[2026-06-15 01:06:00] DEBUG [read_csv_as_workbook] CSV 文件自动检测分隔符: ',' (test_gbk.csv)
[2026-06-15 01:06:00] INFO [setup_logging] 日志系统初始化完成，日志文件: /Use*******************************************************************************************************
[2026-06-15 01:06:00] INFO [setup_logging] 未检测到 tkinter，将使用命令行交互模式
[2026-06-15 01:06:00] DEBUG [read_csv_as_workbook] CSV 文件自动检测编码: utf-***** (test_semicolon.csv)
[2026-06-15 01:06:00] DEBUG [read_csv_as_workbook] CSV 文件自动检测分隔符: ';' (test_semicolon.csv)
[2026-06-15 01:06:00] INFO [setup_logging] 日志系统初始化完成，日志文件: /Use*******************************************************************************************************
[2026-06-15 01:06:00] INFO [setup_logging] 未检测到 tkinter，将使用命令行交互模式
[2026-06-15 01:06:00] DEBUG [read_csv_as_workbook] CSV 文件自动检测编码: utf-***** (test.csv)
[2026-06-15 01:06:00] DEBUG [read_csv_as_workbook] CSV 文件自动检测分隔符: ',' (test.csv)
[2026-06-15 01:06:00] INFO [setup_logging] 日志系统初始化完成，日志文件: /Use*******************************************************************************************************
[2026-06-15 01:06:00] INFO [setup_logging] 未检测到 tkinter，将使用命令行交互模式
[2026-06-15 01:06:00] DEBUG [read_csv_as_workbook] CSV 文件自动检测编码: utf-***** (test.csv)
[2026-06-15 01:06:00] DEBUG [read_csv_as_workbook] CSV 文件自动检测分隔符: ',' (test.csv)
[2026-06-15 01:06:00] INFO [setup_logging] 日志系统初始化完成，日志文件: /Use*******************************************************************************************************
[2026-06-15 01:06:00] INFO [setup_logging] 未检测到 tkinter，将使用命令行交互模式
[2026-06-15 01:06:00] DEBUG [detect_file_format] 文件 /var***************************************************************************** 检测为 csv 格式 (纯文本)
[2026-06-15 01:06:00] DEBUG [read_csv_as_workbook] CSV 文件自动检测编码: utf-***** (test.csv)
[2026-06-15 01:06:00] DEBUG [read_csv_as_workbook] CSV 文件自动检测分隔符: ',' (test.csv)
[2026-06-15 01:06:00] INFO [setup_logging] 日志系统初始化完成，日志文件: /Use*******************************************************************************************************
[2026-06-15 01:06:00] INFO [setup_logging] 未检测到 tkinter，将使用命令行交互模式
[2026-06-15 01:06:00] DEBUG [detect_file_format] 文件 /var****************************************************************************** Magic Bytes 检测为 xlsx 格式 (ZIP/OOXML)
[2026-06-15 01:06:00] INFO [setup_logging] 日志系统初始化完成，日志文件: /Use*******************************************************************************************************
[2026-06-15 01:06:00] INFO [setup_logging] 未检测到 tkinter，将使用命令行交互模式
[2026-06-15 01:06:00] INFO [convert_xls_to_xlsx] 正在将 .xls 文件转换为 .xlsx: /var*****************************************************************************
[2026-06-15 01:06:00] INFO [convert_xls_to_xlsx] .xls 转换完成: /var***************************************************************************** -> /var********************************************************************
[2026-06-15 01:06:00] INFO [setup_logging] 日志系统初始化完成，日志文件: /Use*******************************************************************************************************
[2026-06-15 01:06:00] INFO [setup_logging] 未检测到 tkinter，将使用命令行交互模式
[2026-06-15 01:06:00] INFO [convert_xls_to_xlsx] 正在将 .xls 文件转换为 .xlsx: /var*****************************************************************************
[2026-06-15 01:06:00] INFO [convert_xls_to_xlsx] .xls 转换完成: /var***************************************************************************** -> /var********************************************************************
[2026-06-15 01:06:00] INFO [setup_logging] 日志系统初始化完成，日志文件: /Use*******************************************************************************************************
[2026-06-15 01:06:00] INFO [setup_logging] 未检测到 tkinter，将使用命令行交互模式
[2026-06-15 01:06:00] INFO [convert_xls_to_xlsx] 正在将 .xls 文件转换为 .xlsx: /var*****************************************************************************
[2026-06-15 01:06:00] INFO [convert_xls_to_xlsx] .xls 转换完成: /var***************************************************************************** -> /var********************************************************************
[2026-06-15 01:06:00] INFO [setup_logging] 日志系统初始化完成，日志文件: /Use*******************************************************************************************************
[2026-06-15 01:06:00] INFO [setup_logging] 未检测到 tkinter，将使用命令行交互模式
[2026-06-15 01:06:00] INFO [convert_xls_to_xlsx] 正在将 .xls 文件转换为 .xlsx: /var*****************************************************************************
[2026-06-15 01:06:00] INFO [convert_xls_to_xlsx] .xls 转换完成: /var***************************************************************************** -> /var********************************************************************
[2026-06-15 01:06:00] INFO [convert_xls_to_xlsx] 正在将 .xls 文件转换为 .xlsx: /var*****************************************************************************
[2026-06-15 01:06:00] INFO [convert_xls_to_xlsx] .xls 转换完成: /var***************************************************************************** -> /var********************************************************************
[2026-06-15 01:06:00] INFO [convert_xls_to_xlsx] 正在将 .xls 文件转换为 .xlsx: /var*****************************************************************************
[2026-06-15 01:06:00] INFO [convert_xls_to_xlsx] .xls 转换完成: /var***************************************************************************** -> /var********************************************************************
[2026-06-15 01:06:00] INFO [convert_xls_to_xlsx] 正在将 .xls 文件转换为 .xlsx: /var*****************************************************************************
[2026-06-15 01:06:00] INFO [convert_xls_to_xlsx] .xls 转换完成: /var***************************************************************************** -> /var********************************************************************
[2026-06-15 01:06:00] INFO [convert_xls_to_xlsx] 正在将 .xls 文件转换为 .xlsx: /var*****************************************************************************
[2026-06-15 01:06:00] INFO [convert_xls_to_xlsx] .xls 转换完成: /var***************************************************************************** -> /var********************************************************************
[2026-06-15 01:06:00] INFO [setup_logging] 日志系统初始化完成，日志文件: /Use*******************************************************************************************************
[2026-06-15 01:06:00] INFO [setup_logging] 未检测到 tkinter，将使用命令行交互模式
[2026-06-15 01:06:00] INFO [convert_xls_to_xlsx] 正在将 .xls 文件转换为 .xlsx: /var**********************************************************************************
[2026-06-15 01:06:00] INFO [convert_xls_to_xlsx] .xls 转换完成: /var********************************************************************************** -> /var********************************************************************
[2026-06-15 01:06:00] INFO [convert_xls_to_xlsx] 正在将 .xls 文件转换为 .xlsx: /var**********************************************************************************
[2026-06-15 01:06:01] INFO [convert_xls_to_xlsx] .xls 转换完成: /var********************************************************************************** -> /var********************************************************************
[2026-06-15 01:06:01] INFO [setup_logging] 日志系统初始化完成，日志文件: /Use*******************************************************************************************************
[2026-06-15 01:06:01] INFO [setup_logging] 未检测到 tkinter，将使用命令行交互模式
[2026-06-15 01:06:01] INFO [convert_xls_to_xlsx] 正在将 .xls 文件转换为 .xlsx: /var*******************************************************************************
[2026-06-15 01:06:01] INFO [convert_xls_to_xlsx] .xls 转换完成: /var******************************************************************************* -> /var********************************************************************
[2026-06-15 01:06:01] INFO [convert_xls_to_xlsx] 正在将 .xls 文件转换为 .xlsx: /var*******************************************************************************
[2026-06-15 01:06:01] INFO [convert_xls_to_xlsx] .xls 转换完成: /var******************************************************************************* -> /var********************************************************************
[2026-06-15 01:06:01] INFO [setup_logging] 日志系统初始化完成，日志文件: /Use*******************************************************************************************************
[2026-06-15 01:06:01] INFO [setup_logging] 未检测到 tkinter，将使用命令行交互模式
[2026-06-15 01:06:01] INFO [convert_xls_to_xlsx] 正在将 .xls 文件转换为 .xlsx: /var*****************************************************************************
[2026-06-15 01:06:01] INFO [convert_xls_to_xlsx] .xls 转换完成: /var***************************************************************************** -> /var********************************************************************
[2026-06-15 01:06:01] INFO [setup_logging] 日志系统初始化完成，日志文件: /Use*******************************************************************************************************
[2026-06-15 01:06:01] INFO [setup_logging] 未检测到 tkinter，将使用命令行交互模式
[2026-06-15 01:06:01] INFO [convert_xls_to_xlsx] 正在将 .xls 文件转换为 .xlsx: /var*****************************************************************************
[2026-06-15 01:06:01] INFO [convert_xls_to_xlsx] .xls 转换完成: /var***************************************************************************** -> /var********************************************************************
[2026-06-15 01:06:01] INFO [setup_logging] 日志系统初始化完成，日志文件: /Use*******************************************************************************************************
[2026-06-15 01:06:01] INFO [setup_logging] 未检测到 tkinter，将使用命令行交互模式
[2026-06-15 01:06:01] ERROR [convert_xls_to_xlsx] 处理 .xls 文件需要 xlrd 库，请运行: pip install xlrd
[2026-06-15 01:06:01] INFO [setup_logging] 日志系统初始化完成，日志文件: /Use*******************************************************************************************************
[2026-06-15 01:06:01] INFO [setup_logging] 未检测到 tkinter，将使用命令行交互模式
[2026-06-15 01:06:01] INFO [convert_xls_to_xlsx] 正在将 .xls 文件转换为 .xlsx: /var****************************************************************************************
[2026-06-15 01:06:01] INFO [convert_xls_to_xlsx] 正在将 .xls 文件转换为 .xlsx: /var****************************************************************************************
[2026-06-15 01:06:01] INFO [convert_xls_to_xlsx] 正在将 .xls 文件转换为 .xlsx: /var****************************************************************************************
[2026-06-15 01:06:01] INFO [convert_xls_to_xlsx] 正在将 .xls 文件转换为 .xlsx: /var****************************************************************************************
[2026-06-15 01:06:01] INFO [convert_xls_to_xlsx] 正在将 .xls 文件转换为 .xlsx: /var****************************************************************************************
[2026-06-15 01:06:01] INFO [convert_xls_to_xlsx] 正在将 .xls 文件转换为 .xlsx: /var****************************************************************************************
[2026-06-15 01:06:01] INFO [convert_xls_to_xlsx] 正在将 .xls 文件转换为 .xlsx: /var****************************************************************************************
[2026-06-15 01:06:01] INFO [convert_xls_to_xlsx] 正在将 .xls 文件转换为 .xlsx: /var****************************************************************************************
[2026-06-15 01:06:01] INFO [convert_xls_to_xlsx] 正在将 .xls 文件转换为 .xlsx: /var****************************************************************************************
[2026-06-15 01:06:01] INFO [convert_xls_to_xlsx] 正在将 .xls 文件转换为 .xlsx: /var****************************************************************************************
[2026-06-15 01:06:01] INFO [convert_xls_to_xlsx] .xls 转换完成: /var**************************************************************************************** -> /var********************************************************************
[2026-06-15 01:06:01] INFO [convert_xls_to_xlsx] .xls 转换完成: /var**************************************************************************************** -> /var********************************************************************
[2026-06-15 01:06:01] INFO [convert_xls_to_xlsx] .xls 转换完成: /var**************************************************************************************** -> /var********************************************************************
[2026-06-15 01:06:01] INFO [convert_xls_to_xlsx] .xls 转换完成: /var**************************************************************************************** -> /var********************************************************************
[2026-06-15 01:06:01] INFO [convert_xls_to_xlsx] .xls 转换完成: /var**************************************************************************************** -> /var********************************************************************
[2026-06-15 01:06:01] INFO [convert_xls_to_xlsx] .xls 转换完成: /var**************************************************************************************** -> /var********************************************************************
[2026-06-15 01:06:01] INFO [convert_xls_to_xlsx] .xls 转换完成: /var**************************************************************************************** -> /var********************************************************************
[2026-06-15 01:06:01] INFO [convert_xls_to_xlsx] .xls 转换完成: /var**************************************************************************************** -> /var********************************************************************
[2026-06-15 01:06:01] INFO [convert_xls_to_xlsx] .xls 转换完成: /var**************************************************************************************** -> /var********************************************************************
[2026-06-15 01:06:01] INFO [convert_xls_to_xlsx] .xls 转换完成: /var**************************************************************************************** -> /var********************************************************************
[2026-06-15 01:06:01] INFO [setup_logging] 日志系统初始化完成，日志文件: /Use*******************************************************************************************************
[2026-06-15 01:06:01] INFO [setup_logging] 未检测到 tkinter，将使用命令行交互模式
[2026-06-15 01:06:01] INFO [convert_xls_to_xlsx] 正在将 .xls 文件转换为 .xlsx: /var***************************************************************************************
[2026-06-15 01:06:01] INFO [convert_xls_to_xlsx] 正在将 .xls 文件转换为 .xlsx: /var***************************************************************************************
[2026-06-15 01:06:01] INFO [convert_xls_to_xlsx] 正在将 .xls 文件转换为 .xlsx: /var***************************************************************************************
[2026-06-15 01:06:01] INFO [convert_xls_to_xlsx] 正在将 .xls 文件转换为 .xlsx: /var***************************************************************************************
[2026-06-15 01:06:01] INFO [convert_xls_to_xlsx] 正在将 .xls 文件转换为 .xlsx: /var***************************************************************************************
[2026-06-15 01:06:01] INFO [convert_xls_to_xlsx] .xls 转换完成: /var*************************************************************************************** -> /var********************************************************************
[2026-06-15 01:06:01] INFO [convert_xls_to_xlsx] .xls 转换完成: /var*************************************************************************************** -> /var********************************************************************
[2026-06-15 01:06:01] INFO [convert_xls_to_xlsx] .xls 转换完成: /var*************************************************************************************** -> /var********************************************************************
[2026-06-15 01:06:01] INFO [convert_xls_to_xlsx] .xls 转换完成: /var*************************************************************************************** -> /var********************************************************************
[2026-06-15 01:06:01] INFO [convert_xls_to_xlsx] .xls 转换完成: /var*************************************************************************************** -> /var********************************************************************
[2026-06-15 01:06:01] INFO [setup_logging] 日志系统初始化完成，日志文件: /Use*******************************************************************************************************
[2026-06-15 01:06:01] INFO [setup_logging] 未检测到 tkinter，将使用命令行交互模式
[2026-06-15 01:06:01] WARNING [detect_file_format] 检测文件格式失败 /var*****************************************************************************: [Errno 2] No such file or directory: '/var/folders/8t/8rw7_pg16cx2c2mkh_cvpz8m0000gn/T/bankcheck_test_9ftogd_m/test.xls'
[2026-06-15 01:06:01] INFO [convert_xls_to_xlsx] 正在将 .xls 文件转换为 .xlsx: /var*****************************************************************************
[2026-06-15 01:06:01] INFO [convert_xls_to_xlsx] .xls 转换完成: /var***************************************************************************** -> /var********************************************************************
[2026-06-15 01:06:01] INFO [setup_logging] 日志系统初始化完成，日志文件: /Use*******************************************************************************************************
[2026-06-15 01:06:01] INFO [setup_logging] 未检测到 tkinter，将使用命令行交互模式
[2026-06-15 01:06:01] WARNING [detect_file_format] 检测文件格式失败 /var*****************************************************************************: [Errno 2] No such file or directory: '/var/folders/8t/8rw7_pg16cx2c2mkh_cvpz8m0000gn/T/bankcheck_test_igq9euj9/test.xls'
[2026-06-15 01:06:01] INFO [convert_xls_to_xlsx] 正在将 .xls 文件转换为 .xlsx: /var*****************************************************************************
[2026-06-15 01:06:01] INFO [convert_xls_to_xlsx] .xls 转换完成: /var***************************************************************************** -> /var********************************************************************
[2026-06-15 01:06:01] INFO [setup_logging] 日志系统初始化完成，日志文件: /Use*******************************************************************************************************
[2026-06-15 01:06:01] INFO [setup_logging] 未检测到 tkinter，将使用命令行交互模式
[2026-06-15 01:06:01] WARNING [detect_file_format] 检测文件格式失败 /var*****************************************************************************: [Errno 2] No such file or directory: '/var/folders/8t/8rw7_pg16cx2c2mkh_cvpz8m0000gn/T/bankcheck_test_vxdpfopl/test.xls'
[2026-06-15 01:06:01] INFO [convert_xls_to_xlsx] 正在将 .xls 文件转换为 .xlsx: /var*****************************************************************************
[2026-06-15 01:06:01] INFO [convert_xls_to_xlsx] .xls 转换完成: /var***************************************************************************** -> /var********************************************************************
[2026-06-15 01:06:01] WARNING [detect_file_format] 检测文件格式失败 /var*****************************************************************************: [Errno 2] No such file or directory: '/var/folders/8t/8rw7_pg16cx2c2mkh_cvpz8m0000gn/T/bankcheck_test_vxdpfopl/test.xls'
[2026-06-15 01:06:01] INFO [convert_xls_to_xlsx] 正在将 .xls 文件转换为 .xlsx: /var*****************************************************************************
[2026-06-15 01:06:01] INFO [convert_xls_to_xlsx] .xls 转换完成: /var***************************************************************************** -> /var********************************************************************
[2026-06-15 01:06:01] INFO [setup_logging] 日志系统初始化完成，日志文件: /Use*******************************************************************************************************
[2026-06-15 01:06:01] INFO [setup_logging] 未检测到 tkinter，将使用命令行交互模式
[2026-06-15 01:06:01] WARNING [detect_file_format] 检测文件格式失败 /var*****************************************************************************: [Errno 2] No such file or directory: '/var/folders/8t/8rw7_pg16cx2c2mkh_cvpz8m0000gn/T/bankcheck_test_pjy9_us7/test.xls'
[2026-06-15 01:06:01] INFO [convert_xls_to_xlsx] 正在将 .xls 文件转换为 .xlsx: /var*****************************************************************************
[2026-06-15 01:06:01] INFO [convert_xls_to_xlsx] .xls 转换完成: /var***************************************************************************** -> /var********************************************************************
[2026-06-15 01:06:01] INFO [setup_logging] 日志系统初始化完成，日志文件: /Use*******************************************************************************************************
[2026-06-15 01:06:01] INFO [setup_logging] 未检测到 tkinter，将使用命令行交互模式
[2026-06-15 01:06:01] INFO [convert_xls_to_xlsx] 正在将 .xls 文件转换为 .xlsx: /var*****************************************************************************
[2026-06-15 01:06:01] INFO [convert_xls_to_xlsx] .xls 转换完成: /var***************************************************************************** -> /var********************************************************************
[2026-06-15 01:06:01] INFO [setup_logging] 日志系统初始化完成，日志文件: /Use*******************************************************************************************************
[2026-06-15 01:06:01] INFO [setup_logging] 未检测到 tkinter，将使用命令行交互模式
[2026-06-15 01:06:02] INFO [convert_xls_to_xlsx] 正在将 .xls 文件转换为 .xlsx: /var*****************************************************************************
[2026-06-15 01:06:02] INFO [convert_xls_to_xlsx] .xls 转换完成: /var***************************************************************************** -> /var********************************************************************
[2026-06-15 01:06:02] INFO [setup_logging] 日志系统初始化完成，日志文件: /Use*******************************************************************************************************
[2026-06-15 01:06:02] INFO [setup_logging] 未检测到 tkinter，将使用命令行交互模式
[2026-06-15 01:06:02] INFO [setup_logging] 日志系统初始化完成，日志文件: /Use*******************************************************************************************************
[2026-06-15 01:06:02] INFO [setup_logging] 未检测到 tkinter，将使用命令行交互模式
[2026-06-15 01:06:02] INFO [setup_logging] 日志系统初始化完成，日志文件: /Use*******************************************************************************************************
[2026-06-15 01:06:02] INFO [setup_logging] 未检测到 tkinter，将使用命令行交互模式
[2026-06-15 01:06:02] INFO [setup_logging] 日志系统初始化完成，日志文件: /Use*******************************************************************************************************
[2026-06-15 01:06:02] INFO [setup_logging] 未检测到 tkinter，将使用命令行交互模式
[2026-06-15 01:06:02] INFO [setup_logging] 日志系统初始化完成，日志文件: /Use*******************************************************************************************************
[2026-06-15 01:06:02] INFO [setup_logging] 未检测到 tkinter，将使用命令行交互模式
[2026-06-15 01:06:02] INFO [setup_logging] 日志系统初始化完成，日志文件: /Use*******************************************************************************************************
[2026-06-15 01:06:02] INFO [setup_logging] 未检测到 tkinter，将使用命令行交互模式
[2026-06-15 01:06:02] INFO [setup_logging] 日志系统初始化完成，日志文件: /Use*******************************************************************************************************
[2026-06-15 01:06:02] INFO [setup_logging] 未检测到 tkinter，将使用命令行交互模式
[2026-06-15 01:06:02] INFO [setup_logging] 日志系统初始化完成，日志文件: /Use*******************************************************************************************************
[2026-06-15 01:06:02] INFO [setup_logging] 未检测到 tkinter，将使用命令行交互模式
[2026-06-15 01:06:02] INFO [setup_logging] 日志系统初始化完成，日志文件: /Use*******************************************************************************************************
[2026-06-15 01:06:02] INFO [setup_logging] 未检测到 tkinter，将使用命令行交互模式
[2026-06-15 01:06:02] DEBUG [detect_file_format] 文件 /var****************************************************************************** Magic Bytes 检测为 xlsx 格式 (ZIP/OOXML)
[2026-06-15 01:06:02] INFO [setup_logging] 日志系统初始化完成，日志文件: /Use*******************************************************************************************************
[2026-06-15 01:06:02] INFO [setup_logging] 未检测到 tkinter，将使用命令行交互模式
[2026-06-15 01:06:02] DEBUG [detect_file_format] 文件 /var***************************************************************************** Magic Bytes 检测为 xls 格式 (OLE/BIFF)
[2026-06-15 01:06:02] INFO [setup_logging] 日志系统初始化完成，日志文件: /Use*******************************************************************************************************
[2026-06-15 01:06:02] INFO [setup_logging] 未检测到 tkinter，将使用命令行交互模式
[2026-06-15 01:06:02] DEBUG [detect_file_format] 文件 /var***************************************************************************** 检测为 csv 格式 (纯文本)
[2026-06-15 01:06:02] INFO [setup_logging] 日志系统初始化完成，日志文件: /Use*******************************************************************************************************
[2026-06-15 01:06:02] INFO [setup_logging] 未检测到 tkinter，将使用命令行交互模式
[2026-06-15 01:06:02] DEBUG [detect_file_format] 文件 /var****************************************************************************** 头部数据不足，无法检测格式
[2026-06-15 01:06:02] INFO [setup_logging] 日志系统初始化完成，日志文件: /Use*******************************************************************************************************
[2026-06-15 01:06:02] INFO [setup_logging] 未检测到 tkinter，将使用命令行交互模式
[2026-06-15 01:06:02] DEBUG [detect_file_format] 文件 /var****************************************************************************** 头部数据不足，无法检测格式
[2026-06-15 01:06:02] INFO [setup_logging] 日志系统初始化完成，日志文件: /Use*******************************************************************************************************
[2026-06-15 01:06:02] INFO [setup_logging] 未检测到 tkinter，将使用命令行交互模式
[2026-06-15 01:06:02] WARNING [detect_file_format] 检测文件格式失败 /var*************************************************************************************: [Errno 2] No such file or directory: '/var/folders/8t/8rw7_pg16cx2c2mkh_cvpz8m0000gn/T/bankcheck_test_0bvndiot/nonexistent.xlsx'
[2026-06-15 01:06:02] INFO [setup_logging] 日志系统初始化完成，日志文件: /Use*******************************************************************************************************
[2026-06-15 01:06:02] INFO [setup_logging] 未检测到 tkinter，将使用命令行交互模式
[2026-06-15 01:06:02] DEBUG [detect_file_format] 文件 /var***************************************************************************** Magic Bytes 检测为 xlsx 格式 (ZIP/OOXML)
[2026-06-15 01:06:02] INFO [setup_logging] 日志系统初始化完成，日志文件: /Use*******************************************************************************************************
[2026-06-15 01:06:02] INFO [setup_logging] 未检测到 tkinter，将使用命令行交互模式
[2026-06-15 01:06:02] DEBUG [detect_file_format] 文件 /var****************************************************************************** Magic Bytes 检测为 xls 格式 (OLE/BIFF)
[2026-06-15 01:06:02] INFO [setup_logging] 日志系统初始化完成，日志文件: /Use*******************************************************************************************************
[2026-06-15 01:06:02] INFO [setup_logging] 未检测到 tkinter，将使用命令行交互模式
[2026-06-15 01:06:02] DEBUG [detect_file_format] 文件 /var***************************************************************************** Magic Bytes 检测为 xlsx 格式 (ZIP/OOXML)
[2026-06-15 01:06:02] WARNING [open_workbook_compat] 文件「/var*****************************************************************************」扩展名与实际格式不一致：扩展名为 xls，实际为 xlsx，将按 xlsx 格式解析
[2026-06-15 01:06:02] INFO [setup_logging] 日志系统初始化完成，日志文件: /Use*******************************************************************************************************
[2026-06-15 01:06:02] INFO [setup_logging] 未检测到 tkinter，将使用命令行交互模式
[2026-06-15 01:06:02] DEBUG [detect_file_format] 文件 /var****************************************************************************** Magic Bytes 检测为 xls 格式 (OLE/BIFF)
[2026-06-15 01:06:02] WARNING [open_workbook_compat] 文件「/var******************************************************************************」扩展名与实际格式不一致：扩展名为 xlsx，实际为 xls，将按 xls 格式解析
[2026-06-15 01:06:02] INFO [convert_xls_to_xlsx] 正在将 .xls 文件转换为 .xlsx: /var******************************************************************************
[2026-06-15 01:06:02] INFO [convert_xls_to_xlsx] .xls 转换完成: /var****************************************************************************** -> /var********************************************************************
[2026-06-15 01:06:02] INFO [setup_logging] 日志系统初始化完成，日志文件: /Use*******************************************************************************************************
[2026-06-15 01:06:02] INFO [setup_logging] 未检测到 tkinter，将使用命令行交互模式
[2026-06-15 01:06:02] DEBUG [detect_file_format] 文件 /var******************************************************************************** Magic Bytes 检测为 xlsx 格式 (ZIP/OOXML)
[2026-06-15 01:06:02] INFO [setup_logging] 日志系统初始化完成，日志文件: /Use*******************************************************************************************************
[2026-06-15 01:06:02] INFO [setup_logging] 未检测到 tkinter，将使用命令行交互模式
[2026-06-15 01:06:02] DEBUG [detect_file_format] 文件 /var******************************************************************************* Magic Bytes 检测为 xls 格式 (OLE/BIFF)
[2026-06-15 01:06:02] INFO [convert_xls_to_xlsx] 正在将 .xls 文件转换为 .xlsx: /var*******************************************************************************
[2026-06-15 01:06:02] INFO [convert_xls_to_xlsx] .xls 转换完成: /var******************************************************************************* -> /var********************************************************************
[2026-06-15 01:06:02] INFO [setup_logging] 日志系统初始化完成，日志文件: /Use*******************************************************************************************************
[2026-06-15 01:06:02] INFO [setup_logging] 未检测到 tkinter，将使用命令行交互模式
[2026-06-15 01:06:02] DEBUG [detect_file_format] 文件 /var********************************************************************************* Magic Bytes 检测为 xlsx 格式 (ZIP/OOXML)
[2026-06-15 01:06:02] INFO [setup_logging] 日志系统初始化完成，日志文件: /Use*******************************************************************************************************
[2026-06-15 01:06:02] INFO [setup_logging] 未检测到 tkinter，将使用命令行交互模式
[2026-06-15 01:06:02] DEBUG [detect_file_format] 文件 /var******************************************************************************** 未识别的 Magic Bytes: 0001年02月
[2026-06-15 01:06:02] INFO [convert_xls_to_xlsx] 正在将 .xls 文件转换为 .xlsx: /var********************************************************************************
[2026-06-15 01:06:02] INFO [convert_xls_to_xlsx] .xls 转换完成: /var******************************************************************************** -> /var********************************************************************
[2026-06-15 01:06:02] INFO [setup_logging] 日志系统初始化完成，日志文件: /Use*******************************************************************************************************
[2026-06-15 01:06:02] INFO [setup_logging] 未检测到 tkinter，将使用命令行交互模式
[2026-06-15 01:06:02] INFO [identify_bank] 文件「北京银行_流水.xlsx」通过前缀匹配识别为: 北京银行
[2026-06-15 01:06:02] INFO [setup_logging] 日志系统初始化完成，日志文件: /Use*******************************************************************************************************
[2026-06-15 01:06:02] INFO [setup_logging] 未检测到 tkinter，将使用命令行交互模式
[2026-06-15 01:06:02] INFO [identify_bank] 文件「北京银行流水.xlsx」通过前缀匹配识别为: 北京银行
[2026-06-15 01:06:02] INFO [setup_logging] 日志系统初始化完成，日志文件: /Use*******************************************************************************************************
[2026-06-15 01:06:02] INFO [setup_logging] 未检测到 tkinter，将使用命令行交互模式
[2026-06-15 01:06:02] INFO [identify_bank] 文件「东亚银行_流水.xlsx」通过前缀匹配识别为: 东亚银行
[2026-06-15 01:06:02] INFO [setup_logging] 日志系统初始化完成，日志文件: /Use*******************************************************************************************************
[2026-06-15 01:06:02] INFO [setup_logging] 未检测到 tkinter，将使用命令行交互模式
[2026-06-15 01:06:02] INFO [identify_bank] 文件「东亚银行流水.xlsx」通过前缀匹配识别为: 东亚银行
[2026-06-15 01:06:02] INFO [setup_logging] 日志系统初始化完成，日志文件: /Use*******************************************************************************************************
[2026-06-15 01:06:02] INFO [setup_logging] 未检测到 tkinter，将使用命令行交互模式
[2026-06-15 01:06:02] WARNING [identify_bank] 文件「某某未知银行_流水.xlsx」无法识别银行类型
[2026-06-15 01:06:02] WARNING [detect_file_format] 检测文件格式失败 /some/path/某某未知银行_流水.xlsx: [Errno 2] No such file or directory: '/some/path/某某未知银行_流水.xlsx'
[2026-06-15 01:06:02] DEBUG [_get_file_debug_info] 读取 Excel 预览失败 /some/path/某某未知银行_流水.xlsx: [Errno 2] No such file or directory: '/some/path/某某未知银行_流水.xlsx'
[2026-06-15 01:06:02] DEBUG [identify_bank] 银行识别失败 - 文件调试信息:
  文件名: 某某未知银行_流水.xlsx
  扩展名: .xlsx
  文件大小: unknown (0 bytes)
  工作表列表: []
  活动工作表: 
  前 0 行单元格快照:
(no data)
[2026-06-15 01:06:02] INFO [setup_logging] 日志系统初始化完成，日志文件: /Use*******************************************************************************************************
[2026-06-15 01:06:02] INFO [setup_logging] 未检测到 tkinter，将使用命令行交互模式
[2026-06-15 01:06:02] WARNING [identify_bank] 文件「流水文件.xlsx」无法识别银行类型
[2026-06-15 01:06:02] WARNING [detect_file_format] 检测文件格式失败 /some/path/流水文件.xlsx: [Errno 2] No such file or directory: '/some/path/流水文件.xlsx'
[2026-06-15 01:06:02] DEBUG [_get_file_debug_info] 读取 Excel 预览失败 /some/path/流水文件.xlsx: [Errno 2] No such file or directory: '/some/path/流水文件.xlsx'
[2026-06-15 01:06:02] DEBUG [identify_bank] 银行识别失败 - 文件调试信息:
  文件名: 流水文件.xlsx
  扩展名: .xlsx
  文件大小: unknown (0 bytes)
  工作表列表: []
  活动工作表: 
  前 0 行单元格快照:
(no data)
[2026-06-15 01:06:02] INFO [setup_logging] 日志系统初始化完成，日志文件: /Use*******************************************************************************************************
[2026-06-15 01:06:02] INFO [setup_logging] 未检测到 tkinter，将使用命令行交互模式
[2026-06-15 01:06:02] INFO [identify_bank] 文件「2024************」通过正则匹配识别为: 北京银行
[2026-06-15 01:06:02] INFO [setup_logging] 日志系统初始化完成，日志文件: /Use*******************************************************************************************************
[2026-06-15 01:06:02] INFO [setup_logging] 未检测到 tkinter，将使用命令行交互模式
[2026-06-15 01:06:02] WARNING [identify_bank] 文件「.xlsx」无法识别银行类型
[2026-06-15 01:06:02] WARNING [detect_file_format] 检测文件格式失败 /some/path/.xlsx: [Errno 2] No such file or directory: '/some/path/.xlsx'
[2026-06-15 01:06:02] DEBUG [_get_file_debug_info] 读取 Excel 预览失败 /some/path/.xlsx: openpyxl does not support  file format, please check you can open it with Excel first. Supported formats are: .xlsx,.xlsm,.xltx,.xltm
[2026-06-15 01:06:02] DEBUG [identify_bank] 银行识别失败 - 文件调试信息:
  文件名: .xlsx
  扩展名: 
  文件大小: unknown (0 bytes)
  工作表列表: []
  活动工作表: 
  前 0 行单元格快照:
(no data)
[2026-06-15 01:06:02] INFO [setup_logging] 日志系统初始化完成，日志文件: /Use*******************************************************************************************************
[2026-06-15 01:06:02] INFO [setup_logging] 未检测到 tkinter，将使用命令行交互模式
[2026-06-15 01:06:02] INFO [identify_bank] 文件「北京银行东亚银行_流水.xlsx」通过前缀匹配识别为: 北京银行
[2026-06-15 01:06:02] INFO [setup_logging] 日志系统初始化完成，日志文件: /Use*******************************************************************************************************
[2026-06-15 01:06:02] INFO [setup_logging] 未检测到 tkinter，将使用命令行交互模式
[2026-06-15 01:06:02] INFO [identify_bank] 文件「东亚银行.xlsx」通过前缀匹配识别为: 东亚银行
[2026-06-15 01:06:02] INFO [setup_logging] 日志系统初始化完成，日志文件: /Use*******************************************************************************************************
[2026-06-15 01:06:02] INFO [setup_logging] 未检测到 tkinter，将使用命令行交互模式
[2026-06-15 01:06:02] INFO [identify_bank] 文件「2024***************」通过正则匹配识别为: 北京银行
[2026-06-15 01:06:02] INFO [setup_logging] 日志系统初始化完成，日志文件: /Use*******************************************************************************************************
[2026-06-15 01:06:02] INFO [setup_logging] 未检测到 tkinter，将使用命令行交互模式
[2026-06-15 01:06:02] INFO [identify_bank] 文件「2024*************」通过正则匹配识别为: 北京银行
[2026-06-15 01:06:02] INFO [setup_logging] 日志系统初始化完成，日志文件: /Use*******************************************************************************************************
[2026-06-15 01:06:02] INFO [setup_logging] 未检测到 tkinter，将使用命令行交互模式
[2026-06-15 01:06:02] INFO [identify_bank] 文件「2024*************」通过正则匹配识别为: 北京银行
[2026-06-15 01:06:02] INFO [setup_logging] 日志系统初始化完成，日志文件: /Use*******************************************************************************************************
[2026-06-15 01:06:02] INFO [setup_logging] 未检测到 tkinter，将使用命令行交互模式
[2026-06-15 01:06:03] INFO [identify_bank] 文件「2024*************」通过正则匹配识别为: 北京银行
[2026-06-15 01:06:03] INFO [setup_logging] 日志系统初始化完成，日志文件: /Use*******************************************************************************************************
[2026-06-15 01:06:03] INFO [setup_logging] 未检测到 tkinter，将使用命令行交互模式
[2026-06-15 01:06:03] INFO [identify_bank] 文件「交易明细（北京银行）.xlsx」通过正则匹配识别为: 北京银行
[2026-06-15 01:06:03] INFO [setup_logging] 日志系统初始化完成，日志文件: /Use*******************************************************************************************************
[2026-06-15 01:06:03] INFO [setup_logging] 未检测到 tkinter，将使用命令行交互模式
[2026-06-15 01:06:03] INFO [identify_bank] 文件「交易明细(北京银行).xlsx」通过正则匹配识别为: 北京银行
[2026-06-15 01:06:03] INFO [setup_logging] 日志系统初始化完成，日志文件: /Use*******************************************************************************************************
[2026-06-15 01:06:03] INFO [setup_logging] 未检测到 tkinter，将使用命令行交互模式
[2026-06-15 01:06:03] INFO [identify_bank] 文件「2024*************」通过正则匹配识别为: 北京银行
[2026-06-15 01:06:03] INFO [setup_logging] 日志系统初始化完成，日志文件: /Use*******************************************************************************************************
[2026-06-15 01:06:03] INFO [setup_logging] 未检测到 tkinter，将使用命令行交互模式
[2026-06-15 01:06:03] INFO [identify_bank] 文件「2024*************」通过正则匹配识别为: 北京银行
[2026-06-15 01:06:03] INFO [setup_logging] 日志系统初始化完成，日志文件: /Use*******************************************************************************************************
[2026-06-15 01:06:03] INFO [setup_logging] 未检测到 tkinter，将使用命令行交互模式
[2026-06-15 01:06:03] INFO [identify_bank] 文件「2024*************」通过正则匹配识别为: 北京银行
[2026-06-15 01:06:03] INFO [setup_logging] 日志系统初始化完成，日志文件: /Use*******************************************************************************************************
[2026-06-15 01:06:03] INFO [setup_logging] 未检测到 tkinter，将使用命令行交互模式
[2026-06-15 01:06:03] INFO [identify_bank] 文件「2024***************」通过正则匹配识别为: 北京银行
[2026-06-15 01:06:03] INFO [setup_logging] 日志系统初始化完成，日志文件: /Use*******************************************************************************************************
[2026-06-15 01:06:03] INFO [setup_logging] 未检测到 tkinter，将使用命令行交互模式
[2026-06-15 01:06:03] INFO [identify_bank] 文件「2024*************」通过正则匹配识别为: 东亚银行
[2026-06-15 01:06:03] INFO [setup_logging] 日志系统初始化完成，日志文件: /Use*******************************************************************************************************
[2026-06-15 01:06:03] INFO [setup_logging] 未检测到 tkinter，将使用命令行交互模式
[2026-06-15 01:06:03] INFO [identify_bank] 文件「【东亚银行】流水.xlsx」通过正则匹配识别为: 东亚银行
[2026-06-15 01:06:03] INFO [setup_logging] 日志系统初始化完成，日志文件: /Use*******************************************************************************************************
[2026-06-15 01:06:03] INFO [setup_logging] 未检测到 tkinter，将使用命令行交互模式
[2026-06-15 01:06:03] DEBUG [detect_file_format] 文件 /var************************************************************************************** Magic Bytes 检测为 xlsx 格式 (ZIP/OOXML)
[2026-06-15 01:06:03] INFO [_identify_bank_by_content] 文件「unknown_file.xlsx」通过内容特征识别为: 北京银行
[2026-06-15 01:06:03] INFO [setup_logging] 日志系统初始化完成，日志文件: /Use*******************************************************************************************************
[2026-06-15 01:06:03] INFO [setup_logging] 未检测到 tkinter，将使用命令行交互模式
[2026-06-15 01:06:03] DEBUG [detect_file_format] 文件 /var************************************************************************************** Magic Bytes 检测为 xlsx 格式 (ZIP/OOXML)
[2026-06-15 01:06:03] INFO [_identify_bank_by_content] 文件「unknown_file.xlsx」通过内容特征识别为: 东亚银行
[2026-06-15 01:06:03] INFO [setup_logging] 日志系统初始化完成，日志文件: /Use*******************************************************************************************************
[2026-06-15 01:06:03] INFO [setup_logging] 未检测到 tkinter，将使用命令行交互模式
[2026-06-15 01:06:03] INFO [identify_bank] 文件「东亚银行_流水.xlsx」通过前缀匹配识别为: 东亚银行
[2026-06-15 01:06:03] INFO [setup_logging] 日志系统初始化完成，日志文件: /Use*******************************************************************************************************
[2026-06-15 01:06:03] INFO [setup_logging] 未检测到 tkinter，将使用命令行交互模式
[2026-06-15 01:06:03] INFO [identify_bank] 文件「2024*************」通过正则匹配识别为: 东亚银行
[2026-06-15 01:06:03] INFO [setup_logging] 日志系统初始化完成，日志文件: /Use*******************************************************************************************************
[2026-06-15 01:06:03] INFO [setup_logging] 未检测到 tkinter，将使用命令行交互模式
[2026-06-15 01:06:03] WARNING [identify_bank] 文件「test.txt」无法识别银行类型
[2026-06-15 01:06:03] DEBUG [detect_file_format] 文件 /var***************************************************************************** 未识别的 Magic Bytes: e58c****
[2026-06-15 01:06:03] DEBUG [_get_file_debug_info] 读取 Excel 预览失败 /var*****************************************************************************: openpyxl does not support .txt file format, please check you can open it with Excel first. Supported formats are: .xlsx,.xlsm,.xltx,.xltm
[2026-06-15 01:06:03] DEBUG [identify_bank] 银行识别失败 - 文件调试信息:
  文件名: test.txt
  扩展名: .txt
  文件大小: 12.00 B (12 bytes)
  工作表列表: []
  活动工作表: 
  前 0 行单元格快照:
(no data)
[2026-06-15 01:06:03] INFO [setup_logging] 日志系统初始化完成，日志文件: /Use*******************************************************************************************************
[2026-06-15 01:06:03] INFO [setup_logging] 未检测到 tkinter，将使用命令行交互模式
[2026-06-15 01:06:03] INFO [identify_bank] 文件「北京银行.xlsx」通过前缀匹配识别为: 北京银行
[2026-06-15 01:06:03] INFO [setup_logging] 日志系统初始化完成，日志文件: /Use*******************************************************************************************************
[2026-06-15 01:06:03] INFO [setup_logging] 未检测到 tkinter，将使用命令行交互模式
[2026-06-15 01:06:03] DEBUG [detect_file_format] 文件 /var******************************************************************************* Magic Bytes 检测为 xlsx 格式 (ZIP/OOXML)
[2026-06-15 01:06:03] WARNING [identify_bank] 文件「empty.xlsx」无法识别银行类型
[2026-06-15 01:06:03] DEBUG [detect_file_format] 文件 /var******************************************************************************* Magic Bytes 检测为 xlsx 格式 (ZIP/OOXML)
[2026-06-15 01:06:03] DEBUG [identify_bank] 收集银行识别失败调试信息时出错: %d format: a real number is required, not str
[2026-06-15 01:06:03] INFO [setup_logging] 日志系统初始化完成，日志文件: /Use*******************************************************************************************************
[2026-06-15 01:06:03] INFO [setup_logging] 未检测到 tkinter，将使用命令行交互模式
[2026-06-15 01:06:03] DEBUG [detect_file_format] 文件 /var************************************************************************************ Magic Bytes 检测为 xlsx 格式 (ZIP/OOXML)
[2026-06-15 01:06:03] WARNING [identify_bank] 文件「no_account.xlsx」无法识别银行类型
[2026-06-15 01:06:03] DEBUG [detect_file_format] 文件 /var************************************************************************************ Magic Bytes 检测为 xlsx 格式 (ZIP/OOXML)
[2026-06-15 01:06:03] DEBUG [identify_bank] 收集银行识别失败调试信息时出错: %d format: a real number is required, not str
[2026-06-15 01:06:03] INFO [setup_logging] 日志系统初始化完成，日志文件: /Use*******************************************************************************************************
[2026-06-15 01:06:03] INFO [setup_logging] 未检测到 tkinter，将使用命令行交互模式
[2026-06-15 01:06:03] DEBUG [detect_file_format] 文件 /var*************************************************************************************** Magic Bytes 检测为 xlsx 格式 (ZIP/OOXML)
[2026-06-15 01:06:03] WARNING [identify_bank] 文件「short_account.xlsx」无法识别银行类型
[2026-06-15 01:06:03] DEBUG [detect_file_format] 文件 /var*************************************************************************************** Magic Bytes 检测为 xlsx 格式 (ZIP/OOXML)
[2026-06-15 01:06:03] DEBUG [identify_bank] 收集银行识别失败调试信息时出错: %d format: a real number is required, not str
[2026-06-15 01:06:03] INFO [setup_logging] 日志系统初始化完成，日志文件: /Use*******************************************************************************************************
[2026-06-15 01:06:03] INFO [setup_logging] 未检测到 tkinter，将使用命令行交互模式
[2026-06-15 01:06:03] DEBUG [detect_file_format] 文件 /var*************************************************************************************** Magic Bytes 检测为 xlsx 格式 (ZIP/OOXML)
[2026-06-15 01:06:03] INFO [_identify_bank_by_content] 文件「valid_account.xlsx」通过内容特征识别为: 北京银行
[2026-06-15 01:06:03] INFO [setup_logging] 日志系统初始化完成，日志文件: /Use*******************************************************************************************************
[2026-06-15 01:06:03] INFO [setup_logging] 未检测到 tkinter，将使用命令行交互模式
[2026-06-15 01:06:03] INFO [identify_bank] 文件「北京银行东亚.xlsx」通过前缀匹配识别为: 北京银行
[2026-06-15 01:06:03] INFO [setup_logging] 日志系统初始化完成，日志文件: /Use*******************************************************************************************************
[2026-06-15 01:06:03] INFO [setup_logging] 未检测到 tkinter，将使用命令行交互模式
[2026-06-15 01:06:03] INFO [identify_bank] 文件「2024**************」通过正则匹配识别为: 北京银行
[2026-06-15 01:06:03] INFO [setup_logging] 日志系统初始化完成，日志文件: /Use*******************************************************************************************************
[2026-06-15 01:06:03] INFO [setup_logging] 未检测到 tkinter，将使用命令行交互模式
[2026-06-15 01:06:03] INFO [parse] 开始处理北京银行文件: /var*********************************************************************************
[2026-06-15 01:06:03] DEBUG [detect_file_format] 文件 /var********************************************************************************* Magic Bytes 检测为 xlsx 格式 (ZIP/OOXML)
[2026-06-15 01:06:03] INFO [validate_headers] 北京银行文件工作表「交易明细」表头校验通过，7 个字段均匹配
[2026-06-15 01:06:03] DEBUG [detect_file_format] 文件 /var******************************************************************************* Magic Bytes 检测为 xlsx 格式 (ZIP/OOXML)
[2026-06-15 01:06:03] INFO [load_lookup_table] 查找表加载完成：共 5 条条目，5 个唯一账号，0 个扩展字段
[2026-06-15 01:06:03] DEBUG [get_subject_info] 银行账号「0109年03月」匹配到主体: 北********司（优先级: 0）
[2026-06-15 01:06:03] INFO [_parse_sheet] 北京银行文件工作表「交易明细」提取 2 条记录
[2026-06-15 01:06:03] INFO [parse] 北京银行文件处理完成，共提取 2 条记录
[2026-06-15 01:06:03] INFO [setup_logging] 日志系统初始化完成，日志文件: /Use*******************************************************************************************************
[2026-06-15 01:06:03] INFO [setup_logging] 未检测到 tkinter，将使用命令行交互模式
[2026-06-15 01:06:03] INFO [parse] 开始处理东亚银行文件: /var*********************************************************************************
[2026-06-15 01:06:03] DEBUG [detect_file_format] 文件 /var********************************************************************************* Magic Bytes 检测为 xlsx 格式 (ZIP/OOXML)
[2026-06-15 01:06:03] INFO [validate_headers] 东亚银行文件工作表「交易明细」表头校验通过，7 个字段均匹配
[2026-06-15 01:06:03] DEBUG [detect_file_format] 文件 /var******************************************************************************* Magic Bytes 检测为 xlsx 格式 (ZIP/OOXML)
[2026-06-15 01:06:03] INFO [load_lookup_table] 查找表加载完成：共 5 条条目，5 个唯一账号，0 个扩展字段
[2026-06-15 01:06:03] DEBUG [get_subject_info] 银行账号「3881年23月」匹配到主体: 上********司（优先级: 0）
[2026-06-15 01:06:03] INFO [_parse_sheet] 东亚银行文件工作表「交易明细」提取 2 条记录
[2026-06-15 01:06:04] INFO [parse] 东亚银行文件处理完成，共提取 2 条记录
[2026-06-15 01:06:04] INFO [setup_logging] 日志系统初始化完成，日志文件: /Use*******************************************************************************************************
[2026-06-15 01:06:04] INFO [setup_logging] 未检测到 tkinter，将使用命令行交互模式
[2026-06-15 01:06:04] INFO [parse] 开始处理工商银行文件: /var*********************************************************************************
[2026-06-15 01:06:04] DEBUG [detect_file_format] 文件 /var********************************************************************************* Magic Bytes 检测为 xlsx 格式 (ZIP/OOXML)
[2026-06-15 01:06:04] INFO [validate_headers] 工商银行文件工作表「交易明细」表头校验通过，7 个字段均匹配
[2026-06-15 01:06:04] DEBUG [detect_file_format] 文件 /var******************************************************************************* Magic Bytes 检测为 xlsx 格式 (ZIP/OOXML)
[2026-06-15 01:06:04] INFO [load_lookup_table] 查找表加载完成：共 5 条条目，5 个唯一账号，0 个扩展字段
[2026-06-15 01:06:04] DEBUG [get_subject_info] 银行账号「6222年02月」匹配到主体: 深********司（优先级: 0）
[2026-06-15 01:06:04] INFO [_parse_sheet] 工商银行文件工作表「交易明细」提取 2 条记录
[2026-06-15 01:06:04] INFO [parse] 工商银行文件处理完成，共提取 2 条记录
[2026-06-15 01:06:04] INFO [setup_logging] 日志系统初始化完成，日志文件: /Use*******************************************************************************************************
[2026-06-15 01:06:04] INFO [setup_logging] 未检测到 tkinter，将使用命令行交互模式
[2026-06-15 01:06:04] INFO [parse] 开始处理建设银行文件: /var*********************************************************************************
[2026-06-15 01:06:04] DEBUG [detect_file_format] 文件 /var********************************************************************************* Magic Bytes 检测为 xlsx 格式 (ZIP/OOXML)
[2026-06-15 01:06:04] INFO [validate_headers] 建设银行文件工作表「交易明细」表头校验通过，7 个字段均匹配
[2026-06-15 01:06:04] DEBUG [detect_file_format] 文件 /var******************************************************************************* Magic Bytes 检测为 xlsx 格式 (ZIP/OOXML)
[2026-06-15 01:06:04] INFO [load_lookup_table] 查找表加载完成：共 5 条条目，5 个唯一账号，0 个扩展字段
[2026-06-15 01:06:04] DEBUG [get_subject_info] 银行账号「6227年00月」匹配到主体: 广**********司（优先级: 0）
[2026-06-15 01:06:04] INFO [_parse_sheet] 建设银行文件工作表「交易明细」提取 2 条记录
[2026-06-15 01:06:04] INFO [parse] 建设银行文件处理完成，共提取 2 条记录
[2026-06-15 01:06:04] INFO [setup_logging] 日志系统初始化完成，日志文件: /Use*******************************************************************************************************
[2026-06-15 01:06:04] INFO [setup_logging] 未检测到 tkinter，将使用命令行交互模式
[2026-06-15 01:06:04] INFO [parse] 开始处理招商银行文件: /var*********************************************************************************
[2026-06-15 01:06:04] DEBUG [detect_file_format] 文件 /var********************************************************************************* Magic Bytes 检测为 xlsx 格式 (ZIP/OOXML)
[2026-06-15 01:06:04] INFO [validate_headers] 招商银行文件工作表「活期交易明细」表头校验通过，7 个字段均匹配
[2026-06-15 01:06:04] DEBUG [detect_file_format] 文件 /var******************************************************************************* Magic Bytes 检测为 xlsx 格式 (ZIP/OOXML)
[2026-06-15 01:06:04] INFO [load_lookup_table] 查找表加载完成：共 5 条条目，5 个唯一账号，0 个扩展字段
[2026-06-15 01:06:04] DEBUG [get_subject_info] 银行账号「6225年88月」匹配到主体: 杭**********司（优先级: 0）
[2026-06-15 01:06:04] INFO [_parse_sheet] 招商银行文件工作表「活期交易明细」提取 2 条记录
[2026-06-15 01:06:04] INFO [parse] 招商银行文件处理完成，共提取 2 条记录
[2026-06-15 01:06:04] INFO [setup_logging] 日志系统初始化完成，日志文件: /Use*******************************************************************************************************
[2026-06-15 01:06:04] INFO [setup_logging] 未检测到 tkinter，将使用命令行交互模式
[2026-06-15 01:06:04] INFO [parse] 开始处理北京银行文件: /var*********************************************************************************
[2026-06-15 01:06:04] DEBUG [detect_file_format] 文件 /var********************************************************************************* Magic Bytes 检测为 xlsx 格式 (ZIP/OOXML)
[2026-06-15 01:06:04] INFO [validate_headers] 北京银行文件工作表「交易明细」表头校验通过，7 个字段均匹配
[2026-06-15 01:06:04] DEBUG [detect_file_format] 文件 /var******************************************************************************* Magic Bytes 检测为 xlsx 格式 (ZIP/OOXML)
[2026-06-15 01:06:04] INFO [load_lookup_table] 查找表加载完成：共 5 条条目，5 个唯一账号，0 个扩展字段
[2026-06-15 01:06:04] DEBUG [get_subject_info] 银行账号「0109年03月」匹配到主体: 北********司（优先级: 0）
[2026-06-15 01:06:04] INFO [_parse_sheet] 北京银行文件工作表「交易明细」提取 2 条记录
[2026-06-15 01:06:04] INFO [parse] 北京银行文件处理完成，共提取 2 条记录
[2026-06-15 01:06:04] INFO [setup_logging] 日志系统初始化完成，日志文件: /Use*******************************************************************************************************
[2026-06-15 01:06:04] INFO [setup_logging] 未检测到 tkinter，将使用命令行交互模式
[2026-06-15 01:06:04] INFO [parse] 开始处理东亚银行文件: /var*********************************************************************************
[2026-06-15 01:06:04] DEBUG [detect_file_format] 文件 /var********************************************************************************* Magic Bytes 检测为 xlsx 格式 (ZIP/OOXML)
[2026-06-15 01:06:04] INFO [validate_headers] 东亚银行文件工作表「交易明细」表头校验通过，7 个字段均匹配
[2026-06-15 01:06:04] DEBUG [detect_file_format] 文件 /var******************************************************************************* Magic Bytes 检测为 xlsx 格式 (ZIP/OOXML)
[2026-06-15 01:06:04] INFO [load_lookup_table] 查找表加载完成：共 5 条条目，5 个唯一账号，0 个扩展字段
[2026-06-15 01:06:04] DEBUG [get_subject_info] 银行账号「3881年23月」匹配到主体: 上********司（优先级: 0）
[2026-06-15 01:06:04] INFO [_parse_sheet] 东亚银行文件工作表「交易明细」提取 2 条记录
[2026-06-15 01:06:04] INFO [parse] 东亚银行文件处理完成，共提取 2 条记录
[2026-06-15 01:06:04] INFO [setup_logging] 日志系统初始化完成，日志文件: /Use*******************************************************************************************************
[2026-06-15 01:06:04] INFO [setup_logging] 未检测到 tkinter，将使用命令行交互模式
[2026-06-15 01:06:04] INFO [parse] 开始处理工商银行文件: /var*********************************************************************************
[2026-06-15 01:06:04] DEBUG [detect_file_format] 文件 /var********************************************************************************* Magic Bytes 检测为 xlsx 格式 (ZIP/OOXML)
[2026-06-15 01:06:04] INFO [validate_headers] 工商银行文件工作表「交易明细」表头校验通过，7 个字段均匹配
[2026-06-15 01:06:04] DEBUG [detect_file_format] 文件 /var******************************************************************************* Magic Bytes 检测为 xlsx 格式 (ZIP/OOXML)
[2026-06-15 01:06:04] INFO [load_lookup_table] 查找表加载完成：共 5 条条目，5 个唯一账号，0 个扩展字段
[2026-06-15 01:06:04] DEBUG [get_subject_info] 银行账号「6222年02月」匹配到主体: 深********司（优先级: 0）
[2026-06-15 01:06:04] INFO [_parse_sheet] 工商银行文件工作表「交易明细」提取 2 条记录
[2026-06-15 01:06:04] INFO [parse] 工商银行文件处理完成，共提取 2 条记录
[2026-06-15 01:06:04] INFO [setup_logging] 日志系统初始化完成，日志文件: /Use*******************************************************************************************************
[2026-06-15 01:06:04] INFO [setup_logging] 未检测到 tkinter，将使用命令行交互模式
[2026-06-15 01:06:04] INFO [parse] 开始处理建设银行文件: /var*********************************************************************************
[2026-06-15 01:06:04] DEBUG [detect_file_format] 文件 /var********************************************************************************* Magic Bytes 检测为 xlsx 格式 (ZIP/OOXML)
[2026-06-15 01:06:04] INFO [validate_headers] 建设银行文件工作表「交易明细」表头校验通过，7 个字段均匹配
[2026-06-15 01:06:04] DEBUG [detect_file_format] 文件 /var******************************************************************************* Magic Bytes 检测为 xlsx 格式 (ZIP/OOXML)
[2026-06-15 01:06:04] INFO [load_lookup_table] 查找表加载完成：共 5 条条目，5 个唯一账号，0 个扩展字段
[2026-06-15 01:06:04] DEBUG [get_subject_info] 银行账号「6227年00月」匹配到主体: 广**********司（优先级: 0）
[2026-06-15 01:06:04] INFO [_parse_sheet] 建设银行文件工作表「交易明细」提取 2 条记录
[2026-06-15 01:06:04] INFO [parse] 建设银行文件处理完成，共提取 2 条记录
[2026-06-15 01:06:04] INFO [setup_logging] 日志系统初始化完成，日志文件: /Use*******************************************************************************************************
[2026-06-15 01:06:04] INFO [setup_logging] 未检测到 tkinter，将使用命令行交互模式
[2026-06-15 01:06:04] INFO [parse] 开始处理招商银行文件: /var*********************************************************************************
[2026-06-15 01:06:04] DEBUG [detect_file_format] 文件 /var********************************************************************************* Magic Bytes 检测为 xlsx 格式 (ZIP/OOXML)
[2026-06-15 01:06:04] INFO [validate_headers] 招商银行文件工作表「活期交易明细」表头校验通过，7 个字段均匹配
[2026-06-15 01:06:04] DEBUG [detect_file_format] 文件 /var******************************************************************************* Magic Bytes 检测为 xlsx 格式 (ZIP/OOXML)
[2026-06-15 01:06:04] INFO [load_lookup_table] 查找表加载完成：共 5 条条目，5 个唯一账号，0 个扩展字段
[2026-06-15 01:06:04] DEBUG [get_subject_info] 银行账号「6225年88月」匹配到主体: 杭**********司（优先级: 0）
[2026-06-15 01:06:04] INFO [_parse_sheet] 招商银行文件工作表「活期交易明细」提取 2 条记录
[2026-06-15 01:06:04] INFO [parse] 招商银行文件处理完成，共提取 2 条记录
[2026-06-15 01:06:04] INFO [setup_logging] 日志系统初始化完成，日志文件: /Use*******************************************************************************************************
[2026-06-15 01:06:04] INFO [setup_logging] 未检测到 tkinter，将使用命令行交互模式
[2026-06-15 01:06:04] INFO [parse] 开始处理北京银行文件: /var*********************************************************************************
[2026-06-15 01:06:04] DEBUG [detect_file_format] 文件 /var********************************************************************************* Magic Bytes 检测为 xlsx 格式 (ZIP/OOXML)
[2026-06-15 01:06:04] INFO [validate_headers] 北京银行文件工作表「交易明细」表头校验通过，7 个字段均匹配
[2026-06-15 01:06:04] DEBUG [detect_file_format] 文件 /var******************************************************************************* Magic Bytes 检测为 xlsx 格式 (ZIP/OOXML)
[2026-06-15 01:06:04] INFO [load_lookup_table] 查找表加载完成：共 5 条条目，5 个唯一账号，0 个扩展字段
[2026-06-15 01:06:04] DEBUG [get_subject_info] 银行账号「0109年03月」匹配到主体: 北********司（优先级: 0）
[2026-06-15 01:06:05] INFO [_parse_sheet] 北京银行文件工作表「交易明细」提取 2 条记录
[2026-06-15 01:06:05] INFO [parse] 北京银行文件处理完成，共提取 2 条记录
[2026-06-15 01:06:05] INFO [setup_logging] 日志系统初始化完成，日志文件: /Use*******************************************************************************************************
[2026-06-15 01:06:05] INFO [setup_logging] 未检测到 tkinter，将使用命令行交互模式
[2026-06-15 01:06:05] INFO [parse] 开始处理东亚银行文件: /var*********************************************************************************
[2026-06-15 01:06:05] DEBUG [detect_file_format] 文件 /var********************************************************************************* Magic Bytes 检测为 xlsx 格式 (ZIP/OOXML)
[2026-06-15 01:06:05] INFO [validate_headers] 东亚银行文件工作表「交易明细」表头校验通过，7 个字段均匹配
[2026-06-15 01:06:05] DEBUG [detect_file_format] 文件 /var******************************************************************************* Magic Bytes 检测为 xlsx 格式 (ZIP/OOXML)
[2026-06-15 01:06:05] INFO [load_lookup_table] 查找表加载完成：共 5 条条目，5 个唯一账号，0 个扩展字段
[2026-06-15 01:06:05] DEBUG [get_subject_info] 银行账号「3881年23月」匹配到主体: 上********司（优先级: 0）
[2026-06-15 01:06:05] INFO [_parse_sheet] 东亚银行文件工作表「交易明细」提取 2 条记录
[2026-06-15 01:06:05] INFO [parse] 东亚银行文件处理完成，共提取 2 条记录
[2026-06-15 01:06:05] INFO [setup_logging] 日志系统初始化完成，日志文件: /Use*******************************************************************************************************
[2026-06-15 01:06:05] INFO [setup_logging] 未检测到 tkinter，将使用命令行交互模式
[2026-06-15 01:06:05] INFO [parse] 开始处理工商银行文件: /var*********************************************************************************
[2026-06-15 01:06:05] DEBUG [detect_file_format] 文件 /var********************************************************************************* Magic Bytes 检测为 xlsx 格式 (ZIP/OOXML)
[2026-06-15 01:06:05] INFO [validate_headers] 工商银行文件工作表「交易明细」表头校验通过，7 个字段均匹配
[2026-06-15 01:06:05] DEBUG [detect_file_format] 文件 /var******************************************************************************* Magic Bytes 检测为 xlsx 格式 (ZIP/OOXML)
[2026-06-15 01:06:05] INFO [load_lookup_table] 查找表加载完成：共 5 条条目，5 个唯一账号，0 个扩展字段
[2026-06-15 01:06:05] DEBUG [get_subject_info] 银行账号「6222年02月」匹配到主体: 深********司（优先级: 0）
[2026-06-15 01:06:05] INFO [_parse_sheet] 工商银行文件工作表「交易明细」提取 2 条记录
[2026-06-15 01:06:05] INFO [parse] 工商银行文件处理完成，共提取 2 条记录
[2026-06-15 01:06:05] INFO [setup_logging] 日志系统初始化完成，日志文件: /Use*******************************************************************************************************
[2026-06-15 01:06:05] INFO [setup_logging] 未检测到 tkinter，将使用命令行交互模式
[2026-06-15 01:06:05] INFO [parse] 开始处理建设银行文件: /var*********************************************************************************
[2026-06-15 01:06:05] DEBUG [detect_file_format] 文件 /var********************************************************************************* Magic Bytes 检测为 xlsx 格式 (ZIP/OOXML)
[2026-06-15 01:06:05] INFO [validate_headers] 建设银行文件工作表「交易明细」表头校验通过，7 个字段均匹配
[2026-06-15 01:06:05] DEBUG [detect_file_format] 文件 /var******************************************************************************* Magic Bytes 检测为 xlsx 格式 (ZIP/OOXML)
[2026-06-15 01:06:05] INFO [load_lookup_table] 查找表加载完成：共 5 条条目，5 个唯一账号，0 个扩展字段
[2026-06-15 01:06:05] DEBUG [get_subject_info] 银行账号「6227年00月」匹配到主体: 广**********司（优先级: 0）
[2026-06-15 01:06:05] INFO [_parse_sheet] 建设银行文件工作表「交易明细」提取 2 条记录
[2026-06-15 01:06:05] INFO [parse] 建设银行文件处理完成，共提取 2 条记录
[2026-06-15 01:06:05] INFO [setup_logging] 日志系统初始化完成，日志文件: /Use*******************************************************************************************************
[2026-06-15 01:06:05] INFO [setup_logging] 未检测到 tkinter，将使用命令行交互模式
[2026-06-15 01:06:05] INFO [parse] 开始处理招商银行文件: /var*********************************************************************************
[2026-06-15 01:06:05] DEBUG [detect_file_format] 文件 /var********************************************************************************* Magic Bytes 检测为 xlsx 格式 (ZIP/OOXML)
[2026-06-15 01:06:05] INFO [validate_headers] 招商银行文件工作表「活期交易明细」表头校验通过，7 个字段均匹配
[2026-06-15 01:06:05] DEBUG [detect_file_format] 文件 /var******************************************************************************* Magic Bytes 检测为 xlsx 格式 (ZIP/OOXML)
[2026-06-15 01:06:05] INFO [load_lookup_table] 查找表加载完成：共 5 条条目，5 个唯一账号，0 个扩展字段
[2026-06-15 01:06:05] DEBUG [get_subject_info] 银行账号「6225年88月」匹配到主体: 杭**********司（优先级: 0）
[2026-06-15 01:06:05] INFO [_parse_sheet] 招商银行文件工作表「活期交易明细」提取 2 条记录
[2026-06-15 01:06:05] INFO [parse] 招商银行文件处理完成，共提取 2 条记录
[2026-06-15 01:06:05] INFO [setup_logging] 日志系统初始化完成，日志文件: /Use*******************************************************************************************************
[2026-06-15 01:06:05] INFO [setup_logging] 未检测到 tkinter，将使用命令行交互模式
[2026-06-15 01:06:05] INFO [parse] 开始处理北京银行文件: /var*********************************************************************************
[2026-06-15 01:06:05] DEBUG [detect_file_format] 文件 /var********************************************************************************* Magic Bytes 检测为 xlsx 格式 (ZIP/OOXML)
[2026-06-15 01:06:05] INFO [validate_headers] 北京银行文件工作表「交易明细」表头校验通过，7 个字段均匹配
[2026-06-15 01:06:05] DEBUG [detect_file_format] 文件 /var******************************************************************************* Magic Bytes 检测为 xlsx 格式 (ZIP/OOXML)
[2026-06-15 01:06:05] INFO [load_lookup_table] 查找表加载完成：共 5 条条目，5 个唯一账号，0 个扩展字段
[2026-06-15 01:06:05] DEBUG [get_subject_info] 银行账号「0109年03月」匹配到主体: 北********司（优先级: 0）
[2026-06-15 01:06:05] INFO [_parse_sheet] 北京银行文件工作表「交易明细」提取 2 条记录
[2026-06-15 01:06:05] INFO [parse] 北京银行文件处理完成，共提取 2 条记录
[2026-06-15 01:06:05] INFO [setup_logging] 日志系统初始化完成，日志文件: /Use*******************************************************************************************************
[2026-06-15 01:06:05] INFO [setup_logging] 未检测到 tkinter，将使用命令行交互模式
[2026-06-15 01:06:05] INFO [parse] 开始处理东亚银行文件: /var*********************************************************************************
[2026-06-15 01:06:05] DEBUG [detect_file_format] 文件 /var********************************************************************************* Magic Bytes 检测为 xlsx 格式 (ZIP/OOXML)
[2026-06-15 01:06:05] INFO [validate_headers] 东亚银行文件工作表「交易明细」表头校验通过，7 个字段均匹配
[2026-06-15 01:06:05] DEBUG [detect_file_format] 文件 /var******************************************************************************* Magic Bytes 检测为 xlsx 格式 (ZIP/OOXML)
[2026-06-15 01:06:05] INFO [load_lookup_table] 查找表加载完成：共 5 条条目，5 个唯一账号，0 个扩展字段
[2026-06-15 01:06:05] DEBUG [get_subject_info] 银行账号「3881年23月」匹配到主体: 上********司（优先级: 0）
[2026-06-15 01:06:05] INFO [_parse_sheet] 东亚银行文件工作表「交易明细」提取 2 条记录
[2026-06-15 01:06:05] INFO [parse] 东亚银行文件处理完成，共提取 2 条记录
[2026-06-15 01:06:05] INFO [setup_logging] 日志系统初始化完成，日志文件: /Use*******************************************************************************************************
[2026-06-15 01:06:05] INFO [setup_logging] 未检测到 tkinter，将使用命令行交互模式
[2026-06-15 01:06:05] INFO [parse] 开始处理工商银行文件: /var*********************************************************************************
[2026-06-15 01:06:05] DEBUG [detect_file_format] 文件 /var********************************************************************************* Magic Bytes 检测为 xlsx 格式 (ZIP/OOXML)
[2026-06-15 01:06:05] INFO [validate_headers] 工商银行文件工作表「交易明细」表头校验通过，7 个字段均匹配
[2026-06-15 01:06:05] DEBUG [detect_file_format] 文件 /var******************************************************************************* Magic Bytes 检测为 xlsx 格式 (ZIP/OOXML)
[2026-06-15 01:06:05] INFO [load_lookup_table] 查找表加载完成：共 5 条条目，5 个唯一账号，0 个扩展字段
[2026-06-15 01:06:05] DEBUG [get_subject_info] 银行账号「6222年02月」匹配到主体: 深********司（优先级: 0）
[2026-06-15 01:06:05] INFO [_parse_sheet] 工商银行文件工作表「交易明细」提取 2 条记录
[2026-06-15 01:06:05] INFO [parse] 工商银行文件处理完成，共提取 2 条记录
[2026-06-15 01:06:05] INFO [setup_logging] 日志系统初始化完成，日志文件: /Use*******************************************************************************************************
[2026-06-15 01:06:05] INFO [setup_logging] 未检测到 tkinter，将使用命令行交互模式
[2026-06-15 01:06:05] INFO [parse] 开始处理建设银行文件: /var*********************************************************************************
[2026-06-15 01:06:05] DEBUG [detect_file_format] 文件 /var********************************************************************************* Magic Bytes 检测为 xlsx 格式 (ZIP/OOXML)
[2026-06-15 01:06:05] INFO [validate_headers] 建设银行文件工作表「交易明细」表头校验通过，7 个字段均匹配
[2026-06-15 01:06:05] DEBUG [detect_file_format] 文件 /var******************************************************************************* Magic Bytes 检测为 xlsx 格式 (ZIP/OOXML)
[2026-06-15 01:06:06] INFO [load_lookup_table] 查找表加载完成：共 5 条条目，5 个唯一账号，0 个扩展字段
[2026-06-15 01:06:06] DEBUG [get_subject_info] 银行账号「6227年00月」匹配到主体: 广**********司（优先级: 0）
[2026-06-15 01:06:06] INFO [_parse_sheet] 建设银行文件工作表「交易明细」提取 2 条记录
[2026-06-15 01:06:06] INFO [parse] 建设银行文件处理完成，共提取 2 条记录
[2026-06-15 01:06:06] INFO [setup_logging] 日志系统初始化完成，日志文件: /Use*******************************************************************************************************
[2026-06-15 01:06:06] INFO [setup_logging] 未检测到 tkinter，将使用命令行交互模式
[2026-06-15 01:06:06] INFO [parse] 开始处理招商银行文件: /var*********************************************************************************
[2026-06-15 01:06:06] DEBUG [detect_file_format] 文件 /var********************************************************************************* Magic Bytes 检测为 xlsx 格式 (ZIP/OOXML)
[2026-06-15 01:06:06] INFO [validate_headers] 招商银行文件工作表「活期交易明细」表头校验通过，7 个字段均匹配
[2026-06-15 01:06:06] DEBUG [detect_file_format] 文件 /var******************************************************************************* Magic Bytes 检测为 xlsx 格式 (ZIP/OOXML)
[2026-06-15 01:06:06] INFO [load_lookup_table] 查找表加载完成：共 5 条条目，5 个唯一账号，0 个扩展字段
[2026-06-15 01:06:06] DEBUG [get_subject_info] 银行账号「6225年88月」匹配到主体: 杭**********司（优先级: 0）
[2026-06-15 01:06:06] INFO [_parse_sheet] 招商银行文件工作表「活期交易明细」提取 2 条记录
[2026-06-15 01:06:06] INFO [parse] 招商银行文件处理完成，共提取 2 条记录
[2026-06-15 01:06:06] INFO [setup_logging] 日志系统初始化完成，日志文件: /Use*******************************************************************************************************
[2026-06-15 01:06:06] INFO [setup_logging] 未检测到 tkinter，将使用命令行交互模式
[2026-06-15 01:06:06] INFO [parse] 开始处理北京银行文件: /var*********************************************************************************
[2026-06-15 01:06:06] DEBUG [detect_file_format] 文件 /var********************************************************************************* Magic Bytes 检测为 xlsx 格式 (ZIP/OOXML)
[2026-06-15 01:06:06] INFO [validate_headers] 北京银行文件工作表「交易明细」表头校验通过，7 个字段均匹配
[2026-06-15 01:06:06] DEBUG [detect_file_format] 文件 /var******************************************************************************* Magic Bytes 检测为 xlsx 格式 (ZIP/OOXML)
[2026-06-15 01:06:06] INFO [load_lookup_table] 查找表加载完成：共 5 条条目，5 个唯一账号，0 个扩展字段
[2026-06-15 01:06:06] DEBUG [get_subject_info] 银行账号「0109年03月」匹配到主体: 北********司（优先级: 0）
[2026-06-15 01:06:06] INFO [_parse_sheet] 北京银行文件工作表「交易明细」提取 2 条记录
[2026-06-15 01:06:06] INFO [parse] 北京银行文件处理完成，共提取 2 条记录
[2026-06-15 01:06:06] INFO [setup_logging] 日志系统初始化完成，日志文件: /Use*******************************************************************************************************
[2026-06-15 01:06:06] INFO [setup_logging] 未检测到 tkinter，将使用命令行交互模式
[2026-06-15 01:06:06] INFO [parse] 开始处理东亚银行文件: /var*********************************************************************************
[2026-06-15 01:06:06] DEBUG [detect_file_format] 文件 /var********************************************************************************* Magic Bytes 检测为 xlsx 格式 (ZIP/OOXML)
[2026-06-15 01:06:06] INFO [validate_headers] 东亚银行文件工作表「交易明细」表头校验通过，7 个字段均匹配
[2026-06-15 01:06:06] DEBUG [detect_file_format] 文件 /var******************************************************************************* Magic Bytes 检测为 xlsx 格式 (ZIP/OOXML)
[2026-06-15 01:06:06] INFO [load_lookup_table] 查找表加载完成：共 5 条条目，5 个唯一账号，0 个扩展字段
[2026-06-15 01:06:06] DEBUG [get_subject_info] 银行账号「3881年23月」匹配到主体: 上********司（优先级: 0）
[2026-06-15 01:06:06] INFO [_parse_sheet] 东亚银行文件工作表「交易明细」提取 2 条记录
[2026-06-15 01:06:06] INFO [parse] 东亚银行文件处理完成，共提取 2 条记录
[2026-06-15 01:06:06] INFO [setup_logging] 日志系统初始化完成，日志文件: /Use*******************************************************************************************************
[2026-06-15 01:06:06] INFO [setup_logging] 未检测到 tkinter，将使用命令行交互模式
[2026-06-15 01:06:06] INFO [parse] 开始处理工商银行文件: /var*********************************************************************************
[2026-06-15 01:06:06] DEBUG [detect_file_format] 文件 /var********************************************************************************* Magic Bytes 检测为 xlsx 格式 (ZIP/OOXML)
[2026-06-15 01:06:06] INFO [validate_headers] 工商银行文件工作表「交易明细」表头校验通过，7 个字段均匹配
[2026-06-15 01:06:06] DEBUG [detect_file_format] 文件 /var******************************************************************************* Magic Bytes 检测为 xlsx 格式 (ZIP/OOXML)
[2026-06-15 01:06:06] INFO [load_lookup_table] 查找表加载完成：共 5 条条目，5 个唯一账号，0 个扩展字段
[2026-06-15 01:06:06] DEBUG [get_subject_info] 银行账号「6222年02月」匹配到主体: 深********司（优先级: 0）
[2026-06-15 01:06:06] INFO [_parse_sheet] 工商银行文件工作表「交易明细」提取 2 条记录
[2026-06-15 01:06:06] INFO [parse] 工商银行文件处理完成，共提取 2 条记录
[2026-06-15 01:06:06] INFO [setup_logging] 日志系统初始化完成，日志文件: /Use*******************************************************************************************************
[2026-06-15 01:06:06] INFO [setup_logging] 未检测到 tkinter，将使用命令行交互模式
[2026-06-15 01:06:06] INFO [parse] 开始处理建设银行文件: /var*********************************************************************************
[2026-06-15 01:06:06] DEBUG [detect_file_format] 文件 /var********************************************************************************* Magic Bytes 检测为 xlsx 格式 (ZIP/OOXML)
[2026-06-15 01:06:06] INFO [validate_headers] 建设银行文件工作表「交易明细」表头校验通过，7 个字段均匹配
[2026-06-15 01:06:06] DEBUG [detect_file_format] 文件 /var******************************************************************************* Magic Bytes 检测为 xlsx 格式 (ZIP/OOXML)
[2026-06-15 01:06:06] INFO [load_lookup_table] 查找表加载完成：共 5 条条目，5 个唯一账号，0 个扩展字段
[2026-06-15 01:06:06] DEBUG [get_subject_info] 银行账号「6227年00月」匹配到主体: 广**********司（优先级: 0）
[2026-06-15 01:06:06] INFO [_parse_sheet] 建设银行文件工作表「交易明细」提取 2 条记录
[2026-06-15 01:06:06] INFO [parse] 建设银行文件处理完成，共提取 2 条记录
[2026-06-15 01:06:06] INFO [setup_logging] 日志系统初始化完成，日志文件: /Use*******************************************************************************************************
[2026-06-15 01:06:06] INFO [setup_logging] 未检测到 tkinter，将使用命令行交互模式
[2026-06-15 01:06:06] INFO [parse] 开始处理招商银行文件: /var*********************************************************************************
[2026-06-15 01:06:06] DEBUG [detect_file_format] 文件 /var********************************************************************************* Magic Bytes 检测为 xlsx 格式 (ZIP/OOXML)
[2026-06-15 01:06:06] INFO [validate_headers] 招商银行文件工作表「活期交易明细」表头校验通过，7 个字段均匹配
[2026-06-15 01:06:07] DEBUG [detect_file_format] 文件 /var******************************************************************************* Magic Bytes 检测为 xlsx 格式 (ZIP/OOXML)
[2026-06-15 01:06:07] INFO [load_lookup_table] 查找表加载完成：共 5 条条目，5 个唯一账号，0 个扩展字段
[2026-06-15 01:06:07] DEBUG [get_subject_info] 银行账号「6225年88月」匹配到主体: 杭**********司（优先级: 0）
[2026-06-15 01:06:07] INFO [_parse_sheet] 招商银行文件工作表「活期交易明细」提取 2 条记录
[2026-06-15 01:06:07] INFO [parse] 招商银行文件处理完成，共提取 2 条记录
[2026-06-15 01:06:07] INFO [setup_logging] 日志系统初始化完成，日志文件: /Use*******************************************************************************************************
[2026-06-15 01:06:07] INFO [setup_logging] 未检测到 tkinter，将使用命令行交互模式
[2026-06-15 01:06:07] INFO [parse] 开始处理北京银行文件: /var*********************************************************************************
[2026-06-15 01:06:07] DEBUG [detect_file_format] 文件 /var********************************************************************************* Magic Bytes 检测为 xlsx 格式 (ZIP/OOXML)
[2026-06-15 01:06:07] INFO [validate_headers] 北京银行文件工作表「交易明细」表头校验通过，7 个字段均匹配
[2026-06-15 01:06:07] DEBUG [detect_file_format] 文件 /var******************************************************************************* Magic Bytes 检测为 xlsx 格式 (ZIP/OOXML)
[2026-06-15 01:06:07] INFO [load_lookup_table] 查找表加载完成：共 5 条条目，5 个唯一账号，0 个扩展字段
[2026-06-15 01:06:08] DEBUG [get_subject_info] 银行账号「0109年03月」匹配到主体: 北********司（优先级: 0）
[2026-06-15 01:06:08] INFO [_parse_sheet] 北京银行文件工作表「交易明细」提取 2 条记录
[2026-06-15 01:06:08] INFO [parse] 北京银行文件处理完成，共提取 2 条记录
[2026-06-15 01:06:08] INFO [setup_logging] 日志系统初始化完成，日志文件: /Use*******************************************************************************************************
[2026-06-15 01:06:08] INFO [setup_logging] 未检测到 tkinter，将使用命令行交互模式
[2026-06-15 01:06:08] INFO [parse] 开始处理东亚银行文件: /var*********************************************************************************
[2026-06-15 01:06:08] DEBUG [detect_file_format] 文件 /var********************************************************************************* Magic Bytes 检测为 xlsx 格式 (ZIP/OOXML)
[2026-06-15 01:06:09] INFO [validate_headers] 东亚银行文件工作表「交易明细」表头校验通过，7 个字段均匹配
[2026-06-15 01:06:09] DEBUG [detect_file_format] 文件 /var******************************************************************************* Magic Bytes 检测为 xlsx 格式 (ZIP/OOXML)
[2026-06-15 01:06:09] INFO [load_lookup_table] 查找表加载完成：共 5 条条目，5 个唯一账号，0 个扩展字段
[2026-06-15 01:06:09] DEBUG [get_subject_info] 银行账号「3881年23月」匹配到主体: 上********司（优先级: 0）
[2026-06-15 01:06:09] INFO [_parse_sheet] 东亚银行文件工作表「交易明细」提取 2 条记录
[2026-06-15 01:06:09] INFO [parse] 东亚银行文件处理完成，共提取 2 条记录
[2026-06-15 01:06:09] INFO [setup_logging] 日志系统初始化完成，日志文件: /Use*******************************************************************************************************
[2026-06-15 01:06:09] INFO [setup_logging] 未检测到 tkinter，将使用命令行交互模式
[2026-06-15 01:06:09] INFO [parse] 开始处理工商银行文件: /var*********************************************************************************
[2026-06-15 01:06:09] DEBUG [detect_file_format] 文件 /var********************************************************************************* Magic Bytes 检测为 xlsx 格式 (ZIP/OOXML)
[2026-06-15 01:06:09] INFO [validate_headers] 工商银行文件工作表「交易明细」表头校验通过，7 个字段均匹配
[2026-06-15 01:06:09] DEBUG [detect_file_format] 文件 /var******************************************************************************* Magic Bytes 检测为 xlsx 格式 (ZIP/OOXML)
[2026-06-15 01:06:09] INFO [load_lookup_table] 查找表加载完成：共 5 条条目，5 个唯一账号，0 个扩展字段
[2026-06-15 01:06:09] DEBUG [get_subject_info] 银行账号「6222年02月」匹配到主体: 深********司（优先级: 0）
[2026-06-15 01:06:09] INFO [_parse_sheet] 工商银行文件工作表「交易明细」提取 2 条记录
[2026-06-15 01:06:09] INFO [parse] 工商银行文件处理完成，共提取 2 条记录
[2026-06-15 01:06:09] INFO [setup_logging] 日志系统初始化完成，日志文件: /Use*******************************************************************************************************
[2026-06-15 01:06:09] INFO [setup_logging] 未检测到 tkinter，将使用命令行交互模式
[2026-06-15 01:06:09] INFO [parse] 开始处理建设银行文件: /var*********************************************************************************
[2026-06-15 01:06:09] DEBUG [detect_file_format] 文件 /var********************************************************************************* Magic Bytes 检测为 xlsx 格式 (ZIP/OOXML)
[2026-06-15 01:06:09] INFO [validate_headers] 建设银行文件工作表「交易明细」表头校验通过，7 个字段均匹配
[2026-06-15 01:06:09] DEBUG [detect_file_format] 文件 /var******************************************************************************* Magic Bytes 检测为 xlsx 格式 (ZIP/OOXML)
[2026-06-15 01:06:09] INFO [load_lookup_table] 查找表加载完成：共 5 条条目，5 个唯一账号，0 个扩展字段
[2026-06-15 01:06:09] DEBUG [get_subject_info] 银行账号「6227年00月」匹配到主体: 广**********司（优先级: 0）
[2026-06-15 01:06:09] INFO [_parse_sheet] 建设银行文件工作表「交易明细」提取 2 条记录
[2026-06-15 01:06:09] INFO [parse] 建设银行文件处理完成，共提取 2 条记录
[2026-06-15 01:06:09] INFO [setup_logging] 日志系统初始化完成，日志文件: /Use*******************************************************************************************************
[2026-06-15 01:06:09] INFO [setup_logging] 未检测到 tkinter，将使用命令行交互模式
[2026-06-15 01:06:09] INFO [parse] 开始处理招商银行文件: /var*********************************************************************************
[2026-06-15 01:06:09] DEBUG [detect_file_format] 文件 /var********************************************************************************* Magic Bytes 检测为 xlsx 格式 (ZIP/OOXML)
[2026-06-15 01:06:09] INFO [validate_headers] 招商银行文件工作表「活期交易明细」表头校验通过，7 个字段均匹配
[2026-06-15 01:06:09] DEBUG [detect_file_format] 文件 /var******************************************************************************* Magic Bytes 检测为 xlsx 格式 (ZIP/OOXML)
[2026-06-15 01:06:09] INFO [load_lookup_table] 查找表加载完成：共 5 条条目，5 个唯一账号，0 个扩展字段
[2026-06-15 01:06:09] DEBUG [get_subject_info] 银行账号「6225年88月」匹配到主体: 杭**********司（优先级: 0）
[2026-06-15 01:06:09] INFO [_parse_sheet] 招商银行文件工作表「活期交易明细」提取 2 条记录
[2026-06-15 01:06:09] INFO [parse] 招商银行文件处理完成，共提取 2 条记录
[2026-06-15 01:06:09] INFO [setup_logging] 日志系统初始化完成，日志文件: /Use*******************************************************************************************************
[2026-06-15 01:06:09] INFO [setup_logging] 未检测到 tkinter，将使用命令行交互模式
[2026-06-15 01:06:09] INFO [parse] 开始处理北京银行文件: /var*********************************************************************************
[2026-06-15 01:06:09] DEBUG [detect_file_format] 文件 /var********************************************************************************* Magic Bytes 检测为 xlsx 格式 (ZIP/OOXML)
[2026-06-15 01:06:10] INFO [validate_headers] 北京银行文件工作表「交易明细」表头校验通过，7 个字段均匹配
[2026-06-15 01:06:10] DEBUG [detect_file_format] 文件 /var******************************************************************************* Magic Bytes 检测为 xlsx 格式 (ZIP/OOXML)
[2026-06-15 01:06:10] INFO [load_lookup_table] 查找表加载完成：共 5 条条目，5 个唯一账号，0 个扩展字段
[2026-06-15 01:06:10] DEBUG [get_subject_info] 银行账号「0109年03月」匹配到主体: 北********司（优先级: 0）
[2026-06-15 01:06:10] INFO [_parse_sheet] 北京银行文件工作表「交易明细」提取 2 条记录
[2026-06-15 01:06:10] INFO [parse] 北京银行文件处理完成，共提取 2 条记录
[2026-06-15 01:06:10] INFO [setup_logging] 日志系统初始化完成，日志文件: /Use*******************************************************************************************************
[2026-06-15 01:06:10] INFO [setup_logging] 未检测到 tkinter，将使用命令行交互模式
[2026-06-15 01:06:10] INFO [parse] 开始处理东亚银行文件: /var*********************************************************************************
[2026-06-15 01:06:10] DEBUG [detect_file_format] 文件 /var********************************************************************************* Magic Bytes 检测为 xlsx 格式 (ZIP/OOXML)
[2026-06-15 01:06:10] INFO [validate_headers] 东亚银行文件工作表「交易明细」表头校验通过，7 个字段均匹配
[2026-06-15 01:06:10] DEBUG [detect_file_format] 文件 /var******************************************************************************* Magic Bytes 检测为 xlsx 格式 (ZIP/OOXML)
[2026-06-15 01:06:10] INFO [load_lookup_table] 查找表加载完成：共 5 条条目，5 个唯一账号，0 个扩展字段
[2026-06-15 01:06:10] DEBUG [get_subject_info] 银行账号「3881年23月」匹配到主体: 上********司（优先级: 0）
[2026-06-15 01:06:10] INFO [_parse_sheet] 东亚银行文件工作表「交易明细」提取 2 条记录
[2026-06-15 01:06:10] INFO [parse] 东亚银行文件处理完成，共提取 2 条记录
[2026-06-15 01:06:10] INFO [setup_logging] 日志系统初始化完成，日志文件: /Use*******************************************************************************************************
[2026-06-15 01:06:10] INFO [setup_logging] 未检测到 tkinter，将使用命令行交互模式
[2026-06-15 01:06:10] INFO [parse] 开始处理工商银行文件: /var*********************************************************************************
[2026-06-15 01:06:10] DEBUG [detect_file_format] 文件 /var********************************************************************************* Magic Bytes 检测为 xlsx 格式 (ZIP/OOXML)
[2026-06-15 01:06:10] INFO [validate_headers] 工商银行文件工作表「交易明细」表头校验通过，7 个字段均匹配
[2026-06-15 01:06:10] DEBUG [detect_file_format] 文件 /var******************************************************************************* Magic Bytes 检测为 xlsx 格式 (ZIP/OOXML)
[2026-06-15 01:06:10] INFO [load_lookup_table] 查找表加载完成：共 5 条条目，5 个唯一账号，0 个扩展字段
[2026-06-15 01:06:10] DEBUG [get_subject_info] 银行账号「6222年02月」匹配到主体: 深********司（优先级: 0）
[2026-06-15 01:06:10] INFO [_parse_sheet] 工商银行文件工作表「交易明细」提取 2 条记录
[2026-06-15 01:06:10] INFO [parse] 工商银行文件处理完成，共提取 2 条记录
[2026-06-15 01:06:10] INFO [setup_logging] 日志系统初始化完成，日志文件: /Use*******************************************************************************************************
[2026-06-15 01:06:10] INFO [setup_logging] 未检测到 tkinter，将使用命令行交互模式
[2026-06-15 01:06:10] INFO [parse] 开始处理建设银行文件: /var*********************************************************************************
[2026-06-15 01:06:10] DEBUG [detect_file_format] 文件 /var********************************************************************************* Magic Bytes 检测为 xlsx 格式 (ZIP/OOXML)
[2026-06-15 01:06:10] INFO [validate_headers] 建设银行文件工作表「交易明细」表头校验通过，7 个字段均匹配
[2026-06-15 01:06:10] DEBUG [detect_file_format] 文件 /var******************************************************************************* Magic Bytes 检测为 xlsx 格式 (ZIP/OOXML)
[2026-06-15 01:06:10] INFO [load_lookup_table] 查找表加载完成：共 5 条条目，5 个唯一账号，0 个扩展字段
[2026-06-15 01:06:10] DEBUG [get_subject_info] 银行账号「6227年00月」匹配到主体: 广**********司（优先级: 0）
[2026-06-15 01:06:10] INFO [_parse_sheet] 建设银行文件工作表「交易明细」提取 2 条记录
[2026-06-15 01:06:10] INFO [parse] 建设银行文件处理完成，共提取 2 条记录
[2026-06-15 01:06:10] INFO [setup_logging] 日志系统初始化完成，日志文件: /Use*******************************************************************************************************
[2026-06-15 01:06:10] INFO [setup_logging] 未检测到 tkinter，将使用命令行交互模式
[2026-06-15 01:06:10] INFO [parse] 开始处理招商银行文件: /var*********************************************************************************
[2026-06-15 01:06:10] DEBUG [detect_file_format] 文件 /var********************************************************************************* Magic Bytes 检测为 xlsx 格式 (ZIP/OOXML)
[2026-06-15 01:06:10] INFO [validate_headers] 招商银行文件工作表「活期交易明细」表头校验通过，7 个字段均匹配
[2026-06-15 01:06:10] DEBUG [detect_file_format] 文件 /var******************************************************************************* Magic Bytes 检测为 xlsx 格式 (ZIP/OOXML)
[2026-06-15 01:06:10] INFO [load_lookup_table] 查找表加载完成：共 5 条条目，5 个唯一账号，0 个扩展字段
[2026-06-15 01:06:10] DEBUG [get_subject_info] 银行账号「6225年88月」匹配到主体: 杭**********司（优先级: 0）
[2026-06-15 01:06:10] INFO [_parse_sheet] 招商银行文件工作表「活期交易明细」提取 2 条记录
[2026-06-15 01:06:10] INFO [parse] 招商银行文件处理完成，共提取 2 条记录
[2026-06-15 01:06:10] INFO [setup_logging] 日志系统初始化完成，日志文件: /Use*******************************************************************************************************
[2026-06-15 01:06:10] INFO [setup_logging] 未检测到 tkinter，将使用命令行交互模式
[2026-06-15 01:06:10] INFO [parse] 开始处理北京银行文件: /var*********************************************************************************
[2026-06-15 01:06:10] DEBUG [detect_file_format] 文件 /var********************************************************************************* Magic Bytes 检测为 xlsx 格式 (ZIP/OOXML)
[2026-06-15 01:06:10] INFO [validate_headers] 北京银行文件工作表「交易明细」表头校验通过，7 个字段均匹配
[2026-06-15 01:06:10] DEBUG [detect_file_format] 文件 /var******************************************************************************* Magic Bytes 检测为 xlsx 格式 (ZIP/OOXML)
[2026-06-15 01:06:10] INFO [load_lookup_table] 查找表加载完成：共 5 条条目，5 个唯一账号，0 个扩展字段
[2026-06-15 01:06:10] DEBUG [get_subject_info] 银行账号「0109年03月」匹配到主体: 北********司（优先级: 0）
[2026-06-15 01:06:10] INFO [_parse_sheet] 北京银行文件工作表「交易明细」提取 2 条记录
[2026-06-15 01:06:10] INFO [parse] 北京银行文件处理完成，共提取 2 条记录
[2026-06-15 01:06:10] INFO [setup_logging] 日志系统初始化完成，日志文件: /Use*******************************************************************************************************
[2026-06-15 01:06:10] INFO [setup_logging] 未检测到 tkinter，将使用命令行交互模式
[2026-06-15 01:06:10] INFO [parse] 开始处理东亚银行文件: /var*********************************************************************************
[2026-06-15 01:06:10] DEBUG [detect_file_format] 文件 /var********************************************************************************* Magic Bytes 检测为 xlsx 格式 (ZIP/OOXML)
[2026-06-15 01:06:10] INFO [validate_headers] 东亚银行文件工作表「交易明细」表头校验通过，7 个字段均匹配
[2026-06-15 01:06:10] DEBUG [detect_file_format] 文件 /var******************************************************************************* Magic Bytes 检测为 xlsx 格式 (ZIP/OOXML)
[2026-06-15 01:06:10] INFO [load_lookup_table] 查找表加载完成：共 5 条条目，5 个唯一账号，0 个扩展字段
[2026-06-15 01:06:10] DEBUG [get_subject_info] 银行账号「3881年23月」匹配到主体: 上********司（优先级: 0）
[2026-06-15 01:06:10] INFO [_parse_sheet] 东亚银行文件工作表「交易明细」提取 2 条记录
[2026-06-15 01:06:10] INFO [parse] 东亚银行文件处理完成，共提取 2 条记录
[2026-06-15 01:06:10] INFO [setup_logging] 日志系统初始化完成，日志文件: /Use*******************************************************************************************************
[2026-06-15 01:06:10] INFO [setup_logging] 未检测到 tkinter，将使用命令行交互模式
[2026-06-15 01:06:11] INFO [parse] 开始处理工商银行文件: /var*********************************************************************************
[2026-06-15 01:06:11] DEBUG [detect_file_format] 文件 /var********************************************************************************* Magic Bytes 检测为 xlsx 格式 (ZIP/OOXML)
[2026-06-15 01:06:11] INFO [validate_headers] 工商银行文件工作表「交易明细」表头校验通过，7 个字段均匹配
[2026-06-15 01:06:11] DEBUG [detect_file_format] 文件 /var******************************************************************************* Magic Bytes 检测为 xlsx 格式 (ZIP/OOXML)
[2026-06-15 01:06:11] INFO [load_lookup_table] 查找表加载完成：共 5 条条目，5 个唯一账号，0 个扩展字段
[2026-06-15 01:06:11] DEBUG [get_subject_info] 银行账号「6222年02月」匹配到主体: 深********司（优先级: 0）
[2026-06-15 01:06:11] INFO [_parse_sheet] 工商银行文件工作表「交易明细」提取 2 条记录
[2026-06-15 01:06:11] INFO [parse] 工商银行文件处理完成，共提取 2 条记录
[2026-06-15 01:06:11] INFO [setup_logging] 日志系统初始化完成，日志文件: /Use*******************************************************************************************************
[2026-06-15 01:06:11] INFO [setup_logging] 未检测到 tkinter，将使用命令行交互模式
[2026-06-15 01:06:11] INFO [parse] 开始处理建设银行文件: /var*********************************************************************************
[2026-06-15 01:06:11] DEBUG [detect_file_format] 文件 /var********************************************************************************* Magic Bytes 检测为 xlsx 格式 (ZIP/OOXML)
[2026-06-15 01:06:11] INFO [validate_headers] 建设银行文件工作表「交易明细」表头校验通过，7 个字段均匹配
[2026-06-15 01:06:11] DEBUG [detect_file_format] 文件 /var******************************************************************************* Magic Bytes 检测为 xlsx 格式 (ZIP/OOXML)
[2026-06-15 01:06:11] INFO [load_lookup_table] 查找表加载完成：共 5 条条目，5 个唯一账号，0 个扩展字段
[2026-06-15 01:06:11] DEBUG [get_subject_info] 银行账号「6227年00月」匹配到主体: 广**********司（优先级: 0）
[2026-06-15 01:06:11] INFO [_parse_sheet] 建设银行文件工作表「交易明细」提取 2 条记录
[2026-06-15 01:06:11] INFO [parse] 建设银行文件处理完成，共提取 2 条记录
[2026-06-15 01:06:11] INFO [setup_logging] 日志系统初始化完成，日志文件: /Use*******************************************************************************************************
[2026-06-15 01:06:11] INFO [setup_logging] 未检测到 tkinter，将使用命令行交互模式
[2026-06-15 01:06:11] INFO [parse] 开始处理招商银行文件: /var*********************************************************************************
[2026-06-15 01:06:11] DEBUG [detect_file_format] 文件 /var********************************************************************************* Magic Bytes 检测为 xlsx 格式 (ZIP/OOXML)
[2026-06-15 01:06:11] INFO [validate_headers] 招商银行文件工作表「活期交易明细」表头校验通过，7 个字段均匹配
[2026-06-15 01:06:11] DEBUG [detect_file_format] 文件 /var******************************************************************************* Magic Bytes 检测为 xlsx 格式 (ZIP/OOXML)
[2026-06-15 01:06:11] INFO [load_lookup_table] 查找表加载完成：共 5 条条目，5 个唯一账号，0 个扩展字段
[2026-06-15 01:06:11] DEBUG [get_subject_info] 银行账号「6225年88月」匹配到主体: 杭**********司（优先级: 0）
[2026-06-15 01:06:11] INFO [_parse_sheet] 招商银行文件工作表「活期交易明细」提取 2 条记录
[2026-06-15 01:06:11] INFO [parse] 招商银行文件处理完成，共提取 2 条记录
[2026-06-15 01:06:11] INFO [setup_logging] 日志系统初始化完成，日志文件: /Use*******************************************************************************************************
[2026-06-15 01:06:11] INFO [setup_logging] 未检测到 tkinter，将使用命令行交互模式
[2026-06-15 01:06:11] INFO [parse] 开始处理北京银行文件: /var*********************************************************************************
[2026-06-15 01:06:11] DEBUG [detect_file_format] 文件 /var********************************************************************************* Magic Bytes 检测为 xlsx 格式 (ZIP/OOXML)
[2026-06-15 01:06:11] INFO [validate_headers] 北京银行文件工作表「交易明细」表头校验通过，7 个字段均匹配
[2026-06-15 01:06:11] DEBUG [detect_file_format] 文件 /var******************************************************************************* Magic Bytes 检测为 xlsx 格式 (ZIP/OOXML)
[2026-06-15 01:06:11] INFO [load_lookup_table] 查找表加载完成：共 5 条条目，5 个唯一账号，0 个扩展字段
[2026-06-15 01:06:11] DEBUG [get_subject_info] 银行账号「0109年03月」匹配到主体: 北********司（优先级: 0）
[2026-06-15 01:06:11] INFO [_parse_sheet] 北京银行文件工作表「交易明细」提取 2 条记录
[2026-06-15 01:06:11] INFO [parse] 北京银行文件处理完成，共提取 2 条记录
[2026-06-15 01:06:11] INFO [setup_logging] 日志系统初始化完成，日志文件: /Use*******************************************************************************************************
[2026-06-15 01:06:11] INFO [setup_logging] 未检测到 tkinter，将使用命令行交互模式
[2026-06-15 01:06:11] INFO [parse] 开始处理东亚银行文件: /var*********************************************************************************
[2026-06-15 01:06:11] DEBUG [detect_file_format] 文件 /var********************************************************************************* Magic Bytes 检测为 xlsx 格式 (ZIP/OOXML)
[2026-06-15 01:06:11] INFO [validate_headers] 东亚银行文件工作表「交易明细」表头校验通过，7 个字段均匹配
[2026-06-15 01:06:11] DEBUG [detect_file_format] 文件 /var******************************************************************************* Magic Bytes 检测为 xlsx 格式 (ZIP/OOXML)
[2026-06-15 01:06:11] INFO [load_lookup_table] 查找表加载完成：共 5 条条目，5 个唯一账号，0 个扩展字段
[2026-06-15 01:06:11] DEBUG [get_subject_info] 银行账号「3881年23月」匹配到主体: 上********司（优先级: 0）
[2026-06-15 01:06:11] INFO [_parse_sheet] 东亚银行文件工作表「交易明细」提取 2 条记录
[2026-06-15 01:06:11] INFO [parse] 东亚银行文件处理完成，共提取 2 条记录
[2026-06-15 01:06:11] INFO [setup_logging] 日志系统初始化完成，日志文件: /Use*******************************************************************************************************
[2026-06-15 01:06:11] INFO [setup_logging] 未检测到 tkinter，将使用命令行交互模式
[2026-06-15 01:06:11] INFO [parse] 开始处理工商银行文件: /var*********************************************************************************
[2026-06-15 01:06:11] DEBUG [detect_file_format] 文件 /var********************************************************************************* Magic Bytes 检测为 xlsx 格式 (ZIP/OOXML)
[2026-06-15 01:06:11] INFO [validate_headers] 工商银行文件工作表「交易明细」表头校验通过，7 个字段均匹配
[2026-06-15 01:06:11] DEBUG [detect_file_format] 文件 /var******************************************************************************* Magic Bytes 检测为 xlsx 格式 (ZIP/OOXML)
[2026-06-15 01:06:11] INFO [load_lookup_table] 查找表加载完成：共 5 条条目，5 个唯一账号，0 个扩展字段
[2026-06-15 01:06:11] DEBUG [get_subject_info] 银行账号「6222年02月」匹配到主体: 深********司（优先级: 0）
[2026-06-15 01:06:11] INFO [_parse_sheet] 工商银行文件工作表「交易明细」提取 2 条记录
[2026-06-15 01:06:11] INFO [parse] 工商银行文件处理完成，共提取 2 条记录
[2026-06-15 01:06:11] INFO [setup_logging] 日志系统初始化完成，日志文件: /Use*******************************************************************************************************
[2026-06-15 01:06:11] INFO [setup_logging] 未检测到 tkinter，将使用命令行交互模式
[2026-06-15 01:06:11] INFO [parse] 开始处理建设银行文件: /var*********************************************************************************
[2026-06-15 01:06:11] DEBUG [detect_file_format] 文件 /var********************************************************************************* Magic Bytes 检测为 xlsx 格式 (ZIP/OOXML)
[2026-06-15 01:06:11] INFO [validate_headers] 建设银行文件工作表「交易明细」表头校验通过，7 个字段均匹配
[2026-06-15 01:06:11] DEBUG [detect_file_format] 文件 /var******************************************************************************* Magic Bytes 检测为 xlsx 格式 (ZIP/OOXML)
[2026-06-15 01:06:11] INFO [load_lookup_table] 查找表加载完成：共 5 条条目，5 个唯一账号，0 个扩展字段
[2026-06-15 01:06:11] DEBUG [get_subject_info] 银行账号「6227年00月」匹配到主体: 广**********司（优先级: 0）
[2026-06-15 01:06:11] INFO [_parse_sheet] 建设银行文件工作表「交易明细」提取 2 条记录
[2026-06-15 01:06:11] INFO [parse] 建设银行文件处理完成，共提取 2 条记录
[2026-06-15 01:06:11] INFO [setup_logging] 日志系统初始化完成，日志文件: /Use*******************************************************************************************************
[2026-06-15 01:06:11] INFO [setup_logging] 未检测到 tkinter，将使用命令行交互模式
[2026-06-15 01:06:12] INFO [parse] 开始处理招商银行文件: /var*********************************************************************************
[2026-06-15 01:06:12] DEBUG [detect_file_format] 文件 /var********************************************************************************* Magic Bytes 检测为 xlsx 格式 (ZIP/OOXML)
[2026-06-15 01:06:12] INFO [validate_headers] 招商银行文件工作表「活期交易明细」表头校验通过，7 个字段均匹配
[2026-06-15 01:06:12] DEBUG [detect_file_format] 文件 /var******************************************************************************* Magic Bytes 检测为 xlsx 格式 (ZIP/OOXML)
[2026-06-15 01:06:12] INFO [load_lookup_table] 查找表加载完成：共 5 条条目，5 个唯一账号，0 个扩展字段
[2026-06-15 01:06:12] DEBUG [get_subject_info] 银行账号「6225年88月」匹配到主体: 杭**********司（优先级: 0）
[2026-06-15 01:06:12] INFO [_parse_sheet] 招商银行文件工作表「活期交易明细」提取 2 条记录
[2026-06-15 01:06:12] INFO [parse] 招商银行文件处理完成，共提取 2 条记录
[2026-06-15 01:06:12] INFO [setup_logging] 日志系统初始化完成，日志文件: /Use*******************************************************************************************************
[2026-06-15 01:06:12] INFO [setup_logging] 未检测到 tkinter，将使用命令行交互模式
[2026-06-15 01:06:12] INFO [parse] 开始处理北京银行文件: /var*********************************************************************************
[2026-06-15 01:06:12] DEBUG [detect_file_format] 文件 /var********************************************************************************* Magic Bytes 检测为 xlsx 格式 (ZIP/OOXML)
[2026-06-15 01:06:12] INFO [validate_headers] 北京银行文件工作表「交易明细」表头校验通过，7 个字段均匹配
[2026-06-15 01:06:12] DEBUG [detect_file_format] 文件 /var******************************************************************************* Magic Bytes 检测为 xlsx 格式 (ZIP/OOXML)
[2026-06-15 01:06:12] INFO [load_lookup_table] 查找表加载完成：共 5 条条目，5 个唯一账号，0 个扩展字段
[2026-06-15 01:06:12] DEBUG [get_subject_info] 银行账号「0109年03月」匹配到主体: 北********司（优先级: 0）
[2026-06-15 01:06:12] INFO [_parse_sheet] 北京银行文件工作表「交易明细」提取 2 条记录
[2026-06-15 01:06:12] INFO [parse] 北京银行文件处理完成，共提取 2 条记录
[2026-06-15 01:06:12] INFO [setup_logging] 日志系统初始化完成，日志文件: /Use*******************************************************************************************************
[2026-06-15 01:06:12] INFO [setup_logging] 未检测到 tkinter，将使用命令行交互模式
[2026-06-15 01:06:12] INFO [parse] 开始处理东亚银行文件: /var*********************************************************************************
[2026-06-15 01:06:12] DEBUG [detect_file_format] 文件 /var********************************************************************************* Magic Bytes 检测为 xlsx 格式 (ZIP/OOXML)
[2026-06-15 01:06:12] INFO [validate_headers] 东亚银行文件工作表「交易明细」表头校验通过，7 个字段均匹配
[2026-06-15 01:06:12] DEBUG [detect_file_format] 文件 /var******************************************************************************* Magic Bytes 检测为 xlsx 格式 (ZIP/OOXML)
[2026-06-15 01:06:12] INFO [load_lookup_table] 查找表加载完成：共 5 条条目，5 个唯一账号，0 个扩展字段
[2026-06-15 01:06:12] DEBUG [get_subject_info] 银行账号「3881年23月」匹配到主体: 上********司（优先级: 0）
[2026-06-15 01:06:12] INFO [_parse_sheet] 东亚银行文件工作表「交易明细」提取 2 条记录
[2026-06-15 01:06:12] INFO [parse] 东亚银行文件处理完成，共提取 2 条记录
[2026-06-15 01:06:12] INFO [setup_logging] 日志系统初始化完成，日志文件: /Use*******************************************************************************************************
[2026-06-15 01:06:12] INFO [setup_logging] 未检测到 tkinter，将使用命令行交互模式
[2026-06-15 01:06:12] INFO [parse] 开始处理工商银行文件: /var*********************************************************************************
[2026-06-15 01:06:12] DEBUG [detect_file_format] 文件 /var********************************************************************************* Magic Bytes 检测为 xlsx 格式 (ZIP/OOXML)
[2026-06-15 01:06:12] INFO [validate_headers] 工商银行文件工作表「交易明细」表头校验通过，7 个字段均匹配
[2026-06-15 01:06:12] DEBUG [detect_file_format] 文件 /var******************************************************************************* Magic Bytes 检测为 xlsx 格式 (ZIP/OOXML)
[2026-06-15 01:06:12] INFO [load_lookup_table] 查找表加载完成：共 5 条条目，5 个唯一账号，0 个扩展字段
[2026-06-15 01:06:12] DEBUG [get_subject_info] 银行账号「6222年02月」匹配到主体: 深********司（优先级: 0）
[2026-06-15 01:06:12] INFO [_parse_sheet] 工商银行文件工作表「交易明细」提取 2 条记录
[2026-06-15 01:06:12] INFO [parse] 工商银行文件处理完成，共提取 2 条记录
[2026-06-15 01:06:12] INFO [setup_logging] 日志系统初始化完成，日志文件: /Use*******************************************************************************************************
[2026-06-15 01:06:12] INFO [setup_logging] 未检测到 tkinter，将使用命令行交互模式
[2026-06-15 01:06:12] INFO [parse] 开始处理建设银行文件: /var*********************************************************************************
[2026-06-15 01:06:12] DEBUG [detect_file_format] 文件 /var********************************************************************************* Magic Bytes 检测为 xlsx 格式 (ZIP/OOXML)
[2026-06-15 01:06:12] INFO [validate_headers] 建设银行文件工作表「交易明细」表头校验通过，7 个字段均匹配
[2026-06-15 01:06:12] DEBUG [detect_file_format] 文件 /var******************************************************************************* Magic Bytes 检测为 xlsx 格式 (ZIP/OOXML)
[2026-06-15 01:06:12] INFO [load_lookup_table] 查找表加载完成：共 5 条条目，5 个唯一账号，0 个扩展字段
[2026-06-15 01:06:12] DEBUG [get_subject_info] 银行账号「6227年00月」匹配到主体: 广**********司（优先级: 0）
[2026-06-15 01:06:12] INFO [_parse_sheet] 建设银行文件工作表「交易明细」提取 2 条记录
[2026-06-15 01:06:12] INFO [parse] 建设银行文件处理完成，共提取 2 条记录
[2026-06-15 01:06:12] INFO [setup_logging] 日志系统初始化完成，日志文件: /Use*******************************************************************************************************
[2026-06-15 01:06:12] INFO [setup_logging] 未检测到 tkinter，将使用命令行交互模式
[2026-06-15 01:06:12] INFO [parse] 开始处理招商银行文件: /var*********************************************************************************
[2026-06-15 01:06:12] DEBUG [detect_file_format] 文件 /var********************************************************************************* Magic Bytes 检测为 xlsx 格式 (ZIP/OOXML)
[2026-06-15 01:06:12] INFO [validate_headers] 招商银行文件工作表「活期交易明细」表头校验通过，7 个字段均匹配
[2026-06-15 01:06:12] DEBUG [detect_file_format] 文件 /var******************************************************************************* Magic Bytes 检测为 xlsx 格式 (ZIP/OOXML)
[2026-06-15 01:06:12] INFO [load_lookup_table] 查找表加载完成：共 5 条条目，5 个唯一账号，0 个扩展字段
[2026-06-15 01:06:12] DEBUG [get_subject_info] 银行账号「6225年88月」匹配到主体: 杭**********司（优先级: 0）
[2026-06-15 01:06:12] INFO [_parse_sheet] 招商银行文件工作表「活期交易明细」提取 2 条记录
[2026-06-15 01:06:12] INFO [parse] 招商银行文件处理完成，共提取 2 条记录
[2026-06-15 01:06:12] INFO [setup_logging] 日志系统初始化完成，日志文件: /Use*******************************************************************************************************
[2026-06-15 01:06:12] INFO [setup_logging] 未检测到 tkinter，将使用命令行交互模式
[2026-06-15 01:06:12] INFO [parse] 开始处理北京银行文件: /var*********************************************************************************
[2026-06-15 01:06:12] DEBUG [detect_file_format] 文件 /var********************************************************************************* Magic Bytes 检测为 xlsx 格式 (ZIP/OOXML)
[2026-06-15 01:06:12] INFO [validate_headers] 北京银行文件工作表「交易明细」表头校验通过，7 个字段均匹配
[2026-06-15 01:06:12] DEBUG [detect_file_format] 文件 /var******************************************************************************* Magic Bytes 检测为 xlsx 格式 (ZIP/OOXML)
[2026-06-15 01:06:12] INFO [load_lookup_table] 查找表加载完成：共 5 条条目，5 个唯一账号，0 个扩展字段
[2026-06-15 01:06:12] DEBUG [get_subject_info] 银行账号「0109年03月」匹配到主体: 北********司（优先级: 0）
[2026-06-15 01:06:12] INFO [_parse_sheet] 北京银行文件工作表「交易明细」提取 2 条记录
[2026-06-15 01:06:12] INFO [parse] 北京银行文件处理完成，共提取 2 条记录
[2026-06-15 01:06:12] INFO [setup_logging] 日志系统初始化完成，日志文件: /Use*******************************************************************************************************
[2026-06-15 01:06:12] INFO [setup_logging] 未检测到 tkinter，将使用命令行交互模式
[2026-06-15 01:06:13] INFO [parse] 开始处理东亚银行文件: /var*********************************************************************************
[2026-06-15 01:06:13] DEBUG [detect_file_format] 文件 /var********************************************************************************* Magic Bytes 检测为 xlsx 格式 (ZIP/OOXML)
[2026-06-15 01:06:13] INFO [validate_headers] 东亚银行文件工作表「交易明细」表头校验通过，7 个字段均匹配
[2026-06-15 01:06:13] DEBUG [detect_file_format] 文件 /var******************************************************************************* Magic Bytes 检测为 xlsx 格式 (ZIP/OOXML)
[2026-06-15 01:06:13] INFO [load_lookup_table] 查找表加载完成：共 5 条条目，5 个唯一账号，0 个扩展字段
[2026-06-15 01:06:13] DEBUG [get_subject_info] 银行账号「3881年23月」匹配到主体: 上********司（优先级: 0）
[2026-06-15 01:06:13] INFO [_parse_sheet] 东亚银行文件工作表「交易明细」提取 2 条记录
[2026-06-15 01:06:13] INFO [parse] 东亚银行文件处理完成，共提取 2 条记录
[2026-06-15 01:06:13] INFO [setup_logging] 日志系统初始化完成，日志文件: /Use*******************************************************************************************************
[2026-06-15 01:06:13] INFO [setup_logging] 未检测到 tkinter，将使用命令行交互模式
[2026-06-15 01:06:13] INFO [parse] 开始处理工商银行文件: /var*********************************************************************************
[2026-06-15 01:06:13] DEBUG [detect_file_format] 文件 /var********************************************************************************* Magic Bytes 检测为 xlsx 格式 (ZIP/OOXML)
[2026-06-15 01:06:13] INFO [validate_headers] 工商银行文件工作表「交易明细」表头校验通过，7 个字段均匹配
[2026-06-15 01:06:13] DEBUG [detect_file_format] 文件 /var******************************************************************************* Magic Bytes 检测为 xlsx 格式 (ZIP/OOXML)
[2026-06-15 01:06:13] INFO [load_lookup_table] 查找表加载完成：共 5 条条目，5 个唯一账号，0 个扩展字段
[2026-06-15 01:06:13] DEBUG [get_subject_info] 银行账号「6222年02月」匹配到主体: 深********司（优先级: 0）
[2026-06-15 01:06:13] INFO [_parse_sheet] 工商银行文件工作表「交易明细」提取 2 条记录
[2026-06-15 01:06:13] INFO [parse] 工商银行文件处理完成，共提取 2 条记录
[2026-06-15 01:06:13] INFO [setup_logging] 日志系统初始化完成，日志文件: /Use*******************************************************************************************************
[2026-06-15 01:06:13] INFO [setup_logging] 未检测到 tkinter，将使用命令行交互模式
[2026-06-15 01:06:13] INFO [parse] 开始处理建设银行文件: /var*********************************************************************************
[2026-06-15 01:06:13] DEBUG [detect_file_format] 文件 /var********************************************************************************* Magic Bytes 检测为 xlsx 格式 (ZIP/OOXML)
[2026-06-15 01:06:13] INFO [validate_headers] 建设银行文件工作表「交易明细」表头校验通过，7 个字段均匹配
[2026-06-15 01:06:13] DEBUG [detect_file_format] 文件 /var******************************************************************************* Magic Bytes 检测为 xlsx 格式 (ZIP/OOXML)
[2026-06-15 01:06:13] INFO [load_lookup_table] 查找表加载完成：共 5 条条目，5 个唯一账号，0 个扩展字段
[2026-06-15 01:06:13] DEBUG [get_subject_info] 银行账号「6227年00月」匹配到主体: 广**********司（优先级: 0）
[2026-06-15 01:06:13] INFO [_parse_sheet] 建设银行文件工作表「交易明细」提取 2 条记录
[2026-06-15 01:06:13] INFO [parse] 建设银行文件处理完成，共提取 2 条记录
[2026-06-15 01:06:13] INFO [setup_logging] 日志系统初始化完成，日志文件: /Use*******************************************************************************************************
[2026-06-15 01:06:13] INFO [setup_logging] 未检测到 tkinter，将使用命令行交互模式
[2026-06-15 01:06:13] INFO [parse] 开始处理招商银行文件: /var*********************************************************************************
[2026-06-15 01:06:13] DEBUG [detect_file_format] 文件 /var********************************************************************************* Magic Bytes 检测为 xlsx 格式 (ZIP/OOXML)
[2026-06-15 01:06:13] INFO [validate_headers] 招商银行文件工作表「活期交易明细」表头校验通过，7 个字段均匹配
[2026-06-15 01:06:13] DEBUG [detect_file_format] 文件 /var******************************************************************************* Magic Bytes 检测为 xlsx 格式 (ZIP/OOXML)
[2026-06-15 01:06:13] INFO [load_lookup_table] 查找表加载完成：共 5 条条目，5 个唯一账号，0 个扩展字段
[2026-06-15 01:06:13] DEBUG [get_subject_info] 银行账号「6225年88月」匹配到主体: 杭**********司（优先级: 0）
[2026-06-15 01:06:13] INFO [_parse_sheet] 招商银行文件工作表「活期交易明细」提取 2 条记录
[2026-06-15 01:06:13] INFO [parse] 招商银行文件处理完成，共提取 2 条记录
[2026-06-15 01:06:13] INFO [setup_logging] 日志系统初始化完成，日志文件: /Use*******************************************************************************************************
[2026-06-15 01:06:13] INFO [setup_logging] 未检测到 tkinter，将使用命令行交互模式
[2026-06-15 01:06:13] INFO [parse] 开始处理北京银行文件: /var*********************************************************************************
[2026-06-15 01:06:13] DEBUG [detect_file_format] 文件 /var********************************************************************************* Magic Bytes 检测为 xlsx 格式 (ZIP/OOXML)
[2026-06-15 01:06:13] INFO [validate_headers] 北京银行文件工作表「交易明细」表头校验通过，7 个字段均匹配
[2026-06-15 01:06:13] DEBUG [detect_file_format] 文件 /var******************************************************************************* Magic Bytes 检测为 xlsx 格式 (ZIP/OOXML)
[2026-06-15 01:06:13] INFO [load_lookup_table] 查找表加载完成：共 5 条条目，5 个唯一账号，0 个扩展字段
[2026-06-15 01:06:13] DEBUG [get_subject_info] 银行账号「0109年03月」匹配到主体: 北********司（优先级: 0）
[2026-06-15 01:06:13] INFO [_parse_sheet] 北京银行文件工作表「交易明细」提取 2 条记录
[2026-06-15 01:06:13] INFO [parse] 北京银行文件处理完成，共提取 2 条记录
[2026-06-15 01:06:13] INFO [setup_logging] 日志系统初始化完成，日志文件: /Use*******************************************************************************************************
[2026-06-15 01:06:13] INFO [setup_logging] 未检测到 tkinter，将使用命令行交互模式
[2026-06-15 01:06:13] INFO [parse] 开始处理东亚银行文件: /var*********************************************************************************
[2026-06-15 01:06:13] DEBUG [detect_file_format] 文件 /var********************************************************************************* Magic Bytes 检测为 xlsx 格式 (ZIP/OOXML)
[2026-06-15 01:06:13] INFO [validate_headers] 东亚银行文件工作表「交易明细」表头校验通过，7 个字段均匹配
[2026-06-15 01:06:13] DEBUG [detect_file_format] 文件 /var******************************************************************************* Magic Bytes 检测为 xlsx 格式 (ZIP/OOXML)
[2026-06-15 01:06:13] INFO [load_lookup_table] 查找表加载完成：共 5 条条目，5 个唯一账号，0 个扩展字段
[2026-06-15 01:06:13] DEBUG [get_subject_info] 银行账号「3881年23月」匹配到主体: 上********司（优先级: 0）
[2026-06-15 01:06:13] INFO [_parse_sheet] 东亚银行文件工作表「交易明细」提取 2 条记录
[2026-06-15 01:06:13] INFO [parse] 东亚银行文件处理完成，共提取 2 条记录
[2026-06-15 01:06:13] INFO [setup_logging] 日志系统初始化完成，日志文件: /Use*******************************************************************************************************
[2026-06-15 01:06:13] INFO [setup_logging] 未检测到 tkinter，将使用命令行交互模式
[2026-06-15 01:06:13] INFO [parse] 开始处理工商银行文件: /var*********************************************************************************
[2026-06-15 01:06:13] DEBUG [detect_file_format] 文件 /var********************************************************************************* Magic Bytes 检测为 xlsx 格式 (ZIP/OOXML)
[2026-06-15 01:06:13] INFO [validate_headers] 工商银行文件工作表「交易明细」表头校验通过，7 个字段均匹配
[2026-06-15 01:06:14] DEBUG [detect_file_format] 文件 /var******************************************************************************* Magic Bytes 检测为 xlsx 格式 (ZIP/OOXML)
[2026-06-15 01:06:14] INFO [load_lookup_table] 查找表加载完成：共 5 条条目，5 个唯一账号，0 个扩展字段
[2026-06-15 01:06:14] DEBUG [get_subject_info] 银行账号「6222年02月」匹配到主体: 深********司（优先级: 0）
[2026-06-15 01:06:14] INFO [_parse_sheet] 工商银行文件工作表「交易明细」提取 2 条记录
[2026-06-15 01:06:14] INFO [parse] 工商银行文件处理完成，共提取 2 条记录
[2026-06-15 01:06:14] INFO [setup_logging] 日志系统初始化完成，日志文件: /Use*******************************************************************************************************
[2026-06-15 01:06:14] INFO [setup_logging] 未检测到 tkinter，将使用命令行交互模式
[2026-06-15 01:06:14] INFO [parse] 开始处理建设银行文件: /var*********************************************************************************
[2026-06-15 01:06:14] DEBUG [detect_file_format] 文件 /var********************************************************************************* Magic Bytes 检测为 xlsx 格式 (ZIP/OOXML)
[2026-06-15 01:06:14] INFO [validate_headers] 建设银行文件工作表「交易明细」表头校验通过，7 个字段均匹配
[2026-06-15 01:06:14] DEBUG [detect_file_format] 文件 /var******************************************************************************* Magic Bytes 检测为 xlsx 格式 (ZIP/OOXML)
[2026-06-15 01:06:14] INFO [load_lookup_table] 查找表加载完成：共 5 条条目，5 个唯一账号，0 个扩展字段
[2026-06-15 01:06:14] DEBUG [get_subject_info] 银行账号「6227年00月」匹配到主体: 广**********司（优先级: 0）
[2026-06-15 01:06:14] INFO [_parse_sheet] 建设银行文件工作表「交易明细」提取 2 条记录
[2026-06-15 01:06:14] INFO [parse] 建设银行文件处理完成，共提取 2 条记录
[2026-06-15 01:06:14] INFO [setup_logging] 日志系统初始化完成，日志文件: /Use*******************************************************************************************************
[2026-06-15 01:06:14] INFO [setup_logging] 未检测到 tkinter，将使用命令行交互模式
[2026-06-15 01:06:14] INFO [parse] 开始处理招商银行文件: /var*********************************************************************************
[2026-06-15 01:06:14] DEBUG [detect_file_format] 文件 /var********************************************************************************* Magic Bytes 检测为 xlsx 格式 (ZIP/OOXML)
[2026-06-15 01:06:14] INFO [validate_headers] 招商银行文件工作表「活期交易明细」表头校验通过，7 个字段均匹配
[2026-06-15 01:06:14] DEBUG [detect_file_format] 文件 /var******************************************************************************* Magic Bytes 检测为 xlsx 格式 (ZIP/OOXML)
[2026-06-15 01:06:14] INFO [load_lookup_table] 查找表加载完成：共 5 条条目，5 个唯一账号，0 个扩展字段
[2026-06-15 01:06:14] DEBUG [get_subject_info] 银行账号「6225年88月」匹配到主体: 杭**********司（优先级: 0）
[2026-06-15 01:06:14] INFO [_parse_sheet] 招商银行文件工作表「活期交易明细」提取 2 条记录
[2026-06-15 01:06:14] INFO [parse] 招商银行文件处理完成，共提取 2 条记录
[2026-06-15 01:06:14] INFO [setup_logging] 日志系统初始化完成，日志文件: /Use*******************************************************************************************************
[2026-06-15 01:06:14] INFO [setup_logging] 未检测到 tkinter，将使用命令行交互模式
[2026-06-15 01:06:14] INFO [parse] 开始处理北京银行文件: /var*********************************************************************************
[2026-06-15 01:06:14] DEBUG [detect_file_format] 文件 /var********************************************************************************* Magic Bytes 检测为 xlsx 格式 (ZIP/OOXML)
[2026-06-15 01:06:14] INFO [validate_headers] 北京银行文件工作表「交易明细」表头校验通过，7 个字段均匹配
[2026-06-15 01:06:14] DEBUG [detect_file_format] 文件 /var******************************************************************************* Magic Bytes 检测为 xlsx 格式 (ZIP/OOXML)
[2026-06-15 01:06:14] INFO [load_lookup_table] 查找表加载完成：共 5 条条目，5 个唯一账号，0 个扩展字段
[2026-06-15 01:06:14] DEBUG [get_subject_info] 银行账号「0109年03月」匹配到主体: 北********司（优先级: 0）
[2026-06-15 01:06:14] INFO [_parse_sheet] 北京银行文件工作表「交易明细」提取 2 条记录
[2026-06-15 01:06:14] INFO [parse] 北京银行文件处理完成，共提取 2 条记录
[2026-06-15 01:06:14] INFO [setup_logging] 日志系统初始化完成，日志文件: /Use*******************************************************************************************************
[2026-06-15 01:06:14] INFO [setup_logging] 未检测到 tkinter，将使用命令行交互模式
[2026-06-15 01:06:14] INFO [parse] 开始处理东亚银行文件: /var*********************************************************************************
[2026-06-15 01:06:14] DEBUG [detect_file_format] 文件 /var********************************************************************************* Magic Bytes 检测为 xlsx 格式 (ZIP/OOXML)
[2026-06-15 01:06:14] INFO [validate_headers] 东亚银行文件工作表「交易明细」表头校验通过，7 个字段均匹配
[2026-06-15 01:06:14] DEBUG [detect_file_format] 文件 /var******************************************************************************* Magic Bytes 检测为 xlsx 格式 (ZIP/OOXML)
[2026-06-15 01:06:14] INFO [load_lookup_table] 查找表加载完成：共 5 条条目，5 个唯一账号，0 个扩展字段
[2026-06-15 01:06:14] DEBUG [get_subject_info] 银行账号「3881年23月」匹配到主体: 上********司（优先级: 0）
[2026-06-15 01:06:14] INFO [_parse_sheet] 东亚银行文件工作表「交易明细」提取 2 条记录
[2026-06-15 01:06:14] INFO [parse] 东亚银行文件处理完成，共提取 2 条记录
[2026-06-15 01:06:14] INFO [setup_logging] 日志系统初始化完成，日志文件: /Use*******************************************************************************************************
[2026-06-15 01:06:14] INFO [setup_logging] 未检测到 tkinter，将使用命令行交互模式
[2026-06-15 01:06:14] INFO [parse] 开始处理工商银行文件: /var*********************************************************************************
[2026-06-15 01:06:14] DEBUG [detect_file_format] 文件 /var********************************************************************************* Magic Bytes 检测为 xlsx 格式 (ZIP/OOXML)
[2026-06-15 01:06:14] INFO [validate_headers] 工商银行文件工作表「交易明细」表头校验通过，7 个字段均匹配
[2026-06-15 01:06:14] DEBUG [detect_file_format] 文件 /var******************************************************************************* Magic Bytes 检测为 xlsx 格式 (ZIP/OOXML)
[2026-06-15 01:06:14] INFO [load_lookup_table] 查找表加载完成：共 5 条条目，5 个唯一账号，0 个扩展字段
[2026-06-15 01:06:14] DEBUG [get_subject_info] 银行账号「6222年02月」匹配到主体: 深********司（优先级: 0）
[2026-06-15 01:06:14] INFO [_parse_sheet] 工商银行文件工作表「交易明细」提取 2 条记录
[2026-06-15 01:06:14] INFO [parse] 工商银行文件处理完成，共提取 2 条记录
[2026-06-15 01:06:14] INFO [setup_logging] 日志系统初始化完成，日志文件: /Use*******************************************************************************************************
[2026-06-15 01:06:14] INFO [setup_logging] 未检测到 tkinter，将使用命令行交互模式
[2026-06-15 01:06:14] INFO [parse] 开始处理建设银行文件: /var*********************************************************************************
[2026-06-15 01:06:14] DEBUG [detect_file_format] 文件 /var********************************************************************************* Magic Bytes 检测为 xlsx 格式 (ZIP/OOXML)
[2026-06-15 01:06:14] INFO [validate_headers] 建设银行文件工作表「交易明细」表头校验通过，7 个字段均匹配
[2026-06-15 01:06:14] DEBUG [detect_file_format] 文件 /var******************************************************************************* Magic Bytes 检测为 xlsx 格式 (ZIP/OOXML)
[2026-06-15 01:06:14] INFO [load_lookup_table] 查找表加载完成：共 5 条条目，5 个唯一账号，0 个扩展字段
[2026-06-15 01:06:14] DEBUG [get_subject_info] 银行账号「6227年00月」匹配到主体: 广**********司（优先级: 0）
[2026-06-15 01:06:14] INFO [_parse_sheet] 建设银行文件工作表「交易明细」提取 2 条记录
[2026-06-15 01:06:14] INFO [parse] 建设银行文件处理完成，共提取 2 条记录
[2026-06-15 01:06:14] INFO [setup_logging] 日志系统初始化完成，日志文件: /Use*******************************************************************************************************
[2026-06-15 01:06:14] INFO [setup_logging] 未检测到 tkinter，将使用命令行交互模式
[2026-06-15 01:06:14] INFO [parse] 开始处理招商银行文件: /var*********************************************************************************
[2026-06-15 01:06:14] DEBUG [detect_file_format] 文件 /var********************************************************************************* Magic Bytes 检测为 xlsx 格式 (ZIP/OOXML)
[2026-06-15 01:06:14] INFO [validate_headers] 招商银行文件工作表「活期交易明细」表头校验通过，7 个字段均匹配
[2026-06-15 01:06:14] DEBUG [detect_file_format] 文件 /var******************************************************************************* Magic Bytes 检测为 xlsx 格式 (ZIP/OOXML)
[2026-06-15 01:06:15] INFO [load_lookup_table] 查找表加载完成：共 5 条条目，5 个唯一账号，0 个扩展字段
[2026-06-15 01:06:15] DEBUG [get_subject_info] 银行账号「6225年88月」匹配到主体: 杭**********司（优先级: 0）
[2026-06-15 01:06:15] INFO [_parse_sheet] 招商银行文件工作表「活期交易明细」提取 2 条记录
[2026-06-15 01:06:15] INFO [parse] 招商银行文件处理完成，共提取 2 条记录
[2026-06-15 01:06:15] INFO [setup_logging] 日志系统初始化完成，日志文件: /Use*******************************************************************************************************
[2026-06-15 01:06:15] INFO [setup_logging] 未检测到 tkinter，将使用命令行交互模式
[2026-06-15 01:06:15] INFO [parse] 开始处理北京银行文件: /var*********************************************************************************
[2026-06-15 01:06:15] DEBUG [detect_file_format] 文件 /var********************************************************************************* Magic Bytes 检测为 xlsx 格式 (ZIP/OOXML)
[2026-06-15 01:06:15] INFO [validate_headers] 北京银行文件工作表「交易明细」表头校验通过，7 个字段均匹配
[2026-06-15 01:06:15] DEBUG [detect_file_format] 文件 /var******************************************************************************* Magic Bytes 检测为 xlsx 格式 (ZIP/OOXML)
[2026-06-15 01:06:15] INFO [load_lookup_table] 查找表加载完成：共 5 条条目，5 个唯一账号，0 个扩展字段
[2026-06-15 01:06:15] DEBUG [get_subject_info] 银行账号「0109年03月」匹配到主体: 北********司（优先级: 0）
[2026-06-15 01:06:15] INFO [_parse_sheet] 北京银行文件工作表「交易明细」提取 2 条记录
[2026-06-15 01:06:15] INFO [parse] 北京银行文件处理完成，共提取 2 条记录
[2026-06-15 01:06:15] INFO [setup_logging] 日志系统初始化完成，日志文件: /Use*******************************************************************************************************
[2026-06-15 01:06:15] INFO [setup_logging] 未检测到 tkinter，将使用命令行交互模式
[2026-06-15 01:06:15] INFO [parse] 开始处理东亚银行文件: /var*********************************************************************************
[2026-06-15 01:06:15] DEBUG [detect_file_format] 文件 /var********************************************************************************* Magic Bytes 检测为 xlsx 格式 (ZIP/OOXML)
[2026-06-15 01:06:15] INFO [validate_headers] 东亚银行文件工作表「交易明细」表头校验通过，7 个字段均匹配
[2026-06-15 01:06:15] DEBUG [detect_file_format] 文件 /var******************************************************************************* Magic Bytes 检测为 xlsx 格式 (ZIP/OOXML)
[2026-06-15 01:06:15] INFO [load_lookup_table] 查找表加载完成：共 5 条条目，5 个唯一账号，0 个扩展字段
[2026-06-15 01:06:15] DEBUG [get_subject_info] 银行账号「3881年23月」匹配到主体: 上********司（优先级: 0）
[2026-06-15 01:06:15] INFO [_parse_sheet] 东亚银行文件工作表「交易明细」提取 2 条记录
[2026-06-15 01:06:15] INFO [parse] 东亚银行文件处理完成，共提取 2 条记录
[2026-06-15 01:06:15] INFO [setup_logging] 日志系统初始化完成，日志文件: /Use*******************************************************************************************************
[2026-06-15 01:06:15] INFO [setup_logging] 未检测到 tkinter，将使用命令行交互模式
[2026-06-15 01:06:15] INFO [parse] 开始处理工商银行文件: /var*********************************************************************************
[2026-06-15 01:06:15] DEBUG [detect_file_format] 文件 /var********************************************************************************* Magic Bytes 检测为 xlsx 格式 (ZIP/OOXML)
[2026-06-15 01:06:15] INFO [validate_headers] 工商银行文件工作表「交易明细」表头校验通过，7 个字段均匹配
[2026-06-15 01:06:15] DEBUG [detect_file_format] 文件 /var******************************************************************************* Magic Bytes 检测为 xlsx 格式 (ZIP/OOXML)
[2026-06-15 01:06:15] INFO [load_lookup_table] 查找表加载完成：共 5 条条目，5 个唯一账号，0 个扩展字段
[2026-06-15 01:06:15] DEBUG [get_subject_info] 银行账号「6222年02月」匹配到主体: 深********司（优先级: 0）
[2026-06-15 01:06:15] INFO [_parse_sheet] 工商银行文件工作表「交易明细」提取 2 条记录
[2026-06-15 01:06:15] INFO [parse] 工商银行文件处理完成，共提取 2 条记录
[2026-06-15 01:06:15] INFO [setup_logging] 日志系统初始化完成，日志文件: /Use*******************************************************************************************************
[2026-06-15 01:06:15] INFO [setup_logging] 未检测到 tkinter，将使用命令行交互模式
[2026-06-15 01:06:15] INFO [parse] 开始处理建设银行文件: /var*********************************************************************************
[2026-06-15 01:06:15] DEBUG [detect_file_format] 文件 /var********************************************************************************* Magic Bytes 检测为 xlsx 格式 (ZIP/OOXML)
[2026-06-15 01:06:15] INFO [validate_headers] 建设银行文件工作表「交易明细」表头校验通过，7 个字段均匹配
[2026-06-15 01:06:15] DEBUG [detect_file_format] 文件 /var******************************************************************************* Magic Bytes 检测为 xlsx 格式 (ZIP/OOXML)
[2026-06-15 01:06:15] INFO [load_lookup_table] 查找表加载完成：共 5 条条目，5 个唯一账号，0 个扩展字段
[2026-06-15 01:06:15] DEBUG [get_subject_info] 银行账号「6227年00月」匹配到主体: 广**********司（优先级: 0）
[2026-06-15 01:06:15] INFO [_parse_sheet] 建设银行文件工作表「交易明细」提取 2 条记录
[2026-06-15 01:06:15] INFO [parse] 建设银行文件处理完成，共提取 2 条记录
[2026-06-15 01:06:15] INFO [setup_logging] 日志系统初始化完成，日志文件: /Use*******************************************************************************************************
[2026-06-15 01:06:15] INFO [setup_logging] 未检测到 tkinter，将使用命令行交互模式
[2026-06-15 01:06:15] INFO [parse] 开始处理招商银行文件: /var*********************************************************************************
[2026-06-15 01:06:15] DEBUG [detect_file_format] 文件 /var********************************************************************************* Magic Bytes 检测为 xlsx 格式 (ZIP/OOXML)
[2026-06-15 01:06:15] INFO [validate_headers] 招商银行文件工作表「活期交易明细」表头校验通过，7 个字段均匹配
[2026-06-15 01:06:15] DEBUG [detect_file_format] 文件 /var******************************************************************************* Magic Bytes 检测为 xlsx 格式 (ZIP/OOXML)
[2026-06-15 01:06:15] INFO [load_lookup_table] 查找表加载完成：共 5 条条目，5 个唯一账号，0 个扩展字段
[2026-06-15 01:06:15] DEBUG [get_subject_info] 银行账号「6225年88月」匹配到主体: 杭**********司（优先级: 0）
[2026-06-15 01:06:15] INFO [_parse_sheet] 招商银行文件工作表「活期交易明细」提取 2 条记录
[2026-06-15 01:06:15] INFO [parse] 招商银行文件处理完成，共提取 2 条记录
[2026-06-15 01:06:15] INFO [setup_logging] 日志系统初始化完成，日志文件: /Use*******************************************************************************************************
[2026-06-15 01:06:15] INFO [setup_logging] 未检测到 tkinter，将使用命令行交互模式
[2026-06-15 01:06:15] INFO [parse] 开始处理北京银行文件: /var*********************************************************************************
[2026-06-15 01:06:15] DEBUG [detect_file_format] 文件 /var********************************************************************************* Magic Bytes 检测为 xlsx 格式 (ZIP/OOXML)
[2026-06-15 01:06:15] INFO [validate_headers] 北京银行文件工作表「交易明细」表头校验通过，7 个字段均匹配
[2026-06-15 01:06:15] WARNING [load_lookup_table] 主体查找表不存在或未指定，返回空查找表结构
[2026-06-15 01:06:15] WARNING [get_subject_info] 主体查找表不存在或未指定，银行账号「0109年03月」的主体将为空
[2026-06-15 01:06:15] INFO [_parse_sheet] 北京银行文件工作表「交易明细」提取 2 条记录
[2026-06-15 01:06:16] INFO [parse] 北京银行文件处理完成，共提取 2 条记录
[2026-06-15 01:06:16] INFO [setup_logging] 日志系统初始化完成，日志文件: /Use*******************************************************************************************************
[2026-06-15 01:06:16] INFO [setup_logging] 未检测到 tkinter，将使用命令行交互模式
[2026-06-15 01:06:16] INFO [parse] 开始处理东亚银行文件: /var*********************************************************************************
[2026-06-15 01:06:16] DEBUG [detect_file_format] 文件 /var********************************************************************************* Magic Bytes 检测为 xlsx 格式 (ZIP/OOXML)
[2026-06-15 01:06:16] INFO [validate_headers] 东亚银行文件工作表「交易明细」表头校验通过，7 个字段均匹配
[2026-06-15 01:06:16] WARNING [load_lookup_table] 主体查找表不存在或未指定，返回空查找表结构
[2026-06-15 01:06:16] WARNING [get_subject_info] 主体查找表不存在或未指定，银行账号「3881年23月」的主体将为空
[2026-06-15 01:06:16] INFO [_parse_sheet] 东亚银行文件工作表「交易明细」提取 2 条记录
[2026-06-15 01:06:16] INFO [parse] 东亚银行文件处理完成，共提取 2 条记录
[2026-06-15 01:06:16] INFO [setup_logging] 日志系统初始化完成，日志文件: /Use*******************************************************************************************************
[2026-06-15 01:06:16] INFO [setup_logging] 未检测到 tkinter，将使用命令行交互模式
[2026-06-15 01:06:16] INFO [parse] 开始处理工商银行文件: /var*********************************************************************************
[2026-06-15 01:06:16] DEBUG [detect_file_format] 文件 /var********************************************************************************* Magic Bytes 检测为 xlsx 格式 (ZIP/OOXML)
[2026-06-15 01:06:16] INFO [validate_headers] 工商银行文件工作表「交易明细」表头校验通过，7 个字段均匹配
[2026-06-15 01:06:16] WARNING [load_lookup_table] 主体查找表不存在或未指定，返回空查找表结构
[2026-06-15 01:06:16] WARNING [get_subject_info] 主体查找表不存在或未指定，银行账号「6222年02月」的主体将为空
[2026-06-15 01:06:16] INFO [_parse_sheet] 工商银行文件工作表「交易明细」提取 2 条记录
[2026-06-15 01:06:16] INFO [parse] 工商银行文件处理完成，共提取 2 条记录
[2026-06-15 01:06:16] INFO [setup_logging] 日志系统初始化完成，日志文件: /Use*******************************************************************************************************
[2026-06-15 01:06:16] INFO [setup_logging] 未检测到 tkinter，将使用命令行交互模式
[2026-06-15 01:06:16] INFO [parse] 开始处理建设银行文件: /var*********************************************************************************
[2026-06-15 01:06:16] DEBUG [detect_file_format] 文件 /var********************************************************************************* Magic Bytes 检测为 xlsx 格式 (ZIP/OOXML)
[2026-06-15 01:06:16] INFO [validate_headers] 建设银行文件工作表「交易明细」表头校验通过，7 个字段均匹配
[2026-06-15 01:06:16] WARNING [load_lookup_table] 主体查找表不存在或未指定，返回空查找表结构
[2026-06-15 01:06:16] WARNING [get_subject_info] 主体查找表不存在或未指定，银行账号「6227年00月」的主体将为空
[2026-06-15 01:06:16] INFO [_parse_sheet] 建设银行文件工作表「交易明细」提取 2 条记录
[2026-06-15 01:06:16] INFO [parse] 建设银行文件处理完成，共提取 2 条记录
[2026-06-15 01:06:16] INFO [setup_logging] 日志系统初始化完成，日志文件: /Use*******************************************************************************************************
[2026-06-15 01:06:16] INFO [setup_logging] 未检测到 tkinter，将使用命令行交互模式
[2026-06-15 01:06:16] INFO [parse] 开始处理招商银行文件: /var*********************************************************************************
[2026-06-15 01:06:16] DEBUG [detect_file_format] 文件 /var********************************************************************************* Magic Bytes 检测为 xlsx 格式 (ZIP/OOXML)
[2026-06-15 01:06:16] INFO [validate_headers] 招商银行文件工作表「活期交易明细」表头校验通过，7 个字段均匹配
[2026-06-15 01:06:16] WARNING [load_lookup_table] 主体查找表不存在或未指定，返回空查找表结构
[2026-06-15 01:06:16] WARNING [get_subject_info] 主体查找表不存在或未指定，银行账号「6225年88月」的主体将为空
[2026-06-15 01:06:16] INFO [_parse_sheet] 招商银行文件工作表「活期交易明细」提取 2 条记录
[2026-06-15 01:06:16] INFO [parse] 招商银行文件处理完成，共提取 2 条记录
[2026-06-15 01:06:16] INFO [setup_logging] 日志系统初始化完成，日志文件: /Use*******************************************************************************************************
[2026-06-15 01:06:16] INFO [setup_logging] 未检测到 tkinter，将使用命令行交互模式
[2026-06-15 01:06:16] INFO [parse] 开始处理北京银行文件: /var*********************************************************************************
[2026-06-15 01:06:16] DEBUG [detect_file_format] 文件 /var********************************************************************************* Magic Bytes 检测为 xlsx 格式 (ZIP/OOXML)
[2026-06-15 01:06:16] INFO [validate_headers] 北京银行文件工作表「交易明细」表头校验通过，7 个字段均匹配
[2026-06-15 01:06:16] DEBUG [detect_file_format] 文件 /var******************************************************************************* Magic Bytes 检测为 xlsx 格式 (ZIP/OOXML)
[2026-06-15 01:06:16] INFO [load_lookup_table] 查找表加载完成：共 5 条条目，5 个唯一账号，0 个扩展字段
[2026-06-15 01:06:16] WARNING [get_subject_info] 银行账号「{account}」在查找表中未找到对应主体
[2026-06-15 01:06:16] INFO [_parse_sheet] 北京银行文件工作表「交易明细」提取 2 条记录
[2026-06-15 01:06:16] INFO [parse] 北京银行文件处理完成，共提取 2 条记录
[2026-06-15 01:06:16] INFO [setup_logging] 日志系统初始化完成，日志文件: /Use*******************************************************************************************************
[2026-06-15 01:06:16] INFO [setup_logging] 未检测到 tkinter，将使用命令行交互模式
[2026-06-15 01:06:16] INFO [parse] 开始处理东亚银行文件: /var*********************************************************************************
[2026-06-15 01:06:16] DEBUG [detect_file_format] 文件 /var********************************************************************************* Magic Bytes 检测为 xlsx 格式 (ZIP/OOXML)
[2026-06-15 01:06:16] INFO [validate_headers] 东亚银行文件工作表「交易明细」表头校验通过，7 个字段均匹配
[2026-06-15 01:06:16] DEBUG [detect_file_format] 文件 /var******************************************************************************* Magic Bytes 检测为 xlsx 格式 (ZIP/OOXML)
[2026-06-15 01:06:16] INFO [load_lookup_table] 查找表加载完成：共 5 条条目，5 个唯一账号，0 个扩展字段
[2026-06-15 01:06:16] WARNING [get_subject_info] 银行账号「{account}」在查找表中未找到对应主体
[2026-06-15 01:06:16] INFO [_parse_sheet] 东亚银行文件工作表「交易明细」提取 2 条记录
[2026-06-15 01:06:16] INFO [parse] 东亚银行文件处理完成，共提取 2 条记录
[2026-06-15 01:06:16] INFO [setup_logging] 日志系统初始化完成，日志文件: /Use*******************************************************************************************************
[2026-06-15 01:06:16] INFO [setup_logging] 未检测到 tkinter，将使用命令行交互模式
[2026-06-15 01:06:17] INFO [parse] 开始处理工商银行文件: /var*********************************************************************************
[2026-06-15 01:06:17] DEBUG [detect_file_format] 文件 /var********************************************************************************* Magic Bytes 检测为 xlsx 格式 (ZIP/OOXML)
[2026-06-15 01:06:17] INFO [validate_headers] 工商银行文件工作表「交易明细」表头校验通过，7 个字段均匹配
[2026-06-15 01:06:17] DEBUG [detect_file_format] 文件 /var******************************************************************************* Magic Bytes 检测为 xlsx 格式 (ZIP/OOXML)
[2026-06-15 01:06:17] INFO [load_lookup_table] 查找表加载完成：共 5 条条目，5 个唯一账号，0 个扩展字段
[2026-06-15 01:06:17] WARNING [get_subject_info] 银行账号「{account}」在查找表中未找到对应主体
[2026-06-15 01:06:17] INFO [_parse_sheet] 工商银行文件工作表「交易明细」提取 2 条记录
[2026-06-15 01:06:17] INFO [parse] 工商银行文件处理完成，共提取 2 条记录
[2026-06-15 01:06:17] INFO [setup_logging] 日志系统初始化完成，日志文件: /Use*******************************************************************************************************
[2026-06-15 01:06:17] INFO [setup_logging] 未检测到 tkinter，将使用命令行交互模式
[2026-06-15 01:06:17] INFO [parse] 开始处理建设银行文件: /var*********************************************************************************
[2026-06-15 01:06:17] DEBUG [detect_file_format] 文件 /var********************************************************************************* Magic Bytes 检测为 xlsx 格式 (ZIP/OOXML)
[2026-06-15 01:06:17] INFO [validate_headers] 建设银行文件工作表「交易明细」表头校验通过，7 个字段均匹配
[2026-06-15 01:06:17] DEBUG [detect_file_format] 文件 /var******************************************************************************* Magic Bytes 检测为 xlsx 格式 (ZIP/OOXML)
[2026-06-15 01:06:17] INFO [load_lookup_table] 查找表加载完成：共 5 条条目，5 个唯一账号，0 个扩展字段
[2026-06-15 01:06:17] WARNING [get_subject_info] 银行账号「{account}」在查找表中未找到对应主体
[2026-06-15 01:06:17] INFO [_parse_sheet] 建设银行文件工作表「交易明细」提取 2 条记录
[2026-06-15 01:06:17] INFO [parse] 建设银行文件处理完成，共提取 2 条记录
[2026-06-15 01:06:17] INFO [setup_logging] 日志系统初始化完成，日志文件: /Use*******************************************************************************************************
[2026-06-15 01:06:17] INFO [setup_logging] 未检测到 tkinter，将使用命令行交互模式
[2026-06-15 01:06:17] INFO [parse] 开始处理招商银行文件: /var*********************************************************************************
[2026-06-15 01:06:17] DEBUG [detect_file_format] 文件 /var********************************************************************************* Magic Bytes 检测为 xlsx 格式 (ZIP/OOXML)
[2026-06-15 01:06:17] INFO [validate_headers] 招商银行文件工作表「活期交易明细」表头校验通过，7 个字段均匹配
[2026-06-15 01:06:17] DEBUG [detect_file_format] 文件 /var******************************************************************************* Magic Bytes 检测为 xlsx 格式 (ZIP/OOXML)
[2026-06-15 01:06:17] INFO [load_lookup_table] 查找表加载完成：共 5 条条目，5 个唯一账号，0 个扩展字段
[2026-06-15 01:06:17] WARNING [get_subject_info] 银行账号「{account}」在查找表中未找到对应主体
[2026-06-15 01:06:17] INFO [_parse_sheet] 招商银行文件工作表「活期交易明细」提取 2 条记录
[2026-06-15 01:06:17] INFO [parse] 招商银行文件处理完成，共提取 2 条记录
[2026-06-15 01:06:17] INFO [setup_logging] 日志系统初始化完成，日志文件: /Use*******************************************************************************************************
[2026-06-15 01:06:17] INFO [setup_logging] 未检测到 tkinter，将使用命令行交互模式
[2026-06-15 01:06:17] INFO [parse] 开始处理北京银行文件: /var*********************************************************************************
[2026-06-15 01:06:17] DEBUG [detect_file_format] 文件 /var********************************************************************************* Magic Bytes 检测为 xlsx 格式 (ZIP/OOXML)
[2026-06-15 01:06:17] INFO [validate_headers] 北京银行文件工作表「交易明细」表头校验通过，7 个字段均匹配
[2026-06-15 01:06:17] DEBUG [detect_file_format] 文件 /var******************************************************************************* Magic Bytes 检测为 xlsx 格式 (ZIP/OOXML)
[2026-06-15 01:06:17] INFO [load_lookup_table] 查找表加载完成：共 5 条条目，5 个唯一账号，0 个扩展字段
[2026-06-15 01:06:17] DEBUG [get_subject_info] 银行账号「0109年03月」匹配到主体: 北********司（优先级: 0）
[2026-06-15 01:06:17] INFO [_parse_sheet] 北京银行文件工作表「交易明细」提取 2 条记录
[2026-06-15 01:06:17] INFO [parse] 北京银行文件处理完成，共提取 2 条记录
[2026-06-15 01:06:17] INFO [setup_logging] 日志系统初始化完成，日志文件: /Use*******************************************************************************************************
[2026-06-15 01:06:17] INFO [setup_logging] 未检测到 tkinter，将使用命令行交互模式
[2026-06-15 01:06:17] INFO [parse] 开始处理东亚银行文件: /var*********************************************************************************
[2026-06-15 01:06:17] DEBUG [detect_file_format] 文件 /var********************************************************************************* Magic Bytes 检测为 xlsx 格式 (ZIP/OOXML)
[2026-06-15 01:06:17] INFO [validate_headers] 东亚银行文件工作表「交易明细」表头校验通过，7 个字段均匹配
[2026-06-15 01:06:17] DEBUG [detect_file_format] 文件 /var******************************************************************************* Magic Bytes 检测为 xlsx 格式 (ZIP/OOXML)
[2026-06-15 01:06:17] INFO [load_lookup_table] 查找表加载完成：共 5 条条目，5 个唯一账号，0 个扩展字段
[2026-06-15 01:06:17] DEBUG [get_subject_info] 银行账号「3881年23月」匹配到主体: 上********司（优先级: 0）
[2026-06-15 01:06:17] INFO [_parse_sheet] 东亚银行文件工作表「交易明细」提取 2 条记录
[2026-06-15 01:06:17] INFO [parse] 东亚银行文件处理完成，共提取 2 条记录
[2026-06-15 01:06:17] INFO [setup_logging] 日志系统初始化完成，日志文件: /Use*******************************************************************************************************
[2026-06-15 01:06:17] INFO [setup_logging] 未检测到 tkinter，将使用命令行交互模式
[2026-06-15 01:06:17] INFO [parse] 开始处理工商银行文件: /var*********************************************************************************
[2026-06-15 01:06:17] DEBUG [detect_file_format] 文件 /var********************************************************************************* Magic Bytes 检测为 xlsx 格式 (ZIP/OOXML)
[2026-06-15 01:06:17] INFO [validate_headers] 工商银行文件工作表「交易明细」表头校验通过，7 个字段均匹配
[2026-06-15 01:06:17] DEBUG [detect_file_format] 文件 /var******************************************************************************* Magic Bytes 检测为 xlsx 格式 (ZIP/OOXML)
[2026-06-15 01:06:17] INFO [load_lookup_table] 查找表加载完成：共 5 条条目，5 个唯一账号，0 个扩展字段
[2026-06-15 01:06:17] DEBUG [get_subject_info] 银行账号「6222年02月」匹配到主体: 深********司（优先级: 0）
[2026-06-15 01:06:17] INFO [_parse_sheet] 工商银行文件工作表「交易明细」提取 2 条记录
[2026-06-15 01:06:18] INFO [parse] 工商银行文件处理完成，共提取 2 条记录
[2026-06-15 01:06:18] INFO [setup_logging] 日志系统初始化完成，日志文件: /Use*******************************************************************************************************
[2026-06-15 01:06:18] INFO [setup_logging] 未检测到 tkinter，将使用命令行交互模式
[2026-06-15 01:06:18] INFO [parse] 开始处理建设银行文件: /var*********************************************************************************
[2026-06-15 01:06:18] DEBUG [detect_file_format] 文件 /var********************************************************************************* Magic Bytes 检测为 xlsx 格式 (ZIP/OOXML)
[2026-06-15 01:06:18] INFO [validate_headers] 建设银行文件工作表「交易明细」表头校验通过，7 个字段均匹配
[2026-06-15 01:06:18] DEBUG [detect_file_format] 文件 /var******************************************************************************* Magic Bytes 检测为 xlsx 格式 (ZIP/OOXML)
[2026-06-15 01:06:18] INFO [load_lookup_table] 查找表加载完成：共 5 条条目，5 个唯一账号，0 个扩展字段
[2026-06-15 01:06:18] DEBUG [get_subject_info] 银行账号「6227年00月」匹配到主体: 广**********司（优先级: 0）
[2026-06-15 01:06:18] INFO [_parse_sheet] 建设银行文件工作表「交易明细」提取 2 条记录
[2026-06-15 01:06:18] INFO [parse] 建设银行文件处理完成，共提取 2 条记录
[2026-06-15 01:06:18] INFO [setup_logging] 日志系统初始化完成，日志文件: /Use*******************************************************************************************************
[2026-06-15 01:06:18] INFO [setup_logging] 未检测到 tkinter，将使用命令行交互模式
[2026-06-15 01:06:18] INFO [parse] 开始处理招商银行文件: /var*********************************************************************************
[2026-06-15 01:06:18] DEBUG [detect_file_format] 文件 /var********************************************************************************* Magic Bytes 检测为 xlsx 格式 (ZIP/OOXML)
[2026-06-15 01:06:18] INFO [validate_headers] 招商银行文件工作表「活期交易明细」表头校验通过，7 个字段均匹配
[2026-06-15 01:06:18] DEBUG [detect_file_format] 文件 /var******************************************************************************* Magic Bytes 检测为 xlsx 格式 (ZIP/OOXML)
[2026-06-15 01:06:18] INFO [load_lookup_table] 查找表加载完成：共 5 条条目，5 个唯一账号，0 个扩展字段
[2026-06-15 01:06:18] DEBUG [get_subject_info] 银行账号「6225年88月」匹配到主体: 杭**********司（优先级: 0）
[2026-06-15 01:06:18] INFO [_parse_sheet] 招商银行文件工作表「活期交易明细」提取 2 条记录
[2026-06-15 01:06:18] INFO [parse] 招商银行文件处理完成，共提取 2 条记录
[2026-06-15 01:06:18] INFO [setup_logging] 日志系统初始化完成，日志文件: /Use*******************************************************************************************************
[2026-06-15 01:06:18] INFO [setup_logging] 未检测到 tkinter，将使用命令行交互模式
[2026-06-15 01:06:18] INFO [parse] 开始处理北京银行文件: /var*********************************************************************************
[2026-06-15 01:06:18] DEBUG [detect_file_format] 文件 /var********************************************************************************* Magic Bytes 检测为 xlsx 格式 (ZIP/OOXML)
[2026-06-15 01:06:18] INFO [validate_headers] 北京银行文件工作表「交易明细」表头校验通过，7 个字段均匹配
[2026-06-15 01:06:18] DEBUG [detect_file_format] 文件 /var******************************************************************************* Magic Bytes 检测为 xlsx 格式 (ZIP/OOXML)
[2026-06-15 01:06:18] INFO [load_lookup_table] 查找表加载完成：共 5 条条目，5 个唯一账号，0 个扩展字段
[2026-06-15 01:06:18] DEBUG [get_subject_info] 银行账号「0109年03月」匹配到主体: 北********司（优先级: 0）
[2026-06-15 01:06:18] INFO [_parse_sheet] 北京银行文件工作表「交易明细」提取 2 条记录
[2026-06-15 01:06:18] INFO [parse] 北京银行文件处理完成，共提取 2 条记录
[2026-06-15 01:06:18] INFO [setup_logging] 日志系统初始化完成，日志文件: /Use*******************************************************************************************************
[2026-06-15 01:06:18] INFO [setup_logging] 未检测到 tkinter，将使用命令行交互模式
[2026-06-15 01:06:18] INFO [parse] 开始处理东亚银行文件: /var*********************************************************************************
[2026-06-15 01:06:18] DEBUG [detect_file_format] 文件 /var********************************************************************************* Magic Bytes 检测为 xlsx 格式 (ZIP/OOXML)
[2026-06-15 01:06:18] INFO [validate_headers] 东亚银行文件工作表「交易明细」表头校验通过，7 个字段均匹配
[2026-06-15 01:06:18] DEBUG [detect_file_format] 文件 /var******************************************************************************* Magic Bytes 检测为 xlsx 格式 (ZIP/OOXML)
[2026-06-15 01:06:18] INFO [load_lookup_table] 查找表加载完成：共 5 条条目，5 个唯一账号，0 个扩展字段
[2026-06-15 01:06:18] DEBUG [get_subject_info] 银行账号「3881年23月」匹配到主体: 上********司（优先级: 0）
[2026-06-15 01:06:18] INFO [_parse_sheet] 东亚银行文件工作表「交易明细」提取 2 条记录
[2026-06-15 01:06:18] INFO [parse] 东亚银行文件处理完成，共提取 2 条记录
[2026-06-15 01:06:18] INFO [setup_logging] 日志系统初始化完成，日志文件: /Use*******************************************************************************************************
[2026-06-15 01:06:18] INFO [setup_logging] 未检测到 tkinter，将使用命令行交互模式
[2026-06-15 01:06:18] INFO [parse] 开始处理工商银行文件: /var*********************************************************************************
[2026-06-15 01:06:18] DEBUG [detect_file_format] 文件 /var********************************************************************************* Magic Bytes 检测为 xlsx 格式 (ZIP/OOXML)
[2026-06-15 01:06:18] INFO [validate_headers] 工商银行文件工作表「交易明细」表头校验通过，7 个字段均匹配
[2026-06-15 01:06:18] DEBUG [detect_file_format] 文件 /var******************************************************************************* Magic Bytes 检测为 xlsx 格式 (ZIP/OOXML)
[2026-06-15 01:06:18] INFO [load_lookup_table] 查找表加载完成：共 5 条条目，5 个唯一账号，0 个扩展字段
[2026-06-15 01:06:18] DEBUG [get_subject_info] 银行账号「6222年02月」匹配到主体: 深********司（优先级: 0）
[2026-06-15 01:06:18] INFO [_parse_sheet] 工商银行文件工作表「交易明细」提取 2 条记录
[2026-06-15 01:06:18] INFO [parse] 工商银行文件处理完成，共提取 2 条记录
[2026-06-15 01:06:18] INFO [setup_logging] 日志系统初始化完成，日志文件: /Use*******************************************************************************************************
[2026-06-15 01:06:18] INFO [setup_logging] 未检测到 tkinter，将使用命令行交互模式
[2026-06-15 01:06:18] INFO [parse] 开始处理建设银行文件: /var*********************************************************************************
[2026-06-15 01:06:18] DEBUG [detect_file_format] 文件 /var********************************************************************************* Magic Bytes 检测为 xlsx 格式 (ZIP/OOXML)
[2026-06-15 01:06:18] INFO [validate_headers] 建设银行文件工作表「交易明细」表头校验通过，7 个字段均匹配
[2026-06-15 01:06:18] DEBUG [detect_file_format] 文件 /var******************************************************************************* Magic Bytes 检测为 xlsx 格式 (ZIP/OOXML)
[2026-06-15 01:06:19] INFO [load_lookup_table] 查找表加载完成：共 5 条条目，5 个唯一账号，0 个扩展字段
[2026-06-15 01:06:19] DEBUG [get_subject_info] 银行账号「6227年00月」匹配到主体: 广**********司（优先级: 0）
[2026-06-15 01:06:19] INFO [_parse_sheet] 建设银行文件工作表「交易明细」提取 2 条记录
[2026-06-15 01:06:19] INFO [parse] 建设银行文件处理完成，共提取 2 条记录
[2026-06-15 01:06:19] INFO [setup_logging] 日志系统初始化完成，日志文件: /Use*******************************************************************************************************
[2026-06-15 01:06:19] INFO [setup_logging] 未检测到 tkinter，将使用命令行交互模式
[2026-06-15 01:06:19] INFO [parse] 开始处理招商银行文件: /var*********************************************************************************
[2026-06-15 01:06:19] DEBUG [detect_file_format] 文件 /var********************************************************************************* Magic Bytes 检测为 xlsx 格式 (ZIP/OOXML)
[2026-06-15 01:06:19] INFO [validate_headers] 招商银行文件工作表「活期交易明细」表头校验通过，7 个字段均匹配
[2026-06-15 01:06:19] DEBUG [detect_file_format] 文件 /var******************************************************************************* Magic Bytes 检测为 xlsx 格式 (ZIP/OOXML)
[2026-06-15 01:06:19] INFO [load_lookup_table] 查找表加载完成：共 5 条条目，5 个唯一账号，0 个扩展字段
[2026-06-15 01:06:19] DEBUG [get_subject_info] 银行账号「6225年88月」匹配到主体: 杭**********司（优先级: 0）
[2026-06-15 01:06:19] INFO [_parse_sheet] 招商银行文件工作表「活期交易明细」提取 2 条记录
[2026-06-15 01:06:19] INFO [parse] 招商银行文件处理完成，共提取 2 条记录
