[2026-06-15 10:35:17] INFO [setup_logging] 日志系统初始化完成，日志文件: /Use*******************************************************************************************************
[2026-06-15 10:35:17] INFO [setup_logging] 未检测到 tkinter，将使用命令行交互模式
[2026-06-15 10:35:17] INFO [parse] 开始处理北京银行文件: /var*********************************************************************************
[2026-06-15 10:35:17] DEBUG [detect_file_format] 文件 /var********************************************************************************* Magic Bytes 检测为 xlsx 格式 (ZIP/OOXML)
[2026-06-15 10:35:17] INFO [validate_headers] 北京银行文件工作表「交易明细」表头校验通过，7 个字段均匹配
[2026-06-15 10:35:17] DEBUG [detect_file_format] 文件 /var******************************************************************************* Magic Bytes 检测为 xlsx 格式 (ZIP/OOXML)
[2026-06-15 10:35:17] INFO [load_lookup_table] 查找表加载完成：共 5 条条目，5 个唯一账号，0 个扩展字段
[2026-06-15 10:35:17] DEBUG [get_subject_info] 银行账号「0109年03月」匹配到主体: 北********司（优先级: 0）
[2026-06-15 10:35:17] INFO [_parse_sheet] 北京银行文件工作表「交易明细」提取 2 条记录
[2026-06-15 10:35:17] INFO [parse] 北京银行文件处理完成，共提取 2 条记录
[2026-06-15 10:35:17] INFO [setup_logging] 日志系统初始化完成，日志文件: /Use*******************************************************************************************************
[2026-06-15 10:35:17] INFO [setup_logging] 未检测到 tkinter，将使用命令行交互模式
[2026-06-15 10:35:18] INFO [parse] 开始处理东亚银行文件: /var*********************************************************************************
[2026-06-15 10:35:18] DEBUG [detect_file_format] 文件 /var********************************************************************************* Magic Bytes 检测为 xlsx 格式 (ZIP/OOXML)
[2026-06-15 10:35:18] INFO [validate_headers] 东亚银行文件工作表「交易明细」表头校验通过，7 个字段均匹配
[2026-06-15 10:35:18] DEBUG [detect_file_format] 文件 /var******************************************************************************* Magic Bytes 检测为 xlsx 格式 (ZIP/OOXML)
[2026-06-15 10:35:18] INFO [load_lookup_table] 查找表加载完成：共 5 条条目，5 个唯一账号，0 个扩展字段
[2026-06-15 10:35:18] DEBUG [get_subject_info] 银行账号「3881年23月」匹配到主体: 上********司（优先级: 0）
[2026-06-15 10:35:18] INFO [_parse_sheet] 东亚银行文件工作表「交易明细」提取 2 条记录
[2026-06-15 10:35:18] INFO [parse] 东亚银行文件处理完成，共提取 2 条记录
[2026-06-15 10:35:18] INFO [setup_logging] 日志系统初始化完成，日志文件: /Use*******************************************************************************************************
[2026-06-15 10:35:18] INFO [setup_logging] 未检测到 tkinter，将使用命令行交互模式
[2026-06-15 10:35:18] INFO [parse] 开始处理工商银行文件: /var*********************************************************************************
[2026-06-15 10:35:18] DEBUG [detect_file_format] 文件 /var********************************************************************************* Magic Bytes 检测为 xlsx 格式 (ZIP/OOXML)
[2026-06-15 10:35:18] INFO [validate_headers] 工商银行文件工作表「交易明细」表头校验通过，7 个字段均匹配
[2026-06-15 10:35:18] DEBUG [detect_file_format] 文件 /var******************************************************************************* Magic Bytes 检测为 xlsx 格式 (ZIP/OOXML)
[2026-06-15 10:35:18] INFO [load_lookup_table] 查找表加载完成：共 5 条条目，5 个唯一账号，0 个扩展字段
[2026-06-15 10:35:18] DEBUG [get_subject_info] 银行账号「6222年02月」匹配到主体: 深********司（优先级: 0）
[2026-06-15 10:35:18] INFO [_parse_sheet] 工商银行文件工作表「交易明细」提取 2 条记录
[2026-06-15 10:35:18] INFO [parse] 工商银行文件处理完成，共提取 2 条记录
[2026-06-15 10:35:18] INFO [setup_logging] 日志系统初始化完成，日志文件: /Use*******************************************************************************************************
[2026-06-15 10:35:18] INFO [setup_logging] 未检测到 tkinter，将使用命令行交互模式
[2026-06-15 10:35:18] INFO [parse] 开始处理建设银行文件: /var*********************************************************************************
[2026-06-15 10:35:18] DEBUG [detect_file_format] 文件 /var********************************************************************************* Magic Bytes 检测为 xlsx 格式 (ZIP/OOXML)
[2026-06-15 10:35:18] INFO [validate_headers] 建设银行文件工作表「交易明细」表头校验通过，7 个字段均匹配
[2026-06-15 10:35:18] DEBUG [detect_file_format] 文件 /var******************************************************************************* Magic Bytes 检测为 xlsx 格式 (ZIP/OOXML)
[2026-06-15 10:35:18] INFO [load_lookup_table] 查找表加载完成：共 5 条条目，5 个唯一账号，0 个扩展字段
[2026-06-15 10:35:18] DEBUG [get_subject_info] 银行账号「6227年00月」匹配到主体: 广**********司（优先级: 0）
[2026-06-15 10:35:18] INFO [_parse_sheet] 建设银行文件工作表「交易明细」提取 2 条记录
[2026-06-15 10:35:18] INFO [parse] 建设银行文件处理完成，共提取 2 条记录
[2026-06-15 10:35:18] INFO [setup_logging] 日志系统初始化完成，日志文件: /Use*******************************************************************************************************
[2026-06-15 10:35:18] INFO [setup_logging] 未检测到 tkinter，将使用命令行交互模式
[2026-06-15 10:35:18] INFO [parse] 开始处理招商银行文件: /var*********************************************************************************
[2026-06-15 10:35:18] DEBUG [detect_file_format] 文件 /var********************************************************************************* Magic Bytes 检测为 xlsx 格式 (ZIP/OOXML)
[2026-06-15 10:35:18] INFO [validate_headers] 招商银行文件工作表「活期交易明细」表头校验通过，7 个字段均匹配
[2026-06-15 10:35:18] DEBUG [detect_file_format] 文件 /var******************************************************************************* Magic Bytes 检测为 xlsx 格式 (ZIP/OOXML)
[2026-06-15 10:35:18] INFO [load_lookup_table] 查找表加载完成：共 5 条条目，5 个唯一账号，0 个扩展字段
[2026-06-15 10:35:18] DEBUG [get_subject_info] 银行账号「6225年88月」匹配到主体: 杭**********司（优先级: 0）
[2026-06-15 10:35:18] INFO [_parse_sheet] 招商银行文件工作表「活期交易明细」提取 2 条记录
[2026-06-15 10:35:18] INFO [parse] 招商银行文件处理完成，共提取 2 条记录
[2026-06-15 10:35:18] INFO [setup_logging] 日志系统初始化完成，日志文件: /Use*******************************************************************************************************
[2026-06-15 10:35:18] INFO [setup_logging] 未检测到 tkinter，将使用命令行交互模式
[2026-06-15 10:35:18] INFO [parse] 开始处理北京银行文件: /var*********************************************************************************
[2026-06-15 10:35:18] DEBUG [detect_file_format] 文件 /var********************************************************************************* Magic Bytes 检测为 xlsx 格式 (ZIP/OOXML)
[2026-06-15 10:35:18] INFO [validate_headers] 北京银行文件工作表「交易明细」表头校验通过，7 个字段均匹配
[2026-06-15 10:35:18] DEBUG [detect_file_format] 文件 /var******************************************************************************* Magic Bytes 检测为 xlsx 格式 (ZIP/OOXML)
[2026-06-15 10:35:18] INFO [load_lookup_table] 查找表加载完成：共 5 条条目，5 个唯一账号，0 个扩展字段
[2026-06-15 10:35:18] DEBUG [get_subject_info] 银行账号「0109年03月」匹配到主体: 北********司（优先级: 0）
[2026-06-15 10:35:18] INFO [_parse_sheet] 北京银行文件工作表「交易明细」提取 2 条记录
[2026-06-15 10:35:18] INFO [parse] 北京银行文件处理完成，共提取 2 条记录
[2026-06-15 10:35:18] INFO [setup_logging] 日志系统初始化完成，日志文件: /Use*******************************************************************************************************
[2026-06-15 10:35:18] INFO [setup_logging] 未检测到 tkinter，将使用命令行交互模式
[2026-06-15 10:35:18] INFO [parse] 开始处理东亚银行文件: /var*********************************************************************************
[2026-06-15 10:35:18] DEBUG [detect_file_format] 文件 /var********************************************************************************* Magic Bytes 检测为 xlsx 格式 (ZIP/OOXML)
[2026-06-15 10:35:18] INFO [validate_headers] 东亚银行文件工作表「交易明细」表头校验通过，7 个字段均匹配
[2026-06-15 10:35:18] DEBUG [detect_file_format] 文件 /var******************************************************************************* Magic Bytes 检测为 xlsx 格式 (ZIP/OOXML)
[2026-06-15 10:35:18] INFO [load_lookup_table] 查找表加载完成：共 5 条条目，5 个唯一账号，0 个扩展字段
[2026-06-15 10:35:18] DEBUG [get_subject_info] 银行账号「3881年23月」匹配到主体: 上********司（优先级: 0）
[2026-06-15 10:35:18] INFO [_parse_sheet] 东亚银行文件工作表「交易明细」提取 2 条记录
[2026-06-15 10:35:18] INFO [parse] 东亚银行文件处理完成，共提取 2 条记录
[2026-06-15 10:35:18] INFO [setup_logging] 日志系统初始化完成，日志文件: /Use*******************************************************************************************************
[2026-06-15 10:35:18] INFO [setup_logging] 未检测到 tkinter，将使用命令行交互模式
[2026-06-15 10:35:18] INFO [parse] 开始处理工商银行文件: /var*********************************************************************************
[2026-06-15 10:35:18] DEBUG [detect_file_format] 文件 /var********************************************************************************* Magic Bytes 检测为 xlsx 格式 (ZIP/OOXML)
[2026-06-15 10:35:18] INFO [validate_headers] 工商银行文件工作表「交易明细」表头校验通过，7 个字段均匹配
[2026-06-15 10:35:18] DEBUG [detect_file_format] 文件 /var******************************************************************************* Magic Bytes 检测为 xlsx 格式 (ZIP/OOXML)
[2026-06-15 10:35:18] INFO [load_lookup_table] 查找表加载完成：共 5 条条目，5 个唯一账号，0 个扩展字段
[2026-06-15 10:35:18] DEBUG [get_subject_info] 银行账号「6222年02月」匹配到主体: 深********司（优先级: 0）
[2026-06-15 10:35:18] INFO [_parse_sheet] 工商银行文件工作表「交易明细」提取 2 条记录
[2026-06-15 10:35:18] INFO [parse] 工商银行文件处理完成，共提取 2 条记录
[2026-06-15 10:35:18] INFO [setup_logging] 日志系统初始化完成，日志文件: /Use*******************************************************************************************************
[2026-06-15 10:35:18] INFO [setup_logging] 未检测到 tkinter，将使用命令行交互模式
[2026-06-15 10:35:18] INFO [parse] 开始处理建设银行文件: /var*********************************************************************************
[2026-06-15 10:35:18] DEBUG [detect_file_format] 文件 /var********************************************************************************* Magic Bytes 检测为 xlsx 格式 (ZIP/OOXML)
[2026-06-15 10:35:18] INFO [validate_headers] 建设银行文件工作表「交易明细」表头校验通过，7 个字段均匹配
[2026-06-15 10:35:18] DEBUG [detect_file_format] 文件 /var******************************************************************************* Magic Bytes 检测为 xlsx 格式 (ZIP/OOXML)
[2026-06-15 10:35:18] INFO [load_lookup_table] 查找表加载完成：共 5 条条目，5 个唯一账号，0 个扩展字段
[2026-06-15 10:35:18] DEBUG [get_subject_info] 银行账号「6227年00月」匹配到主体: 广**********司（优先级: 0）
[2026-06-15 10:35:18] INFO [_parse_sheet] 建设银行文件工作表「交易明细」提取 2 条记录
[2026-06-15 10:35:18] INFO [parse] 建设银行文件处理完成，共提取 2 条记录
[2026-06-15 10:35:18] INFO [setup_logging] 日志系统初始化完成，日志文件: /Use*******************************************************************************************************
[2026-06-15 10:35:18] INFO [setup_logging] 未检测到 tkinter，将使用命令行交互模式
[2026-06-15 10:35:18] INFO [parse] 开始处理招商银行文件: /var*********************************************************************************
[2026-06-15 10:35:18] DEBUG [detect_file_format] 文件 /var********************************************************************************* Magic Bytes 检测为 xlsx 格式 (ZIP/OOXML)
[2026-06-15 10:35:18] INFO [validate_headers] 招商银行文件工作表「活期交易明细」表头校验通过，7 个字段均匹配
[2026-06-15 10:35:18] DEBUG [detect_file_format] 文件 /var******************************************************************************* Magic Bytes 检测为 xlsx 格式 (ZIP/OOXML)
[2026-06-15 10:35:18] INFO [load_lookup_table] 查找表加载完成：共 5 条条目，5 个唯一账号，0 个扩展字段
[2026-06-15 10:35:18] DEBUG [get_subject_info] 银行账号「6225年88月」匹配到主体: 杭**********司（优先级: 0）
[2026-06-15 10:35:18] INFO [_parse_sheet] 招商银行文件工作表「活期交易明细」提取 2 条记录
[2026-06-15 10:35:18] INFO [parse] 招商银行文件处理完成，共提取 2 条记录
[2026-06-15 10:35:18] INFO [setup_logging] 日志系统初始化完成，日志文件: /Use*******************************************************************************************************
[2026-06-15 10:35:18] INFO [setup_logging] 未检测到 tkinter，将使用命令行交互模式
[2026-06-15 10:35:18] INFO [parse] 开始处理北京银行文件: /var*********************************************************************************
[2026-06-15 10:35:18] DEBUG [detect_file_format] 文件 /var********************************************************************************* Magic Bytes 检测为 xlsx 格式 (ZIP/OOXML)
[2026-06-15 10:35:18] INFO [validate_headers] 北京银行文件工作表「交易明细」表头校验通过，7 个字段均匹配
[2026-06-15 10:35:18] DEBUG [detect_file_format] 文件 /var******************************************************************************* Magic Bytes 检测为 xlsx 格式 (ZIP/OOXML)
[2026-06-15 10:35:18] INFO [load_lookup_table] 查找表加载完成：共 5 条条目，5 个唯一账号，0 个扩展字段
[2026-06-15 10:35:18] DEBUG [get_subject_info] 银行账号「0109年03月」匹配到主体: 北********司（优先级: 0）
[2026-06-15 10:35:18] INFO [_parse_sheet] 北京银行文件工作表「交易明细」提取 2 条记录
[2026-06-15 10:35:18] INFO [parse] 北京银行文件处理完成，共提取 2 条记录
[2026-06-15 10:35:18] INFO [setup_logging] 日志系统初始化完成，日志文件: /Use*******************************************************************************************************
[2026-06-15 10:35:18] INFO [setup_logging] 未检测到 tkinter，将使用命令行交互模式
[2026-06-15 10:35:18] INFO [parse] 开始处理东亚银行文件: /var*********************************************************************************
[2026-06-15 10:35:18] DEBUG [detect_file_format] 文件 /var********************************************************************************* Magic Bytes 检测为 xlsx 格式 (ZIP/OOXML)
[2026-06-15 10:35:18] INFO [validate_headers] 东亚银行文件工作表「交易明细」表头校验通过，7 个字段均匹配
[2026-06-15 10:35:18] DEBUG [detect_file_format] 文件 /var******************************************************************************* Magic Bytes 检测为 xlsx 格式 (ZIP/OOXML)
[2026-06-15 10:35:18] INFO [load_lookup_table] 查找表加载完成：共 5 条条目，5 个唯一账号，0 个扩展字段
[2026-06-15 10:35:18] DEBUG [get_subject_info] 银行账号「3881年23月」匹配到主体: 上********司（优先级: 0）
[2026-06-15 10:35:18] INFO [_parse_sheet] 东亚银行文件工作表「交易明细」提取 2 条记录
[2026-06-15 10:35:18] INFO [parse] 东亚银行文件处理完成，共提取 2 条记录
[2026-06-15 10:35:18] INFO [setup_logging] 日志系统初始化完成，日志文件: /Use*******************************************************************************************************
[2026-06-15 10:35:18] INFO [setup_logging] 未检测到 tkinter，将使用命令行交互模式
[2026-06-15 10:35:18] INFO [parse] 开始处理工商银行文件: /var*********************************************************************************
[2026-06-15 10:35:18] DEBUG [detect_file_format] 文件 /var********************************************************************************* Magic Bytes 检测为 xlsx 格式 (ZIP/OOXML)
[2026-06-15 10:35:18] INFO [validate_headers] 工商银行文件工作表「交易明细」表头校验通过，7 个字段均匹配
[2026-06-15 10:35:18] DEBUG [detect_file_format] 文件 /var******************************************************************************* Magic Bytes 检测为 xlsx 格式 (ZIP/OOXML)
[2026-06-15 10:35:18] INFO [load_lookup_table] 查找表加载完成：共 5 条条目，5 个唯一账号，0 个扩展字段
[2026-06-15 10:35:18] DEBUG [get_subject_info] 银行账号「6222年02月」匹配到主体: 深********司（优先级: 0）
[2026-06-15 10:35:18] INFO [_parse_sheet] 工商银行文件工作表「交易明细」提取 2 条记录
[2026-06-15 10:35:18] INFO [parse] 工商银行文件处理完成，共提取 2 条记录
[2026-06-15 10:35:18] INFO [setup_logging] 日志系统初始化完成，日志文件: /Use*******************************************************************************************************
[2026-06-15 10:35:18] INFO [setup_logging] 未检测到 tkinter，将使用命令行交互模式
[2026-06-15 10:35:18] INFO [parse] 开始处理建设银行文件: /var*********************************************************************************
[2026-06-15 10:35:18] DEBUG [detect_file_format] 文件 /var********************************************************************************* Magic Bytes 检测为 xlsx 格式 (ZIP/OOXML)
[2026-06-15 10:35:18] INFO [validate_headers] 建设银行文件工作表「交易明细」表头校验通过，7 个字段均匹配
[2026-06-15 10:35:18] DEBUG [detect_file_format] 文件 /var******************************************************************************* Magic Bytes 检测为 xlsx 格式 (ZIP/OOXML)
[2026-06-15 10:35:18] INFO [load_lookup_table] 查找表加载完成：共 5 条条目，5 个唯一账号，0 个扩展字段
[2026-06-15 10:35:18] DEBUG [get_subject_info] 银行账号「6227年00月」匹配到主体: 广**********司（优先级: 0）
[2026-06-15 10:35:18] INFO [_parse_sheet] 建设银行文件工作表「交易明细」提取 2 条记录
[2026-06-15 10:35:18] INFO [parse] 建设银行文件处理完成，共提取 2 条记录
[2026-06-15 10:35:18] INFO [setup_logging] 日志系统初始化完成，日志文件: /Use*******************************************************************************************************
[2026-06-15 10:35:18] INFO [setup_logging] 未检测到 tkinter，将使用命令行交互模式
[2026-06-15 10:35:18] INFO [parse] 开始处理招商银行文件: /var*********************************************************************************
[2026-06-15 10:35:18] DEBUG [detect_file_format] 文件 /var********************************************************************************* Magic Bytes 检测为 xlsx 格式 (ZIP/OOXML)
[2026-06-15 10:35:18] INFO [validate_headers] 招商银行文件工作表「活期交易明细」表头校验通过，7 个字段均匹配
[2026-06-15 10:35:18] DEBUG [detect_file_format] 文件 /var******************************************************************************* Magic Bytes 检测为 xlsx 格式 (ZIP/OOXML)
[2026-06-15 10:35:18] INFO [load_lookup_table] 查找表加载完成：共 5 条条目，5 个唯一账号，0 个扩展字段
[2026-06-15 10:35:18] DEBUG [get_subject_info] 银行账号「6225年88月」匹配到主体: 杭**********司（优先级: 0）
[2026-06-15 10:35:18] INFO [_parse_sheet] 招商银行文件工作表「活期交易明细」提取 2 条记录
[2026-06-15 10:35:18] INFO [parse] 招商银行文件处理完成，共提取 2 条记录
[2026-06-15 10:35:18] INFO [setup_logging] 日志系统初始化完成，日志文件: /Use*******************************************************************************************************
[2026-06-15 10:35:18] INFO [setup_logging] 未检测到 tkinter，将使用命令行交互模式
[2026-06-15 10:35:18] INFO [parse] 开始处理北京银行文件: /var*********************************************************************************
[2026-06-15 10:35:18] DEBUG [detect_file_format] 文件 /var********************************************************************************* Magic Bytes 检测为 xlsx 格式 (ZIP/OOXML)
[2026-06-15 10:35:18] INFO [validate_headers] 北京银行文件工作表「交易明细」表头校验通过，7 个字段均匹配
[2026-06-15 10:35:18] DEBUG [detect_file_format] 文件 /var******************************************************************************* Magic Bytes 检测为 xlsx 格式 (ZIP/OOXML)
[2026-06-15 10:35:18] INFO [load_lookup_table] 查找表加载完成：共 5 条条目，5 个唯一账号，0 个扩展字段
[2026-06-15 10:35:18] DEBUG [get_subject_info] 银行账号「0109年03月」匹配到主体: 北********司（优先级: 0）
[2026-06-15 10:35:18] INFO [_parse_sheet] 北京银行文件工作表「交易明细」提取 2 条记录
[2026-06-15 10:35:18] INFO [parse] 北京银行文件处理完成，共提取 2 条记录
[2026-06-15 10:35:18] INFO [setup_logging] 日志系统初始化完成，日志文件: /Use*******************************************************************************************************
[2026-06-15 10:35:18] INFO [setup_logging] 未检测到 tkinter，将使用命令行交互模式
[2026-06-15 10:35:18] INFO [parse] 开始处理东亚银行文件: /var*********************************************************************************
[2026-06-15 10:35:18] DEBUG [detect_file_format] 文件 /var********************************************************************************* Magic Bytes 检测为 xlsx 格式 (ZIP/OOXML)
[2026-06-15 10:35:18] INFO [validate_headers] 东亚银行文件工作表「交易明细」表头校验通过，7 个字段均匹配
[2026-06-15 10:35:18] DEBUG [detect_file_format] 文件 /var******************************************************************************* Magic Bytes 检测为 xlsx 格式 (ZIP/OOXML)
[2026-06-15 10:35:18] INFO [load_lookup_table] 查找表加载完成：共 5 条条目，5 个唯一账号，0 个扩展字段
[2026-06-15 10:35:18] DEBUG [get_subject_info] 银行账号「3881年23月」匹配到主体: 上********司（优先级: 0）
[2026-06-15 10:35:18] INFO [_parse_sheet] 东亚银行文件工作表「交易明细」提取 2 条记录
[2026-06-15 10:35:18] INFO [parse] 东亚银行文件处理完成，共提取 2 条记录
[2026-06-15 10:35:18] INFO [setup_logging] 日志系统初始化完成，日志文件: /Use*******************************************************************************************************
[2026-06-15 10:35:18] INFO [setup_logging] 未检测到 tkinter，将使用命令行交互模式
[2026-06-15 10:35:18] INFO [parse] 开始处理工商银行文件: /var*********************************************************************************
[2026-06-15 10:35:18] DEBUG [detect_file_format] 文件 /var********************************************************************************* Magic Bytes 检测为 xlsx 格式 (ZIP/OOXML)
[2026-06-15 10:35:18] INFO [validate_headers] 工商银行文件工作表「交易明细」表头校验通过，7 个字段均匹配
[2026-06-15 10:35:18] DEBUG [detect_file_format] 文件 /var******************************************************************************* Magic Bytes 检测为 xlsx 格式 (ZIP/OOXML)
[2026-06-15 10:35:18] INFO [load_lookup_table] 查找表加载完成：共 5 条条目，5 个唯一账号，0 个扩展字段
[2026-06-15 10:35:18] DEBUG [get_subject_info] 银行账号「6222年02月」匹配到主体: 深********司（优先级: 0）
[2026-06-15 10:35:18] INFO [_parse_sheet] 工商银行文件工作表「交易明细」提取 2 条记录
[2026-06-15 10:35:18] INFO [parse] 工商银行文件处理完成，共提取 2 条记录
[2026-06-15 10:35:18] INFO [setup_logging] 日志系统初始化完成，日志文件: /Use*******************************************************************************************************
[2026-06-15 10:35:18] INFO [setup_logging] 未检测到 tkinter，将使用命令行交互模式
[2026-06-15 10:35:18] INFO [parse] 开始处理建设银行文件: /var*********************************************************************************
[2026-06-15 10:35:18] DEBUG [detect_file_format] 文件 /var********************************************************************************* Magic Bytes 检测为 xlsx 格式 (ZIP/OOXML)
[2026-06-15 10:35:18] INFO [validate_headers] 建设银行文件工作表「交易明细」表头校验通过，7 个字段均匹配
[2026-06-15 10:35:18] DEBUG [detect_file_format] 文件 /var******************************************************************************* Magic Bytes 检测为 xlsx 格式 (ZIP/OOXML)
[2026-06-15 10:35:18] INFO [load_lookup_table] 查找表加载完成：共 5 条条目，5 个唯一账号，0 个扩展字段
[2026-06-15 10:35:18] DEBUG [get_subject_info] 银行账号「6227年00月」匹配到主体: 广**********司（优先级: 0）
[2026-06-15 10:35:18] INFO [_parse_sheet] 建设银行文件工作表「交易明细」提取 2 条记录
[2026-06-15 10:35:18] INFO [parse] 建设银行文件处理完成，共提取 2 条记录
[2026-06-15 10:35:18] INFO [setup_logging] 日志系统初始化完成，日志文件: /Use*******************************************************************************************************
[2026-06-15 10:35:18] INFO [setup_logging] 未检测到 tkinter，将使用命令行交互模式
[2026-06-15 10:35:18] INFO [parse] 开始处理招商银行文件: /var*********************************************************************************
[2026-06-15 10:35:18] DEBUG [detect_file_format] 文件 /var********************************************************************************* Magic Bytes 检测为 xlsx 格式 (ZIP/OOXML)
[2026-06-15 10:35:18] INFO [validate_headers] 招商银行文件工作表「活期交易明细」表头校验通过，7 个字段均匹配
[2026-06-15 10:35:18] DEBUG [detect_file_format] 文件 /var******************************************************************************* Magic Bytes 检测为 xlsx 格式 (ZIP/OOXML)
[2026-06-15 10:35:18] INFO [load_lookup_table] 查找表加载完成：共 5 条条目，5 个唯一账号，0 个扩展字段
[2026-06-15 10:35:18] DEBUG [get_subject_info] 银行账号「6225年88月」匹配到主体: 杭**********司（优先级: 0）
[2026-06-15 10:35:18] INFO [_parse_sheet] 招商银行文件工作表「活期交易明细」提取 2 条记录
[2026-06-15 10:35:18] INFO [parse] 招商银行文件处理完成，共提取 2 条记录
[2026-06-15 10:35:18] INFO [setup_logging] 日志系统初始化完成，日志文件: /Use*******************************************************************************************************
[2026-06-15 10:35:18] INFO [setup_logging] 未检测到 tkinter，将使用命令行交互模式
[2026-06-15 10:35:18] INFO [parse] 开始处理北京银行文件: /var*********************************************************************************
[2026-06-15 10:35:18] DEBUG [detect_file_format] 文件 /var********************************************************************************* Magic Bytes 检测为 xlsx 格式 (ZIP/OOXML)
[2026-06-15 10:35:18] INFO [validate_headers] 北京银行文件工作表「交易明细」表头校验通过，7 个字段均匹配
[2026-06-15 10:35:18] DEBUG [detect_file_format] 文件 /var******************************************************************************* Magic Bytes 检测为 xlsx 格式 (ZIP/OOXML)
[2026-06-15 10:35:18] INFO [load_lookup_table] 查找表加载完成：共 5 条条目，5 个唯一账号，0 个扩展字段
[2026-06-15 10:35:18] DEBUG [get_subject_info] 银行账号「0109年03月」匹配到主体: 北********司（优先级: 0）
[2026-06-15 10:35:18] INFO [_parse_sheet] 北京银行文件工作表「交易明细」提取 2 条记录
[2026-06-15 10:35:18] INFO [parse] 北京银行文件处理完成，共提取 2 条记录
[2026-06-15 10:35:18] INFO [setup_logging] 日志系统初始化完成，日志文件: /Use*******************************************************************************************************
[2026-06-15 10:35:18] INFO [setup_logging] 未检测到 tkinter，将使用命令行交互模式
[2026-06-15 10:35:18] INFO [parse] 开始处理东亚银行文件: /var*********************************************************************************
[2026-06-15 10:35:18] DEBUG [detect_file_format] 文件 /var********************************************************************************* Magic Bytes 检测为 xlsx 格式 (ZIP/OOXML)
[2026-06-15 10:35:18] INFO [validate_headers] 东亚银行文件工作表「交易明细」表头校验通过，7 个字段均匹配
[2026-06-15 10:35:18] DEBUG [detect_file_format] 文件 /var******************************************************************************* Magic Bytes 检测为 xlsx 格式 (ZIP/OOXML)
[2026-06-15 10:35:18] INFO [load_lookup_table] 查找表加载完成：共 5 条条目，5 个唯一账号，0 个扩展字段
[2026-06-15 10:35:18] DEBUG [get_subject_info] 银行账号「3881年23月」匹配到主体: 上********司（优先级: 0）
[2026-06-15 10:35:18] INFO [_parse_sheet] 东亚银行文件工作表「交易明细」提取 2 条记录
[2026-06-15 10:35:18] INFO [parse] 东亚银行文件处理完成，共提取 2 条记录
[2026-06-15 10:35:18] INFO [setup_logging] 日志系统初始化完成，日志文件: /Use*******************************************************************************************************
[2026-06-15 10:35:18] INFO [setup_logging] 未检测到 tkinter，将使用命令行交互模式
[2026-06-15 10:35:18] INFO [parse] 开始处理工商银行文件: /var*********************************************************************************
[2026-06-15 10:35:18] DEBUG [detect_file_format] 文件 /var********************************************************************************* Magic Bytes 检测为 xlsx 格式 (ZIP/OOXML)
[2026-06-15 10:35:18] INFO [validate_headers] 工商银行文件工作表「交易明细」表头校验通过，7 个字段均匹配
[2026-06-15 10:35:18] DEBUG [detect_file_format] 文件 /var******************************************************************************* Magic Bytes 检测为 xlsx 格式 (ZIP/OOXML)
[2026-06-15 10:35:18] INFO [load_lookup_table] 查找表加载完成：共 5 条条目，5 个唯一账号，0 个扩展字段
[2026-06-15 10:35:18] DEBUG [get_subject_info] 银行账号「6222年02月」匹配到主体: 深********司（优先级: 0）
[2026-06-15 10:35:18] INFO [_parse_sheet] 工商银行文件工作表「交易明细」提取 2 条记录
[2026-06-15 10:35:18] INFO [parse] 工商银行文件处理完成，共提取 2 条记录
[2026-06-15 10:35:18] INFO [setup_logging] 日志系统初始化完成，日志文件: /Use*******************************************************************************************************
[2026-06-15 10:35:18] INFO [setup_logging] 未检测到 tkinter，将使用命令行交互模式
[2026-06-15 10:35:18] INFO [parse] 开始处理建设银行文件: /var*********************************************************************************
[2026-06-15 10:35:18] DEBUG [detect_file_format] 文件 /var********************************************************************************* Magic Bytes 检测为 xlsx 格式 (ZIP/OOXML)
[2026-06-15 10:35:18] INFO [validate_headers] 建设银行文件工作表「交易明细」表头校验通过，7 个字段均匹配
[2026-06-15 10:35:18] DEBUG [detect_file_format] 文件 /var******************************************************************************* Magic Bytes 检测为 xlsx 格式 (ZIP/OOXML)
[2026-06-15 10:35:18] INFO [load_lookup_table] 查找表加载完成：共 5 条条目，5 个唯一账号，0 个扩展字段
[2026-06-15 10:35:18] DEBUG [get_subject_info] 银行账号「6227年00月」匹配到主体: 广**********司（优先级: 0）
[2026-06-15 10:35:18] INFO [_parse_sheet] 建设银行文件工作表「交易明细」提取 2 条记录
[2026-06-15 10:35:18] INFO [parse] 建设银行文件处理完成，共提取 2 条记录
[2026-06-15 10:35:18] INFO [setup_logging] 日志系统初始化完成，日志文件: /Use*******************************************************************************************************
[2026-06-15 10:35:18] INFO [setup_logging] 未检测到 tkinter，将使用命令行交互模式
[2026-06-15 10:35:18] INFO [parse] 开始处理招商银行文件: /var*********************************************************************************
[2026-06-15 10:35:18] DEBUG [detect_file_format] 文件 /var********************************************************************************* Magic Bytes 检测为 xlsx 格式 (ZIP/OOXML)
[2026-06-15 10:35:18] INFO [validate_headers] 招商银行文件工作表「活期交易明细」表头校验通过，7 个字段均匹配
[2026-06-15 10:35:18] DEBUG [detect_file_format] 文件 /var******************************************************************************* Magic Bytes 检测为 xlsx 格式 (ZIP/OOXML)
[2026-06-15 10:35:18] INFO [load_lookup_table] 查找表加载完成：共 5 条条目，5 个唯一账号，0 个扩展字段
[2026-06-15 10:35:18] DEBUG [get_subject_info] 银行账号「6225年88月」匹配到主体: 杭**********司（优先级: 0）
[2026-06-15 10:35:18] INFO [_parse_sheet] 招商银行文件工作表「活期交易明细」提取 2 条记录
[2026-06-15 10:35:18] INFO [parse] 招商银行文件处理完成，共提取 2 条记录
[2026-06-15 10:35:18] INFO [setup_logging] 日志系统初始化完成，日志文件: /Use*******************************************************************************************************
[2026-06-15 10:35:18] INFO [setup_logging] 未检测到 tkinter，将使用命令行交互模式
[2026-06-15 10:35:18] INFO [parse] 开始处理北京银行文件: /var*********************************************************************************
[2026-06-15 10:35:18] DEBUG [detect_file_format] 文件 /var********************************************************************************* Magic Bytes 检测为 xlsx 格式 (ZIP/OOXML)
[2026-06-15 10:35:18] INFO [validate_headers] 北京银行文件工作表「交易明细」表头校验通过，7 个字段均匹配
[2026-06-15 10:35:18] DEBUG [detect_file_format] 文件 /var******************************************************************************* Magic Bytes 检测为 xlsx 格式 (ZIP/OOXML)
[2026-06-15 10:35:18] INFO [load_lookup_table] 查找表加载完成：共 5 条条目，5 个唯一账号，0 个扩展字段
[2026-06-15 10:35:18] DEBUG [get_subject_info] 银行账号「0109年03月」匹配到主体: 北********司（优先级: 0）
[2026-06-15 10:35:18] INFO [_parse_sheet] 北京银行文件工作表「交易明细」提取 2 条记录
[2026-06-15 10:35:18] INFO [parse] 北京银行文件处理完成，共提取 2 条记录
[2026-06-15 10:35:18] INFO [setup_logging] 日志系统初始化完成，日志文件: /Use*******************************************************************************************************
[2026-06-15 10:35:18] INFO [setup_logging] 未检测到 tkinter，将使用命令行交互模式
[2026-06-15 10:35:18] INFO [parse] 开始处理东亚银行文件: /var*********************************************************************************
[2026-06-15 10:35:18] DEBUG [detect_file_format] 文件 /var********************************************************************************* Magic Bytes 检测为 xlsx 格式 (ZIP/OOXML)
[2026-06-15 10:35:18] INFO [validate_headers] 东亚银行文件工作表「交易明细」表头校验通过，7 个字段均匹配
[2026-06-15 10:35:18] DEBUG [detect_file_format] 文件 /var******************************************************************************* Magic Bytes 检测为 xlsx 格式 (ZIP/OOXML)
[2026-06-15 10:35:18] INFO [load_lookup_table] 查找表加载完成：共 5 条条目，5 个唯一账号，0 个扩展字段
[2026-06-15 10:35:18] DEBUG [get_subject_info] 银行账号「3881年23月」匹配到主体: 上********司（优先级: 0）
[2026-06-15 10:35:18] INFO [_parse_sheet] 东亚银行文件工作表「交易明细」提取 2 条记录
[2026-06-15 10:35:18] INFO [parse] 东亚银行文件处理完成，共提取 2 条记录
[2026-06-15 10:35:18] INFO [setup_logging] 日志系统初始化完成，日志文件: /Use*******************************************************************************************************
[2026-06-15 10:35:18] INFO [setup_logging] 未检测到 tkinter，将使用命令行交互模式
[2026-06-15 10:35:18] INFO [parse] 开始处理工商银行文件: /var*********************************************************************************
[2026-06-15 10:35:18] DEBUG [detect_file_format] 文件 /var********************************************************************************* Magic Bytes 检测为 xlsx 格式 (ZIP/OOXML)
[2026-06-15 10:35:18] INFO [validate_headers] 工商银行文件工作表「交易明细」表头校验通过，7 个字段均匹配
[2026-06-15 10:35:18] DEBUG [detect_file_format] 文件 /var******************************************************************************* Magic Bytes 检测为 xlsx 格式 (ZIP/OOXML)
[2026-06-15 10:35:18] INFO [load_lookup_table] 查找表加载完成：共 5 条条目，5 个唯一账号，0 个扩展字段
[2026-06-15 10:35:18] DEBUG [get_subject_info] 银行账号「6222年02月」匹配到主体: 深********司（优先级: 0）
[2026-06-15 10:35:18] INFO [_parse_sheet] 工商银行文件工作表「交易明细」提取 2 条记录
[2026-06-15 10:35:18] INFO [parse] 工商银行文件处理完成，共提取 2 条记录
[2026-06-15 10:35:18] INFO [setup_logging] 日志系统初始化完成，日志文件: /Use*******************************************************************************************************
[2026-06-15 10:35:18] INFO [setup_logging] 未检测到 tkinter，将使用命令行交互模式
[2026-06-15 10:35:18] INFO [parse] 开始处理建设银行文件: /var*********************************************************************************
[2026-06-15 10:35:18] DEBUG [detect_file_format] 文件 /var********************************************************************************* Magic Bytes 检测为 xlsx 格式 (ZIP/OOXML)
[2026-06-15 10:35:18] INFO [validate_headers] 建设银行文件工作表「交易明细」表头校验通过，7 个字段均匹配
[2026-06-15 10:35:18] DEBUG [detect_file_format] 文件 /var******************************************************************************* Magic Bytes 检测为 xlsx 格式 (ZIP/OOXML)
[2026-06-15 10:35:18] INFO [load_lookup_table] 查找表加载完成：共 5 条条目，5 个唯一账号，0 个扩展字段
[2026-06-15 10:35:18] DEBUG [get_subject_info] 银行账号「6227年00月」匹配到主体: 广**********司（优先级: 0）
[2026-06-15 10:35:18] INFO [_parse_sheet] 建设银行文件工作表「交易明细」提取 2 条记录
[2026-06-15 10:35:18] INFO [parse] 建设银行文件处理完成，共提取 2 条记录
[2026-06-15 10:35:18] INFO [setup_logging] 日志系统初始化完成，日志文件: /Use*******************************************************************************************************
[2026-06-15 10:35:18] INFO [setup_logging] 未检测到 tkinter，将使用命令行交互模式
[2026-06-15 10:35:18] INFO [parse] 开始处理招商银行文件: /var*********************************************************************************
[2026-06-15 10:35:18] DEBUG [detect_file_format] 文件 /var********************************************************************************* Magic Bytes 检测为 xlsx 格式 (ZIP/OOXML)
[2026-06-15 10:35:18] INFO [validate_headers] 招商银行文件工作表「活期交易明细」表头校验通过，7 个字段均匹配
[2026-06-15 10:35:18] DEBUG [detect_file_format] 文件 /var******************************************************************************* Magic Bytes 检测为 xlsx 格式 (ZIP/OOXML)
[2026-06-15 10:35:18] INFO [load_lookup_table] 查找表加载完成：共 5 条条目，5 个唯一账号，0 个扩展字段
[2026-06-15 10:35:18] DEBUG [get_subject_info] 银行账号「6225年88月」匹配到主体: 杭**********司（优先级: 0）
[2026-06-15 10:35:18] INFO [_parse_sheet] 招商银行文件工作表「活期交易明细」提取 2 条记录
[2026-06-15 10:35:18] INFO [parse] 招商银行文件处理完成，共提取 2 条记录
[2026-06-15 10:35:18] INFO [setup_logging] 日志系统初始化完成，日志文件: /Use*******************************************************************************************************
[2026-06-15 10:35:18] INFO [setup_logging] 未检测到 tkinter，将使用命令行交互模式
[2026-06-15 10:35:18] INFO [parse] 开始处理北京银行文件: /var*********************************************************************************
[2026-06-15 10:35:18] DEBUG [detect_file_format] 文件 /var********************************************************************************* Magic Bytes 检测为 xlsx 格式 (ZIP/OOXML)
[2026-06-15 10:35:18] INFO [validate_headers] 北京银行文件工作表「交易明细」表头校验通过，7 个字段均匹配
[2026-06-15 10:35:18] DEBUG [detect_file_format] 文件 /var******************************************************************************* Magic Bytes 检测为 xlsx 格式 (ZIP/OOXML)
[2026-06-15 10:35:18] INFO [load_lookup_table] 查找表加载完成：共 5 条条目，5 个唯一账号，0 个扩展字段
[2026-06-15 10:35:18] DEBUG [get_subject_info] 银行账号「0109年03月」匹配到主体: 北********司（优先级: 0）
[2026-06-15 10:35:18] INFO [_parse_sheet] 北京银行文件工作表「交易明细」提取 2 条记录
[2026-06-15 10:35:18] INFO [parse] 北京银行文件处理完成，共提取 2 条记录
[2026-06-15 10:35:18] INFO [setup_logging] 日志系统初始化完成，日志文件: /Use*******************************************************************************************************
[2026-06-15 10:35:18] INFO [setup_logging] 未检测到 tkinter，将使用命令行交互模式
[2026-06-15 10:35:18] INFO [parse] 开始处理东亚银行文件: /var*********************************************************************************
[2026-06-15 10:35:18] DEBUG [detect_file_format] 文件 /var********************************************************************************* Magic Bytes 检测为 xlsx 格式 (ZIP/OOXML)
[2026-06-15 10:35:18] INFO [validate_headers] 东亚银行文件工作表「交易明细」表头校验通过，7 个字段均匹配
[2026-06-15 10:35:18] DEBUG [detect_file_format] 文件 /var******************************************************************************* Magic Bytes 检测为 xlsx 格式 (ZIP/OOXML)
[2026-06-15 10:35:18] INFO [load_lookup_table] 查找表加载完成：共 5 条条目，5 个唯一账号，0 个扩展字段
[2026-06-15 10:35:18] DEBUG [get_subject_info] 银行账号「3881年23月」匹配到主体: 上********司（优先级: 0）
[2026-06-15 10:35:18] INFO [_parse_sheet] 东亚银行文件工作表「交易明细」提取 2 条记录
[2026-06-15 10:35:18] INFO [parse] 东亚银行文件处理完成，共提取 2 条记录
[2026-06-15 10:35:18] INFO [setup_logging] 日志系统初始化完成，日志文件: /Use*******************************************************************************************************
[2026-06-15 10:35:18] INFO [setup_logging] 未检测到 tkinter，将使用命令行交互模式
[2026-06-15 10:35:18] INFO [parse] 开始处理工商银行文件: /var*********************************************************************************
[2026-06-15 10:35:18] DEBUG [detect_file_format] 文件 /var********************************************************************************* Magic Bytes 检测为 xlsx 格式 (ZIP/OOXML)
[2026-06-15 10:35:18] INFO [validate_headers] 工商银行文件工作表「交易明细」表头校验通过，7 个字段均匹配
[2026-06-15 10:35:18] DEBUG [detect_file_format] 文件 /var******************************************************************************* Magic Bytes 检测为 xlsx 格式 (ZIP/OOXML)
[2026-06-15 10:35:18] INFO [load_lookup_table] 查找表加载完成：共 5 条条目，5 个唯一账号，0 个扩展字段
[2026-06-15 10:35:18] DEBUG [get_subject_info] 银行账号「6222年02月」匹配到主体: 深********司（优先级: 0）
[2026-06-15 10:35:18] INFO [_parse_sheet] 工商银行文件工作表「交易明细」提取 2 条记录
[2026-06-15 10:35:18] INFO [parse] 工商银行文件处理完成，共提取 2 条记录
[2026-06-15 10:35:18] INFO [setup_logging] 日志系统初始化完成，日志文件: /Use*******************************************************************************************************
[2026-06-15 10:35:18] INFO [setup_logging] 未检测到 tkinter，将使用命令行交互模式
[2026-06-15 10:35:18] INFO [parse] 开始处理建设银行文件: /var*********************************************************************************
[2026-06-15 10:35:18] DEBUG [detect_file_format] 文件 /var********************************************************************************* Magic Bytes 检测为 xlsx 格式 (ZIP/OOXML)
[2026-06-15 10:35:18] INFO [validate_headers] 建设银行文件工作表「交易明细」表头校验通过，7 个字段均匹配
[2026-06-15 10:35:18] DEBUG [detect_file_format] 文件 /var******************************************************************************* Magic Bytes 检测为 xlsx 格式 (ZIP/OOXML)
[2026-06-15 10:35:18] INFO [load_lookup_table] 查找表加载完成：共 5 条条目，5 个唯一账号，0 个扩展字段
[2026-06-15 10:35:18] DEBUG [get_subject_info] 银行账号「6227年00月」匹配到主体: 广**********司（优先级: 0）
[2026-06-15 10:35:18] INFO [_parse_sheet] 建设银行文件工作表「交易明细」提取 2 条记录
[2026-06-15 10:35:18] INFO [parse] 建设银行文件处理完成，共提取 2 条记录
[2026-06-15 10:35:18] INFO [setup_logging] 日志系统初始化完成，日志文件: /Use*******************************************************************************************************
[2026-06-15 10:35:18] INFO [setup_logging] 未检测到 tkinter，将使用命令行交互模式
[2026-06-15 10:35:18] INFO [parse] 开始处理招商银行文件: /var*********************************************************************************
[2026-06-15 10:35:18] DEBUG [detect_file_format] 文件 /var********************************************************************************* Magic Bytes 检测为 xlsx 格式 (ZIP/OOXML)
[2026-06-15 10:35:18] INFO [validate_headers] 招商银行文件工作表「活期交易明细」表头校验通过，7 个字段均匹配
[2026-06-15 10:35:18] DEBUG [detect_file_format] 文件 /var******************************************************************************* Magic Bytes 检测为 xlsx 格式 (ZIP/OOXML)
[2026-06-15 10:35:18] INFO [load_lookup_table] 查找表加载完成：共 5 条条目，5 个唯一账号，0 个扩展字段
[2026-06-15 10:35:18] DEBUG [get_subject_info] 银行账号「6225年88月」匹配到主体: 杭**********司（优先级: 0）
[2026-06-15 10:35:18] INFO [_parse_sheet] 招商银行文件工作表「活期交易明细」提取 2 条记录
[2026-06-15 10:35:18] INFO [parse] 招商银行文件处理完成，共提取 2 条记录
[2026-06-15 10:35:18] INFO [setup_logging] 日志系统初始化完成，日志文件: /Use*******************************************************************************************************
[2026-06-15 10:35:18] INFO [setup_logging] 未检测到 tkinter，将使用命令行交互模式
[2026-06-15 10:35:18] INFO [parse] 开始处理北京银行文件: /var*********************************************************************************
[2026-06-15 10:35:18] DEBUG [detect_file_format] 文件 /var********************************************************************************* Magic Bytes 检测为 xlsx 格式 (ZIP/OOXML)
[2026-06-15 10:35:18] INFO [validate_headers] 北京银行文件工作表「交易明细」表头校验通过，7 个字段均匹配
[2026-06-15 10:35:18] DEBUG [detect_file_format] 文件 /var******************************************************************************* Magic Bytes 检测为 xlsx 格式 (ZIP/OOXML)
[2026-06-15 10:35:18] INFO [load_lookup_table] 查找表加载完成：共 5 条条目，5 个唯一账号，0 个扩展字段
[2026-06-15 10:35:18] DEBUG [get_subject_info] 银行账号「0109年03月」匹配到主体: 北********司（优先级: 0）
[2026-06-15 10:35:18] INFO [_parse_sheet] 北京银行文件工作表「交易明细」提取 2 条记录
[2026-06-15 10:35:18] INFO [parse] 北京银行文件处理完成，共提取 2 条记录
[2026-06-15 10:35:18] INFO [setup_logging] 日志系统初始化完成，日志文件: /Use*******************************************************************************************************
[2026-06-15 10:35:18] INFO [setup_logging] 未检测到 tkinter，将使用命令行交互模式
[2026-06-15 10:35:18] INFO [parse] 开始处理东亚银行文件: /var*********************************************************************************
[2026-06-15 10:35:18] DEBUG [detect_file_format] 文件 /var********************************************************************************* Magic Bytes 检测为 xlsx 格式 (ZIP/OOXML)
[2026-06-15 10:35:18] INFO [validate_headers] 东亚银行文件工作表「交易明细」表头校验通过，7 个字段均匹配
[2026-06-15 10:35:18] DEBUG [detect_file_format] 文件 /var******************************************************************************* Magic Bytes 检测为 xlsx 格式 (ZIP/OOXML)
[2026-06-15 10:35:18] INFO [load_lookup_table] 查找表加载完成：共 5 条条目，5 个唯一账号，0 个扩展字段
[2026-06-15 10:35:18] DEBUG [get_subject_info] 银行账号「3881年23月」匹配到主体: 上********司（优先级: 0）
[2026-06-15 10:35:18] INFO [_parse_sheet] 东亚银行文件工作表「交易明细」提取 2 条记录
[2026-06-15 10:35:18] INFO [parse] 东亚银行文件处理完成，共提取 2 条记录
[2026-06-15 10:35:18] INFO [setup_logging] 日志系统初始化完成，日志文件: /Use*******************************************************************************************************
[2026-06-15 10:35:18] INFO [setup_logging] 未检测到 tkinter，将使用命令行交互模式
[2026-06-15 10:35:18] INFO [parse] 开始处理工商银行文件: /var*********************************************************************************
[2026-06-15 10:35:18] DEBUG [detect_file_format] 文件 /var********************************************************************************* Magic Bytes 检测为 xlsx 格式 (ZIP/OOXML)
[2026-06-15 10:35:18] INFO [validate_headers] 工商银行文件工作表「交易明细」表头校验通过，7 个字段均匹配
[2026-06-15 10:35:18] DEBUG [detect_file_format] 文件 /var******************************************************************************* Magic Bytes 检测为 xlsx 格式 (ZIP/OOXML)
[2026-06-15 10:35:18] INFO [load_lookup_table] 查找表加载完成：共 5 条条目，5 个唯一账号，0 个扩展字段
[2026-06-15 10:35:18] DEBUG [get_subject_info] 银行账号「6222年02月」匹配到主体: 深********司（优先级: 0）
[2026-06-15 10:35:18] INFO [_parse_sheet] 工商银行文件工作表「交易明细」提取 2 条记录
[2026-06-15 10:35:18] INFO [parse] 工商银行文件处理完成，共提取 2 条记录
[2026-06-15 10:35:18] INFO [setup_logging] 日志系统初始化完成，日志文件: /Use*******************************************************************************************************
[2026-06-15 10:35:18] INFO [setup_logging] 未检测到 tkinter，将使用命令行交互模式
[2026-06-15 10:35:18] INFO [parse] 开始处理建设银行文件: /var*********************************************************************************
[2026-06-15 10:35:18] DEBUG [detect_file_format] 文件 /var********************************************************************************* Magic Bytes 检测为 xlsx 格式 (ZIP/OOXML)
[2026-06-15 10:35:18] INFO [validate_headers] 建设银行文件工作表「交易明细」表头校验通过，7 个字段均匹配
[2026-06-15 10:35:18] DEBUG [detect_file_format] 文件 /var******************************************************************************* Magic Bytes 检测为 xlsx 格式 (ZIP/OOXML)
[2026-06-15 10:35:18] INFO [load_lookup_table] 查找表加载完成：共 5 条条目，5 个唯一账号，0 个扩展字段
[2026-06-15 10:35:18] DEBUG [get_subject_info] 银行账号「6227年00月」匹配到主体: 广**********司（优先级: 0）
[2026-06-15 10:35:18] INFO [_parse_sheet] 建设银行文件工作表「交易明细」提取 2 条记录
[2026-06-15 10:35:18] INFO [parse] 建设银行文件处理完成，共提取 2 条记录
[2026-06-15 10:35:18] INFO [setup_logging] 日志系统初始化完成，日志文件: /Use*******************************************************************************************************
[2026-06-15 10:35:18] INFO [setup_logging] 未检测到 tkinter，将使用命令行交互模式
[2026-06-15 10:35:18] INFO [parse] 开始处理招商银行文件: /var*********************************************************************************
[2026-06-15 10:35:18] DEBUG [detect_file_format] 文件 /var********************************************************************************* Magic Bytes 检测为 xlsx 格式 (ZIP/OOXML)
[2026-06-15 10:35:18] INFO [validate_headers] 招商银行文件工作表「活期交易明细」表头校验通过，7 个字段均匹配
[2026-06-15 10:35:18] DEBUG [detect_file_format] 文件 /var******************************************************************************* Magic Bytes 检测为 xlsx 格式 (ZIP/OOXML)
[2026-06-15 10:35:18] INFO [load_lookup_table] 查找表加载完成：共 5 条条目，5 个唯一账号，0 个扩展字段
[2026-06-15 10:35:18] DEBUG [get_subject_info] 银行账号「6225年88月」匹配到主体: 杭**********司（优先级: 0）
[2026-06-15 10:35:18] INFO [_parse_sheet] 招商银行文件工作表「活期交易明细」提取 2 条记录
[2026-06-15 10:35:18] INFO [parse] 招商银行文件处理完成，共提取 2 条记录
[2026-06-15 10:35:18] INFO [setup_logging] 日志系统初始化完成，日志文件: /Use*******************************************************************************************************
[2026-06-15 10:35:18] INFO [setup_logging] 未检测到 tkinter，将使用命令行交互模式
[2026-06-15 10:35:18] INFO [parse] 开始处理北京银行文件: /var*********************************************************************************
[2026-06-15 10:35:18] DEBUG [detect_file_format] 文件 /var********************************************************************************* Magic Bytes 检测为 xlsx 格式 (ZIP/OOXML)
[2026-06-15 10:35:18] INFO [validate_headers] 北京银行文件工作表「交易明细」表头校验通过，7 个字段均匹配
[2026-06-15 10:35:18] DEBUG [detect_file_format] 文件 /var******************************************************************************* Magic Bytes 检测为 xlsx 格式 (ZIP/OOXML)
[2026-06-15 10:35:18] INFO [load_lookup_table] 查找表加载完成：共 5 条条目，5 个唯一账号，0 个扩展字段
[2026-06-15 10:35:18] DEBUG [get_subject_info] 银行账号「0109年03月」匹配到主体: 北********司（优先级: 0）
[2026-06-15 10:35:18] INFO [_parse_sheet] 北京银行文件工作表「交易明细」提取 2 条记录
[2026-06-15 10:35:18] INFO [parse] 北京银行文件处理完成，共提取 2 条记录
[2026-06-15 10:35:18] INFO [setup_logging] 日志系统初始化完成，日志文件: /Use*******************************************************************************************************
[2026-06-15 10:35:18] INFO [setup_logging] 未检测到 tkinter，将使用命令行交互模式
[2026-06-15 10:35:18] INFO [parse] 开始处理东亚银行文件: /var*********************************************************************************
[2026-06-15 10:35:18] DEBUG [detect_file_format] 文件 /var********************************************************************************* Magic Bytes 检测为 xlsx 格式 (ZIP/OOXML)
[2026-06-15 10:35:18] INFO [validate_headers] 东亚银行文件工作表「交易明细」表头校验通过，7 个字段均匹配
[2026-06-15 10:35:18] DEBUG [detect_file_format] 文件 /var******************************************************************************* Magic Bytes 检测为 xlsx 格式 (ZIP/OOXML)
[2026-06-15 10:35:18] INFO [load_lookup_table] 查找表加载完成：共 5 条条目，5 个唯一账号，0 个扩展字段
[2026-06-15 10:35:19] DEBUG [get_subject_info] 银行账号「3881年23月」匹配到主体: 上********司（优先级: 0）
[2026-06-15 10:35:19] INFO [_parse_sheet] 东亚银行文件工作表「交易明细」提取 2 条记录
[2026-06-15 10:35:19] INFO [parse] 东亚银行文件处理完成，共提取 2 条记录
[2026-06-15 10:35:19] INFO [setup_logging] 日志系统初始化完成，日志文件: /Use*******************************************************************************************************
[2026-06-15 10:35:19] INFO [setup_logging] 未检测到 tkinter，将使用命令行交互模式
[2026-06-15 10:35:19] INFO [parse] 开始处理工商银行文件: /var*********************************************************************************
[2026-06-15 10:35:19] DEBUG [detect_file_format] 文件 /var********************************************************************************* Magic Bytes 检测为 xlsx 格式 (ZIP/OOXML)
[2026-06-15 10:35:19] INFO [validate_headers] 工商银行文件工作表「交易明细」表头校验通过，7 个字段均匹配
[2026-06-15 10:35:19] DEBUG [detect_file_format] 文件 /var******************************************************************************* Magic Bytes 检测为 xlsx 格式 (ZIP/OOXML)
[2026-06-15 10:35:19] INFO [load_lookup_table] 查找表加载完成：共 5 条条目，5 个唯一账号，0 个扩展字段
[2026-06-15 10:35:19] DEBUG [get_subject_info] 银行账号「6222年02月」匹配到主体: 深********司（优先级: 0）
[2026-06-15 10:35:19] INFO [_parse_sheet] 工商银行文件工作表「交易明细」提取 2 条记录
[2026-06-15 10:35:19] INFO [parse] 工商银行文件处理完成，共提取 2 条记录
[2026-06-15 10:35:19] INFO [setup_logging] 日志系统初始化完成，日志文件: /Use*******************************************************************************************************
[2026-06-15 10:35:19] INFO [setup_logging] 未检测到 tkinter，将使用命令行交互模式
[2026-06-15 10:35:19] INFO [parse] 开始处理建设银行文件: /var*********************************************************************************
[2026-06-15 10:35:19] DEBUG [detect_file_format] 文件 /var********************************************************************************* Magic Bytes 检测为 xlsx 格式 (ZIP/OOXML)
[2026-06-15 10:35:19] INFO [validate_headers] 建设银行文件工作表「交易明细」表头校验通过，7 个字段均匹配
[2026-06-15 10:35:19] DEBUG [detect_file_format] 文件 /var******************************************************************************* Magic Bytes 检测为 xlsx 格式 (ZIP/OOXML)
[2026-06-15 10:35:19] INFO [load_lookup_table] 查找表加载完成：共 5 条条目，5 个唯一账号，0 个扩展字段
[2026-06-15 10:35:19] DEBUG [get_subject_info] 银行账号「6227年00月」匹配到主体: 广**********司（优先级: 0）
[2026-06-15 10:35:19] INFO [_parse_sheet] 建设银行文件工作表「交易明细」提取 2 条记录
[2026-06-15 10:35:19] INFO [parse] 建设银行文件处理完成，共提取 2 条记录
[2026-06-15 10:35:19] INFO [setup_logging] 日志系统初始化完成，日志文件: /Use*******************************************************************************************************
[2026-06-15 10:35:19] INFO [setup_logging] 未检测到 tkinter，将使用命令行交互模式
[2026-06-15 10:35:19] INFO [parse] 开始处理招商银行文件: /var*********************************************************************************
[2026-06-15 10:35:19] DEBUG [detect_file_format] 文件 /var********************************************************************************* Magic Bytes 检测为 xlsx 格式 (ZIP/OOXML)
[2026-06-15 10:35:19] INFO [validate_headers] 招商银行文件工作表「活期交易明细」表头校验通过，7 个字段均匹配
[2026-06-15 10:35:19] DEBUG [detect_file_format] 文件 /var******************************************************************************* Magic Bytes 检测为 xlsx 格式 (ZIP/OOXML)
[2026-06-15 10:35:19] INFO [load_lookup_table] 查找表加载完成：共 5 条条目，5 个唯一账号，0 个扩展字段
[2026-06-15 10:35:19] DEBUG [get_subject_info] 银行账号「6225年88月」匹配到主体: 杭**********司（优先级: 0）
[2026-06-15 10:35:19] INFO [_parse_sheet] 招商银行文件工作表「活期交易明细」提取 2 条记录
[2026-06-15 10:35:19] INFO [parse] 招商银行文件处理完成，共提取 2 条记录
[2026-06-15 10:35:19] INFO [setup_logging] 日志系统初始化完成，日志文件: /Use*******************************************************************************************************
[2026-06-15 10:35:19] INFO [setup_logging] 未检测到 tkinter，将使用命令行交互模式
[2026-06-15 10:35:19] INFO [parse] 开始处理北京银行文件: /var*********************************************************************************
[2026-06-15 10:35:19] DEBUG [detect_file_format] 文件 /var********************************************************************************* Magic Bytes 检测为 xlsx 格式 (ZIP/OOXML)
[2026-06-15 10:35:19] INFO [validate_headers] 北京银行文件工作表「交易明细」表头校验通过，7 个字段均匹配
[2026-06-15 10:35:19] DEBUG [detect_file_format] 文件 /var******************************************************************************* Magic Bytes 检测为 xlsx 格式 (ZIP/OOXML)
[2026-06-15 10:35:19] INFO [load_lookup_table] 查找表加载完成：共 5 条条目，5 个唯一账号，0 个扩展字段
[2026-06-15 10:35:19] DEBUG [get_subject_info] 银行账号「0109年03月」匹配到主体: 北********司（优先级: 0）
[2026-06-15 10:35:19] INFO [_parse_sheet] 北京银行文件工作表「交易明细」提取 2 条记录
[2026-06-15 10:35:19] INFO [parse] 北京银行文件处理完成，共提取 2 条记录
[2026-06-15 10:35:19] INFO [setup_logging] 日志系统初始化完成，日志文件: /Use*******************************************************************************************************
[2026-06-15 10:35:19] INFO [setup_logging] 未检测到 tkinter，将使用命令行交互模式
[2026-06-15 10:35:19] INFO [parse] 开始处理东亚银行文件: /var*********************************************************************************
[2026-06-15 10:35:19] DEBUG [detect_file_format] 文件 /var********************************************************************************* Magic Bytes 检测为 xlsx 格式 (ZIP/OOXML)
[2026-06-15 10:35:19] INFO [validate_headers] 东亚银行文件工作表「交易明细」表头校验通过，7 个字段均匹配
[2026-06-15 10:35:19] DEBUG [detect_file_format] 文件 /var******************************************************************************* Magic Bytes 检测为 xlsx 格式 (ZIP/OOXML)
[2026-06-15 10:35:19] INFO [load_lookup_table] 查找表加载完成：共 5 条条目，5 个唯一账号，0 个扩展字段
[2026-06-15 10:35:19] DEBUG [get_subject_info] 银行账号「3881年23月」匹配到主体: 上********司（优先级: 0）
[2026-06-15 10:35:19] INFO [_parse_sheet] 东亚银行文件工作表「交易明细」提取 2 条记录
[2026-06-15 10:35:19] INFO [parse] 东亚银行文件处理完成，共提取 2 条记录
[2026-06-15 10:35:19] INFO [setup_logging] 日志系统初始化完成，日志文件: /Use*******************************************************************************************************
[2026-06-15 10:35:19] INFO [setup_logging] 未检测到 tkinter，将使用命令行交互模式
[2026-06-15 10:35:19] INFO [parse] 开始处理工商银行文件: /var*********************************************************************************
[2026-06-15 10:35:19] DEBUG [detect_file_format] 文件 /var********************************************************************************* Magic Bytes 检测为 xlsx 格式 (ZIP/OOXML)
[2026-06-15 10:35:19] INFO [validate_headers] 工商银行文件工作表「交易明细」表头校验通过，7 个字段均匹配
[2026-06-15 10:35:19] DEBUG [detect_file_format] 文件 /var******************************************************************************* Magic Bytes 检测为 xlsx 格式 (ZIP/OOXML)
[2026-06-15 10:35:19] INFO [load_lookup_table] 查找表加载完成：共 5 条条目，5 个唯一账号，0 个扩展字段
[2026-06-15 10:35:19] DEBUG [get_subject_info] 银行账号「6222年02月」匹配到主体: 深********司（优先级: 0）
[2026-06-15 10:35:19] INFO [_parse_sheet] 工商银行文件工作表「交易明细」提取 2 条记录
[2026-06-15 10:35:19] INFO [parse] 工商银行文件处理完成，共提取 2 条记录
[2026-06-15 10:35:19] INFO [setup_logging] 日志系统初始化完成，日志文件: /Use*******************************************************************************************************
[2026-06-15 10:35:19] INFO [setup_logging] 未检测到 tkinter，将使用命令行交互模式
[2026-06-15 10:35:19] INFO [parse] 开始处理建设银行文件: /var*********************************************************************************
[2026-06-15 10:35:19] DEBUG [detect_file_format] 文件 /var********************************************************************************* Magic Bytes 检测为 xlsx 格式 (ZIP/OOXML)
[2026-06-15 10:35:19] INFO [validate_headers] 建设银行文件工作表「交易明细」表头校验通过，7 个字段均匹配
[2026-06-15 10:35:19] DEBUG [detect_file_format] 文件 /var******************************************************************************* Magic Bytes 检测为 xlsx 格式 (ZIP/OOXML)
[2026-06-15 10:35:19] INFO [load_lookup_table] 查找表加载完成：共 5 条条目，5 个唯一账号，0 个扩展字段
[2026-06-15 10:35:19] DEBUG [get_subject_info] 银行账号「6227年00月」匹配到主体: 广**********司（优先级: 0）
[2026-06-15 10:35:19] INFO [_parse_sheet] 建设银行文件工作表「交易明细」提取 2 条记录
[2026-06-15 10:35:19] INFO [parse] 建设银行文件处理完成，共提取 2 条记录
[2026-06-15 10:35:19] INFO [setup_logging] 日志系统初始化完成，日志文件: /Use*******************************************************************************************************
[2026-06-15 10:35:19] INFO [setup_logging] 未检测到 tkinter，将使用命令行交互模式
[2026-06-15 10:35:19] INFO [parse] 开始处理招商银行文件: /var*********************************************************************************
[2026-06-15 10:35:19] DEBUG [detect_file_format] 文件 /var********************************************************************************* Magic Bytes 检测为 xlsx 格式 (ZIP/OOXML)
[2026-06-15 10:35:19] INFO [validate_headers] 招商银行文件工作表「活期交易明细」表头校验通过，7 个字段均匹配
[2026-06-15 10:35:19] DEBUG [detect_file_format] 文件 /var******************************************************************************* Magic Bytes 检测为 xlsx 格式 (ZIP/OOXML)
[2026-06-15 10:35:19] INFO [load_lookup_table] 查找表加载完成：共 5 条条目，5 个唯一账号，0 个扩展字段
[2026-06-15 10:35:19] DEBUG [get_subject_info] 银行账号「6225年88月」匹配到主体: 杭**********司（优先级: 0）
[2026-06-15 10:35:19] INFO [_parse_sheet] 招商银行文件工作表「活期交易明细」提取 2 条记录
[2026-06-15 10:35:19] INFO [parse] 招商银行文件处理完成，共提取 2 条记录
[2026-06-15 10:35:19] INFO [setup_logging] 日志系统初始化完成，日志文件: /Use*******************************************************************************************************
[2026-06-15 10:35:19] INFO [setup_logging] 未检测到 tkinter，将使用命令行交互模式
[2026-06-15 10:35:19] INFO [parse] 开始处理北京银行文件: /var*********************************************************************************
[2026-06-15 10:35:19] DEBUG [detect_file_format] 文件 /var********************************************************************************* Magic Bytes 检测为 xlsx 格式 (ZIP/OOXML)
[2026-06-15 10:35:19] INFO [validate_headers] 北京银行文件工作表「交易明细」表头校验通过，7 个字段均匹配
[2026-06-15 10:35:19] DEBUG [detect_file_format] 文件 /var******************************************************************************* Magic Bytes 检测为 xlsx 格式 (ZIP/OOXML)
[2026-06-15 10:35:19] INFO [load_lookup_table] 查找表加载完成：共 5 条条目，5 个唯一账号，0 个扩展字段
[2026-06-15 10:35:19] DEBUG [get_subject_info] 银行账号「0109年03月」匹配到主体: 北********司（优先级: 0）
[2026-06-15 10:35:19] INFO [_parse_sheet] 北京银行文件工作表「交易明细」提取 2 条记录
[2026-06-15 10:35:19] INFO [parse] 北京银行文件处理完成，共提取 2 条记录
[2026-06-15 10:35:19] INFO [setup_logging] 日志系统初始化完成，日志文件: /Use*******************************************************************************************************
[2026-06-15 10:35:19] INFO [setup_logging] 未检测到 tkinter，将使用命令行交互模式
[2026-06-15 10:35:19] INFO [parse] 开始处理东亚银行文件: /var*********************************************************************************
[2026-06-15 10:35:19] DEBUG [detect_file_format] 文件 /var********************************************************************************* Magic Bytes 检测为 xlsx 格式 (ZIP/OOXML)
[2026-06-15 10:35:19] INFO [validate_headers] 东亚银行文件工作表「交易明细」表头校验通过，7 个字段均匹配
[2026-06-15 10:35:19] DEBUG [detect_file_format] 文件 /var******************************************************************************* Magic Bytes 检测为 xlsx 格式 (ZIP/OOXML)
[2026-06-15 10:35:19] INFO [load_lookup_table] 查找表加载完成：共 5 条条目，5 个唯一账号，0 个扩展字段
[2026-06-15 10:35:19] DEBUG [get_subject_info] 银行账号「3881年23月」匹配到主体: 上********司（优先级: 0）
[2026-06-15 10:35:19] INFO [_parse_sheet] 东亚银行文件工作表「交易明细」提取 2 条记录
[2026-06-15 10:35:19] INFO [parse] 东亚银行文件处理完成，共提取 2 条记录
[2026-06-15 10:35:19] INFO [setup_logging] 日志系统初始化完成，日志文件: /Use*******************************************************************************************************
[2026-06-15 10:35:19] INFO [setup_logging] 未检测到 tkinter，将使用命令行交互模式
[2026-06-15 10:35:19] INFO [parse] 开始处理工商银行文件: /var*********************************************************************************
[2026-06-15 10:35:19] DEBUG [detect_file_format] 文件 /var********************************************************************************* Magic Bytes 检测为 xlsx 格式 (ZIP/OOXML)
[2026-06-15 10:35:19] INFO [validate_headers] 工商银行文件工作表「交易明细」表头校验通过，7 个字段均匹配
[2026-06-15 10:35:19] DEBUG [detect_file_format] 文件 /var******************************************************************************* Magic Bytes 检测为 xlsx 格式 (ZIP/OOXML)
[2026-06-15 10:35:19] INFO [load_lookup_table] 查找表加载完成：共 5 条条目，5 个唯一账号，0 个扩展字段
[2026-06-15 10:35:19] DEBUG [get_subject_info] 银行账号「6222年02月」匹配到主体: 深********司（优先级: 0）
[2026-06-15 10:35:19] INFO [_parse_sheet] 工商银行文件工作表「交易明细」提取 2 条记录
[2026-06-15 10:35:19] INFO [parse] 工商银行文件处理完成，共提取 2 条记录
[2026-06-15 10:35:19] INFO [setup_logging] 日志系统初始化完成，日志文件: /Use*******************************************************************************************************
[2026-06-15 10:35:19] INFO [setup_logging] 未检测到 tkinter，将使用命令行交互模式
[2026-06-15 10:35:19] INFO [parse] 开始处理建设银行文件: /var*********************************************************************************
[2026-06-15 10:35:19] DEBUG [detect_file_format] 文件 /var********************************************************************************* Magic Bytes 检测为 xlsx 格式 (ZIP/OOXML)
[2026-06-15 10:35:19] INFO [validate_headers] 建设银行文件工作表「交易明细」表头校验通过，7 个字段均匹配
[2026-06-15 10:35:19] DEBUG [detect_file_format] 文件 /var******************************************************************************* Magic Bytes 检测为 xlsx 格式 (ZIP/OOXML)
[2026-06-15 10:35:19] INFO [load_lookup_table] 查找表加载完成：共 5 条条目，5 个唯一账号，0 个扩展字段
[2026-06-15 10:35:19] DEBUG [get_subject_info] 银行账号「6227年00月」匹配到主体: 广**********司（优先级: 0）
[2026-06-15 10:35:19] INFO [_parse_sheet] 建设银行文件工作表「交易明细」提取 2 条记录
[2026-06-15 10:35:19] INFO [parse] 建设银行文件处理完成，共提取 2 条记录
[2026-06-15 10:35:19] INFO [setup_logging] 日志系统初始化完成，日志文件: /Use*******************************************************************************************************
[2026-06-15 10:35:19] INFO [setup_logging] 未检测到 tkinter，将使用命令行交互模式
[2026-06-15 10:35:19] INFO [parse] 开始处理招商银行文件: /var*********************************************************************************
[2026-06-15 10:35:19] DEBUG [detect_file_format] 文件 /var********************************************************************************* Magic Bytes 检测为 xlsx 格式 (ZIP/OOXML)
[2026-06-15 10:35:19] INFO [validate_headers] 招商银行文件工作表「活期交易明细」表头校验通过，7 个字段均匹配
[2026-06-15 10:35:19] DEBUG [detect_file_format] 文件 /var******************************************************************************* Magic Bytes 检测为 xlsx 格式 (ZIP/OOXML)
[2026-06-15 10:35:19] INFO [load_lookup_table] 查找表加载完成：共 5 条条目，5 个唯一账号，0 个扩展字段
[2026-06-15 10:35:19] DEBUG [get_subject_info] 银行账号「6225年88月」匹配到主体: 杭**********司（优先级: 0）
[2026-06-15 10:35:19] INFO [_parse_sheet] 招商银行文件工作表「活期交易明细」提取 2 条记录
[2026-06-15 10:35:19] INFO [parse] 招商银行文件处理完成，共提取 2 条记录
[2026-06-15 10:35:19] INFO [setup_logging] 日志系统初始化完成，日志文件: /Use*******************************************************************************************************
[2026-06-15 10:35:19] INFO [setup_logging] 未检测到 tkinter，将使用命令行交互模式
[2026-06-15 10:35:19] INFO [parse] 开始处理北京银行文件: /var*********************************************************************************
[2026-06-15 10:35:19] DEBUG [detect_file_format] 文件 /var********************************************************************************* Magic Bytes 检测为 xlsx 格式 (ZIP/OOXML)
[2026-06-15 10:35:19] INFO [validate_headers] 北京银行文件工作表「交易明细」表头校验通过，7 个字段均匹配
[2026-06-15 10:35:19] DEBUG [detect_file_format] 文件 /var******************************************************************************* Magic Bytes 检测为 xlsx 格式 (ZIP/OOXML)
[2026-06-15 10:35:19] INFO [load_lookup_table] 查找表加载完成：共 5 条条目，5 个唯一账号，0 个扩展字段
[2026-06-15 10:35:19] DEBUG [get_subject_info] 银行账号「0109年03月」匹配到主体: 北********司（优先级: 0）
[2026-06-15 10:35:19] INFO [_parse_sheet] 北京银行文件工作表「交易明细」提取 2 条记录
[2026-06-15 10:35:19] INFO [parse] 北京银行文件处理完成，共提取 2 条记录
[2026-06-15 10:35:19] INFO [setup_logging] 日志系统初始化完成，日志文件: /Use*******************************************************************************************************
[2026-06-15 10:35:19] INFO [setup_logging] 未检测到 tkinter，将使用命令行交互模式
[2026-06-15 10:35:19] INFO [parse] 开始处理东亚银行文件: /var*********************************************************************************
[2026-06-15 10:35:19] DEBUG [detect_file_format] 文件 /var********************************************************************************* Magic Bytes 检测为 xlsx 格式 (ZIP/OOXML)
[2026-06-15 10:35:19] INFO [validate_headers] 东亚银行文件工作表「交易明细」表头校验通过，7 个字段均匹配
[2026-06-15 10:35:19] DEBUG [detect_file_format] 文件 /var******************************************************************************* Magic Bytes 检测为 xlsx 格式 (ZIP/OOXML)
[2026-06-15 10:35:19] INFO [load_lookup_table] 查找表加载完成：共 5 条条目，5 个唯一账号，0 个扩展字段
[2026-06-15 10:35:19] DEBUG [get_subject_info] 银行账号「3881年23月」匹配到主体: 上********司（优先级: 0）
[2026-06-15 10:35:19] INFO [_parse_sheet] 东亚银行文件工作表「交易明细」提取 2 条记录
[2026-06-15 10:35:19] INFO [parse] 东亚银行文件处理完成，共提取 2 条记录
[2026-06-15 10:35:19] INFO [setup_logging] 日志系统初始化完成，日志文件: /Use*******************************************************************************************************
[2026-06-15 10:35:19] INFO [setup_logging] 未检测到 tkinter，将使用命令行交互模式
[2026-06-15 10:35:19] INFO [parse] 开始处理工商银行文件: /var*********************************************************************************
[2026-06-15 10:35:19] DEBUG [detect_file_format] 文件 /var********************************************************************************* Magic Bytes 检测为 xlsx 格式 (ZIP/OOXML)
[2026-06-15 10:35:19] INFO [validate_headers] 工商银行文件工作表「交易明细」表头校验通过，7 个字段均匹配
[2026-06-15 10:35:19] DEBUG [detect_file_format] 文件 /var******************************************************************************* Magic Bytes 检测为 xlsx 格式 (ZIP/OOXML)
[2026-06-15 10:35:19] INFO [load_lookup_table] 查找表加载完成：共 5 条条目，5 个唯一账号，0 个扩展字段
[2026-06-15 10:35:19] DEBUG [get_subject_info] 银行账号「6222年02月」匹配到主体: 深********司（优先级: 0）
[2026-06-15 10:35:19] INFO [_parse_sheet] 工商银行文件工作表「交易明细」提取 2 条记录
[2026-06-15 10:35:19] INFO [parse] 工商银行文件处理完成，共提取 2 条记录
[2026-06-15 10:35:19] INFO [setup_logging] 日志系统初始化完成，日志文件: /Use*******************************************************************************************************
[2026-06-15 10:35:19] INFO [setup_logging] 未检测到 tkinter，将使用命令行交互模式
[2026-06-15 10:35:19] INFO [parse] 开始处理建设银行文件: /var*********************************************************************************
[2026-06-15 10:35:19] DEBUG [detect_file_format] 文件 /var********************************************************************************* Magic Bytes 检测为 xlsx 格式 (ZIP/OOXML)
[2026-06-15 10:35:19] INFO [validate_headers] 建设银行文件工作表「交易明细」表头校验通过，7 个字段均匹配
[2026-06-15 10:35:19] DEBUG [detect_file_format] 文件 /var******************************************************************************* Magic Bytes 检测为 xlsx 格式 (ZIP/OOXML)
[2026-06-15 10:35:19] INFO [load_lookup_table] 查找表加载完成：共 5 条条目，5 个唯一账号，0 个扩展字段
[2026-06-15 10:35:19] DEBUG [get_subject_info] 银行账号「6227年00月」匹配到主体: 广**********司（优先级: 0）
[2026-06-15 10:35:19] INFO [_parse_sheet] 建设银行文件工作表「交易明细」提取 2 条记录
[2026-06-15 10:35:19] INFO [parse] 建设银行文件处理完成，共提取 2 条记录
[2026-06-15 10:35:19] INFO [setup_logging] 日志系统初始化完成，日志文件: /Use*******************************************************************************************************
[2026-06-15 10:35:19] INFO [setup_logging] 未检测到 tkinter，将使用命令行交互模式
[2026-06-15 10:35:19] INFO [parse] 开始处理招商银行文件: /var*********************************************************************************
[2026-06-15 10:35:19] DEBUG [detect_file_format] 文件 /var********************************************************************************* Magic Bytes 检测为 xlsx 格式 (ZIP/OOXML)
[2026-06-15 10:35:19] INFO [validate_headers] 招商银行文件工作表「活期交易明细」表头校验通过，7 个字段均匹配
[2026-06-15 10:35:19] DEBUG [detect_file_format] 文件 /var******************************************************************************* Magic Bytes 检测为 xlsx 格式 (ZIP/OOXML)
[2026-06-15 10:35:19] INFO [load_lookup_table] 查找表加载完成：共 5 条条目，5 个唯一账号，0 个扩展字段
[2026-06-15 10:35:19] DEBUG [get_subject_info] 银行账号「6225年88月」匹配到主体: 杭**********司（优先级: 0）
[2026-06-15 10:35:19] INFO [_parse_sheet] 招商银行文件工作表「活期交易明细」提取 2 条记录
[2026-06-15 10:35:19] INFO [parse] 招商银行文件处理完成，共提取 2 条记录
[2026-06-15 10:35:19] INFO [setup_logging] 日志系统初始化完成，日志文件: /Use*******************************************************************************************************
[2026-06-15 10:35:19] INFO [setup_logging] 未检测到 tkinter，将使用命令行交互模式
[2026-06-15 10:35:19] INFO [parse] 开始处理北京银行文件: /var*********************************************************************************
[2026-06-15 10:35:19] DEBUG [detect_file_format] 文件 /var********************************************************************************* Magic Bytes 检测为 xlsx 格式 (ZIP/OOXML)
[2026-06-15 10:35:19] INFO [validate_headers] 北京银行文件工作表「交易明细」表头校验通过，7 个字段均匹配
[2026-06-15 10:35:19] DEBUG [detect_file_format] 文件 /var******************************************************************************* Magic Bytes 检测为 xlsx 格式 (ZIP/OOXML)
[2026-06-15 10:35:19] INFO [load_lookup_table] 查找表加载完成：共 5 条条目，5 个唯一账号，0 个扩展字段
[2026-06-15 10:35:19] DEBUG [get_subject_info] 银行账号「0109年03月」匹配到主体: 北********司（优先级: 0）
[2026-06-15 10:35:19] INFO [_parse_sheet] 北京银行文件工作表「交易明细」提取 2 条记录
[2026-06-15 10:35:19] INFO [parse] 北京银行文件处理完成，共提取 2 条记录
[2026-06-15 10:35:19] INFO [setup_logging] 日志系统初始化完成，日志文件: /Use*******************************************************************************************************
[2026-06-15 10:35:19] INFO [setup_logging] 未检测到 tkinter，将使用命令行交互模式
[2026-06-15 10:35:19] INFO [parse] 开始处理东亚银行文件: /var*********************************************************************************
[2026-06-15 10:35:19] DEBUG [detect_file_format] 文件 /var********************************************************************************* Magic Bytes 检测为 xlsx 格式 (ZIP/OOXML)
[2026-06-15 10:35:19] INFO [validate_headers] 东亚银行文件工作表「交易明细」表头校验通过，7 个字段均匹配
[2026-06-15 10:35:19] DEBUG [detect_file_format] 文件 /var******************************************************************************* Magic Bytes 检测为 xlsx 格式 (ZIP/OOXML)
[2026-06-15 10:35:19] INFO [load_lookup_table] 查找表加载完成：共 5 条条目，5 个唯一账号，0 个扩展字段
[2026-06-15 10:35:19] DEBUG [get_subject_info] 银行账号「3881年23月」匹配到主体: 上********司（优先级: 0）
[2026-06-15 10:35:19] INFO [_parse_sheet] 东亚银行文件工作表「交易明细」提取 2 条记录
[2026-06-15 10:35:19] INFO [parse] 东亚银行文件处理完成，共提取 2 条记录
[2026-06-15 10:35:19] INFO [setup_logging] 日志系统初始化完成，日志文件: /Use*******************************************************************************************************
[2026-06-15 10:35:19] INFO [setup_logging] 未检测到 tkinter，将使用命令行交互模式
[2026-06-15 10:35:19] INFO [parse] 开始处理工商银行文件: /var*********************************************************************************
[2026-06-15 10:35:19] DEBUG [detect_file_format] 文件 /var********************************************************************************* Magic Bytes 检测为 xlsx 格式 (ZIP/OOXML)
[2026-06-15 10:35:19] INFO [validate_headers] 工商银行文件工作表「交易明细」表头校验通过，7 个字段均匹配
[2026-06-15 10:35:19] DEBUG [detect_file_format] 文件 /var******************************************************************************* Magic Bytes 检测为 xlsx 格式 (ZIP/OOXML)
[2026-06-15 10:35:19] INFO [load_lookup_table] 查找表加载完成：共 5 条条目，5 个唯一账号，0 个扩展字段
[2026-06-15 10:35:19] DEBUG [get_subject_info] 银行账号「6222年02月」匹配到主体: 深********司（优先级: 0）
[2026-06-15 10:35:19] INFO [_parse_sheet] 工商银行文件工作表「交易明细」提取 2 条记录
[2026-06-15 10:35:19] INFO [parse] 工商银行文件处理完成，共提取 2 条记录
[2026-06-15 10:35:19] INFO [setup_logging] 日志系统初始化完成，日志文件: /Use*******************************************************************************************************
[2026-06-15 10:35:19] INFO [setup_logging] 未检测到 tkinter，将使用命令行交互模式
[2026-06-15 10:35:19] INFO [parse] 开始处理建设银行文件: /var*********************************************************************************
[2026-06-15 10:35:19] DEBUG [detect_file_format] 文件 /var********************************************************************************* Magic Bytes 检测为 xlsx 格式 (ZIP/OOXML)
[2026-06-15 10:35:19] INFO [validate_headers] 建设银行文件工作表「交易明细」表头校验通过，7 个字段均匹配
[2026-06-15 10:35:19] DEBUG [detect_file_format] 文件 /var******************************************************************************* Magic Bytes 检测为 xlsx 格式 (ZIP/OOXML)
[2026-06-15 10:35:19] INFO [load_lookup_table] 查找表加载完成：共 5 条条目，5 个唯一账号，0 个扩展字段
[2026-06-15 10:35:19] DEBUG [get_subject_info] 银行账号「6227年00月」匹配到主体: 广**********司（优先级: 0）
[2026-06-15 10:35:19] INFO [_parse_sheet] 建设银行文件工作表「交易明细」提取 2 条记录
[2026-06-15 10:35:19] INFO [parse] 建设银行文件处理完成，共提取 2 条记录
[2026-06-15 10:35:19] INFO [setup_logging] 日志系统初始化完成，日志文件: /Use*******************************************************************************************************
[2026-06-15 10:35:19] INFO [setup_logging] 未检测到 tkinter，将使用命令行交互模式
[2026-06-15 10:35:19] INFO [parse] 开始处理招商银行文件: /var*********************************************************************************
[2026-06-15 10:35:19] DEBUG [detect_file_format] 文件 /var********************************************************************************* Magic Bytes 检测为 xlsx 格式 (ZIP/OOXML)
[2026-06-15 10:35:19] INFO [validate_headers] 招商银行文件工作表「活期交易明细」表头校验通过，7 个字段均匹配
[2026-06-15 10:35:19] DEBUG [detect_file_format] 文件 /var******************************************************************************* Magic Bytes 检测为 xlsx 格式 (ZIP/OOXML)
[2026-06-15 10:35:19] INFO [load_lookup_table] 查找表加载完成：共 5 条条目，5 个唯一账号，0 个扩展字段
[2026-06-15 10:35:19] DEBUG [get_subject_info] 银行账号「6225年88月」匹配到主体: 杭**********司（优先级: 0）
[2026-06-15 10:35:19] INFO [_parse_sheet] 招商银行文件工作表「活期交易明细」提取 2 条记录
[2026-06-15 10:35:19] INFO [parse] 招商银行文件处理完成，共提取 2 条记录
[2026-06-15 10:35:19] INFO [setup_logging] 日志系统初始化完成，日志文件: /Use*******************************************************************************************************
[2026-06-15 10:35:19] INFO [setup_logging] 未检测到 tkinter，将使用命令行交互模式
[2026-06-15 10:35:20] INFO [parse] 开始处理北京银行文件: /var*********************************************************************************
[2026-06-15 10:35:20] DEBUG [detect_file_format] 文件 /var********************************************************************************* Magic Bytes 检测为 xlsx 格式 (ZIP/OOXML)
[2026-06-15 10:35:20] INFO [validate_headers] 北京银行文件工作表「交易明细」表头校验通过，7 个字段均匹配
[2026-06-15 10:35:20] DEBUG [detect_file_format] 文件 /var******************************************************************************* Magic Bytes 检测为 xlsx 格式 (ZIP/OOXML)
[2026-06-15 10:35:20] INFO [load_lookup_table] 查找表加载完成：共 5 条条目，5 个唯一账号，0 个扩展字段
[2026-06-15 10:35:20] DEBUG [get_subject_info] 银行账号「0109年03月」匹配到主体: 北********司（优先级: 0）
[2026-06-15 10:35:20] INFO [_parse_sheet] 北京银行文件工作表「交易明细」提取 2 条记录
[2026-06-15 10:35:20] INFO [parse] 北京银行文件处理完成，共提取 2 条记录
[2026-06-15 10:35:20] INFO [setup_logging] 日志系统初始化完成，日志文件: /Use*******************************************************************************************************
[2026-06-15 10:35:20] INFO [setup_logging] 未检测到 tkinter，将使用命令行交互模式
[2026-06-15 10:35:20] INFO [parse] 开始处理东亚银行文件: /var*********************************************************************************
[2026-06-15 10:35:20] DEBUG [detect_file_format] 文件 /var********************************************************************************* Magic Bytes 检测为 xlsx 格式 (ZIP/OOXML)
[2026-06-15 10:35:20] INFO [validate_headers] 东亚银行文件工作表「交易明细」表头校验通过，7 个字段均匹配
[2026-06-15 10:35:20] DEBUG [detect_file_format] 文件 /var******************************************************************************* Magic Bytes 检测为 xlsx 格式 (ZIP/OOXML)
[2026-06-15 10:35:20] INFO [load_lookup_table] 查找表加载完成：共 5 条条目，5 个唯一账号，0 个扩展字段
[2026-06-15 10:35:20] DEBUG [get_subject_info] 银行账号「3881年23月」匹配到主体: 上********司（优先级: 0）
[2026-06-15 10:35:20] INFO [_parse_sheet] 东亚银行文件工作表「交易明细」提取 2 条记录
[2026-06-15 10:35:20] INFO [parse] 东亚银行文件处理完成，共提取 2 条记录
[2026-06-15 10:35:20] INFO [setup_logging] 日志系统初始化完成，日志文件: /Use*******************************************************************************************************
[2026-06-15 10:35:20] INFO [setup_logging] 未检测到 tkinter，将使用命令行交互模式
[2026-06-15 10:35:20] INFO [parse] 开始处理工商银行文件: /var*********************************************************************************
[2026-06-15 10:35:20] DEBUG [detect_file_format] 文件 /var********************************************************************************* Magic Bytes 检测为 xlsx 格式 (ZIP/OOXML)
[2026-06-15 10:35:20] INFO [validate_headers] 工商银行文件工作表「交易明细」表头校验通过，7 个字段均匹配
[2026-06-15 10:35:20] DEBUG [detect_file_format] 文件 /var******************************************************************************* Magic Bytes 检测为 xlsx 格式 (ZIP/OOXML)
[2026-06-15 10:35:20] INFO [load_lookup_table] 查找表加载完成：共 5 条条目，5 个唯一账号，0 个扩展字段
[2026-06-15 10:35:20] DEBUG [get_subject_info] 银行账号「6222年02月」匹配到主体: 深********司（优先级: 0）
[2026-06-15 10:35:20] INFO [_parse_sheet] 工商银行文件工作表「交易明细」提取 2 条记录
[2026-06-15 10:35:20] INFO [parse] 工商银行文件处理完成，共提取 2 条记录
[2026-06-15 10:35:20] INFO [setup_logging] 日志系统初始化完成，日志文件: /Use*******************************************************************************************************
[2026-06-15 10:35:20] INFO [setup_logging] 未检测到 tkinter，将使用命令行交互模式
[2026-06-15 10:35:20] INFO [parse] 开始处理建设银行文件: /var*********************************************************************************
[2026-06-15 10:35:20] DEBUG [detect_file_format] 文件 /var********************************************************************************* Magic Bytes 检测为 xlsx 格式 (ZIP/OOXML)
[2026-06-15 10:35:20] INFO [validate_headers] 建设银行文件工作表「交易明细」表头校验通过，7 个字段均匹配
[2026-06-15 10:35:20] DEBUG [detect_file_format] 文件 /var******************************************************************************* Magic Bytes 检测为 xlsx 格式 (ZIP/OOXML)
[2026-06-15 10:35:20] INFO [load_lookup_table] 查找表加载完成：共 5 条条目，5 个唯一账号，0 个扩展字段
[2026-06-15 10:35:20] DEBUG [get_subject_info] 银行账号「6227年00月」匹配到主体: 广**********司（优先级: 0）
[2026-06-15 10:35:20] INFO [_parse_sheet] 建设银行文件工作表「交易明细」提取 2 条记录
[2026-06-15 10:35:20] INFO [parse] 建设银行文件处理完成，共提取 2 条记录
[2026-06-15 10:35:20] INFO [setup_logging] 日志系统初始化完成，日志文件: /Use*******************************************************************************************************
[2026-06-15 10:35:20] INFO [setup_logging] 未检测到 tkinter，将使用命令行交互模式
[2026-06-15 10:35:20] INFO [parse] 开始处理招商银行文件: /var*********************************************************************************
[2026-06-15 10:35:20] DEBUG [detect_file_format] 文件 /var********************************************************************************* Magic Bytes 检测为 xlsx 格式 (ZIP/OOXML)
[2026-06-15 10:35:20] INFO [validate_headers] 招商银行文件工作表「活期交易明细」表头校验通过，7 个字段均匹配
[2026-06-15 10:35:20] DEBUG [detect_file_format] 文件 /var******************************************************************************* Magic Bytes 检测为 xlsx 格式 (ZIP/OOXML)
[2026-06-15 10:35:20] INFO [load_lookup_table] 查找表加载完成：共 5 条条目，5 个唯一账号，0 个扩展字段
[2026-06-15 10:35:20] DEBUG [get_subject_info] 银行账号「6225年88月」匹配到主体: 杭**********司（优先级: 0）
[2026-06-15 10:35:20] INFO [_parse_sheet] 招商银行文件工作表「活期交易明细」提取 2 条记录
[2026-06-15 10:35:20] INFO [parse] 招商银行文件处理完成，共提取 2 条记录
[2026-06-15 10:35:20] INFO [setup_logging] 日志系统初始化完成，日志文件: /Use*******************************************************************************************************
[2026-06-15 10:35:20] INFO [setup_logging] 未检测到 tkinter，将使用命令行交互模式
[2026-06-15 10:35:20] INFO [parse] 开始处理北京银行文件: /var*********************************************************************************
[2026-06-15 10:35:20] DEBUG [detect_file_format] 文件 /var********************************************************************************* Magic Bytes 检测为 xlsx 格式 (ZIP/OOXML)
[2026-06-15 10:35:20] INFO [validate_headers] 北京银行文件工作表「交易明细」表头校验通过，7 个字段均匹配
[2026-06-15 10:35:20] WARNING [load_lookup_table] 主体查找表不存在或未指定，返回空查找表结构
[2026-06-15 10:35:20] WARNING [get_subject_info] 主体查找表不存在或未指定，银行账号「0109年03月」的主体将为空
[2026-06-15 10:35:20] INFO [_parse_sheet] 北京银行文件工作表「交易明细」提取 2 条记录
[2026-06-15 10:35:20] INFO [parse] 北京银行文件处理完成，共提取 2 条记录
[2026-06-15 10:35:20] INFO [setup_logging] 日志系统初始化完成，日志文件: /Use*******************************************************************************************************
[2026-06-15 10:35:20] INFO [setup_logging] 未检测到 tkinter，将使用命令行交互模式
[2026-06-15 10:35:20] INFO [parse] 开始处理东亚银行文件: /var*********************************************************************************
[2026-06-15 10:35:20] DEBUG [detect_file_format] 文件 /var********************************************************************************* Magic Bytes 检测为 xlsx 格式 (ZIP/OOXML)
[2026-06-15 10:35:20] INFO [validate_headers] 东亚银行文件工作表「交易明细」表头校验通过，7 个字段均匹配
[2026-06-15 10:35:20] WARNING [load_lookup_table] 主体查找表不存在或未指定，返回空查找表结构
[2026-06-15 10:35:20] WARNING [get_subject_info] 主体查找表不存在或未指定，银行账号「3881年23月」的主体将为空
[2026-06-15 10:35:20] INFO [_parse_sheet] 东亚银行文件工作表「交易明细」提取 2 条记录
[2026-06-15 10:35:20] INFO [parse] 东亚银行文件处理完成，共提取 2 条记录
[2026-06-15 10:35:20] INFO [setup_logging] 日志系统初始化完成，日志文件: /Use*******************************************************************************************************
[2026-06-15 10:35:20] INFO [setup_logging] 未检测到 tkinter，将使用命令行交互模式
[2026-06-15 10:35:20] INFO [parse] 开始处理工商银行文件: /var*********************************************************************************
[2026-06-15 10:35:20] DEBUG [detect_file_format] 文件 /var********************************************************************************* Magic Bytes 检测为 xlsx 格式 (ZIP/OOXML)
[2026-06-15 10:35:20] INFO [validate_headers] 工商银行文件工作表「交易明细」表头校验通过，7 个字段均匹配
[2026-06-15 10:35:20] WARNING [load_lookup_table] 主体查找表不存在或未指定，返回空查找表结构
[2026-06-15 10:35:20] WARNING [get_subject_info] 主体查找表不存在或未指定，银行账号「6222年02月」的主体将为空
[2026-06-15 10:35:20] INFO [_parse_sheet] 工商银行文件工作表「交易明细」提取 2 条记录
[2026-06-15 10:35:20] INFO [parse] 工商银行文件处理完成，共提取 2 条记录
[2026-06-15 10:35:20] INFO [setup_logging] 日志系统初始化完成，日志文件: /Use*******************************************************************************************************
[2026-06-15 10:35:20] INFO [setup_logging] 未检测到 tkinter，将使用命令行交互模式
[2026-06-15 10:35:20] INFO [parse] 开始处理建设银行文件: /var*********************************************************************************
[2026-06-15 10:35:20] DEBUG [detect_file_format] 文件 /var********************************************************************************* Magic Bytes 检测为 xlsx 格式 (ZIP/OOXML)
[2026-06-15 10:35:20] INFO [validate_headers] 建设银行文件工作表「交易明细」表头校验通过，7 个字段均匹配
[2026-06-15 10:35:20] WARNING [load_lookup_table] 主体查找表不存在或未指定，返回空查找表结构
[2026-06-15 10:35:20] WARNING [get_subject_info] 主体查找表不存在或未指定，银行账号「6227年00月」的主体将为空
[2026-06-15 10:35:20] INFO [_parse_sheet] 建设银行文件工作表「交易明细」提取 2 条记录
[2026-06-15 10:35:20] INFO [parse] 建设银行文件处理完成，共提取 2 条记录
[2026-06-15 10:35:20] INFO [setup_logging] 日志系统初始化完成，日志文件: /Use*******************************************************************************************************
[2026-06-15 10:35:20] INFO [setup_logging] 未检测到 tkinter，将使用命令行交互模式
[2026-06-15 10:35:20] INFO [parse] 开始处理招商银行文件: /var*********************************************************************************
[2026-06-15 10:35:20] DEBUG [detect_file_format] 文件 /var********************************************************************************* Magic Bytes 检测为 xlsx 格式 (ZIP/OOXML)
[2026-06-15 10:35:20] INFO [validate_headers] 招商银行文件工作表「活期交易明细」表头校验通过，7 个字段均匹配
[2026-06-15 10:35:20] WARNING [load_lookup_table] 主体查找表不存在或未指定，返回空查找表结构
[2026-06-15 10:35:20] WARNING [get_subject_info] 主体查找表不存在或未指定，银行账号「6225年88月」的主体将为空
[2026-06-15 10:35:20] INFO [_parse_sheet] 招商银行文件工作表「活期交易明细」提取 2 条记录
[2026-06-15 10:35:20] INFO [parse] 招商银行文件处理完成，共提取 2 条记录
[2026-06-15 10:35:20] INFO [setup_logging] 日志系统初始化完成，日志文件: /Use*******************************************************************************************************
[2026-06-15 10:35:20] INFO [setup_logging] 未检测到 tkinter，将使用命令行交互模式
[2026-06-15 10:35:20] INFO [parse] 开始处理北京银行文件: /var*********************************************************************************
[2026-06-15 10:35:20] DEBUG [detect_file_format] 文件 /var********************************************************************************* Magic Bytes 检测为 xlsx 格式 (ZIP/OOXML)
[2026-06-15 10:35:20] INFO [validate_headers] 北京银行文件工作表「交易明细」表头校验通过，7 个字段均匹配
[2026-06-15 10:35:20] DEBUG [detect_file_format] 文件 /var******************************************************************************* Magic Bytes 检测为 xlsx 格式 (ZIP/OOXML)
[2026-06-15 10:35:20] INFO [load_lookup_table] 查找表加载完成：共 5 条条目，5 个唯一账号，0 个扩展字段
[2026-06-15 10:35:20] WARNING [get_subject_info] 银行账号「{account}」在查找表中未找到对应主体
[2026-06-15 10:35:20] INFO [_parse_sheet] 北京银行文件工作表「交易明细」提取 2 条记录
[2026-06-15 10:35:20] INFO [parse] 北京银行文件处理完成，共提取 2 条记录
[2026-06-15 10:35:20] INFO [setup_logging] 日志系统初始化完成，日志文件: /Use*******************************************************************************************************
[2026-06-15 10:35:20] INFO [setup_logging] 未检测到 tkinter，将使用命令行交互模式
[2026-06-15 10:35:20] INFO [parse] 开始处理东亚银行文件: /var*********************************************************************************
[2026-06-15 10:35:20] DEBUG [detect_file_format] 文件 /var********************************************************************************* Magic Bytes 检测为 xlsx 格式 (ZIP/OOXML)
[2026-06-15 10:35:20] INFO [validate_headers] 东亚银行文件工作表「交易明细」表头校验通过，7 个字段均匹配
[2026-06-15 10:35:20] DEBUG [detect_file_format] 文件 /var******************************************************************************* Magic Bytes 检测为 xlsx 格式 (ZIP/OOXML)
[2026-06-15 10:35:20] INFO [load_lookup_table] 查找表加载完成：共 5 条条目，5 个唯一账号，0 个扩展字段
[2026-06-15 10:35:20] WARNING [get_subject_info] 银行账号「{account}」在查找表中未找到对应主体
[2026-06-15 10:35:20] INFO [_parse_sheet] 东亚银行文件工作表「交易明细」提取 2 条记录
[2026-06-15 10:35:20] INFO [parse] 东亚银行文件处理完成，共提取 2 条记录
[2026-06-15 10:35:20] INFO [setup_logging] 日志系统初始化完成，日志文件: /Use*******************************************************************************************************
[2026-06-15 10:35:20] INFO [setup_logging] 未检测到 tkinter，将使用命令行交互模式
[2026-06-15 10:35:20] INFO [parse] 开始处理工商银行文件: /var*********************************************************************************
[2026-06-15 10:35:20] DEBUG [detect_file_format] 文件 /var********************************************************************************* Magic Bytes 检测为 xlsx 格式 (ZIP/OOXML)
[2026-06-15 10:35:20] INFO [validate_headers] 工商银行文件工作表「交易明细」表头校验通过，7 个字段均匹配
[2026-06-15 10:35:20] DEBUG [detect_file_format] 文件 /var******************************************************************************* Magic Bytes 检测为 xlsx 格式 (ZIP/OOXML)
[2026-06-15 10:35:20] INFO [load_lookup_table] 查找表加载完成：共 5 条条目，5 个唯一账号，0 个扩展字段
[2026-06-15 10:35:20] WARNING [get_subject_info] 银行账号「{account}」在查找表中未找到对应主体
[2026-06-15 10:35:20] INFO [_parse_sheet] 工商银行文件工作表「交易明细」提取 2 条记录
[2026-06-15 10:35:20] INFO [parse] 工商银行文件处理完成，共提取 2 条记录
[2026-06-15 10:35:20] INFO [setup_logging] 日志系统初始化完成，日志文件: /Use*******************************************************************************************************
[2026-06-15 10:35:20] INFO [setup_logging] 未检测到 tkinter，将使用命令行交互模式
[2026-06-15 10:35:20] INFO [parse] 开始处理建设银行文件: /var*********************************************************************************
[2026-06-15 10:35:20] DEBUG [detect_file_format] 文件 /var********************************************************************************* Magic Bytes 检测为 xlsx 格式 (ZIP/OOXML)
[2026-06-15 10:35:20] INFO [validate_headers] 建设银行文件工作表「交易明细」表头校验通过，7 个字段均匹配
[2026-06-15 10:35:20] DEBUG [detect_file_format] 文件 /var******************************************************************************* Magic Bytes 检测为 xlsx 格式 (ZIP/OOXML)
[2026-06-15 10:35:20] INFO [load_lookup_table] 查找表加载完成：共 5 条条目，5 个唯一账号，0 个扩展字段
[2026-06-15 10:35:20] WARNING [get_subject_info] 银行账号「{account}」在查找表中未找到对应主体
[2026-06-15 10:35:20] INFO [_parse_sheet] 建设银行文件工作表「交易明细」提取 2 条记录
[2026-06-15 10:35:20] INFO [parse] 建设银行文件处理完成，共提取 2 条记录
[2026-06-15 10:35:20] INFO [setup_logging] 日志系统初始化完成，日志文件: /Use*******************************************************************************************************
[2026-06-15 10:35:20] INFO [setup_logging] 未检测到 tkinter，将使用命令行交互模式
[2026-06-15 10:35:20] INFO [parse] 开始处理招商银行文件: /var*********************************************************************************
[2026-06-15 10:35:20] DEBUG [detect_file_format] 文件 /var********************************************************************************* Magic Bytes 检测为 xlsx 格式 (ZIP/OOXML)
[2026-06-15 10:35:20] INFO [validate_headers] 招商银行文件工作表「活期交易明细」表头校验通过，7 个字段均匹配
[2026-06-15 10:35:20] DEBUG [detect_file_format] 文件 /var******************************************************************************* Magic Bytes 检测为 xlsx 格式 (ZIP/OOXML)
[2026-06-15 10:35:20] INFO [load_lookup_table] 查找表加载完成：共 5 条条目，5 个唯一账号，0 个扩展字段
[2026-06-15 10:35:20] WARNING [get_subject_info] 银行账号「{account}」在查找表中未找到对应主体
[2026-06-15 10:35:20] INFO [_parse_sheet] 招商银行文件工作表「活期交易明细」提取 2 条记录
[2026-06-15 10:35:20] INFO [parse] 招商银行文件处理完成，共提取 2 条记录
[2026-06-15 10:35:20] INFO [setup_logging] 日志系统初始化完成，日志文件: /Use*******************************************************************************************************
[2026-06-15 10:35:20] INFO [setup_logging] 未检测到 tkinter，将使用命令行交互模式
[2026-06-15 10:35:20] INFO [parse] 开始处理北京银行文件: /var*********************************************************************************
[2026-06-15 10:35:20] DEBUG [detect_file_format] 文件 /var********************************************************************************* Magic Bytes 检测为 xlsx 格式 (ZIP/OOXML)
[2026-06-15 10:35:20] INFO [validate_headers] 北京银行文件工作表「交易明细」表头校验通过，7 个字段均匹配
[2026-06-15 10:35:20] DEBUG [detect_file_format] 文件 /var******************************************************************************* Magic Bytes 检测为 xlsx 格式 (ZIP/OOXML)
[2026-06-15 10:35:20] INFO [load_lookup_table] 查找表加载完成：共 5 条条目，5 个唯一账号，0 个扩展字段
[2026-06-15 10:35:20] DEBUG [get_subject_info] 银行账号「0109年03月」匹配到主体: 北********司（优先级: 0）
[2026-06-15 10:35:20] INFO [_parse_sheet] 北京银行文件工作表「交易明细」提取 2 条记录
[2026-06-15 10:35:20] INFO [parse] 北京银行文件处理完成，共提取 2 条记录
[2026-06-15 10:35:20] INFO [setup_logging] 日志系统初始化完成，日志文件: /Use*******************************************************************************************************
[2026-06-15 10:35:20] INFO [setup_logging] 未检测到 tkinter，将使用命令行交互模式
[2026-06-15 10:35:20] INFO [parse] 开始处理东亚银行文件: /var*********************************************************************************
[2026-06-15 10:35:20] DEBUG [detect_file_format] 文件 /var********************************************************************************* Magic Bytes 检测为 xlsx 格式 (ZIP/OOXML)
[2026-06-15 10:35:20] INFO [validate_headers] 东亚银行文件工作表「交易明细」表头校验通过，7 个字段均匹配
[2026-06-15 10:35:20] DEBUG [detect_file_format] 文件 /var******************************************************************************* Magic Bytes 检测为 xlsx 格式 (ZIP/OOXML)
[2026-06-15 10:35:20] INFO [load_lookup_table] 查找表加载完成：共 5 条条目，5 个唯一账号，0 个扩展字段
[2026-06-15 10:35:20] DEBUG [get_subject_info] 银行账号「3881年23月」匹配到主体: 上********司（优先级: 0）
[2026-06-15 10:35:20] INFO [_parse_sheet] 东亚银行文件工作表「交易明细」提取 2 条记录
[2026-06-15 10:35:20] INFO [parse] 东亚银行文件处理完成，共提取 2 条记录
[2026-06-15 10:35:20] INFO [setup_logging] 日志系统初始化完成，日志文件: /Use*******************************************************************************************************
[2026-06-15 10:35:20] INFO [setup_logging] 未检测到 tkinter，将使用命令行交互模式
[2026-06-15 10:35:20] INFO [parse] 开始处理工商银行文件: /var*********************************************************************************
[2026-06-15 10:35:20] DEBUG [detect_file_format] 文件 /var********************************************************************************* Magic Bytes 检测为 xlsx 格式 (ZIP/OOXML)
[2026-06-15 10:35:20] INFO [validate_headers] 工商银行文件工作表「交易明细」表头校验通过，7 个字段均匹配
[2026-06-15 10:35:20] DEBUG [detect_file_format] 文件 /var******************************************************************************* Magic Bytes 检测为 xlsx 格式 (ZIP/OOXML)
[2026-06-15 10:35:20] INFO [load_lookup_table] 查找表加载完成：共 5 条条目，5 个唯一账号，0 个扩展字段
[2026-06-15 10:35:20] DEBUG [get_subject_info] 银行账号「6222年02月」匹配到主体: 深********司（优先级: 0）
[2026-06-15 10:35:20] INFO [_parse_sheet] 工商银行文件工作表「交易明细」提取 2 条记录
[2026-06-15 10:35:20] INFO [parse] 工商银行文件处理完成，共提取 2 条记录
[2026-06-15 10:35:20] INFO [setup_logging] 日志系统初始化完成，日志文件: /Use*******************************************************************************************************
[2026-06-15 10:35:20] INFO [setup_logging] 未检测到 tkinter，将使用命令行交互模式
[2026-06-15 10:35:20] INFO [parse] 开始处理建设银行文件: /var*********************************************************************************
[2026-06-15 10:35:20] DEBUG [detect_file_format] 文件 /var********************************************************************************* Magic Bytes 检测为 xlsx 格式 (ZIP/OOXML)
[2026-06-15 10:35:20] INFO [validate_headers] 建设银行文件工作表「交易明细」表头校验通过，7 个字段均匹配
[2026-06-15 10:35:20] DEBUG [detect_file_format] 文件 /var******************************************************************************* Magic Bytes 检测为 xlsx 格式 (ZIP/OOXML)
[2026-06-15 10:35:20] INFO [load_lookup_table] 查找表加载完成：共 5 条条目，5 个唯一账号，0 个扩展字段
[2026-06-15 10:35:20] DEBUG [get_subject_info] 银行账号「6227年00月」匹配到主体: 广**********司（优先级: 0）
[2026-06-15 10:35:20] INFO [_parse_sheet] 建设银行文件工作表「交易明细」提取 2 条记录
[2026-06-15 10:35:20] INFO [parse] 建设银行文件处理完成，共提取 2 条记录
[2026-06-15 10:35:20] INFO [setup_logging] 日志系统初始化完成，日志文件: /Use*******************************************************************************************************
[2026-06-15 10:35:20] INFO [setup_logging] 未检测到 tkinter，将使用命令行交互模式
[2026-06-15 10:35:20] INFO [parse] 开始处理招商银行文件: /var*********************************************************************************
[2026-06-15 10:35:20] DEBUG [detect_file_format] 文件 /var********************************************************************************* Magic Bytes 检测为 xlsx 格式 (ZIP/OOXML)
[2026-06-15 10:35:20] INFO [validate_headers] 招商银行文件工作表「活期交易明细」表头校验通过，7 个字段均匹配
[2026-06-15 10:35:20] DEBUG [detect_file_format] 文件 /var******************************************************************************* Magic Bytes 检测为 xlsx 格式 (ZIP/OOXML)
[2026-06-15 10:35:20] INFO [load_lookup_table] 查找表加载完成：共 5 条条目，5 个唯一账号，0 个扩展字段
[2026-06-15 10:35:20] DEBUG [get_subject_info] 银行账号「6225年88月」匹配到主体: 杭**********司（优先级: 0）
[2026-06-15 10:35:20] INFO [_parse_sheet] 招商银行文件工作表「活期交易明细」提取 2 条记录
[2026-06-15 10:35:20] INFO [parse] 招商银行文件处理完成，共提取 2 条记录
[2026-06-15 10:35:20] INFO [setup_logging] 日志系统初始化完成，日志文件: /Use*******************************************************************************************************
[2026-06-15 10:35:20] INFO [setup_logging] 未检测到 tkinter，将使用命令行交互模式
[2026-06-15 10:35:20] INFO [parse] 开始处理北京银行文件: /var*********************************************************************************
[2026-06-15 10:35:20] DEBUG [detect_file_format] 文件 /var********************************************************************************* Magic Bytes 检测为 xlsx 格式 (ZIP/OOXML)
[2026-06-15 10:35:20] INFO [validate_headers] 北京银行文件工作表「交易明细」表头校验通过，7 个字段均匹配
[2026-06-15 10:35:20] DEBUG [detect_file_format] 文件 /var******************************************************************************* Magic Bytes 检测为 xlsx 格式 (ZIP/OOXML)
[2026-06-15 10:35:20] INFO [load_lookup_table] 查找表加载完成：共 5 条条目，5 个唯一账号，0 个扩展字段
[2026-06-15 10:35:20] DEBUG [get_subject_info] 银行账号「0109年03月」匹配到主体: 北********司（优先级: 0）
[2026-06-15 10:35:20] INFO [_parse_sheet] 北京银行文件工作表「交易明细」提取 2 条记录
[2026-06-15 10:35:20] INFO [parse] 北京银行文件处理完成，共提取 2 条记录
[2026-06-15 10:35:20] INFO [setup_logging] 日志系统初始化完成，日志文件: /Use*******************************************************************************************************
[2026-06-15 10:35:20] INFO [setup_logging] 未检测到 tkinter，将使用命令行交互模式
[2026-06-15 10:35:20] INFO [parse] 开始处理东亚银行文件: /var*********************************************************************************
[2026-06-15 10:35:20] DEBUG [detect_file_format] 文件 /var********************************************************************************* Magic Bytes 检测为 xlsx 格式 (ZIP/OOXML)
[2026-06-15 10:35:20] INFO [validate_headers] 东亚银行文件工作表「交易明细」表头校验通过，7 个字段均匹配
[2026-06-15 10:35:20] DEBUG [detect_file_format] 文件 /var******************************************************************************* Magic Bytes 检测为 xlsx 格式 (ZIP/OOXML)
[2026-06-15 10:35:21] INFO [load_lookup_table] 查找表加载完成：共 5 条条目，5 个唯一账号，0 个扩展字段
[2026-06-15 10:35:21] DEBUG [get_subject_info] 银行账号「3881年23月」匹配到主体: 上********司（优先级: 0）
[2026-06-15 10:35:21] INFO [_parse_sheet] 东亚银行文件工作表「交易明细」提取 2 条记录
[2026-06-15 10:35:21] INFO [parse] 东亚银行文件处理完成，共提取 2 条记录
[2026-06-15 10:35:21] INFO [setup_logging] 日志系统初始化完成，日志文件: /Use*******************************************************************************************************
[2026-06-15 10:35:21] INFO [setup_logging] 未检测到 tkinter，将使用命令行交互模式
[2026-06-15 10:35:21] INFO [parse] 开始处理工商银行文件: /var*********************************************************************************
[2026-06-15 10:35:21] DEBUG [detect_file_format] 文件 /var********************************************************************************* Magic Bytes 检测为 xlsx 格式 (ZIP/OOXML)
[2026-06-15 10:35:21] INFO [validate_headers] 工商银行文件工作表「交易明细」表头校验通过，7 个字段均匹配
[2026-06-15 10:35:21] DEBUG [detect_file_format] 文件 /var******************************************************************************* Magic Bytes 检测为 xlsx 格式 (ZIP/OOXML)
[2026-06-15 10:35:21] INFO [load_lookup_table] 查找表加载完成：共 5 条条目，5 个唯一账号，0 个扩展字段
[2026-06-15 10:35:21] DEBUG [get_subject_info] 银行账号「6222年02月」匹配到主体: 深********司（优先级: 0）
[2026-06-15 10:35:21] INFO [_parse_sheet] 工商银行文件工作表「交易明细」提取 2 条记录
[2026-06-15 10:35:22] INFO [parse] 工商银行文件处理完成，共提取 2 条记录
[2026-06-15 10:35:22] INFO [setup_logging] 日志系统初始化完成，日志文件: /Use*******************************************************************************************************
[2026-06-15 10:35:22] INFO [setup_logging] 未检测到 tkinter，将使用命令行交互模式
[2026-06-15 10:35:22] INFO [parse] 开始处理建设银行文件: /var*********************************************************************************
[2026-06-15 10:35:22] DEBUG [detect_file_format] 文件 /var********************************************************************************* Magic Bytes 检测为 xlsx 格式 (ZIP/OOXML)
[2026-06-15 10:35:22] INFO [validate_headers] 建设银行文件工作表「交易明细」表头校验通过，7 个字段均匹配
[2026-06-15 10:35:22] DEBUG [detect_file_format] 文件 /var******************************************************************************* Magic Bytes 检测为 xlsx 格式 (ZIP/OOXML)
[2026-06-15 10:35:22] INFO [load_lookup_table] 查找表加载完成：共 5 条条目，5 个唯一账号，0 个扩展字段
[2026-06-15 10:35:22] DEBUG [get_subject_info] 银行账号「6227年00月」匹配到主体: 广**********司（优先级: 0）
[2026-06-15 10:35:22] INFO [_parse_sheet] 建设银行文件工作表「交易明细」提取 2 条记录
[2026-06-15 10:35:22] INFO [parse] 建设银行文件处理完成，共提取 2 条记录
[2026-06-15 10:35:22] INFO [setup_logging] 日志系统初始化完成，日志文件: /Use*******************************************************************************************************
[2026-06-15 10:35:22] INFO [setup_logging] 未检测到 tkinter，将使用命令行交互模式
[2026-06-15 10:35:22] INFO [parse] 开始处理招商银行文件: /var*********************************************************************************
[2026-06-15 10:35:22] DEBUG [detect_file_format] 文件 /var********************************************************************************* Magic Bytes 检测为 xlsx 格式 (ZIP/OOXML)
[2026-06-15 10:35:22] INFO [validate_headers] 招商银行文件工作表「活期交易明细」表头校验通过，7 个字段均匹配
[2026-06-15 10:35:22] DEBUG [detect_file_format] 文件 /var******************************************************************************* Magic Bytes 检测为 xlsx 格式 (ZIP/OOXML)
[2026-06-15 10:35:22] INFO [load_lookup_table] 查找表加载完成：共 5 条条目，5 个唯一账号，0 个扩展字段
[2026-06-15 10:35:22] DEBUG [get_subject_info] 银行账号「6225年88月」匹配到主体: 杭**********司（优先级: 0）
[2026-06-15 10:35:22] INFO [_parse_sheet] 招商银行文件工作表「活期交易明细」提取 2 条记录
[2026-06-15 10:35:22] INFO [parse] 招商银行文件处理完成，共提取 2 条记录
[2026-06-15 10:35:22] INFO [setup_logging] 日志系统初始化完成，日志文件: /Use*******************************************************************************************************
[2026-06-15 10:35:22] INFO [setup_logging] 未检测到 tkinter，将使用命令行交互模式
[2026-06-15 10:35:22] INFO [parse] 开始处理北京银行文件: /var****************************************************************************************
[2026-06-15 10:35:22] DEBUG [detect_file_format] 文件 /var**************************************************************************************** Magic Bytes 检测为 xlsx 格式 (ZIP/OOXML)
[2026-06-15 10:35:22] INFO [validate_headers] 北京银行文件工作表「交易明细」表头校验通过，7 个字段均匹配
[2026-06-15 10:35:22] DEBUG [detect_file_format] 文件 /var******************************************************************************* Magic Bytes 检测为 xlsx 格式 (ZIP/OOXML)
[2026-06-15 10:35:22] INFO [load_lookup_table] 查找表加载完成：共 5 条条目，5 个唯一账号，0 个扩展字段
[2026-06-15 10:35:22] DEBUG [get_subject_info] 银行账号「0109年03月」匹配到主体: 北********司（优先级: 0）
[2026-06-15 10:35:22] INFO [_parse_sheet] 北京银行文件工作表「交易明细」提取 2 条记录
[2026-06-15 10:35:22] INFO [parse] 北京银行文件处理完成，共提取 2 条记录
[2026-06-15 10:35:22] INFO [setup_logging] 日志系统初始化完成，日志文件: /Use*******************************************************************************************************
[2026-06-15 10:35:22] INFO [setup_logging] 未检测到 tkinter，将使用命令行交互模式
[2026-06-15 10:35:22] INFO [parse] 开始处理北京银行文件: /var************************************************************************************************
[2026-06-15 10:35:22] DEBUG [detect_file_format] 文件 /var************************************************************************************************ Magic Bytes 检测为 xlsx 格式 (ZIP/OOXML)
[2026-06-15 10:35:22] INFO [validate_headers] 北京银行文件工作表「交易明细」表头校验通过，7 个字段均匹配
[2026-06-15 10:35:22] DEBUG [detect_file_format] 文件 /var******************************************************************************* Magic Bytes 检测为 xlsx 格式 (ZIP/OOXML)
[2026-06-15 10:35:22] INFO [load_lookup_table] 查找表加载完成：共 5 条条目，5 个唯一账号，0 个扩展字段
[2026-06-15 10:35:22] DEBUG [get_subject_info] 银行账号「0109年03月」匹配到主体: 北********司（优先级: 0）
[2026-06-15 10:35:22] INFO [_parse_sheet] 北京银行文件工作表「交易明细」提取 2 条记录
[2026-06-15 10:35:22] INFO [parse] 北京银行文件处理完成，共提取 2 条记录
[2026-06-15 10:35:22] INFO [setup_logging] 日志系统初始化完成，日志文件: /Use*******************************************************************************************************
[2026-06-15 10:35:22] INFO [setup_logging] 未检测到 tkinter，将使用命令行交互模式
[2026-06-15 10:35:22] INFO [parse] 开始处理北京银行文件: /var*********************************************************************************
[2026-06-15 10:35:22] DEBUG [detect_file_format] 文件 /var********************************************************************************* Magic Bytes 检测为 xlsx 格式 (ZIP/OOXML)
[2026-06-15 10:35:22] INFO [validate_headers] 北京银行文件工作表「交易明细」表头校验通过，7 个字段均匹配
[2026-06-15 10:35:22] DEBUG [detect_file_format] 文件 /var******************************************************************************* Magic Bytes 检测为 xlsx 格式 (ZIP/OOXML)
[2026-06-15 10:35:22] INFO [load_lookup_table] 查找表加载完成：共 5 条条目，5 个唯一账号，0 个扩展字段
[2026-06-15 10:35:22] DEBUG [get_subject_info] 银行账号「0109年03月」匹配到主体: 北********司（优先级: 0）
[2026-06-15 10:35:22] INFO [_parse_sheet] 北京银行文件工作表「交易明细」提取 2 条记录
[2026-06-15 10:35:22] INFO [parse] 北京银行文件处理完成，共提取 2 条记录
[2026-06-15 10:35:22] INFO [setup_logging] 日志系统初始化完成，日志文件: /Use*******************************************************************************************************
[2026-06-15 10:35:22] INFO [setup_logging] 未检测到 tkinter，将使用命令行交互模式
[2026-06-15 10:35:22] INFO [parse] 开始处理招商银行文件: /var**********************************************************************************
[2026-06-15 10:35:22] DEBUG [detect_file_format] 文件 /var********************************************************************************** Magic Bytes 检测为 xlsx 格式 (ZIP/OOXML)
[2026-06-15 10:35:22] INFO [validate_headers] 招商银行文件工作表「活期交易明细」表头校验通过，7 个字段均匹配
[2026-06-15 10:35:22] DEBUG [detect_file_format] 文件 /var******************************************************************************* Magic Bytes 检测为 xlsx 格式 (ZIP/OOXML)
[2026-06-15 10:35:22] INFO [load_lookup_table] 查找表加载完成：共 5 条条目，5 个唯一账号，0 个扩展字段
[2026-06-15 10:35:22] DEBUG [get_subject_info] 银行账号「6225年88月」匹配到主体: 杭**********司（优先级: 0）
[2026-06-15 10:35:22] INFO [_parse_sheet] 招商银行文件工作表「活期交易明细」提取 2 条记录
[2026-06-15 10:35:22] INFO [parse] 招商银行文件处理完成，共提取 2 条记录
[2026-06-15 10:35:22] INFO [setup_logging] 日志系统初始化完成，日志文件: /Use*******************************************************************************************************
[2026-06-15 10:35:22] INFO [setup_logging] 未检测到 tkinter，将使用命令行交互模式
[2026-06-15 10:35:22] INFO [setup_logging] 日志系统初始化完成，日志文件: /Use*******************************************************************************************************
[2026-06-15 10:35:22] INFO [setup_logging] 未检测到 tkinter，将使用命令行交互模式
[2026-06-15 10:35:22] INFO [setup_logging] 日志系统初始化完成，日志文件: /Use*******************************************************************************************************
[2026-06-15 10:35:22] INFO [setup_logging] 未检测到 tkinter，将使用命令行交互模式
[2026-06-15 10:35:22] INFO [setup_logging] 日志系统初始化完成，日志文件: /Use*******************************************************************************************************
[2026-06-15 10:35:22] INFO [setup_logging] 未检测到 tkinter，将使用命令行交互模式
[2026-06-15 10:35:22] INFO [setup_logging] 日志系统初始化完成，日志文件: /Use*******************************************************************************************************
[2026-06-15 10:35:22] INFO [setup_logging] 未检测到 tkinter，将使用命令行交互模式
[2026-06-15 10:35:22] INFO [setup_logging] 日志系统初始化完成，日志文件: /Use*******************************************************************************************************
[2026-06-15 10:35:22] INFO [setup_logging] 未检测到 tkinter，将使用命令行交互模式
[2026-06-15 10:35:22] INFO [setup_logging] 日志系统初始化完成，日志文件: /Use*******************************************************************************************************
[2026-06-15 10:35:22] INFO [setup_logging] 未检测到 tkinter，将使用命令行交互模式
[2026-06-15 10:35:22] INFO [setup_logging] 日志系统初始化完成，日志文件: /Use*******************************************************************************************************
[2026-06-15 10:35:22] INFO [setup_logging] 未检测到 tkinter，将使用命令行交互模式
[2026-06-15 10:35:22] INFO [setup_logging] 日志系统初始化完成，日志文件: /Use*******************************************************************************************************
[2026-06-15 10:35:22] INFO [setup_logging] 未检测到 tkinter，将使用命令行交互模式
[2026-06-15 10:35:22] INFO [setup_logging] 日志系统初始化完成，日志文件: /Use*******************************************************************************************************
[2026-06-15 10:35:22] INFO [setup_logging] 未检测到 tkinter，将使用命令行交互模式
[2026-06-15 10:35:22] INFO [setup_logging] 日志系统初始化完成，日志文件: /Use*******************************************************************************************************
[2026-06-15 10:35:22] INFO [setup_logging] 未检测到 tkinter，将使用命令行交互模式
[2026-06-15 10:35:22] INFO [setup_logging] 日志系统初始化完成，日志文件: /Use*******************************************************************************************************
[2026-06-15 10:35:22] INFO [setup_logging] 未检测到 tkinter，将使用命令行交互模式
[2026-06-15 10:35:22] INFO [setup_logging] 日志系统初始化完成，日志文件: /Use*******************************************************************************************************
[2026-06-15 10:35:22] INFO [setup_logging] 未检测到 tkinter，将使用命令行交互模式
[2026-06-15 10:35:22] INFO [setup_logging] 日志系统初始化完成，日志文件: /Use*******************************************************************************************************
[2026-06-15 10:35:22] INFO [setup_logging] 未检测到 tkinter，将使用命令行交互模式
[2026-06-15 10:35:22] INFO [setup_logging] 日志系统初始化完成，日志文件: /Use*******************************************************************************************************
[2026-06-15 10:35:22] INFO [setup_logging] 未检测到 tkinter，将使用命令行交互模式
[2026-06-15 10:35:22] INFO [setup_logging] 日志系统初始化完成，日志文件: /Use*******************************************************************************************************
[2026-06-15 10:35:22] INFO [setup_logging] 未检测到 tkinter，将使用命令行交互模式
[2026-06-15 10:35:22] WARNING [load_summary_config] 加载总表配置文件失败: while parsing a flow mapping
  in "/var/folders/8t/8rw7_pg16cx2c2mkh_cvpz8m0000gn/T/summary_config_test_f8367xat/summary_config.yaml", line 1, column 2
expected ',' or '}', but got '<stream end>'
  in "/var/folders/8t/8rw7_pg16cx2c2mkh_cvpz8m0000gn/T/summary_config_test_f8367xat/summary_config.yaml", line 1, column 23，使用默认配置
[2026-06-15 10:35:22] INFO [setup_logging] 日志系统初始化完成，日志文件: /Use*******************************************************************************************************
[2026-06-15 10:35:22] INFO [setup_logging] 未检测到 tkinter，将使用命令行交互模式
[2026-06-15 10:35:22] WARNING [load_summary_config] 总表配置文件格式无效，使用默认配置
[2026-06-15 10:35:22] INFO [setup_logging] 日志系统初始化完成，日志文件: /Use*******************************************************************************************************
[2026-06-15 10:35:22] INFO [setup_logging] 未检测到 tkinter，将使用命令行交互模式
[2026-06-15 10:35:22] INFO [setup_logging] 日志系统初始化完成，日志文件: /Use*******************************************************************************************************
[2026-06-15 10:35:22] INFO [setup_logging] 未检测到 tkinter，将使用命令行交互模式
[2026-06-15 10:35:22] INFO [setup_logging] 日志系统初始化完成，日志文件: /Use*******************************************************************************************************
[2026-06-15 10:35:22] INFO [setup_logging] 未检测到 tkinter，将使用命令行交互模式
[2026-06-15 10:35:22] INFO [setup_logging] 日志系统初始化完成，日志文件: /Use*******************************************************************************************************
[2026-06-15 10:35:22] INFO [setup_logging] 未检测到 tkinter，将使用命令行交互模式
[2026-06-15 10:35:22] INFO [setup_logging] 日志系统初始化完成，日志文件: /Use*******************************************************************************************************
[2026-06-15 10:35:22] INFO [setup_logging] 未检测到 tkinter，将使用命令行交互模式
[2026-06-15 10:35:22] INFO [setup_logging] 日志系统初始化完成，日志文件: /Use*******************************************************************************************************
[2026-06-15 10:35:22] INFO [setup_logging] 未检测到 tkinter，将使用命令行交互模式
[2026-06-15 10:35:22] INFO [setup_logging] 日志系统初始化完成，日志文件: /Use*******************************************************************************************************
[2026-06-15 10:35:22] INFO [setup_logging] 未检测到 tkinter，将使用命令行交互模式
[2026-06-15 10:35:22] INFO [setup_logging] 日志系统初始化完成，日志文件: /Use*******************************************************************************************************
[2026-06-15 10:35:22] INFO [setup_logging] 未检测到 tkinter，将使用命令行交互模式
[2026-06-15 10:35:22] INFO [setup_logging] 日志系统初始化完成，日志文件: /Use*******************************************************************************************************
[2026-06-15 10:35:22] INFO [setup_logging] 未检测到 tkinter，将使用命令行交互模式
[2026-06-15 10:35:22] INFO [setup_logging] 日志系统初始化完成，日志文件: /Use*******************************************************************************************************
[2026-06-15 10:35:22] INFO [setup_logging] 未检测到 tkinter，将使用命令行交互模式
[2026-06-15 10:35:22] INFO [setup_logging] 日志系统初始化完成，日志文件: /Use*******************************************************************************************************
[2026-06-15 10:35:22] INFO [setup_logging] 未检测到 tkinter，将使用命令行交互模式
[2026-06-15 10:35:22] INFO [setup_logging] 日志系统初始化完成，日志文件: /Use*******************************************************************************************************
[2026-06-15 10:35:22] INFO [setup_logging] 未检测到 tkinter，将使用命令行交互模式
[2026-06-15 10:35:22] INFO [setup_logging] 日志系统初始化完成，日志文件: /Use*******************************************************************************************************
[2026-06-15 10:35:22] INFO [setup_logging] 未检测到 tkinter，将使用命令行交互模式
[2026-06-15 10:35:22] INFO [setup_logging] 日志系统初始化完成，日志文件: /Use*******************************************************************************************************
[2026-06-15 10:35:22] INFO [setup_logging] 未检测到 tkinter，将使用命令行交互模式
[2026-06-15 10:35:22] INFO [setup_logging] 日志系统初始化完成，日志文件: /Use*******************************************************************************************************
[2026-06-15 10:35:22] INFO [setup_logging] 未检测到 tkinter，将使用命令行交互模式
[2026-06-15 10:35:22] INFO [setup_logging] 日志系统初始化完成，日志文件: /Use*******************************************************************************************************
[2026-06-15 10:35:22] INFO [setup_logging] 未检测到 tkinter，将使用命令行交互模式
[2026-06-15 10:35:22] INFO [setup_logging] 日志系统初始化完成，日志文件: /Use*******************************************************************************************************
[2026-06-15 10:35:22] INFO [setup_logging] 未检测到 tkinter，将使用命令行交互模式
[2026-06-15 10:35:22] INFO [setup_logging] 日志系统初始化完成，日志文件: /Use*******************************************************************************************************
[2026-06-15 10:35:23] INFO [setup_logging] 未检测到 tkinter，将使用命令行交互模式
[2026-06-15 10:35:23] INFO [setup_logging] 日志系统初始化完成，日志文件: /Use*******************************************************************************************************
[2026-06-15 10:35:23] INFO [setup_logging] 未检测到 tkinter，将使用命令行交互模式
[2026-06-15 10:35:23] INFO [setup_logging] 日志系统初始化完成，日志文件: /Use*******************************************************************************************************
[2026-06-15 10:35:23] INFO [setup_logging] 未检测到 tkinter，将使用命令行交互模式
[2026-06-15 10:35:23] INFO [setup_logging] 日志系统初始化完成，日志文件: /Use*******************************************************************************************************
[2026-06-15 10:35:23] INFO [setup_logging] 未检测到 tkinter，将使用命令行交互模式
[2026-06-15 10:35:23] INFO [merge_and_export_summary] 总表输出完成: /var*************************************************************************************（历史 0 条 + 新增 2 条 = 共 2 条）
[2026-06-15 10:35:23] INFO [setup_logging] 日志系统初始化完成，日志文件: /Use*******************************************************************************************************
[2026-06-15 10:35:23] INFO [setup_logging] 未检测到 tkinter，将使用命令行交互模式
[2026-06-15 10:35:23] INFO [merge_and_export_summary] 总表输出完成: /var*************************************************************************************（历史 0 条 + 新增 2 条 = 共 2 条）
[2026-06-15 10:35:23] INFO [setup_logging] 日志系统初始化完成，日志文件: /Use*******************************************************************************************************
[2026-06-15 10:35:23] INFO [setup_logging] 未检测到 tkinter，将使用命令行交互模式
[2026-06-15 10:35:23] INFO [export_masked_summary] 脱敏版总表输出完成: /var*****************************************************************************************（共 2 条记录）
[2026-06-15 10:35:23] INFO [setup_logging] 日志系统初始化完成，日志文件: /Use*******************************************************************************************************
[2026-06-15 10:35:23] INFO [setup_logging] 未检测到 tkinter，将使用命令行交互模式
[2026-06-15 10:35:23] INFO [setup_logging] 日志系统初始化完成，日志文件: /Use*******************************************************************************************************
[2026-06-15 10:35:23] INFO [setup_logging] 未检测到 tkinter，将使用命令行交互模式
[2026-06-15 10:35:23] INFO [setup_logging] 日志系统初始化完成，日志文件: /Use*******************************************************************************************************
[2026-06-15 10:35:23] INFO [setup_logging] 未检测到 tkinter，将使用命令行交互模式
[2026-06-15 10:35:23] INFO [merge_and_export_summary] 总表输出完成: /var*************************************************************************************（历史 0 条 + 新增 2 条 = 共 2 条）
[2026-06-15 10:35:23] INFO [setup_logging] 日志系统初始化完成，日志文件: /Use*******************************************************************************************************
[2026-06-15 10:35:23] INFO [setup_logging] 未检测到 tkinter，将使用命令行交互模式
[2026-06-15 10:35:23] INFO [merge_and_export_summary] 总表输出完成: /var*************************************************************************************（历史 0 条 + 新增 2 条 = 共 2 条）
